ISO-10303-21;
HEADER;
/* Generated by software containing ST-Developer
 * from STEP Tools, Inc. (www.steptools.com) 
 */
/* OPTION: using custom renumber hook */

FILE_DESCRIPTION(
/* description */ ('STEP AP242 Edition 2',
'CAx-IF Rec.Pracs.---Representation and Presentation of Product Manufa
cturing Information (PMI)---4.0---2014-10-13',
'CAx-IF Rec.Pracs.---3D Tessellated Geometry---0.4---2014-09-14','2;1',
'CAx-IF Rec.Pracs.---User Defined Attributes---1.5---2016-08-15'),
/* implementation_level */ '2;1');

FILE_NAME(
/* name */ 'cf00ac81-9ae5-4ef3-8c70-b9055049c4c1',
/* time_stamp */ '2026-06-15T09:40:24Z',
/* author */ (''),
/* organization */ (''),
/* preprocessor_version */ 'ST-DEVELOPER v20',
/* originating_system */ 'ONSHAPE BY PTC INC, 1.216',
/* authorisation */ '  ');

FILE_SCHEMA (('AP242_MANAGED_MODEL_BASED_3D_ENGINEERING_MIM_LF { 1 0 10303 442 3 1 4 }'));
ENDSEC;

DATA;
#10=CONICAL_SURFACE('',#3719,0.00185347443791148,0.0523598775598298);
#11=CONICAL_SURFACE('',#3720,0.00185470420958319,0.0523598775598298);
#12=CONICAL_SURFACE('',#3858,0.00185347443791148,0.0523598775598298);
#13=CONICAL_SURFACE('',#3859,0.00185470420958319,0.0523598775598298);
#14=B_SPLINE_SURFACE_WITH_KNOTS('',3,1,((#4982,#4983),(#4984,#4985),(#4986,
#4987),(#4988,#4989),(#4990,#4991),(#4992,#4993)),
 .SURF_OF_LINEAR_EXTRUSION.,.F.,.F.,.F.,(4,1,1,4),(2,2),(47.6186618425045,
47.8295280849702,48.0403943274359,48.4621268123673),(0.,1.),
 .UNSPECIFIED.);
#15=B_SPLINE_SURFACE_WITH_KNOTS('',3,1,((#5003,#5004),(#5005,#5006),(#5007,
#5008),(#5009,#5010),(#5011,#5012),(#5013,#5014),(#5015,#5016),(#5017,#5018),
(#5019,#5020),(#5021,#5022),(#5023,#5024),(#5025,#5026),(#5027,#5028),(#5029,
#5030),(#5031,#5032),(#5033,#5034)),.SURF_OF_LINEAR_EXTRUSION.,.F.,.F.,
 .F.,(4,1,1,1,1,1,1,1,1,1,1,1,1,4),(2,2),(-3.55132461515544E-11,0.124999998193254,
0.249999996422021,0.374999994650788,0.437499993765172,0.468749993322364,
0.499999992879556,0.531249992436748,0.562499991993939,0.624999991108323,
0.687499990222706,0.74999998933709,0.874999987565857,0.999999985794625),
(0.,1.),.UNSPECIFIED.);
#16=B_SPLINE_SURFACE_WITH_KNOTS('',3,1,((#5091,#5092),(#5093,#5094),(#5095,
#5096),(#5097,#5098),(#5099,#5100),(#5101,#5102),(#5103,#5104),(#5105,#5106),
(#5107,#5108),(#5109,#5110),(#5111,#5112),(#5113,#5114),(#5115,#5116),(#5117,
#5118),(#5119,#5120),(#5121,#5122),(#5123,#5124),(#5125,#5126),(#5127,#5128),
(#5129,#5130),(#5131,#5132),(#5133,#5134),(#5135,#5136),(#5137,#5138),(#5139,
#5140),(#5141,#5142),(#5143,#5144),(#5145,#5146),(#5147,#5148),(#5149,#5150),
(#5151,#5152),(#5153,#5154),(#5155,#5156),(#5157,#5158),(#5159,#5160),(#5161,
#5162),(#5163,#5164),(#5165,#5166),(#5167,#5168),(#5169,#5170),(#5171,#5172),
(#5173,#5174),(#5175,#5176)),.UNSPECIFIED.,.F.,.F.,.F.,(4,1,1,1,1,1,1,1,
1,1,1,1,1,1,1,1,1,1,1,1,1,1,1,1,1,1,1,1,1,1,1,1,1,1,1,1,1,1,1,1,4),(2,2),
(0.856861359323393,0.904956574360296,0.929004181878748,0.9530517893972,
0.977099396915652,0.989123200674878,0.995135102554491,1.0011470044341,1.00715890631372,
1.01317080819333,1.02519461195256,1.04924221947101,1.07328982698946,1.09733743450791,
1.14543264954481,1.19352786458172,1.24162307961862,1.33781350969243,1.53019436984004,
1.62638479991385,1.72257522998766,1.81876566006146,1.86686087509837,1.89090848261682,
1.91495609013527,1.93900369765372,1.95102750141295,1.96305130517217,1.96906320705179,
1.97206915799159,1.9750751089314,1.98108701081101,1.98709891269063,1.99912271644985,
2.01114652020908,2.05924173524598,2.10733695028289,2.15543216531979,2.20352738035669,
2.2997178104305,2.39590824050431),(0.,1.),.UNSPECIFIED.);
#17=B_SPLINE_SURFACE_WITH_KNOTS('',3,1,((#5202,#5203),(#5204,#5205),(#5206,
#5207),(#5208,#5209),(#5210,#5211)),.SURF_OF_LINEAR_EXTRUSION.,.F.,.F.,
 .F.,(4,1,4),(2,2),(2.5534169997327,2.72192829366071,2.89043958758871),
(0.,1.),.UNSPECIFIED.);
#18=B_SPLINE_SURFACE_WITH_KNOTS('',3,1,((#5239,#5240),(#5241,#5242),(#5243,
#5244),(#5245,#5246),(#5247,#5248),(#5249,#5250),(#5251,#5252),(#5253,#5254),
(#5255,#5256),(#5257,#5258),(#5259,#5260),(#5261,#5262),(#5263,#5264),(#5265,
#5266),(#5267,#5268),(#5269,#5270),(#5271,#5272),(#5273,#5274),(#5275,#5276),
(#5277,#5278),(#5279,#5280),(#5281,#5282),(#5283,#5284),(#5285,#5286)),
 .UNSPECIFIED.,.F.,.F.,.F.,(4,1,1,1,1,1,1,1,1,1,1,1,1,1,1,1,1,1,1,1,1,4),
(2,2),(0.42428995999516,0.452957416549571,0.481624873103982,0.495958601381188,
0.499542033450489,0.50312546551979,0.510292329658393,0.524626057935599,
0.538959786212804,0.567627242767216,0.596294699321627,0.653629612430449,
0.710964525539271,0.739631982093682,0.753965710370888,0.768299438648093,
0.796966895202504,0.825634351756915,0.854301808311327,0.868635536588532,
0.875802400727135,0.882969264865738),(0.,1.),.UNSPECIFIED.);
#19=B_SPLINE_SURFACE_WITH_KNOTS('',3,1,((#5313,#5314),(#5315,#5316),(#5317,
#5318),(#5319,#5320),(#5321,#5322),(#5323,#5324),(#5325,#5326),(#5327,#5328),
(#5329,#5330),(#5331,#5332),(#5333,#5334),(#5335,#5336),(#5337,#5338),(#5339,
#5340)),.SURF_OF_LINEAR_EXTRUSION.,.F.,.F.,.F.,(4,1,1,1,1,1,1,1,1,1,1,4),
(2,2),(0.882969265071123,0.912226948803351,0.926855790669464,0.934170211602521,
0.937827422069049,0.941484632535578,0.948799053468634,0.956113474401691,
0.970742316267805,0.978056737200862,0.985371158133918,1.00000000000003),
(0.,1.),.UNSPECIFIED.);
#20=B_SPLINE_SURFACE_WITH_KNOTS('',3,1,((#5368,#5369),(#5370,#5371),(#5372,
#5373),(#5374,#5375)),.SURF_OF_LINEAR_EXTRUSION.,.F.,.F.,.F.,(4,4),(2,2),
(0.139042929570528,0.303435550558586),(0.,1.),.PIECEWISE_BEZIER_KNOTS.);
#21=B_SPLINE_SURFACE_WITH_KNOTS('',3,1,((#5397,#5398),(#5399,#5400),(#5401,
#5402),(#5403,#5404)),.SURF_OF_LINEAR_EXTRUSION.,.F.,.F.,.F.,(4,4),(2,2),
(0.468786208722538,0.621218574302809),(0.,1.),.PIECEWISE_BEZIER_KNOTS.);
#22=B_SPLINE_SURFACE_WITH_KNOTS('',3,1,((#5449,#5450),(#5451,#5452),(#5453,
#5454),(#5455,#5456)),.SURF_OF_LINEAR_EXTRUSION.,.F.,.F.,.F.,(4,4),(2,2),
(0.423389319543813,0.627260385142759),(0.,1.),.PIECEWISE_BEZIER_KNOTS.);
#23=B_SPLINE_SURFACE_WITH_KNOTS('',3,1,((#5467,#5468),(#5469,#5470),(#5471,
#5472),(#5473,#5474)),.SURF_OF_LINEAR_EXTRUSION.,.F.,.F.,.F.,(4,4),(2,2),
(0.600949920407538,0.842678353738338),(0.,1.),.PIECEWISE_BEZIER_KNOTS.);
#24=B_SPLINE_SURFACE_WITH_KNOTS('',3,1,((#5481,#5482),(#5483,#5484),(#5485,
#5486),(#5487,#5488)),.SURF_OF_LINEAR_EXTRUSION.,.F.,.F.,.F.,(4,4),(2,2),
(0.0380592577390056,0.193894225213732),(0.,1.),.PIECEWISE_BEZIER_KNOTS.);
#25=B_SPLINE_SURFACE_WITH_KNOTS('',3,1,((#5506,#5507),(#5508,#5509),(#5510,
#5511),(#5512,#5513),(#5514,#5515),(#5516,#5517),(#5518,#5519),(#5520,#5521),
(#5522,#5523),(#5524,#5525),(#5526,#5527)),.SURF_OF_LINEAR_EXTRUSION.,.F.,
 .F.,.F.,(4,1,1,1,1,1,1,1,4),(2,2),(-1.17457901772624E-8,0.245830083647718,
0.368745131344472,0.430202655192849,0.491660179041226,0.553117702889603,
0.61457522673798,0.737490274434734,0.983320369828242),(0.,1.),
 .UNSPECIFIED.);
#26=B_SPLINE_SURFACE_WITH_KNOTS('',3,1,((#5549,#5550),(#5551,#5552),(#5553,
#5554),(#5555,#5556),(#5557,#5558),(#5559,#5560),(#5561,#5562),(#5563,#5564),
(#5565,#5566),(#5567,#5568),(#5569,#5570),(#5571,#5572),(#5573,#5574),(#5575,
#5576),(#5577,#5578),(#5579,#5580),(#5581,#5582),(#5583,#5584),(#5585,#5586),
(#5587,#5588),(#5589,#5590),(#5591,#5592),(#5593,#5594),(#5595,#5596),(#5597,
#5598),(#5599,#5600),(#5601,#5602),(#5603,#5604),(#5605,#5606),(#5607,#5608),
(#5609,#5610)),.UNSPECIFIED.,.F.,.F.,.F.,(4,1,1,1,1,1,1,1,1,1,1,1,1,1,1,
1,1,1,1,1,1,1,1,1,1,1,1,1,4),(2,2),(0.107363340508292,0.188916418604516,
0.229692957652628,0.239887092414656,0.250081227176684,0.260275361938712,
0.27046949670074,0.290857766224796,0.311246035748852,0.352022574796964,
0.392799113845076,0.433575652893188,0.453963922417244,0.4743521919413,0.484546326703328,
0.494740461465356,0.49983752884637,0.504934596227384,0.515128730989412,
0.535517000513468,0.555905270037524,0.596681809085636,0.617070078609692,
0.62726421337172,0.637458348133748,0.657846617657804,0.67823488718186,0.719011426229972,
0.759787965278084),(0.,1.),.UNSPECIFIED.);
#27=B_SPLINE_SURFACE_WITH_KNOTS('',3,1,((#5644,#5645),(#5646,#5647),(#5648,
#5649),(#5650,#5651),(#5652,#5653),(#5654,#5655),(#5656,#5657),(#5658,#5659),
(#5660,#5661)),.SURF_OF_LINEAR_EXTRUSION.,.F.,.F.,.F.,(4,1,1,1,1,1,4),(2,
2),(0.759787964620442,0.819840973466415,0.849867477889401,0.879893982312388,
0.909920486735374,0.93994699115836,1.00000000000433),(0.,1.),
 .UNSPECIFIED.);
#28=B_SPLINE_SURFACE_WITH_KNOTS('',3,1,((#5673,#5674),(#5675,#5676),(#5677,
#5678),(#5679,#5680),(#5681,#5682),(#5683,#5684),(#5685,#5686),(#5687,#5688),
(#5689,#5690)),.SURF_OF_LINEAR_EXTRUSION.,.F.,.F.,.F.,(4,1,1,1,1,1,4),(2,
2),(-1.00000000000087,-0.87500000003082,-0.75000000006077,-0.50000000012067,
-0.25000000018057,-0.12500000021052,-2.40469458297196E-10),(0.,1.),
 .UNSPECIFIED.);
#29=B_SPLINE_SURFACE_WITH_KNOTS('',3,1,((#5783,#5784),(#5785,#5786),(#5787,
#5788),(#5789,#5790),(#5791,#5792),(#5793,#5794),(#5795,#5796),(#5797,#5798)),
 .SURF_OF_LINEAR_EXTRUSION.,.F.,.F.,.F.,(4,1,1,1,1,4),(2,2),(-0.00599900972770965,
0.245459471853179,0.496917953434068,0.748376435014956,0.874105675805401,
0.999834916595845),(0.,1.),.UNSPECIFIED.);
#30=B_SPLINE_SURFACE_WITH_KNOTS('',3,1,((#5847,#5848),(#5849,#5850),(#5851,
#5852),(#5853,#5854),(#5855,#5856),(#5857,#5858),(#5859,#5860),(#5861,#5862),
(#5863,#5864),(#5865,#5866),(#5867,#5868),(#5869,#5870)),
 .SURF_OF_LINEAR_EXTRUSION.,.F.,.F.,.F.,(4,1,1,1,1,1,1,1,1,4),(2,2),(1.9685039716862E-13,
0.124999999181984,0.24999999836377,0.374999997545557,0.499999996727344,
0.62499999590913,0.749999995090917,0.874999994272704,0.937499993863597,
0.99999999345449),(0.,1.),.UNSPECIFIED.);
#31=B_SPLINE_SURFACE_WITH_KNOTS('',3,1,((#5941,#5942),(#5943,#5944),(#5945,
#5946),(#5947,#5948),(#5949,#5950),(#5951,#5952),(#5953,#5954),(#5955,#5956),
(#5957,#5958),(#5959,#5960),(#5961,#5962),(#5963,#5964),(#5965,#5966),(#5967,
#5968),(#5969,#5970),(#5971,#5972),(#5973,#5974),(#5975,#5976),(#5977,#5978),
(#5979,#5980),(#5981,#5982),(#5983,#5984),(#5985,#5986),(#5987,#5988),(#5989,
#5990),(#5991,#5992),(#5993,#5994),(#5995,#5996),(#5997,#5998),(#5999,#6000),
(#6001,#6002),(#6003,#6004),(#6005,#6006),(#6007,#6008),(#6009,#6010),(#6011,
#6012),(#6013,#6014),(#6015,#6016),(#6017,#6018),(#6019,#6020)),
 .SURF_OF_LINEAR_EXTRUSION.,.F.,.F.,.F.,(4,1,1,1,1,1,1,1,1,1,1,1,1,1,1,
1,1,1,1,1,1,1,1,1,1,1,1,1,1,1,1,1,1,1,1,1,1,4),(2,2),(0.00160303742486831,
0.0366159984449936,0.0541224789550562,0.0716289594651188,0.0891354399751814,
0.106641920485244,0.124148400995307,0.141654881505369,0.159161362015432,
0.176667842525495,0.194174323035557,0.202927563290588,0.21168080354562,
0.229187284055682,0.246693764565745,0.255447004820776,0.264200245075808,
0.28170672558587,0.299213206095933,0.307966446350964,0.316719686605996,
0.334226167116058,0.351732647626121,0.369239128136183,0.386745608646246,
0.404252089156309,0.41300532941134,0.421758569666371,0.439265050176434,
0.448018290431465,0.456771530686497,0.474278011196559,0.48303125145159,
0.491784491706622,0.509290972216684,0.526797452726747,0.54430393323681,
0.561810413746872),(0.,1.),.UNSPECIFIED.);
#32=B_SPLINE_SURFACE_WITH_KNOTS('',3,1,((#6290,#6291),(#6292,#6293),(#6294,
#6295),(#6296,#6297),(#6298,#6299),(#6300,#6301),(#6302,#6303),(#6304,#6305),
(#6306,#6307),(#6308,#6309),(#6310,#6311),(#6312,#6313),(#6314,#6315),(#6316,
#6317),(#6318,#6319),(#6320,#6321),(#6322,#6323),(#6324,#6325),(#6326,#6327),
(#6328,#6329),(#6330,#6331),(#6332,#6333)),.SURF_OF_LINEAR_EXTRUSION.,.F.,
 .F.,.F.,(4,1,1,1,1,1,1,1,1,1,1,1,1,1,1,1,1,1,1,4),(2,2),(0.120839230145966,
0.175508583639356,0.230177937132745,0.284847290626134,0.339516644119524,
0.394185997612913,0.421520674359607,0.448855351106302,0.476190027852997,
0.503524704599691,0.530859381346386,0.558194058093081,0.585528734839775,
0.61286341158647,0.640198088333165,0.667532765079859,0.722202118573249,
0.776871472066638,0.886210179053416,0.995548886040195),(0.,1.),
 .UNSPECIFIED.);
#33=B_SPLINE_SURFACE_WITH_KNOTS('',3,1,((#6615,#6616),(#6617,#6618),(#6619,
#6620),(#6621,#6622),(#6623,#6624),(#6625,#6626),(#6627,#6628),(#6629,#6630),
(#6631,#6632),(#6633,#6634),(#6635,#6636),(#6637,#6638),(#6639,#6640),(#6641,
#6642),(#6643,#6644),(#6645,#6646),(#6647,#6648),(#6649,#6650),(#6651,#6652),
(#6653,#6654),(#6655,#6656),(#6657,#6658),(#6659,#6660),(#6661,#6662)),
 .SURF_OF_LINEAR_EXTRUSION.,.F.,.F.,.F.,(4,1,1,1,1,1,1,1,1,1,1,1,1,1,1,
1,1,1,1,1,1,4),(2,2),(0.635822620265092,0.658453708599461,0.669769252766645,
0.68108479693383,0.692400341101014,0.703715885268199,0.726346973602567,
0.737662517769752,0.748978061936936,0.760293606104121,0.771609150271305,
0.794240238605674,0.816871326940042,0.839502415274411,0.86213350360878,
0.884764591943149,0.907395680277518,0.918711224444702,0.930026768611886,
0.952657856946255,0.975288945280624,0.997920033614993),(0.,1.),
 .UNSPECIFIED.);
#34=B_SPLINE_SURFACE_WITH_KNOTS('',3,1,((#6880,#6881),(#6882,#6883),(#6884,
#6885),(#6886,#6887),(#6888,#6889),(#6890,#6891),(#6892,#6893),(#6894,#6895),
(#6896,#6897),(#6898,#6899),(#6900,#6901),(#6902,#6903),(#6904,#6905),(#6906,
#6907),(#6908,#6909),(#6910,#6911),(#6912,#6913),(#6914,#6915),(#6916,#6917),
(#6918,#6919),(#6920,#6921),(#6922,#6923),(#6924,#6925),(#6926,#6927),(#6928,
#6929),(#6930,#6931),(#6932,#6933),(#6934,#6935),(#6936,#6937),(#6938,#6939),
(#6940,#6941)),.SURF_OF_LINEAR_EXTRUSION.,.F.,.F.,.F.,(4,1,1,1,1,1,1,1,
1,1,1,1,1,1,1,1,1,1,1,1,1,1,1,1,1,1,1,1,4),(2,2),(0.00327348008750328,0.0654103920171821,
0.127547303946861,0.18968421587654,0.251821127806218,0.313958039735897,
0.345026495700737,0.376094951665576,0.407163407630415,0.438231863595255,
0.500368775524934,0.531437231489773,0.562505687454612,0.593574143419452,
0.624642599384291,0.65571105534913,0.68677951131397,0.717847967278809,0.748916423243649,
0.764450651226068,0.779984879208488,0.811053335173327,0.842121791138167,
0.857656019120586,0.873190247103006,0.904258703067846,0.935327159032685,
0.966395614997524,0.997464070962364),(0.,1.),.UNSPECIFIED.);
#35=B_SPLINE_SURFACE_WITH_KNOTS('',3,1,((#7249,#7250),(#7251,#7252),(#7253,
#7254),(#7255,#7256)),.SURF_OF_LINEAR_EXTRUSION.,.F.,.F.,.F.,(4,4),(2,2),
(0.00142118401324909,0.0436541571808442),(0.,1.),
 .PIECEWISE_BEZIER_KNOTS.);
#36=B_SPLINE_SURFACE_WITH_KNOTS('',3,1,((#7348,#7349),(#7350,#7351),(#7352,
#7353),(#7354,#7355),(#7356,#7357),(#7358,#7359),(#7360,#7361),(#7362,#7363),
(#7364,#7365),(#7366,#7367),(#7368,#7369),(#7370,#7371),(#7372,#7373),(#7374,
#7375),(#7376,#7377),(#7378,#7379),(#7380,#7381),(#7382,#7383),(#7384,#7385),
(#7386,#7387),(#7388,#7389),(#7390,#7391),(#7392,#7393),(#7394,#7395),(#7396,
#7397),(#7398,#7399),(#7400,#7401),(#7402,#7403),(#7404,#7405),(#7406,#7407)),
 .SURF_OF_LINEAR_EXTRUSION.,.F.,.F.,.F.,(4,1,1,1,1,1,1,1,1,1,1,1,1,1,1,
1,1,1,1,1,1,1,1,1,1,1,1,4),(2,2),(0.492597076714124,0.508476942171817,0.516416874900663,
0.52435680762951,0.528326773993933,0.532296740358356,0.536266706722779,
0.540236673087203,0.548176605816049,0.556116538544895,0.587876269460281,
0.619636000375666,0.651395731291052,0.683155462206437,0.714915193121823,
0.730795058579516,0.746674924037208,0.762554789494901,0.778434654952594,
0.794314520410287,0.810194385867979,0.841954116783365,0.857833982241058,
0.87371384769875,0.905473578614136,0.937233309529521,0.968993040444907,
1.00075277136029),(0.,1.),.UNSPECIFIED.);
#37=B_SPLINE_SURFACE_WITH_KNOTS('',3,1,((#7646,#7647),(#7648,#7649),(#7650,
#7651),(#7652,#7653),(#7654,#7655),(#7656,#7657),(#7658,#7659),(#7660,#7661),
(#7662,#7663),(#7664,#7665),(#7666,#7667),(#7668,#7669),(#7670,#7671),(#7672,
#7673),(#7674,#7675),(#7676,#7677),(#7678,#7679),(#7680,#7681),(#7682,#7683),
(#7684,#7685),(#7686,#7687),(#7688,#7689),(#7690,#7691),(#7692,#7693),(#7694,
#7695),(#7696,#7697)),.SURF_OF_LINEAR_EXTRUSION.,.F.,.F.,.F.,(4,1,1,1,1,
1,1,1,1,1,1,1,1,1,1,1,1,1,1,1,1,1,1,4),(2,2),(0.0520341908593491,0.0807170068491848,
0.109399822839021,0.138082638828856,0.166765454818692,0.224131086798363,
0.281496718778035,0.338862350757706,0.396227982737378,0.453593614717049,
0.482276430706885,0.510959246696721,0.539642062686556,0.568324878676392,
0.597007694666228,0.625690510656063,0.654373326645899,0.683056142635735,
0.711738958625571,0.740421774615406,0.797787406595078,0.855153038574749,
0.912518670554421,0.969884302534092),(0.,1.),.UNSPECIFIED.);
#38=B_SPLINE_SURFACE_WITH_KNOTS('',3,1,((#8071,#8072),(#8073,#8074),(#8075,
#8076),(#8077,#8078)),.SURF_OF_LINEAR_EXTRUSION.,.F.,.F.,.F.,(4,4),(2,2),
(0.0227006908354252,0.0381833102895514),(0.,1.),
 .PIECEWISE_BEZIER_KNOTS.);
#39=B_SPLINE_SURFACE_WITH_KNOTS('',3,1,((#8079,#8080),(#8081,#8082),(#8083,
#8084),(#8085,#8086),(#8087,#8088),(#8089,#8090),(#8091,#8092),(#8093,#8094),
(#8095,#8096),(#8097,#8098),(#8099,#8100),(#8101,#8102),(#8103,#8104),(#8105,
#8106),(#8107,#8108),(#8109,#8110),(#8111,#8112),(#8113,#8114),(#8115,#8116),
(#8117,#8118),(#8119,#8120),(#8121,#8122),(#8123,#8124),(#8125,#8126),(#8127,
#8128),(#8129,#8130),(#8131,#8132),(#8133,#8134),(#8135,#8136),(#8137,#8138),
(#8139,#8140),(#8141,#8142),(#8143,#8144),(#8145,#8146),(#8147,#8148),(#8149,
#8150),(#8151,#8152),(#8153,#8154),(#8155,#8156),(#8157,#8158),(#8159,#8160),
(#8161,#8162),(#8163,#8164),(#8165,#8166),(#8167,#8168),(#8169,#8170),(#8171,
#8172),(#8173,#8174),(#8175,#8176),(#8177,#8178),(#8179,#8180),(#8181,#8182),
(#8183,#8184),(#8185,#8186),(#8187,#8188),(#8189,#8190),(#8191,#8192),(#8193,
#8194),(#8195,#8196),(#8197,#8198),(#8199,#8200),(#8201,#8202),(#8203,#8204),
(#8205,#8206),(#8207,#8208),(#8209,#8210)),.SURF_OF_LINEAR_EXTRUSION.,.F.,
 .F.,.F.,(4,1,1,1,1,1,1,1,1,1,1,1,1,1,1,1,1,1,1,1,1,1,1,1,1,1,1,1,1,1,1,
1,1,1,1,1,1,1,1,1,1,1,1,1,1,1,1,1,1,1,1,1,1,1,1,1,1,1,1,1,1,1,1,4),(2,2),
(0.0126965797596328,0.0433764619450948,0.0740563441305569,0.135416108501481,
0.166095990686943,0.181435931779674,0.196775872872405,0.212115813965136,
0.227455755057867,0.242795696150598,0.258135637243329,0.27347557833606,
0.288815519428791,0.296485489975157,0.304155460521522,0.311825431067888,
0.319495401614253,0.334835342706984,0.350175283799715,0.365515224892446,
0.380855165985177,0.396195107077908,0.411535048170639,0.419205018717005,
0.42687498926337,0.434544959809736,0.442214930356101,0.457554871448832,
0.472894812541564,0.480564783087929,0.488234753634295,0.49590472418066,
0.503574694727026,0.518914635819756,0.534254576912488,0.549594518005219,
0.56493445909795,0.580274400190681,0.595614341283412,0.610954282376143,
0.626294223468874,0.641634164561605,0.656974105654336,0.672314046747067,
0.687653987839798,0.702993928932529,0.71833387002526,0.733673811117991,
0.749013752210722,0.779693634396184,0.795033575488915,0.810373516581646,
0.825713457674377,0.841053398767108,0.856393339859839,0.87173328095257,
0.887073222045301,0.902413163138032,0.917753104230763,0.933093045323494,
0.948432986416225,0.963772927508956,0.979112868601687,0.994452809694418),
(0.,1.),.UNSPECIFIED.);
#40=B_SPLINE_SURFACE_WITH_KNOTS('',3,1,((#8286,#8287),(#8288,#8289),(#8290,
#8291),(#8292,#8293),(#8294,#8295),(#8296,#8297)),
 .SURF_OF_LINEAR_EXTRUSION.,.F.,.F.,.F.,(4,1,1,4),(2,2),(0.268930010794724,
0.281924847667488,0.294919684540253,0.320909358285781),(0.,1.),
 .UNSPECIFIED.);
#41=B_SPLINE_SURFACE_WITH_KNOTS('',3,1,((#8302,#8303),(#8304,#8305),(#8306,
#8307),(#8308,#8309),(#8310,#8311),(#8312,#8313),(#8314,#8315),(#8316,#8317),
(#8318,#8319),(#8320,#8321)),.SURF_OF_LINEAR_EXTRUSION.,.F.,.F.,.F.,(4,
1,1,1,1,1,1,4),(2,2),(0.0712472896480537,0.102800879820188,0.118577674906255,
0.134354469992323,0.15013126507839,0.165908060164457,0.181684855250524,
0.197461650336591),(0.,1.),.UNSPECIFIED.);
#42=B_SPLINE_SURFACE_WITH_KNOTS('',3,1,((#8331,#8332),(#8333,#8334),(#8335,
#8336),(#8337,#8338),(#8339,#8340),(#8341,#8342),(#8343,#8344),(#8345,#8346),
(#8347,#8348),(#8349,#8350),(#8351,#8352),(#8353,#8354),(#8355,#8356),(#8357,
#8358),(#8359,#8360),(#8361,#8362),(#8363,#8364),(#8365,#8366),(#8367,#8368),
(#8369,#8370),(#8371,#8372),(#8373,#8374),(#8375,#8376),(#8377,#8378),(#8379,
#8380),(#8381,#8382),(#8383,#8384),(#8385,#8386),(#8387,#8388)),
 .SURF_OF_LINEAR_EXTRUSION.,.F.,.F.,.F.,(4,1,1,1,1,1,1,1,1,1,1,1,1,1,1,
1,1,1,1,1,1,1,1,1,1,1,4),(2,2),(0.0224665932717729,0.046199689901055,0.0580662382156961,
0.0699327865303372,0.0817993348449782,0.0936658831596193,0.117398979788901,
0.129265528103543,0.141132076418184,0.152998624732825,0.164865173047466,
0.176731721362107,0.188598269676748,0.200464817991389,0.21233136630603,
0.224197914620671,0.236064462935312,0.259797559564594,0.271664107879235,
0.283530656193877,0.307263752823159,0.330996849452441,0.342863397767082,
0.354729946081723,0.378463042711005,0.390329591025646,0.402196139340287),
(0.,1.),.UNSPECIFIED.);
#43=B_SPLINE_SURFACE_WITH_KNOTS('',3,1,((#8389,#8390),(#8391,#8392),(#8393,
#8394),(#8395,#8396),(#8397,#8398),(#8399,#8400),(#8401,#8402),(#8403,#8404),
(#8405,#8406),(#8407,#8408),(#8409,#8410),(#8411,#8412),(#8413,#8414),(#8415,
#8416),(#8417,#8418),(#8419,#8420),(#8421,#8422),(#8423,#8424),(#8425,#8426),
(#8427,#8428),(#8429,#8430),(#8431,#8432),(#8433,#8434),(#8435,#8436),(#8437,
#8438),(#8439,#8440),(#8441,#8442),(#8443,#8444),(#8445,#8446),(#8447,#8448),
(#8449,#8450),(#8451,#8452),(#8453,#8454),(#8455,#8456),(#8457,#8458),(#8459,
#8460),(#8461,#8462),(#8463,#8464),(#8465,#8466),(#8467,#8468),(#8469,#8470),
(#8471,#8472),(#8473,#8474),(#8475,#8476)),.SURF_OF_LINEAR_EXTRUSION.,.F.,
 .F.,.F.,(4,1,1,1,1,1,1,1,1,1,1,1,1,1,1,1,1,1,1,1,1,1,1,1,1,1,1,1,1,1,1,
1,1,1,1,1,1,1,1,1,1,4),(2,2),(0.285161569313474,0.307524039820625,0.329886510327777,
0.341067745581352,0.352248980834928,0.363430216088503,0.374611451342079,
0.39697392184923,0.419336392356382,0.441698862863533,0.464061333370684,
0.47524256862426,0.486423803877835,0.508786274384986,0.531148744892138,
0.553511215399289,0.57587368590644,0.598236156413591,0.620598626920742,
0.642961097427894,0.665323567935045,0.687686038442196,0.710048508949347,
0.721229744202923,0.732410979456498,0.75477344996365,0.777135920470801,
0.799498390977952,0.821860861485103,0.844223331992255,0.866585802499406,
0.888948273006557,0.911310743513708,0.933673214020859,0.944854449274435,
0.950445066901223,0.95603568452801,0.961626302154798,0.967216919781586,
0.972807537408374,0.978398155035162,1.00076062554231),(0.,1.),
 .UNSPECIFIED.);
#44=B_SPLINE_SURFACE_WITH_KNOTS('',3,1,((#8507,#8508),(#8509,#8510),(#8511,
#8512),(#8513,#8514),(#8515,#8516),(#8517,#8518),(#8519,#8520),(#8521,#8522),
(#8523,#8524),(#8525,#8526),(#8527,#8528),(#8529,#8530),(#8531,#8532),(#8533,
#8534),(#8535,#8536),(#8537,#8538),(#8539,#8540),(#8541,#8542),(#8543,#8544),
(#8545,#8546),(#8547,#8548),(#8549,#8550),(#8551,#8552),(#8553,#8554),(#8555,
#8556),(#8557,#8558),(#8559,#8560),(#8561,#8562),(#8563,#8564),(#8565,#8566),
(#8567,#8568),(#8569,#8570),(#8571,#8572),(#8573,#8574),(#8575,#8576),(#8577,
#8578),(#8579,#8580),(#8581,#8582),(#8583,#8584),(#8585,#8586),(#8587,#8588),
(#8589,#8590),(#8591,#8592),(#8593,#8594),(#8595,#8596),(#8597,#8598),(#8599,
#8600),(#8601,#8602),(#8603,#8604),(#8605,#8606)),
 .SURF_OF_LINEAR_EXTRUSION.,.F.,.F.,.F.,(4,1,1,1,1,1,1,1,1,1,1,1,1,1,1,
1,1,1,1,1,1,1,1,1,1,1,1,1,1,1,1,1,1,1,1,1,1,1,1,1,1,1,1,1,1,1,1,4),(2,2),
(0.0613983810379947,0.0762232807884206,0.0910481805388464,0.0984606304140594,
0.102166855351666,0.105873080289272,0.109579305226879,0.113285530164485,
0.120697980039698,0.135522879790124,0.15034777954055,0.179997579041402,
0.209647378542254,0.239297178043105,0.268946977543957,0.298596777044809,
0.313421676795235,0.328246576545661,0.343071476296087,0.357896376046513,
0.387546175547364,0.417195975048216,0.432020874798642,0.446845774549068,
0.47649557404992,0.506145373550771,0.535795173051623,0.565444972552475,
0.580269872302901,0.595094772053327,0.609919671803753,0.624744571554179,
0.65439437105503,0.669219270805456,0.684044170555882,0.698869070306308,
0.713693970056734,0.72851886980716,0.743343769557586,0.758168669308012,
0.772993569058438,0.80264336855929,0.832293168060141,0.861942967560993,
0.891592767061845,0.950892366063548,0.9805421655644,1.01019196506525),(0.,
1.),.UNSPECIFIED.);
#45=B_SPLINE_SURFACE_WITH_KNOTS('',3,1,((#8631,#8632),(#8633,#8634),(#8635,
#8636),(#8637,#8638),(#8639,#8640),(#8641,#8642),(#8643,#8644),(#8645,#8646),
(#8647,#8648),(#8649,#8650),(#8651,#8652),(#8653,#8654),(#8655,#8656),(#8657,
#8658),(#8659,#8660),(#8661,#8662),(#8663,#8664),(#8665,#8666),(#8667,#8668),
(#8669,#8670),(#8671,#8672),(#8673,#8674),(#8675,#8676),(#8677,#8678),(#8679,
#8680),(#8681,#8682),(#8683,#8684),(#8685,#8686),(#8687,#8688),(#8689,#8690),
(#8691,#8692),(#8693,#8694),(#8695,#8696),(#8697,#8698),(#8699,#8700),(#8701,
#8702),(#8703,#8704),(#8705,#8706),(#8707,#8708),(#8709,#8710),(#8711,#8712)),
 .SURF_OF_LINEAR_EXTRUSION.,.F.,.F.,.F.,(4,1,1,1,1,1,1,1,1,1,1,1,1,1,1,
1,1,1,1,1,1,1,1,1,1,1,1,1,1,1,1,1,1,1,1,1,1,1,4),(2,2),(0.269128845736123,
0.291992338984784,0.314855832233445,0.337719325482107,0.349151072106437,
0.360582818730768,0.372014565355098,0.383446311979429,0.40630980522809,
0.429173298476752,0.452036791725413,0.474900284974074,0.497763778222736,
0.520627271471397,0.543490764720058,0.56635425796872,0.589217751217381,
0.612081244466042,0.634944737714703,0.657808230963365,0.680671724212026,
0.703535217460687,0.726398710709349,0.737830457333679,0.74926220395801,
0.772125697206671,0.794989190455332,0.817852683703994,0.840716176952655,
0.863579670201316,0.886443163449978,0.909306656698639,0.9321701499473,0.943601896571631,
0.955033643195961,0.960749516508127,0.966465389820292,0.977897136444623,
1.00076062969328),(0.,1.),.UNSPECIFIED.);
#46=B_SPLINE_SURFACE_WITH_KNOTS('',3,1,((#8722,#8723),(#8724,#8725),(#8726,
#8727),(#8728,#8729),(#8730,#8731),(#8732,#8733),(#8734,#8735),(#8736,#8737),
(#8738,#8739),(#8740,#8741),(#8742,#8743),(#8744,#8745),(#8746,#8747),(#8748,
#8749),(#8750,#8751),(#8752,#8753)),.SURF_OF_LINEAR_EXTRUSION.,.F.,.F.,
 .F.,(4,1,1,1,1,1,1,1,1,1,1,1,1,4),(2,2),(0.789383432617804,0.802034716461372,
0.808360358383156,0.81468600030494,0.821011642226724,0.824174463187616,
0.827337284148508,0.833662926070292,0.839988567992076,0.865291135679213,
0.890593703366349,0.915896271053485,0.941198838740622,0.991803974114895),
(0.,1.),.UNSPECIFIED.);
#47=B_SPLINE_SURFACE_WITH_KNOTS('',3,1,((#8765,#8766),(#8767,#8768),(#8769,
#8770),(#8771,#8772),(#8773,#8774),(#8775,#8776),(#8777,#8778),(#8779,#8780),
(#8781,#8782),(#8783,#8784),(#8785,#8786),(#8787,#8788),(#8789,#8790),(#8791,
#8792)),.SURF_OF_LINEAR_EXTRUSION.,.F.,.F.,.F.,(4,1,1,1,1,1,1,1,1,1,1,4),
(2,2),(0.503864891460974,0.521071530667663,0.538278169874352,0.555484809081041,
0.57269144828773,0.589898087494419,0.607104726701108,0.641518005114486,
0.675931283527864,0.710344561941242,0.74475784035462,0.779171118767998),
(0.,1.),.UNSPECIFIED.);
#48=B_SPLINE_SURFACE_WITH_KNOTS('',3,1,((#8863,#8864),(#8865,#8866),(#8867,
#8868),(#8869,#8870)),.SURF_OF_LINEAR_EXTRUSION.,.F.,.F.,.F.,(4,4),(2,2),
(-4.81222744280602E-5,0.0292374018904722),(0.,1.),
 .PIECEWISE_BEZIER_KNOTS.);
#49=B_SPLINE_SURFACE_WITH_KNOTS('',3,1,((#8871,#8872),(#8873,#8874),(#8875,
#8876),(#8877,#8878),(#8879,#8880),(#8881,#8882),(#8883,#8884),(#8885,#8886),
(#8887,#8888),(#8889,#8890),(#8891,#8892),(#8893,#8894),(#8895,#8896),(#8897,
#8898),(#8899,#8900),(#8901,#8902),(#8903,#8904),(#8905,#8906),(#8907,#8908),
(#8909,#8910),(#8911,#8912),(#8913,#8914),(#8915,#8916),(#8917,#8918),(#8919,
#8920),(#8921,#8922),(#8923,#8924),(#8925,#8926),(#8927,#8928),(#8929,#8930),
(#8931,#8932),(#8933,#8934),(#8935,#8936),(#8937,#8938),(#8939,#8940),(#8941,
#8942),(#8943,#8944),(#8945,#8946),(#8947,#8948),(#8949,#8950),(#8951,#8952),
(#8953,#8954),(#8955,#8956),(#8957,#8958),(#8959,#8960),(#8961,#8962),(#8963,
#8964),(#8965,#8966)),.SURF_OF_LINEAR_EXTRUSION.,.F.,.F.,.F.,(4,1,1,1,1,
1,1,1,1,1,1,1,1,1,1,1,1,1,1,1,1,1,1,1,1,1,1,1,1,1,1,1,1,1,1,1,1,1,1,1,1,
1,1,1,1,4),(2,2),(-0.015646059498619,0.000160887885501891,0.0159678352696228,
0.0475817300378646,0.0791956248061065,0.110809519574348,0.14242341434259,
0.174037309110832,0.205651203879074,0.237265098647316,0.253072046031437,
0.268878993415557,0.284685940799678,0.300492888183799,0.332106782952041,
0.363720677720283,0.379527625104404,0.395334572488525,0.411141519872646,
0.426948467256767,0.458562362025008,0.474369309409129,0.49017625679325,
0.521790151561492,0.537597098945613,0.553404046329734,0.585017941097976,
0.600824888482097,0.616631835866218,0.632438783250339,0.648245730634459,
0.66405267801858,0.679859625402701,0.711473520170943,0.743087414939185,
0.774701309707427,0.806315204475669,0.83792909924391,0.869542994012152,
0.901156888780394,0.932770783548636,0.948577730932757,0.964384678316878,
0.980191625700999,0.988095099393059,0.99599857308512),(0.,1.),
 .UNSPECIFIED.);
#50=B_SPLINE_SURFACE_WITH_KNOTS('',3,1,((#9007,#9008),(#9009,#9010),(#9011,
#9012),(#9013,#9014),(#9015,#9016),(#9017,#9018),(#9019,#9020),(#9021,#9022),
(#9023,#9024),(#9025,#9026),(#9027,#9028),(#9029,#9030),(#9031,#9032),(#9033,
#9034),(#9035,#9036),(#9037,#9038),(#9039,#9040),(#9041,#9042),(#9043,#9044),
(#9045,#9046),(#9047,#9048),(#9049,#9050),(#9051,#9052),(#9053,#9054)),
 .SURF_OF_LINEAR_EXTRUSION.,.F.,.F.,.F.,(4,1,1,1,1,1,1,1,1,1,1,1,1,1,1,
1,1,1,1,1,1,4),(2,2),(0.290057205956777,0.332226358258934,0.353310934410013,
0.374395510561092,0.395480086712171,0.416564662863249,0.458733815165407,
0.479818391316486,0.500902967467564,0.543072119769722,0.58524127207188,
0.627410424374037,0.669579576676195,0.711748728978352,0.732833305129431,
0.75391788128051,0.796087033582668,0.838256185884825,0.880425338186983,
0.92259449048914,0.943679066640219,0.964763642791298),(0.,1.),
 .UNSPECIFIED.);
#51=B_SPLINE_SURFACE_WITH_KNOTS('',3,1,((#9075,#9076),(#9077,#9078),(#9079,
#9080),(#9081,#9082),(#9083,#9084),(#9085,#9086),(#9087,#9088),(#9089,#9090),
(#9091,#9092),(#9093,#9094),(#9095,#9096),(#9097,#9098),(#9099,#9100),(#9101,
#9102),(#9103,#9104),(#9105,#9106),(#9107,#9108),(#9109,#9110),(#9111,#9112),
(#9113,#9114),(#9115,#9116),(#9117,#9118)),.SURF_OF_LINEAR_EXTRUSION.,.F.,
 .F.,.F.,(4,1,1,1,1,1,1,1,1,1,1,1,1,1,1,1,1,1,1,4),(2,2),(0.279539047850916,
0.322115396478319,0.343403570792021,0.364691745105723,0.385979919419425,
0.407268093733126,0.44984444236053,0.471132616674232,0.492420790987934,
0.534997139615337,0.577573488242741,0.620149836870144,0.662726185497548,
0.705302534124951,0.726590708438653,0.747878882752355,0.790455231379759,
0.833031580007162,0.875607928634566,0.960760625889373),(0.,1.),
 .UNSPECIFIED.);
#52=B_SPLINE_SURFACE_WITH_KNOTS('',3,1,((#9125,#9126),(#9127,#9128),(#9129,
#9130),(#9131,#9132),(#9133,#9134)),.SURF_OF_LINEAR_EXTRUSION.,.F.,.F.,
 .F.,(4,1,4),(2,2),(0.,0.499300998093649,0.998601996187299),(0.,1.),
 .UNSPECIFIED.);
#53=B_SPLINE_SURFACE_WITH_KNOTS('',3,1,((#9137,#9138),(#9139,#9140),(#9141,
#9142),(#9143,#9144),(#9145,#9146)),.SURF_OF_LINEAR_EXTRUSION.,.F.,.F.,
 .F.,(4,1,4),(2,2),(0.208569882242555,0.499133730316797,0.789697578391039),
(0.,1.),.UNSPECIFIED.);
#54=CIRCLE('',#3614,0.0201094408610432);
#55=CIRCLE('',#3615,0.0199465661190196);
#56=CIRCLE('',#3616,0.0161471746423863);
#57=CIRCLE('',#3617,0.0151501891022609);
#58=CIRCLE('',#3618,0.0151501891022609);
#59=CIRCLE('',#3619,0.0141961717475006);
#60=CIRCLE('',#3620,0.0141961717475006);
#61=CIRCLE('',#3621,0.0141961717475006);
#62=CIRCLE('',#3622,0.013768823528397);
#63=CIRCLE('',#3623,0.0138003022901886);
#64=CIRCLE('',#3624,0.0137881711846462);
#65=CIRCLE('',#3625,0.0137881711846462);
#66=CIRCLE('',#3626,0.0141108154763182);
#67=CIRCLE('',#3627,0.0141108154763184);
#68=CIRCLE('',#3628,0.0157639731415809);
#69=CIRCLE('',#3629,0.0157639731415809);
#70=CIRCLE('',#3630,0.0157639731415808);
#71=CIRCLE('',#3631,22.6186272230901);
#72=CIRCLE('',#3632,0.0136856543710577);
#73=CIRCLE('',#3633,0.00443018503876902);
#74=CIRCLE('',#3634,0.0144819279361727);
#75=CIRCLE('',#3635,0.0187706194615885);
#76=CIRCLE('',#3636,0.0105568070507087);
#77=CIRCLE('',#3637,0.00849748364656004);
#78=CIRCLE('',#3638,0.0198576223617097);
#79=CIRCLE('',#3639,0.0161471746422399);
#80=CIRCLE('',#3641,0.0199465661190196);
#81=CIRCLE('',#3657,22.6186272230901);
#82=CIRCLE('',#3659,0.0136856543710577);
#83=CIRCLE('',#3661,0.00443018503876902);
#84=CIRCLE('',#3663,0.0144819279361727);
#85=CIRCLE('',#3665,0.0187706194615885);
#86=CIRCLE('',#3667,0.0105568070507087);
#87=CIRCLE('',#3669,0.00849748364656004);
#88=CIRCLE('',#3671,0.0198576223617097);
#89=CIRCLE('',#3676,0.0161471746422399);
#90=CIRCLE('',#3679,0.0161471746423863);
#91=CIRCLE('',#3681,0.0151501891022609);
#92=CIRCLE('',#3683,0.0151501891022609);
#93=CIRCLE('',#3685,0.0141961717475006);
#94=CIRCLE('',#3687,0.0141961717475006);
#95=CIRCLE('',#3689,0.0141961717475006);
#96=CIRCLE('',#3691,0.013768823528397);
#97=CIRCLE('',#3693,0.0138003022901886);
#98=CIRCLE('',#3695,0.0137881711846462);
#99=CIRCLE('',#3697,0.0137881711846462);
#100=CIRCLE('',#3699,0.0141108154763182);
#101=CIRCLE('',#3701,0.0141108154763184);
#102=CIRCLE('',#3703,0.0157639731415809);
#103=CIRCLE('',#3705,0.0157639731415809);
#104=CIRCLE('',#3707,0.0157639731415808);
#105=CIRCLE('',#3709,0.0201094408610432);
#106=CIRCLE('',#3716,0.00185470420958319);
#107=CIRCLE('',#3717,0.00185347443791148);
#108=CIRCLE('',#3732,0.0005);
#109=CIRCLE('',#3742,0.0132639731415809);
#110=CIRCLE('',#3744,0.0132639731415809);
#111=CIRCLE('',#3747,0.0132639731415809);
#112=CIRCLE('',#3749,0.0116108154763184);
#113=CIRCLE('',#3751,0.0116108154763182);
#114=CIRCLE('',#3753,0.0112881711846462);
#115=CIRCLE('',#3755,0.0112881711846462);
#116=CIRCLE('',#3757,0.0113003022901886);
#117=CIRCLE('',#3759,0.011268823528397);
#118=CIRCLE('',#3761,0.0116961717475006);
#119=CIRCLE('',#3763,0.0176094408610432);
#120=CIRCLE('',#3765,0.0174465661190196);
#121=CIRCLE('',#3767,0.0176094408610432);
#122=CIRCLE('',#3769,0.0157639731415808);
#123=CIRCLE('',#3772,0.0157639731415809);
#124=CIRCLE('',#3774,0.0157639731415809);
#125=CIRCLE('',#3776,0.0141108154763184);
#126=CIRCLE('',#3778,0.0141108154763182);
#127=CIRCLE('',#3780,0.0137881711846462);
#128=CIRCLE('',#3782,0.0137881711846462);
#129=CIRCLE('',#3784,0.0138003022901886);
#130=CIRCLE('',#3786,0.013768823528397);
#131=CIRCLE('',#3788,0.0141961717475006);
#132=CIRCLE('',#3790,0.0141961717475006);
#133=CIRCLE('',#3792,0.0141961717475006);
#134=CIRCLE('',#3794,0.0151501891022609);
#135=CIRCLE('',#3796,0.0151501891022609);
#136=CIRCLE('',#3799,0.0161471746423863);
#137=CIRCLE('',#3801,0.0199465661190196);
#138=CIRCLE('',#3803,0.0201094408610432);
#139=CIRCLE('',#3805,0.0199465661190196);
#140=CIRCLE('',#3807,0.0201094408610432);
#141=CIRCLE('',#3813,0.0132639731415809);
#142=CIRCLE('',#3815,0.0116108154763182);
#143=CIRCLE('',#3817,0.0116961717475006);
#144=CIRCLE('',#3819,0.0116961717475006);
#145=CIRCLE('',#3821,0.0116961717475006);
#146=CIRCLE('',#3823,0.0116961717475006);
#147=CIRCLE('',#3825,0.0116961717475006);
#148=CIRCLE('',#3827,0.0126501891022609);
#149=CIRCLE('',#3829,0.0126501891022609);
#150=CIRCLE('',#3831,0.0126501891022609);
#151=CIRCLE('',#3833,0.0126501891022609);
#152=CIRCLE('',#3835,0.0126501891022609);
#153=CIRCLE('',#3837,0.0136471746423863);
#154=CIRCLE('',#3839,0.0136471746423863);
#155=CIRCLE('',#3841,0.0174465661190196);
#156=CIRCLE('',#3843,0.0174465661190196);
#157=CIRCLE('',#3845,0.0176094408610432);
#158=B_SPLINE_CURVE_WITH_KNOTS('',3,(#4652,#4653,#4654,#4655),
 .UNSPECIFIED.,.F.,.F.,(4,4),(0.,0.0121501234579791),.UNSPECIFIED.);
#159=B_SPLINE_CURVE_WITH_KNOTS('',3,(#4717,#4718,#4719,#4720,#4721,#4722,
#4723),.UNSPECIFIED.,.F.,.F.,(4,1,1,1,4),(0.,0.00276369309299918,0.00552738618599837,
0.00829107927899755,0.0110547723719967),.UNSPECIFIED.);
#160=B_SPLINE_CURVE_WITH_KNOTS('',3,(#4725,#4726,#4727,#4728,#4729,#4730,
#4731,#4732,#4733,#4734,#4735,#4736,#4737,#4738,#4739,#4740,#4741,#4742),
 .UNSPECIFIED.,.F.,.F.,(4,1,1,1,1,1,1,1,1,1,1,1,1,1,1,4),(0.,0.125,0.1875,
0.25,0.3125,0.375,0.4375,0.46875,0.5,0.53125,0.5625,0.625,0.6875,0.75,0.875,
1.),.UNSPECIFIED.);
#161=B_SPLINE_CURVE_WITH_KNOTS('',3,(#4762,#4763,#4764,#4765,#4766,#4767,
#4768,#4769,#4770,#4771,#4772,#4773,#4774,#4775,#4776),.UNSPECIFIED.,.F.,
 .F.,(4,1,1,1,1,1,1,1,1,1,1,1,4),(1.10642180966444E-15,0.00278083057203205,
0.005561661144063,0.0111233222881249,0.0166849834321868,0.0222466445762487,
0.0278083057203106,0.0305891362923415,0.0333699668643725,0.0361507974364034,
0.0389316280084344,0.0417124585804653,0.0444932891524963),.UNSPECIFIED.);
#162=B_SPLINE_CURVE_WITH_KNOTS('',3,(#4782,#4783,#4784,#4785),
 .UNSPECIFIED.,.F.,.F.,(4,4),(0.,0.00909721150083945),.UNSPECIFIED.);
#163=B_SPLINE_CURVE_WITH_KNOTS('',3,(#4793,#4794,#4795,#4796,#4797,#4798,
#4799,#4800,#4801,#4802,#4803,#4804,#4805,#4806,#4807,#4808,#4809,#4810,
#4811,#4812,#4813,#4814,#4815,#4816),.UNSPECIFIED.,.F.,.F.,(4,1,1,1,1,1,
1,1,1,1,1,1,1,1,1,1,1,1,1,1,1,4),(0.424289962058302,0.452957418495684,0.481624874933066,
0.495958603151757,0.49954203520643,0.503125467261102,0.510292331370448,
0.524626059589139,0.53895978780783,0.567627244245212,0.596294700682594,
0.653629613557358,0.710964526432122,0.739631982869504,0.753965711088195,
0.768299439306886,0.796966895744268,0.82563435218165,0.854301808619032,
0.868635536837723,0.875802400947068,0.882969265056414),.UNSPECIFIED.);
#164=B_SPLINE_CURVE_WITH_KNOTS('',3,(#4818,#4819,#4820,#4821,#4822,#4823,
#4824,#4825,#4826,#4827,#4828,#4829,#4830,#4831,#4832),.UNSPECIFIED.,.F.,
 .F.,(4,1,1,1,1,1,1,1,1,1,1,1,4),(0.882969265056414,0.91222694879231,0.926855790660259,
0.934170211594233,0.93782742206122,0.941484632528207,0.956113474396155,
0.963427895330129,0.967085105797116,0.970742316264103,0.978056737198078,
0.985371158132052,1.),.UNSPECIFIED.);
#165=B_SPLINE_CURVE_WITH_KNOTS('',3,(#4836,#4837,#4838,#4839,#4840,#4841,
#4842,#4843,#4844),.UNSPECIFIED.,.F.,.F.,(4,1,1,1,1,1,4),(0.,0.139043940541013,
0.303444338359285,0.468787421934586,0.621218684842133,0.807472073777053,
1.),.UNSPECIFIED.);
#166=B_SPLINE_CURVE_WITH_KNOTS('',3,(#4848,#4849,#4850,#4851,#4852,#4853,
#4854,#4855,#4856),.UNSPECIFIED.,.F.,.F.,(4,1,1,1,1,1,4),(0.,0.139043940541013,
0.303444338359285,0.468787421934586,0.621218684842133,0.807472073777053,
1.),.UNSPECIFIED.);
#167=B_SPLINE_CURVE_WITH_KNOTS('',3,(#4862,#4863,#4864,#4865,#4866,#4867,
#4868,#4869),.UNSPECIFIED.,.F.,.F.,(4,1,1,1,1,4),(0.,0.00612526927017035,
0.0122505385403407,0.018375807810511,0.0214384424455962,0.0245010770806814),
 .UNSPECIFIED.);
#168=B_SPLINE_CURVE_WITH_KNOTS('',3,(#4875,#4876,#4877,#4878,#4879,#4880,
#4881,#4882),.UNSPECIFIED.,.F.,.F.,(4,1,1,1,1,4),(0.,0.193894218538973,
0.423389334210205,0.627281559202507,0.817433830163272,1.),.UNSPECIFIED.);
#169=B_SPLINE_CURVE_WITH_KNOTS('',3,(#4884,#4885,#4886,#4887),
 .UNSPECIFIED.,.F.,.F.,(4,4),(4.24882547003359E-13,0.00251200102965934),
 .UNSPECIFIED.);
#170=B_SPLINE_CURVE_WITH_KNOTS('',3,(#4889,#4890,#4891,#4892,#4893,#4894,
#4895,#4896),.UNSPECIFIED.,.F.,.F.,(4,1,1,1,1,4),(0.,0.193894218538973,
0.423389334210205,0.627281559202507,0.817433830163272,1.),.UNSPECIFIED.);
#171=B_SPLINE_CURVE_WITH_KNOTS('',3,(#4900,#4901,#4902,#4903,#4904,#4905,
#4906,#4907,#4908,#4909,#4910),.UNSPECIFIED.,.F.,.F.,(4,1,1,1,1,1,1,1,4),
(0.,0.245830092137792,0.368745138206689,0.430202661241137,0.491660184275585,
0.553117707310033,0.614575230344481,0.737490276413377,0.98332036855117),
 .UNSPECIFIED.);
#172=B_SPLINE_CURVE_WITH_KNOTS('',3,(#4916,#4917,#4918,#4919,#4920,#4921,
#4922,#4923,#4924,#4925,#4926,#4927,#4928,#4929,#4930,#4931,#4932,#4933,
#4934,#4935,#4936,#4937,#4938,#4939,#4940,#4941,#4942,#4943,#4944,#4945,
#4946),.UNSPECIFIED.,.F.,.F.,(4,1,1,1,1,1,1,1,1,1,1,1,1,1,1,1,1,1,1,1,1,
1,1,1,1,1,1,1,4),(0.107363340799617,0.188916418760619,0.20930468825087,
0.22969295774112,0.239887092486246,0.250081227231371,0.260275361976496,
0.270469496721621,0.311246035702123,0.352022574682624,0.392799113663125,
0.433575652643626,0.453963922133876,0.474352191624127,0.484546326369252,
0.494740461114377,0.49983752848694,0.504934595859502,0.515128730604628,
0.535517000094878,0.555905269585129,0.59668180856563,0.61707007805588,0.627264212801006,
0.637458347546131,0.657846617036381,0.678234886526632,0.719011425507133,
0.759787964487634),.UNSPECIFIED.);
#173=B_SPLINE_CURVE_WITH_KNOTS('',3,(#4948,#4949,#4950,#4951,#4952,#4953,
#4954,#4955,#4956),.UNSPECIFIED.,.F.,.F.,(4,1,1,1,1,1,4),(0.759787964487634,
0.819840973365725,0.849867477804771,0.879893982243817,0.909920486682863,
0.939946991121908,1.),.UNSPECIFIED.);
#174=B_SPLINE_CURVE_WITH_KNOTS('',3,(#4958,#4959,#4960,#4961,#4962,#4963,
#4964,#4965),.UNSPECIFIED.,.F.,.F.,(4,1,1,1,1,4),(2.0281391007889E-14,0.00522105557581353,
0.0104421111516068,0.0156631667274,0.0182736945152967,0.0208842223031933),
 .UNSPECIFIED.);
#175=B_SPLINE_CURVE_WITH_KNOTS('',3,(#4994,#4995,#4996,#4997,#4998,#4999,
#5000),.UNSPECIFIED.,.F.,.F.,(4,1,1,1,4),(0.,0.00276369309299918,0.00552738618599837,
0.00829107927899755,0.0110547723719967),.UNSPECIFIED.);
#176=B_SPLINE_CURVE_WITH_KNOTS('',3,(#5035,#5036,#5037,#5038,#5039,#5040,
#5041,#5042,#5043,#5044,#5045,#5046,#5047,#5048,#5049,#5050,#5051,#5052),
 .UNSPECIFIED.,.F.,.F.,(4,1,1,1,1,1,1,1,1,1,1,1,1,1,1,4),(0.,0.125,0.1875,
0.25,0.3125,0.375,0.4375,0.46875,0.5,0.53125,0.5625,0.625,0.6875,0.75,0.875,
1.),.UNSPECIFIED.);
#177=B_SPLINE_CURVE_WITH_KNOTS('',3,(#5177,#5178,#5179,#5180,#5181,#5182,
#5183,#5184,#5185,#5186,#5187,#5188,#5189,#5190,#5191),.UNSPECIFIED.,.F.,
 .F.,(4,1,1,1,1,1,1,1,1,1,1,1,4),(1.10642180966444E-15,0.00278083057203205,
0.005561661144063,0.0111233222881249,0.0166849834321868,0.0222466445762487,
0.0278083057203106,0.0305891362923415,0.0333699668643725,0.0361507974364034,
0.0389316280084344,0.0417124585804653,0.0444932891524963),.UNSPECIFIED.);
#178=B_SPLINE_CURVE_WITH_KNOTS('',3,(#5212,#5213,#5214,#5215),
 .UNSPECIFIED.,.F.,.F.,(4,4),(0.,0.00909721150083945),.UNSPECIFIED.);
#179=B_SPLINE_CURVE_WITH_KNOTS('',3,(#5221,#5222,#5223,#5224),
 .UNSPECIFIED.,.F.,.F.,(4,4),(0.,1.),.UNSPECIFIED.);
#180=B_SPLINE_CURVE_WITH_KNOTS('',3,(#5228,#5229,#5230,#5231),
 .UNSPECIFIED.,.F.,.F.,(4,4),(0.,1.),.UNSPECIFIED.);
#181=B_SPLINE_CURVE_WITH_KNOTS('',3,(#5235,#5236,#5237,#5238),
 .UNSPECIFIED.,.F.,.F.,(4,4),(0.,1.),.UNSPECIFIED.);
#182=B_SPLINE_CURVE_WITH_KNOTS('',3,(#5287,#5288,#5289,#5290,#5291,#5292,
#5293,#5294,#5295,#5296,#5297,#5298,#5299,#5300,#5301,#5302,#5303,#5304,
#5305,#5306,#5307,#5308,#5309,#5310),.UNSPECIFIED.,.F.,.F.,(4,1,1,1,1,1,
1,1,1,1,1,1,1,1,1,1,1,1,1,1,1,4),(0.424289962058302,0.452957418495684,0.481624874933066,
0.495958603151757,0.49954203520643,0.503125467261102,0.510292331370448,
0.524626059589139,0.53895978780783,0.567627244245212,0.596294700682594,
0.653629613557358,0.710964526432122,0.739631982869504,0.753965711088195,
0.768299439306886,0.796966895744268,0.82563435218165,0.854301808619032,
0.868635536837723,0.875802400947068,0.882969265056414),.UNSPECIFIED.);
#183=B_SPLINE_CURVE_WITH_KNOTS('',3,(#5341,#5342,#5343,#5344,#5345,#5346,
#5347,#5348,#5349,#5350,#5351,#5352,#5353,#5354,#5355),.UNSPECIFIED.,.F.,
 .F.,(4,1,1,1,1,1,1,1,1,1,1,1,4),(0.882969265056414,0.91222694879231,0.926855790660259,
0.934170211594233,0.93782742206122,0.941484632528207,0.956113474396155,
0.963427895330129,0.967085105797116,0.970742316264103,0.978056737198078,
0.985371158132052,1.),.UNSPECIFIED.);
#184=B_SPLINE_CURVE_WITH_KNOTS('',3,(#5357,#5358,#5359,#5360),
 .UNSPECIFIED.,.F.,.F.,(4,4),(0.,1.),.UNSPECIFIED.);
#185=B_SPLINE_CURVE_WITH_KNOTS('',3,(#5364,#5365,#5366,#5367),
 .UNSPECIFIED.,.F.,.F.,(4,4),(0.,1.),.UNSPECIFIED.);
#186=B_SPLINE_CURVE_WITH_KNOTS('',3,(#5376,#5377,#5378,#5379,#5380,#5381,
#5382,#5383,#5384),.UNSPECIFIED.,.F.,.F.,(4,1,1,1,1,1,4),(0.,0.139043940541013,
0.303444338359285,0.468787421934586,0.621218684842133,0.807472073777053,
1.),.UNSPECIFIED.);
#187=B_SPLINE_CURVE_WITH_KNOTS('',3,(#5386,#5387,#5388,#5389),
 .UNSPECIFIED.,.F.,.F.,(4,4),(0.,1.),.UNSPECIFIED.);
#188=B_SPLINE_CURVE_WITH_KNOTS('',3,(#5393,#5394,#5395,#5396),
 .UNSPECIFIED.,.F.,.F.,(4,4),(0.,1.),.UNSPECIFIED.);
#189=B_SPLINE_CURVE_WITH_KNOTS('',3,(#5405,#5406,#5407,#5408,#5409,#5410,
#5411,#5412,#5413),.UNSPECIFIED.,.F.,.F.,(4,1,1,1,1,1,4),(0.,0.139043940541013,
0.303444338359285,0.468787421934586,0.621218684842133,0.807472073777053,
1.),.UNSPECIFIED.);
#190=B_SPLINE_CURVE_WITH_KNOTS('',3,(#5415,#5416,#5417,#5418),
 .UNSPECIFIED.,.F.,.F.,(4,4),(0.,1.),.UNSPECIFIED.);
#191=B_SPLINE_CURVE_WITH_KNOTS('',3,(#5422,#5423,#5424,#5425),
 .UNSPECIFIED.,.F.,.F.,(4,4),(0.,1.),.UNSPECIFIED.);
#192=B_SPLINE_CURVE_WITH_KNOTS('',3,(#5429,#5430,#5431,#5432),
 .UNSPECIFIED.,.F.,.F.,(4,4),(0.,1.),.UNSPECIFIED.);
#193=B_SPLINE_CURVE_WITH_KNOTS('',3,(#5437,#5438,#5439,#5440),
 .UNSPECIFIED.,.F.,.F.,(4,4),(0.,1.),.UNSPECIFIED.);
#194=B_SPLINE_CURVE_WITH_KNOTS('',3,(#5445,#5446,#5447,#5448),
 .UNSPECIFIED.,.F.,.F.,(4,4),(0.,1.),.UNSPECIFIED.);
#195=B_SPLINE_CURVE_WITH_KNOTS('',3,(#5457,#5458,#5459,#5460,#5461,#5462,
#5463,#5464),.UNSPECIFIED.,.F.,.F.,(4,1,1,1,1,4),(0.,0.193894218538973,
0.423389334210205,0.627281559202507,0.817433830163272,1.),.UNSPECIFIED.);
#196=B_SPLINE_CURVE_WITH_KNOTS('',3,(#5475,#5476,#5477,#5478),
 .UNSPECIFIED.,.F.,.F.,(4,4),(4.24882547003359E-13,0.00251200102965934),
 .UNSPECIFIED.);
#197=B_SPLINE_CURVE_WITH_KNOTS('',3,(#5489,#5490,#5491,#5492,#5493,#5494,
#5495,#5496),.UNSPECIFIED.,.F.,.F.,(4,1,1,1,1,4),(0.,0.193894218538973,
0.423389334210205,0.627281559202507,0.817433830163272,1.),.UNSPECIFIED.);
#198=B_SPLINE_CURVE_WITH_KNOTS('',3,(#5502,#5503,#5504,#5505),
 .UNSPECIFIED.,.F.,.F.,(4,4),(0.,1.),.UNSPECIFIED.);
#199=B_SPLINE_CURVE_WITH_KNOTS('',3,(#5528,#5529,#5530,#5531,#5532,#5533,
#5534,#5535,#5536,#5537,#5538),.UNSPECIFIED.,.F.,.F.,(4,1,1,1,1,1,1,1,4),
(0.,0.245830092137792,0.368745138206689,0.430202661241137,0.491660184275585,
0.553117707310033,0.614575230344481,0.737490276413377,0.98332036855117),
 .UNSPECIFIED.);
#200=B_SPLINE_CURVE_WITH_KNOTS('',3,(#5611,#5612,#5613,#5614,#5615,#5616,
#5617,#5618,#5619,#5620,#5621,#5622,#5623,#5624,#5625,#5626,#5627,#5628,
#5629,#5630,#5631,#5632,#5633,#5634,#5635,#5636,#5637,#5638,#5639,#5640,
#5641),.UNSPECIFIED.,.F.,.F.,(4,1,1,1,1,1,1,1,1,1,1,1,1,1,1,1,1,1,1,1,1,
1,1,1,1,1,1,1,4),(0.107363340799617,0.188916418760619,0.20930468825087,
0.22969295774112,0.239887092486246,0.250081227231371,0.260275361976496,
0.270469496721621,0.311246035702123,0.352022574682624,0.392799113663125,
0.433575652643626,0.453963922133876,0.474352191624127,0.484546326369252,
0.494740461114377,0.49983752848694,0.504934595859502,0.515128730604628,
0.535517000094878,0.555905269585129,0.59668180856563,0.61707007805588,0.627264212801006,
0.637458347546131,0.657846617036381,0.678234886526632,0.719011425507133,
0.759787964487634),.UNSPECIFIED.);
#201=B_SPLINE_CURVE_WITH_KNOTS('',3,(#5662,#5663,#5664,#5665,#5666,#5667,
#5668,#5669,#5670),.UNSPECIFIED.,.F.,.F.,(4,1,1,1,1,1,4),(0.759787964487634,
0.819840973365725,0.849867477804771,0.879893982243817,0.909920486682863,
0.939946991121908,1.),.UNSPECIFIED.);
#202=B_SPLINE_CURVE_WITH_KNOTS('',3,(#5691,#5692,#5693,#5694,#5695,#5696,
#5697,#5698),.UNSPECIFIED.,.F.,.F.,(4,1,1,1,1,4),(2.0281391007889E-14,0.00522105557581353,
0.0104421111516068,0.0156631667274,0.0182736945152967,0.0208842223031933),
 .UNSPECIFIED.);
#203=B_SPLINE_CURVE_WITH_KNOTS('',3,(#5774,#5775,#5776,#5777),
 .UNSPECIFIED.,.F.,.F.,(4,4),(0.,0.00568085299969177),.UNSPECIFIED.);
#204=B_SPLINE_CURVE_WITH_KNOTS('',3,(#5778,#5779,#5780,#5781,#5782),
 .UNSPECIFIED.,.F.,.F.,(4,1,4),(0.,0.00333506976418099,0.00667013952836198),
 .UNSPECIFIED.);
#205=B_SPLINE_CURVE_WITH_KNOTS('',3,(#5801,#5802,#5803,#5804,#5805,#5806,
#5807,#5808,#5809,#5810),.UNSPECIFIED.,.F.,.F.,(4,1,1,1,1,1,1,4),(0.,0.00082565152719949,
0.00165130305439898,0.00330260610879796,0.00495390916319694,0.00660521221759592,
0.00990781832639388,0.0132104244351918),.UNSPECIFIED.);
#206=B_SPLINE_CURVE_WITH_KNOTS('',3,(#5819,#5820,#5821,#5822,#5823,#5824,
#5825,#5826,#5827,#5828),.UNSPECIFIED.,.F.,.F.,(4,1,1,1,1,1,1,4),(0.,0.00082565152719949,
0.00165130305439898,0.00330260610879796,0.00495390916319694,0.00660521221759592,
0.00990781832639388,0.0132104244351918),.UNSPECIFIED.);
#207=B_SPLINE_CURVE_WITH_KNOTS('',3,(#5871,#5872,#5873,#5874,#5875,#5876,
#5877,#5878,#5879,#5880,#5881,#5882,#5883,#5884,#5885,#5886,#5887,#5888,
#5889),.UNSPECIFIED.,.T.,.F.,(1,1,1,1,1,1,1,1,1,1,1,1,1,1,1,1,1,1,1,1,1,
1,1),(-0.00347919063103423,-0.00231946042068949,-0.00115973021034475,0.,
0.00115973021034474,0.00231946042068949,0.00347919063103423,0.00463892084137898,
0.00579865105172372,0.00695838126206847,0.00811811147241321,0.00927784168275796,
0.0104375718931027,0.0115973021034474,0.0127570323137922,0.0139167625241369,
0.0150764927344817,0.0162362229448264,0.0173959531551712,0.0185556833655159,
0.0197154135758607,0.0208751437862054,0.0220348739965501),.UNSPECIFIED.);
#208=B_SPLINE_CURVE_WITH_KNOTS('',3,(#5891,#5892,#5893,#5894,#5895,#5896,
#5897,#5898,#5899,#5900,#5901,#5902,#5903,#5904,#5905,#5906,#5907,#5908,
#5909),.UNSPECIFIED.,.T.,.F.,(1,1,1,1,1,1,1,1,1,1,1,1,1,1,1,1,1,1,1,1,1,
1,1),(-0.003477153940254,-0.002318102626836,-0.001159051313418,0.,0.001159051313418,
0.002318102626836,0.003477153940254,0.00463620525367201,0.00579525656709001,
0.00695430788050801,0.00811335919392601,0.00927241050734401,0.010431461820762,
0.01159051313418,0.012749564447598,0.013908615761016,0.015067667074434,
0.016226718387852,0.01738576970127,0.018544821014688,0.019703872328106,
0.020862923641524,0.022021974954942),.UNSPECIFIED.);
#209=B_SPLINE_CURVE_WITH_KNOTS('',3,(#6021,#6022,#6023,#6024,#6025,#6026,
#6027),.UNSPECIFIED.,.F.,.F.,(4,1,1,1,4),(0.0686019770880576,0.0699323641475675,
0.0712627512070774,0.0725931382665873,0.0739235253260972),.UNSPECIFIED.);
#210=B_SPLINE_CURVE_WITH_KNOTS('',3,(#6032,#6033,#6034,#6035),
 .UNSPECIFIED.,.F.,.F.,(4,4),(0.106267203952573,0.109208305479063),
 .UNSPECIFIED.);
#211=B_SPLINE_CURVE_WITH_KNOTS('',3,(#6037,#6038,#6039,#6040),
 .UNSPECIFIED.,.F.,.F.,(4,4),(6.86300418428323E-14,0.000515583642263655),
 .UNSPECIFIED.);
#212=B_SPLINE_CURVE_WITH_KNOTS('',3,(#6042,#6043,#6044,#6045,#6046,#6047,
#6048,#6049,#6050,#6051,#6052,#6053,#6054),.UNSPECIFIED.,.F.,.F.,(4,1,1,
1,1,1,1,1,1,1,4),(0.,0.00110877866362227,0.00221755732724454,0.00332633599086682,
0.00443511465448909,0.00665267198173363,0.00887022930897817,0.0110877866362227,
0.0133053439634673,0.0155229012907118,0.0177404586179563),.UNSPECIFIED.);
#213=B_SPLINE_CURVE_WITH_KNOTS('',3,(#6056,#6057,#6058,#6059),
 .UNSPECIFIED.,.F.,.F.,(4,4),(3.87222610251937E-15,0.000516279874779757),
 .UNSPECIFIED.);
#214=B_SPLINE_CURVE_WITH_KNOTS('',3,(#6061,#6062,#6063,#6064,#6065,#6066,
#6067,#6068,#6069,#6070,#6071,#6072,#6073,#6074,#6075,#6076,#6077,#6078,
#6079,#6080,#6081,#6082,#6083,#6084,#6085,#6086,#6087,#6088,#6089,#6090,
#6091,#6092,#6093,#6094,#6095,#6096,#6097,#6098,#6099,#6100,#6101,#6102,
#6103,#6104,#6105,#6106,#6107,#6108,#6109,#6110,#6111,#6112,#6113,#6114,
#6115,#6116,#6117,#6118,#6119,#6120,#6121,#6122),.UNSPECIFIED.,.F.,.F.,
(4,1,1,1,1,1,1,1,1,1,1,1,1,1,1,1,1,1,1,1,1,1,1,1,1,1,1,1,1,1,1,1,1,1,1,
1,1,1,1,1,1,1,1,1,1,1,1,1,1,1,1,1,1,1,1,1,1,1,1,4),(0.,0.0036037468454647,
0.0072074936909294,0.0108112405363941,0.0126131139591265,0.0144149873818588,
0.0162168608045912,0.0180187342273235,0.0198206076500559,0.0216224810727882,
0.0234243544955205,0.0252262279182529,0.0270281013409853,0.0288299747637176,
0.0324337216091823,0.0342355950319147,0.036037468454647,0.0378393418773794,
0.0396412153001117,0.0414430887228441,0.0432449621455764,0.0441458988569426,
0.0450468355683088,0.0468487089910411,0.0486505824137735,0.0504524558365058,
0.0522543292592382,0.0540562026819705,0.0576599495274352,0.0594618229501676,
0.0612636963728999,0.0630655697956322,0.0648674432183646,0.066669316641097,
0.0684711900638293,0.0702730634865616,0.0711740001979278,0.072074936909294,
0.0738768103320264,0.0756786837547587,0.0774805571774911,0.0792824306002234,
0.0810843040229558,0.0828861774456881,0.0864899242911528,0.0900936711366175,
0.0918955445593499,0.0936974179820822,0.0954992914048146,0.0973011648275469,
0.0982021015389131,0.0991030382502792,0.100904911673012,0.102706785095744,
0.104508658518476,0.106310531941209,0.108112405363941,0.109914278786673,
0.111716152209406,0.11531989905487),.UNSPECIFIED.);
#215=B_SPLINE_CURVE_WITH_KNOTS('',3,(#6124,#6125,#6126,#6127),
 .UNSPECIFIED.,.F.,.F.,(4,4),(4.10837165126599E-15,0.000513880927885358),
 .UNSPECIFIED.);
#216=B_SPLINE_CURVE_WITH_KNOTS('',3,(#6129,#6130,#6131,#6132,#6133,#6134,
#6135,#6136,#6137,#6138,#6139,#6140,#6141,#6142,#6143,#6144,#6145,#6146,
#6147,#6148,#6149,#6150,#6151,#6152,#6153,#6154,#6155,#6156,#6157,#6158),
 .UNSPECIFIED.,.F.,.F.,(4,1,1,1,1,1,1,1,1,1,1,1,1,1,1,1,1,1,1,1,1,1,1,1,
1,1,1,4),(0.,0.00140970126668558,0.00281940253337117,0.00422910380005675,
0.00563880506674234,0.00704850633342792,0.00845820760011351,0.00986790886679909,
0.0112776101334847,0.0140970126668558,0.0155067139335414,0.016916415200227,
0.0183261164669126,0.0197358177335982,0.0225552202669694,0.0253746228003405,
0.0281940253337117,0.0296037266003973,0.0310134278670829,0.0324231291337684,
0.033832830400454,0.0352425316671396,0.0366522329338252,0.0380619342005108,
0.0394716354671964,0.0408813367338819,0.0422910380005675,0.0451104405339387),
 .UNSPECIFIED.);
#217=B_SPLINE_CURVE_WITH_KNOTS('',3,(#6162,#6163,#6164,#6165,#6166,#6167,
#6168,#6169,#6170,#6171,#6172,#6173,#6174,#6175,#6176,#6177,#6178,#6179,
#6180,#6181,#6182,#6183,#6184,#6185,#6186,#6187),.UNSPECIFIED.,.F.,.F.,
(4,1,1,1,1,1,1,1,1,1,1,1,1,1,1,1,1,1,1,1,1,1,1,4),(0.,0.0013647375128516,
0.00272947502570321,0.00545895005140642,0.00818842507710963,0.0109179001028128,
0.0122826376156644,0.013647375128516,0.0150121126413677,0.0163768501542193,
0.0191063251799225,0.0218358002056257,0.0245652752313289,0.0272947502570321,
0.0286594877698837,0.0300242252827353,0.0313889627955869,0.0327537003084385,
0.0341184378212901,0.0354831753341417,0.0368479128469933,0.0382126503598449,
0.0409421253855481,0.0436716004112514),.UNSPECIFIED.);
#218=B_SPLINE_CURVE_WITH_KNOTS('',3,(#6189,#6190,#6191,#6192),
 .UNSPECIFIED.,.F.,.F.,(4,4),(1.23839429186668E-14,0.00157663002058184),
 .UNSPECIFIED.);
#219=B_SPLINE_CURVE_WITH_KNOTS('',3,(#6194,#6195,#6196,#6197,#6198,#6199,
#6200,#6201,#6202,#6203,#6204,#6205,#6206,#6207,#6208,#6209,#6210,#6211,
#6212,#6213,#6214,#6215),.UNSPECIFIED.,.F.,.F.,(4,1,1,1,1,1,1,1,1,1,1,1,
1,1,1,1,1,1,1,4),(0.,0.00230205650952707,0.00460411301905414,0.00690616952858122,
0.00920822603810829,0.0115102825476354,0.0138123390571624,0.0161143955666895,
0.0184164520762166,0.0207185085857436,0.0230205650952707,0.0253226216047978,
0.0276246781143249,0.0299267346238519,0.0310777628786155,0.032228791133379,
0.0333798193881425,0.0345308476429061,0.0356818758976696,0.0368329041524331),
 .UNSPECIFIED.);
#220=B_SPLINE_CURVE_WITH_KNOTS('',3,(#6219,#6220,#6221,#6222),
 .UNSPECIFIED.,.F.,.F.,(4,4),(0.,1.),.UNSPECIFIED.);
#221=B_SPLINE_CURVE_WITH_KNOTS('',3,(#6226,#6227,#6228,#6229,#6230,#6231,
#6232,#6233,#6234,#6235,#6236,#6237,#6238,#6239,#6240,#6241,#6242,#6243,
#6244,#6245,#6246,#6247,#6248,#6249,#6250,#6251,#6252,#6253,#6254,#6255,
#6256,#6257,#6258,#6259,#6260,#6261,#6262,#6263,#6264,#6265,#6266,#6267),
 .UNSPECIFIED.,.F.,.F.,(4,1,1,1,1,1,1,1,1,1,1,1,1,1,1,1,1,1,1,1,1,1,1,1,
1,1,1,1,1,1,1,1,1,1,1,1,1,1,1,4),(0.,0.00124725605937929,0.00249451211875858,
0.00374176817813788,0.00498902423751717,0.00623628029689646,0.00748353635627575,
0.00997804847503434,0.0149670727125515,0.0174615848313101,0.0199560969500687,
0.0224506090688273,0.0249451211875858,0.0274396333063444,0.029934145425103,
0.0324286575438616,0.0349231696626202,0.0361704257219995,0.0374176817813788,
0.0386649378407581,0.0399121939001373,0.0411594499595166,0.0424067060188959,
0.0449012181376545,0.0473957302564131,0.0498902423751717,0.0523847544939303,
0.0548792666126889,0.0573737787314474,0.059868290850206,0.0623628029689646,
0.0648573150877232,0.0673518272064818,0.0698463393252404,0.0710935953846197,
0.0723408514439989,0.0748353635627575,0.0773298756815161,0.0785771317408954,
0.0798243878002747),.UNSPECIFIED.);
#222=B_SPLINE_CURVE_WITH_KNOTS('',3,(#6269,#6270,#6271,#6272),
 .UNSPECIFIED.,.F.,.F.,(4,4),(0.,0.00161958788991262),.UNSPECIFIED.);
#223=B_SPLINE_CURVE_WITH_KNOTS('',3,(#6274,#6275,#6276,#6277,#6278,#6279,
#6280,#6281,#6282,#6283,#6284),.UNSPECIFIED.,.F.,.F.,(4,1,1,1,1,1,1,1,4),
(0.,0.00156621689128733,0.00313243378257465,0.00469865067386198,0.0062648675651493,
0.00783108445643662,0.00939730134772395,0.0109635182390113,0.0125297351302986),
 .UNSPECIFIED.);
#224=B_SPLINE_CURVE_WITH_KNOTS('',3,(#6286,#6287,#6288,#6289),
 .UNSPECIFIED.,.F.,.F.,(4,4),(7.88419892324599E-16,0.00163895250375926),
 .UNSPECIFIED.);
#225=B_SPLINE_CURVE_WITH_KNOTS('',3,(#6337,#6338,#6339,#6340,#6341,#6342,
#6343,#6344,#6345,#6346,#6347,#6348,#6349,#6350,#6351,#6352,#6353,#6354,
#6355,#6356,#6357,#6358,#6359,#6360,#6361,#6362,#6363,#6364,#6365,#6366,
#6367,#6368,#6369,#6370,#6371,#6372,#6373,#6374,#6375,#6376,#6377,#6378,
#6379,#6380,#6381,#6382,#6383,#6384,#6385,#6386),.UNSPECIFIED.,.F.,.F.,
(4,1,1,1,1,1,1,1,1,1,1,1,1,1,1,1,1,1,1,1,1,1,1,1,1,1,1,1,1,1,1,1,1,1,1,
1,1,1,1,1,1,1,1,1,1,1,1,4),(0.0206884756780958,0.0236334448165963,0.0265784139550968,
0.0295233830935973,0.0324683522320978,0.0339408368013481,0.0354133213705984,
0.0368858059398486,0.0383582905090989,0.0398307750783491,0.0413032596475994,
0.0427757442168496,0.0442482287860999,0.0457207133553502,0.0471931979246004,
0.0486656824938507,0.0501381670631009,0.0530831362016014,0.056028105340102,
0.0589730744786025,0.061918043617103,0.0648630127556035,0.0663354973248537,
0.067807981894104,0.0692804664633543,0.0707529510326045,0.0722254356018548,
0.073697920171105,0.0751704047403553,0.0766428893096055,0.0781153738788558,
0.079587858448106,0.0825328275866066,0.0854777967251071,0.0884227658636076,
0.0913677350021081,0.0928402195713584,0.0943127041406086,0.0957851887098589,
0.0972576732791091,0.0987301578483594,0.10020264241761,0.10167512698686,
0.10314761155611,0.106092580694611,0.109037549833111,0.111982518971612,
0.114927488110112),.UNSPECIFIED.);
#226=B_SPLINE_CURVE_WITH_KNOTS('',3,(#6390,#6391,#6392,#6393,#6394,#6395,
#6396,#6397,#6398,#6399,#6400,#6401,#6402,#6403,#6404,#6405,#6406,#6407,
#6408,#6409,#6410,#6411,#6412,#6413,#6414),.UNSPECIFIED.,.F.,.F.,(4,1,1,
1,1,1,1,1,1,1,1,1,1,1,1,1,1,1,1,1,1,1,4),(0.,0.00133671709243762,0.00267343418487523,
0.00534686836975046,0.00802030255462569,0.00935701964706331,0.0106937367395009,
0.0133671709243762,0.0160406051092514,0.0187140392941266,0.0213874734790018,
0.0240609076638771,0.0267343418487523,0.0294077760336275,0.0307444931260652,
0.0320812102185028,0.0334179273109404,0.034754644403378,0.0360913614958156,
0.0374280785882532,0.0387647956806909,0.0401015127731285,0.0427749469580037),
 .UNSPECIFIED.);
#227=B_SPLINE_CURVE_WITH_KNOTS('',3,(#6418,#6419,#6420,#6421),
 .UNSPECIFIED.,.F.,.F.,(4,4),(0.,0.00578611448928671),.UNSPECIFIED.);
#228=B_SPLINE_CURVE_WITH_KNOTS('',3,(#6425,#6426,#6427,#6428,#6429,#6430,
#6431),.UNSPECIFIED.,.F.,.F.,(4,1,1,1,4),(0.,0.277307815807377,0.432466642111629,
0.586742723074386,1.),.UNSPECIFIED.);
#229=B_SPLINE_CURVE_WITH_KNOTS('',3,(#6435,#6436,#6437,#6438),
 .UNSPECIFIED.,.F.,.F.,(4,4),(1.71820823086135E-11,0.006500188581381),
 .UNSPECIFIED.);
#230=B_SPLINE_CURVE_WITH_KNOTS('',3,(#6442,#6443,#6444,#6445,#6446,#6447,
#6448),.UNSPECIFIED.,.F.,.F.,(4,1,1,1,4),(0.,0.277307815807377,0.432466642111629,
0.586742723074386,1.),.UNSPECIFIED.);
#231=B_SPLINE_CURVE_WITH_KNOTS('',3,(#6452,#6453,#6454,#6455,#6456,#6457,
#6458,#6459),.UNSPECIFIED.,.F.,.F.,(4,1,1,1,1,4),(0.,0.00276284534086914,
0.00552569068173828,0.00828853602260743,0.009669958693042,0.0110513813634766),
 .UNSPECIFIED.);
#232=B_SPLINE_CURVE_WITH_KNOTS('',3,(#6463,#6464,#6465,#6466,#6467,#6468,
#6469),.UNSPECIFIED.,.F.,.F.,(4,1,1,1,4),(0.,0.277307815807377,0.432466642111629,
0.586742723074386,1.),.UNSPECIFIED.);
#233=B_SPLINE_CURVE_WITH_KNOTS('',3,(#6473,#6474,#6475,#6476,#6477,#6478,
#6479,#6480,#6481,#6482,#6483),.UNSPECIFIED.,.F.,.F.,(4,1,1,1,1,1,1,1,4),
(2.7350046647666E-12,0.00329525517412809,0.00494288275982463,0.00659051034552118,
0.00823813793121772,0.00988576551691426,0.0107095793097625,0.0115333931026108,
0.0131810206883074),.UNSPECIFIED.);
#234=B_SPLINE_CURVE_WITH_KNOTS('',3,(#6487,#6488,#6489,#6490,#6491,#6492,
#6493),.UNSPECIFIED.,.F.,.F.,(4,1,1,1,4),(0.,0.277307815807377,0.432466642111629,
0.586742723074386,1.),.UNSPECIFIED.);
#235=B_SPLINE_CURVE_WITH_KNOTS('',3,(#6497,#6498,#6499,#6500,#6501,#6502,
#6503,#6504,#6505,#6506,#6507,#6508),.UNSPECIFIED.,.F.,.F.,(4,1,1,1,1,1,
1,1,1,4),(0.,0.00260214325425138,0.00520428650850276,0.00780642976275414,
0.00910750138987983,0.0104085730170055,0.0130107162712569,0.0156128595255083,
0.0182150027797597,0.020817146034011),.UNSPECIFIED.);
#236=B_SPLINE_CURVE_WITH_KNOTS('',3,(#6512,#6513,#6514,#6515,#6516),
 .UNSPECIFIED.,.F.,.F.,(4,1,4),(0.,0.00362303451008927,0.00724606902017854),
 .UNSPECIFIED.);
#237=B_SPLINE_CURVE_WITH_KNOTS('',3,(#6520,#6521,#6522,#6523,#6524,#6525,
#6526,#6527,#6528,#6529,#6530,#6531,#6532,#6533,#6534,#6535,#6536,#6537,
#6538,#6539,#6540,#6541,#6542,#6543,#6544,#6545,#6546),.UNSPECIFIED.,.F.,
 .F.,(4,1,1,1,1,1,1,1,1,1,1,1,1,1,1,1,1,1,1,1,1,1,1,1,4),(0.0206783340559669,
0.0237015792709141,0.0252132018783877,0.0267248244858613,0.0282364470933349,
0.0297480697008085,0.0312596923082821,0.0327713149157557,0.0335271262194925,
0.0342829375232293,0.035038748826966,0.0357945601307028,0.0373061827381764,
0.03881780534565,0.0403294279531236,0.0418410505605972,0.0448642957755444,
0.0478875409904915,0.0509107862054387,0.0539340314203859,0.0569572766353331,
0.0599805218502803,0.0630037670652274,0.0660270122801746,0.0690502574951218),
 .UNSPECIFIED.);
#238=B_SPLINE_CURVE_WITH_KNOTS('',3,(#6548,#6549,#6550,#6551),
 .UNSPECIFIED.,.F.,.F.,(4,4),(0.,0.000470725833930778),.UNSPECIFIED.);
#239=B_SPLINE_CURVE_WITH_KNOTS('',3,(#6556,#6557,#6558,#6559),
 .UNSPECIFIED.,.F.,.F.,(4,4),(0.,0.000476026509543818),.UNSPECIFIED.);
#240=B_SPLINE_CURVE_WITH_KNOTS('',3,(#6563,#6564,#6565,#6566),
 .UNSPECIFIED.,.F.,.F.,(4,4),(0.,0.00072232699642695),.UNSPECIFIED.);
#241=B_SPLINE_CURVE_WITH_KNOTS('',3,(#6570,#6571,#6572,#6573),
 .UNSPECIFIED.,.F.,.F.,(4,4),(0.,0.000720185891612514),.UNSPECIFIED.);
#242=B_SPLINE_CURVE_WITH_KNOTS('',3,(#6575,#6576,#6577,#6578),
 .UNSPECIFIED.,.F.,.F.,(4,4),(0.,0.00084776266807144),.UNSPECIFIED.);
#243=B_SPLINE_CURVE_WITH_KNOTS('',3,(#6587,#6588,#6589,#6590),
 .UNSPECIFIED.,.F.,.F.,(4,4),(0.,0.000609984113094691),.UNSPECIFIED.);
#244=B_SPLINE_CURVE_WITH_KNOTS('',3,(#6595,#6596,#6597,#6598),
 .UNSPECIFIED.,.F.,.F.,(4,4),(0.,0.000605935538157657),.UNSPECIFIED.);
#245=B_SPLINE_CURVE_WITH_KNOTS('',3,(#6602,#6603,#6604,#6605,#6606),
 .UNSPECIFIED.,.F.,.F.,(4,1,4),(0.,0.000489698584248737,0.000979397168497474),
 .UNSPECIFIED.);
#246=B_SPLINE_CURVE_WITH_KNOTS('',3,(#6610,#6611,#6612,#6613,#6614),
 .UNSPECIFIED.,.F.,.F.,(4,1,4),(0.,0.000488203395096578,0.000976406790193157),
 .UNSPECIFIED.);
#247=B_SPLINE_CURVE_WITH_KNOTS('',3,(#6666,#6667,#6668,#6669,#6670,#6671,
#6672,#6673,#6674,#6675,#6676,#6677,#6678,#6679,#6680,#6681,#6682,#6683,
#6684,#6685,#6686,#6687,#6688,#6689),.UNSPECIFIED.,.F.,.F.,(4,1,1,1,1,1,
1,1,1,1,1,1,1,1,1,1,1,1,1,1,1,4),(0.,0.00288497479920863,0.00576994959841726,
0.00865492439762589,0.0115398991968345,0.0144248739960432,0.0173098487952518,
0.0201948235944604,0.023079798393669,0.0259647731928777,0.027407260592482,
0.0288497479920863,0.0317347227912949,0.0331772101908993,0.0346196975905036,
0.0360621849901079,0.03678342868991,0.0375046723897122,0.0389471597893165,
0.0403896471889208,0.0432746219881295,0.0461595967873381),.UNSPECIFIED.);
#248=B_SPLINE_CURVE_WITH_KNOTS('',3,(#6693,#6694,#6695,#6696),
 .UNSPECIFIED.,.F.,.F.,(4,4),(0.,0.00388267179788222),.UNSPECIFIED.);
#249=B_SPLINE_CURVE_WITH_KNOTS('',3,(#6700,#6701,#6702,#6703,#6704,#6705,
#6706,#6707,#6708,#6709,#6710,#6711,#6712,#6713,#6714,#6715,#6716,#6717,
#6718,#6719,#6720),.UNSPECIFIED.,.F.,.F.,(4,1,1,1,1,1,1,1,1,1,1,1,1,1,1,
1,1,1,4),(0.,0.00114254291231213,0.00228508582462427,0.0034276287369364,
0.00457017164924853,0.0068552574738728,0.00914034329849706,0.0114254291231213,
0.0137105149477456,0.0159956007723699,0.0182806865969941,0.0205657724216184,
0.0228508582462427,0.0251359440708669,0.0274210298954912,0.0297061157201155,
0.0319912015447397,0.034276287369364,0.0365613731939883),.UNSPECIFIED.);
#250=B_SPLINE_CURVE_WITH_KNOTS('',3,(#6722,#6723,#6724,#6725),
 .UNSPECIFIED.,.F.,.F.,(4,4),(0.,0.00157685171744297),.UNSPECIFIED.);
#251=B_SPLINE_CURVE_WITH_KNOTS('',3,(#6727,#6728,#6729,#6730),
 .UNSPECIFIED.,.F.,.F.,(4,4),(0.,0.000630625683358347),.UNSPECIFIED.);
#252=B_SPLINE_CURVE_WITH_KNOTS('',3,(#6734,#6735,#6736,#6737),
 .UNSPECIFIED.,.F.,.F.,(4,4),(0.,1.),.UNSPECIFIED.);
#253=B_SPLINE_CURVE_WITH_KNOTS('',3,(#6741,#6742,#6743,#6744,#6745,#6746,
#6747,#6748,#6749,#6750,#6751,#6752),.UNSPECIFIED.,.F.,.F.,(4,1,1,1,1,1,
1,1,1,4),(0.,0.0018478783302275,0.00277181749534124,0.00369575666045499,
0.00554363499068249,0.00739151332090998,0.00923939165113748,0.011087269981365,
0.0129351483115925,0.01478302664182),.UNSPECIFIED.);
#254=B_SPLINE_CURVE_WITH_KNOTS('',3,(#6756,#6757,#6758,#6759),
 .UNSPECIFIED.,.F.,.F.,(4,4),(0.,1.),.UNSPECIFIED.);
#255=B_SPLINE_CURVE_WITH_KNOTS('',3,(#6763,#6764,#6765,#6766,#6767,#6768),
 .UNSPECIFIED.,.F.,.F.,(4,1,1,4),(0.,0.00575174426388501,0.00862761639582752,
0.01150348852777),.UNSPECIFIED.);
#256=B_SPLINE_CURVE_WITH_KNOTS('',3,(#6772,#6773,#6774,#6775,#6776,#6777,
#6778,#6779,#6780,#6781,#6782,#6783,#6784,#6785,#6786,#6787,#6788,#6789),
 .UNSPECIFIED.,.F.,.F.,(4,1,1,1,1,1,1,1,1,1,1,1,1,1,1,4),(0.,0.084167181155796,
0.205137964431669,0.258091704616369,0.311621401932388,0.389672888007127,
0.449942920946978,0.481360008838241,0.51565541384856,0.546653510318243,
0.58948232901883,0.689159778405316,0.744193050705213,0.796352143626543,
0.922685677285137,1.),.UNSPECIFIED.);
#257=B_SPLINE_CURVE_WITH_KNOTS('',3,(#6793,#6794,#6795,#6796,#6797,#6798,
#6799,#6800,#6801),.UNSPECIFIED.,.F.,.F.,(4,1,1,1,1,1,4),(0.,0.0021554622057083,
0.0043109244114166,0.00538865551427074,0.00646638661712489,0.00754411771997904,
0.00862184882283319),.UNSPECIFIED.);
#258=B_SPLINE_CURVE_WITH_KNOTS('',3,(#6802,#6803,#6804,#6805,#6806,#6807,
#6808,#6809,#6810,#6811,#6812,#6813,#6814,#6815,#6816,#6817,#6818,#6819,
#6820,#6821,#6822,#6823,#6824,#6825,#6826,#6827,#6828),.UNSPECIFIED.,.F.,
 .F.,(4,1,1,1,1,1,1,1,1,1,1,1,1,1,1,1,1,1,1,1,1,1,1,1,4),(0.,0.00294999385810868,
0.00442499078716302,0.00589998771621736,0.0073749846452717,0.00884998157432604,
0.0103249785033804,0.0117999754324347,0.0132749723614891,0.0147499692905434,
0.0176999631486521,0.0206499570067608,0.0235999508648694,0.0265499447229781,
0.0280249416520325,0.0294999385810868,0.0309749355101412,0.0324499324391955,
0.0353999262973042,0.0368749232263585,0.0383499201554129,0.0412999140135215,
0.0442499078716302,0.0457249048006846,0.0471999017297389),.UNSPECIFIED.);
#259=B_SPLINE_CURVE_WITH_KNOTS('',3,(#6830,#6831,#6832,#6833),
 .UNSPECIFIED.,.F.,.F.,(4,4),(1.06875236362442E-14,0.000513962973337002),
 .UNSPECIFIED.);
#260=B_SPLINE_CURVE_WITH_KNOTS('',3,(#6835,#6836,#6837,#6838,#6839,#6840,
#6841,#6842,#6843,#6844,#6845,#6846,#6847,#6848,#6849,#6850,#6851,#6852,
#6853,#6854,#6855,#6856,#6857,#6858,#6859,#6860,#6861,#6862,#6863,#6864,
#6865,#6866,#6867,#6868,#6869,#6870,#6871,#6872,#6873,#6874,#6875,#6876,
#6877,#6878,#6879),.UNSPECIFIED.,.F.,.F.,(4,1,1,1,1,1,1,1,1,1,1,1,1,1,1,
1,1,1,1,1,1,1,1,1,1,1,1,1,1,1,1,1,1,1,1,1,1,1,1,1,1,1,4),(4.53903025689509E-14,
0.00265771436719735,0.00531542873434932,0.00797314310150128,0.0106308574686532,
0.0132885718358052,0.0159462862029572,0.0172751433865331,0.0186040005701091,
0.0199328577536851,0.0212617149372611,0.0239194293044131,0.026577143671565,
0.029234858038717,0.0318925724058689,0.0345502867730209,0.0372080011401729,
0.0385368583237489,0.0398657155073248,0.0425234298744768,0.0438522870580528,
0.0451811442416288,0.0465100014252047,0.0478388586087807,0.0504965729759327,
0.0531542873430847,0.0558120017102366,0.0584697160773886,0.0611274304445405,
0.0624562876281165,0.0637851448116925,0.0651140019952685,0.0664428591788445,
0.0677717163624204,0.0691005735459964,0.0704294307295724,0.0717582879131484,
0.0730871450967244,0.0744160022803003,0.0770737166474523,0.0797314310146043,
0.0823891453817562,0.0850468597489082),.UNSPECIFIED.);
#261=B_SPLINE_CURVE_WITH_KNOTS('',3,(#6942,#6943,#6944,#6945,#6946,#6947,
#6948,#6949,#6950,#6951),.UNSPECIFIED.,.F.,.F.,(4,1,1,1,1,1,1,4),(0.,0.0868546057143814,
0.143289432030396,0.23042892088802,0.44300816616841,0.566535521345744,0.68415538190687,
1.),.UNSPECIFIED.);
#262=B_SPLINE_CURVE_WITH_KNOTS('',3,(#6953,#6954,#6955,#6956,#6957,#6958,
#6959,#6960,#6961,#6962,#6963,#6964,#6965,#6966,#6967,#6968,#6969,#6970,
#6971,#6972,#6973,#6974,#6975,#6976,#6977,#6978,#6979,#6980),
 .UNSPECIFIED.,.F.,.F.,(4,1,1,1,1,1,1,1,1,1,1,1,1,1,1,1,1,1,1,1,1,1,1,1,
1,4),(0.,0.00134501788086673,0.00269003576173346,0.00403505364260018,0.00538007152346691,
0.00672508940433364,0.00807010728520037,0.0094151251660671,0.0107601430469338,
0.0134501788086673,0.0161402145704007,0.0188302503321342,0.0215202860938676,
0.0242103218556011,0.0269003576173346,0.0282453754982013,0.029590393379068,
0.0309354112599347,0.0322804291408015,0.0336254470216682,0.0349704649025349,
0.0363154827834017,0.0376605006642684,0.0390055185451351,0.0403505364260018,
0.0430405721877353),.UNSPECIFIED.);
#263=B_SPLINE_CURVE_WITH_KNOTS('',3,(#6982,#6983,#6984,#6985),
 .UNSPECIFIED.,.F.,.F.,(4,4),(0.,0.000513899115752729),.UNSPECIFIED.);
#264=B_SPLINE_CURVE_WITH_KNOTS('',3,(#6987,#6988,#6989,#6990,#6991,#6992,
#6993,#6994,#6995,#6996,#6997,#6998,#6999,#7000,#7001,#7002,#7003,#7004,
#7005,#7006,#7007,#7008,#7009,#7010,#7011,#7012,#7013,#7014,#7015,#7016,
#7017,#7018,#7019,#7020,#7021,#7022,#7023,#7024,#7025,#7026,#7027,#7028,
#7029,#7030,#7031,#7032,#7033,#7034,#7035,#7036,#7037,#7038,#7039,#7040,
#7041,#7042,#7043,#7044,#7045,#7046,#7047,#7048,#7049),.UNSPECIFIED.,.F.,
 .F.,(4,1,1,1,1,1,1,1,1,1,1,1,1,1,1,1,1,1,1,1,1,1,1,1,1,1,1,1,1,1,1,1,1,
1,1,1,1,1,1,1,1,1,1,1,1,1,1,1,1,1,1,1,1,1,1,1,1,1,1,1,4),(0.,0.00365334197557931,
0.00730668395115863,0.0109600259267379,0.0127866969145276,0.0146133679023173,
0.0164400388901069,0.0182667098778966,0.0200933808656862,0.0219200518534759,
0.0237467228412655,0.0255733938290552,0.0274000648168448,0.0292267358046345,
0.0328800777802138,0.0347067487680035,0.0365334197557931,0.0383600907435828,
0.0401867617313724,0.0420134327191621,0.0429267682130569,0.0438401037069518,
0.0447534392008466,0.0456667746947414,0.0474934456825311,0.0493201166703207,
0.0511467876581104,0.0529734586459,0.0548001296336897,0.058453471609269,
0.0602801425970587,0.0621068135848483,0.063933484572638,0.0657601555604276,
0.0675868265482173,0.069413497536007,0.0712401685237966,0.0730668395115863,
0.0739801750054811,0.0748935104993759,0.0767201814871656,0.0785468524749552,
0.0803735234627449,0.0822001944505345,0.0840268654383242,0.0876802074139035,
0.0913335493894828,0.0931602203772725,0.0949868913650621,0.0968135623528518,
0.0986402333406415,0.0995535688345363,0.100466904328431,0.102293575316221,
0.10412024630401,0.1059469172918,0.10777358827959,0.109600259267379,0.111426930255169,
0.113253601242959,0.116906943218538),.UNSPECIFIED.);
#265=B_SPLINE_CURVE_WITH_KNOTS('',3,(#7051,#7052,#7053,#7054),
 .UNSPECIFIED.,.F.,.F.,(4,4),(2.03080229846338E-14,0.000518525167932141),
 .UNSPECIFIED.);
#266=B_SPLINE_CURVE_WITH_KNOTS('',3,(#7056,#7057,#7058,#7059,#7060,#7061,
#7062,#7063,#7064,#7065,#7066,#7067),.UNSPECIFIED.,.F.,.F.,(4,1,1,1,1,1,
1,1,1,4),(0.,0.00308277764505967,0.0046241664675895,0.00539486087885441,
0.00616555529011933,0.00693624970138425,0.00770694411264916,0.00924833293517899,
0.0107897217577088,0.0123311105802387),.UNSPECIFIED.);
#267=B_SPLINE_CURVE_WITH_KNOTS('',3,(#7069,#7070,#7071,#7072),
 .UNSPECIFIED.,.F.,.F.,(4,4),(0.,0.00053755061419879),.UNSPECIFIED.);
#268=B_SPLINE_CURVE_WITH_KNOTS('',3,(#7074,#7075,#7076,#7077),
 .UNSPECIFIED.,.F.,.F.,(4,4),(0.,0.00148978157714927),.UNSPECIFIED.);
#269=B_SPLINE_CURVE_WITH_KNOTS('',3,(#7078,#7079,#7080,#7081,#7082),
 .UNSPECIFIED.,.F.,.F.,(4,1,4),(0.,0.00232849365032571,0.00465698730065142),
 .UNSPECIFIED.);
#270=B_SPLINE_CURVE_WITH_KNOTS('',3,(#7084,#7085,#7086,#7087),
 .UNSPECIFIED.,.F.,.F.,(4,4),(5.37669677167118E-13,0.0016918951546475),
 .UNSPECIFIED.);
#271=B_SPLINE_CURVE_WITH_KNOTS('',3,(#7089,#7090,#7091,#7092,#7093,#7094,
#7095,#7096),.UNSPECIFIED.,.F.,.F.,(4,1,1,1,1,4),(0.,0.0014020458430463,
0.00210306876456945,0.0028040916860926,0.00420613752913889,0.00560818337218519),
 .UNSPECIFIED.);
#272=B_SPLINE_CURVE_WITH_KNOTS('',3,(#7098,#7099,#7100,#7101),
 .UNSPECIFIED.,.F.,.F.,(4,4),(7.60180529360651E-15,0.00169620642753212),
 .UNSPECIFIED.);
#273=B_SPLINE_CURVE_WITH_KNOTS('',3,(#7103,#7104,#7105,#7106,#7107,#7108,
#7109,#7110,#7111,#7112,#7113,#7114,#7115,#7116,#7117,#7118,#7119,#7120,
#7121,#7122,#7123,#7124,#7125,#7126,#7127,#7128,#7129,#7130,#7131,#7132,
#7133,#7134,#7135,#7136,#7137,#7138,#7139,#7140,#7141,#7142,#7143,#7144,
#7145),.UNSPECIFIED.,.F.,.F.,(4,1,1,1,1,1,1,1,1,1,1,1,1,1,1,1,1,1,1,1,1,
1,1,1,1,1,1,1,1,1,1,1,1,1,1,1,1,1,1,1,4),(0.,0.00241668605146475,0.00362502907719713,
0.0048333721029295,0.00604171512866188,0.00725005815439425,0.009666744205859,
0.0120834302573238,0.0145001163087885,0.0169168023602533,0.019333488411718,
0.0217501744631828,0.0241668605146475,0.0265835465661123,0.0277918895918446,
0.029000232617577,0.0314169186690418,0.0338336047205065,0.0350419477462389,
0.0362502907719713,0.0374586337977036,0.0380628053105698,0.038666976823436,
0.0398753198491684,0.0410836628749008,0.0422920059006331,0.0435003489263655,
0.0459170349778303,0.048333721029295,0.0507504070807598,0.0531670931322245,
0.0555837791836893,0.058000465235154,0.0604171512866188,0.0628338373380835,
0.0652505233895483,0.067667209441013,0.0700838954924778,0.0725005815439425,
0.0749172675954073,0.077333953646872),.UNSPECIFIED.);
#274=B_SPLINE_CURVE_WITH_KNOTS('',3,(#7149,#7150,#7151,#7152),
 .UNSPECIFIED.,.F.,.F.,(4,4),(0.,0.00422547823527305),.UNSPECIFIED.);
#275=B_SPLINE_CURVE_WITH_KNOTS('',3,(#7156,#7157,#7158,#7159,#7160,#7161,
#7162,#7163,#7164,#7165,#7166,#7167,#7168,#7169,#7170,#7171,#7172,#7173,
#7174,#7175,#7176,#7177),.UNSPECIFIED.,.F.,.F.,(4,1,1,1,1,1,1,1,1,1,1,1,
1,1,1,1,1,1,1,4),(1.41119293688759E-11,0.00226573323416733,0.00453146645422273,
0.00679719967427813,0.00906293289433353,0.0113286661143889,0.0135943993344443,
0.0158601325544997,0.0181258657745551,0.0203915989946105,0.0226573322146659,
0.0249230654347213,0.0271887986547767,0.0294545318748321,0.0305873984848598,
0.0317202650948875,0.0328531317049152,0.0339859983149429,0.0351188649249706,
0.0362517315349983),.UNSPECIFIED.);
#276=B_SPLINE_CURVE_WITH_KNOTS('',3,(#7179,#7180,#7181,#7182),
 .UNSPECIFIED.,.F.,.F.,(4,4),(0.,0.00157667943420804),.UNSPECIFIED.);
#277=B_SPLINE_CURVE_WITH_KNOTS('',3,(#7184,#7185,#7186,#7187,#7188,#7189,
#7190,#7191,#7192,#7193,#7194,#7195,#7196,#7197,#7198,#7199,#7200,#7201,
#7202,#7203,#7204),.UNSPECIFIED.,.F.,.F.,(4,1,1,1,1,1,1,1,1,1,1,1,1,1,1,
1,1,1,4),(0.,0.00212212538349328,0.00424425076698656,0.00636637615047984,
0.00848850153397313,0.0106106269174664,0.0127327523009597,0.0137938149927063,
0.014854877684453,0.0159159403761996,0.0169770030679463,0.0190991284514395,
0.0212212538349328,0.0233433792184261,0.0254655046019194,0.0275876299854127,
0.0297097553689059,0.0318318807523992,0.0339540061358925),.UNSPECIFIED.);
#278=B_SPLINE_CURVE_WITH_KNOTS('',3,(#7208,#7209,#7210,#7211,#7212,#7213,
#7214,#7215,#7216,#7217),.UNSPECIFIED.,.F.,.F.,(4,1,1,1,1,1,1,4),(0.,0.0868546057143814,
0.143289432030396,0.23042892088802,0.44300816616841,0.566535521345744,0.68415538190687,
1.),.UNSPECIFIED.);
#279=B_SPLINE_CURVE_WITH_KNOTS('',3,(#7221,#7222,#7223,#7224),
 .UNSPECIFIED.,.F.,.F.,(4,4),(0.,1.),.UNSPECIFIED.);
#280=B_SPLINE_CURVE_WITH_KNOTS('',3,(#7228,#7229,#7230,#7231),
 .UNSPECIFIED.,.F.,.F.,(4,4),(1.0437059493057E-13,0.000660242423324889),
 .UNSPECIFIED.);
#281=B_SPLINE_CURVE_WITH_KNOTS('',3,(#7236,#7237,#7238,#7239),
 .UNSPECIFIED.,.F.,.F.,(4,4),(1.80100197658261E-14,0.000517707920135362),
 .UNSPECIFIED.);
#282=B_SPLINE_CURVE_WITH_KNOTS('',3,(#7241,#7242,#7243,#7244),
 .UNSPECIFIED.,.F.,.F.,(4,4),(0.,0.000241296656505624),.UNSPECIFIED.);
#283=B_SPLINE_CURVE_WITH_KNOTS('',3,(#7245,#7246,#7247,#7248),
 .UNSPECIFIED.,.F.,.F.,(4,4),(0.,0.000241656394180509),.UNSPECIFIED.);
#284=B_SPLINE_CURVE_WITH_KNOTS('',3,(#7260,#7261,#7262,#7263,#7264),
 .UNSPECIFIED.,.F.,.F.,(4,1,4),(0.,0.00354894945398578,0.00709789890797157),
 .UNSPECIFIED.);
#285=B_SPLINE_CURVE_WITH_KNOTS('',3,(#7265,#7266,#7267,#7268,#7269),
 .UNSPECIFIED.,.F.,.F.,(4,1,4),(0.,0.00345537550110297,0.00691075100220594),
 .UNSPECIFIED.);
#286=B_SPLINE_CURVE_WITH_KNOTS('',3,(#7274,#7275,#7276,#7277,#7278,#7279,
#7280,#7281,#7282,#7283,#7284,#7285,#7286,#7287),.UNSPECIFIED.,.F.,.F.,
(4,1,1,1,1,1,1,1,1,1,1,4),(0.,0.0015903903289769,0.0031807806579538,0.0063615613159076,
0.00795195164488451,0.00954234197386141,0.0111327323028383,0.0127231226318152,
0.015903903289769,0.0190846839477228,0.0222654646056766,0.0254462452636304),
 .UNSPECIFIED.);
#287=B_SPLINE_CURVE_WITH_KNOTS('',3,(#7291,#7292,#7293,#7294,#7295,#7296,
#7297,#7298,#7299,#7300,#7301,#7302,#7303,#7304,#7305),.UNSPECIFIED.,.F.,
 .F.,(4,1,1,1,1,1,1,1,1,1,1,1,4),(0.,0.00320151622975116,0.00480227434462674,
0.00640303245950233,0.00800379057437791,0.00960454868925349,0.0112053068041291,
0.0128060649190047,0.0144068230338802,0.0160075811487558,0.019209097378507,
0.0224106136082581,0.0256121298380093),.UNSPECIFIED.);
#288=B_SPLINE_CURVE_WITH_KNOTS('',3,(#7313,#7314,#7315,#7316,#7317,#7318,
#7319,#7320,#7321,#7322,#7323,#7324,#7325,#7326,#7327),.UNSPECIFIED.,.F.,
 .F.,(4,1,1,1,1,1,1,1,1,1,1,1,4),(0.,0.00320151622975117,0.00480227434462675,
0.00640303245950234,0.00800379057437792,0.00960454868925351,0.0112053068041291,
0.0128060649190047,0.0144068230338803,0.0160075811487558,0.019209097378507,
0.0224106136082582,0.0256121298380094),.UNSPECIFIED.);
#289=B_SPLINE_CURVE_WITH_KNOTS('',3,(#7329,#7330,#7331,#7332,#7333,#7334,
#7335,#7336,#7337,#7338,#7339,#7340,#7341,#7342),.UNSPECIFIED.,.F.,.F.,
(4,1,1,1,1,1,1,1,1,1,1,4),(0.,0.00159039032897692,0.00318078065795384,0.00636156131590768,
0.0079519516448846,0.00954234197386152,0.0111327323028384,0.0127231226318154,
0.0159039032897692,0.019084683947723,0.0222654646056769,0.0254462452636307),
 .UNSPECIFIED.);
#290=B_SPLINE_CURVE_WITH_KNOTS('',3,(#7408,#7409,#7410,#7411,#7412,#7413,
#7414,#7415,#7416,#7417,#7418,#7419,#7420,#7421),.UNSPECIFIED.,.F.,.F.,
(4,1,1,1,1,1,1,1,1,1,1,4),(0.,0.0028281918680825,0.00424228780212375,0.005656383736165,
0.0084845756042475,0.00989867153828875,0.01131276747233,0.0127268634063713,
0.0141409593404125,0.016969151208495,0.0197973430765775,0.02262553494466),
 .UNSPECIFIED.);
#291=B_SPLINE_CURVE_WITH_KNOTS('',3,(#7423,#7424,#7425,#7426,#7427,#7428,
#7429,#7430,#7431,#7432,#7433,#7434),.UNSPECIFIED.,.F.,.F.,(4,1,1,1,1,1,
1,1,1,4),(0.,0.00222389847920224,0.00333584771880336,0.00444779695840448,
0.00555974619800559,0.00667169543760671,0.00889559391680895,0.0111194923960112,
0.0133433908752134,0.0177911878336179),.UNSPECIFIED.);
#292=B_SPLINE_CURVE_WITH_KNOTS('',3,(#7446,#7447,#7448,#7449),
 .UNSPECIFIED.,.F.,.F.,(4,4),(0.,0.000929499462986427),.UNSPECIFIED.);
#293=B_SPLINE_CURVE_WITH_KNOTS('',3,(#7453,#7454,#7455,#7456,#7457,#7458,
#7459,#7460,#7461,#7462,#7463,#7464,#7465,#7466),.UNSPECIFIED.,.F.,.F.,
(4,1,1,1,1,1,1,1,1,1,1,4),(0.,0.00256027585992738,0.00384041378989107,0.00512055171985476,
0.00640068964981845,0.00768082757978214,0.00896096550974583,0.0102411034397095,
0.0128013792996369,0.0153616551595643,0.0179219310194917,0.020482206879419),
 .UNSPECIFIED.);
#294=B_SPLINE_CURVE_WITH_KNOTS('',3,(#7473,#7474,#7475,#7476,#7477,#7478,
#7479,#7480,#7481,#7482),.UNSPECIFIED.,.F.,.F.,(4,1,1,1,1,1,1,4),(0.,0.00200824963680486,
0.00401649927360971,0.00602474891041457,0.00803299854721942,0.0100412481840243,
0.0120494978208291,0.0160659970944388),.UNSPECIFIED.);
#295=B_SPLINE_CURVE_WITH_KNOTS('',3,(#7484,#7485,#7486,#7487,#7488),
 .UNSPECIFIED.,.F.,.F.,(4,1,4),(0.,0.00324064125593887,0.00648128251187774),
 .UNSPECIFIED.);
#296=B_SPLINE_CURVE_WITH_KNOTS('',3,(#7494,#7495,#7496,#7497,#7498,#7499,
#7500,#7501,#7502,#7503,#7504,#7505,#7506,#7507,#7508,#7509),
 .UNSPECIFIED.,.F.,.F.,(4,1,1,1,1,1,1,1,1,1,1,1,1,4),(0.,0.00196103219588272,
0.00392206439176545,0.00588309658764817,0.0078441287835309,0.00980516097941362,
0.010785677077355,0.0117661931752963,0.0127467092732377,0.0137272253711791,
0.0142174834201498,0.0147077414691204,0.0151979995180911,0.0156882575670618),
 .UNSPECIFIED.);
#297=B_SPLINE_CURVE_WITH_KNOTS('',3,(#7515,#7516,#7517,#7518,#7519,#7520,
#7521,#7522,#7523,#7524,#7525,#7526,#7527,#7528,#7529,#7530,#7531,#7532,
#7533,#7534),.UNSPECIFIED.,.F.,.F.,(4,1,1,1,1,1,1,1,1,1,1,1,1,1,1,1,1,4),
(9.05917710143703E-16,0.00478484161297888,0.00717726241946787,0.00956968322595686,
0.0119621040324458,0.0143545248389348,0.0167469456454238,0.0191393664519128,
0.0215317872584018,0.0239242080648908,0.0263166288713798,0.0287090496778688,
0.0311014704843577,0.0322976808876022,0.0334938912908467,0.0346901016940912,
0.0358863120973357,0.0382787329038247),.UNSPECIFIED.);
#298=B_SPLINE_CURVE_WITH_KNOTS('',3,(#7540,#7541,#7542,#7543,#7544,#7545,
#7546,#7547,#7548,#7549,#7550,#7551,#7552,#7553,#7554,#7555),
 .UNSPECIFIED.,.F.,.F.,(4,1,1,1,1,1,1,1,1,1,1,1,1,4),(2.85076245701581E-15,
0.0055741583616078,0.0111483167232127,0.0139353959040152,0.0167224750848177,
0.0195095542656202,0.0222966334464226,0.0250837126272251,0.0278707918080276,
0.0306578709888301,0.0334449501696325,0.036232029350435,0.0390191085312375,
0.0445932668928424),.UNSPECIFIED.);
#299=B_SPLINE_CURVE_WITH_KNOTS('',3,(#7561,#7562,#7563,#7564,#7565,#7566,
#7567,#7568,#7569,#7570,#7571,#7572,#7573,#7574,#7575,#7576,#7577,#7578,
#7579,#7580),.UNSPECIFIED.,.F.,.F.,(4,1,1,1,1,1,1,1,1,1,1,1,1,1,1,1,1,4),
(4.03879779728448E-11,0.00122780193985208,0.00245560383931618,0.00368340573878027,
0.00491120763824437,0.00613900953770847,0.00736681143717257,0.00982241523610077,
0.012278019035029,0.0147336228339572,0.0196448304318136,0.0221004342307418,
0.02455603802967,0.0270116418285982,0.0294672456275263,0.0319228494264545,
0.0343784532253827,0.0392896608232391),.UNSPECIFIED.);
#300=B_SPLINE_CURVE_WITH_KNOTS('',3,(#7586,#7587,#7588,#7589,#7590,#7591,
#7592,#7593,#7594,#7595,#7596,#7597,#7598,#7599,#7600,#7601),
 .UNSPECIFIED.,.F.,.F.,(4,1,1,1,1,1,1,1,1,1,1,1,1,4),(0.,0.000548787697157794,
0.000823181545736691,0.00109757539431559,0.00164636309147338,0.00219515078863117,
0.00329272618294676,0.00439030157726235,0.00658545236589352,0.0087806031545247,
0.0109757539431559,0.013170904731787,0.0153660555204182,0.0175612063090494),
 .UNSPECIFIED.);
#301=B_SPLINE_CURVE_WITH_KNOTS('',3,(#7609,#7610,#7611,#7612,#7613,#7614,
#7615,#7616,#7617,#7618,#7619,#7620),.UNSPECIFIED.,.F.,.F.,(4,1,1,1,1,1,
1,1,1,4),(5.45501046061681E-14,0.00158410221921321,0.00316820443837187,
0.0063364088766892,0.00950461331500652,0.0126728177533238,0.0158410221916412,
0.0190092266299585,0.0221774310682758,0.0253456355065931),.UNSPECIFIED.);
#302=B_SPLINE_CURVE_WITH_KNOTS('',3,(#7622,#7623,#7624,#7625,#7626,#7627,
#7628,#7629),.UNSPECIFIED.,.F.,.F.,(4,1,1,1,1,4),(0.,0.00400297001392313,
0.00600445502088469,0.00800594002784625,0.0120089100417694,0.0160118800556925),
 .UNSPECIFIED.);
#303=B_SPLINE_CURVE_WITH_KNOTS('',3,(#7636,#7637,#7638,#7639,#7640,#7641,
#7642,#7643),.UNSPECIFIED.,.F.,.F.,(4,1,1,1,1,4),(1.09257044964653E-15,
0.00388228223901151,0.00776456447802193,0.00970570559752714,0.0116468467170323,
0.0155291289560428),.UNSPECIFIED.);
#304=B_SPLINE_CURVE_WITH_KNOTS('',3,(#7698,#7699,#7700,#7701,#7702,#7703,
#7704,#7705,#7706,#7707),.UNSPECIFIED.,.F.,.F.,(4,1,1,1,1,1,1,4),(0.00452205655321736,
0.00629241726628606,0.00806277797935476,0.00983313869242346,0.0116034994054922,
0.0133738601185609,0.0151442208316295,0.0186849422577669),.UNSPECIFIED.);
#305=B_SPLINE_CURVE_WITH_KNOTS('',3,(#7711,#7712,#7713,#7714,#7715,#7716,
#7717,#7718),.UNSPECIFIED.,.F.,.F.,(4,1,1,1,1,4),(0.,0.00391926631315332,
0.00587889946972999,0.00783853262630665,0.01175779893946,0.0156770652526133),
 .UNSPECIFIED.);
#306=B_SPLINE_CURVE_WITH_KNOTS('',3,(#7720,#7721,#7722,#7723,#7724,#7725,
#7726,#7727,#7728,#7729,#7730,#7731,#7732,#7733,#7734),.UNSPECIFIED.,.F.,
 .F.,(4,1,1,1,1,1,1,1,1,1,1,1,4),(0.,0.0015658335223134,0.00313166704462681,
0.00469750056694021,0.00626333408925361,0.00782916761156701,0.00939500113388042,
0.0109608346561938,0.0125266681785072,0.015658335223134,0.0187900022677608,
0.0219216693123876,0.0250533363570144),.UNSPECIFIED.);
#307=B_SPLINE_CURVE_WITH_KNOTS('',3,(#7736,#7737,#7738,#7739,#7740,#7741,
#7742,#7743,#7744,#7745,#7746,#7747,#7748,#7749,#7750,#7751,#7752,#7753,
#7754,#7755,#7756),.UNSPECIFIED.,.F.,.F.,(4,1,1,1,1,1,1,1,1,1,1,1,1,1,1,
1,1,1,4),(0.,0.00221989031829097,0.00443978063658194,0.00554972579572743,
0.00665967095487291,0.0077696161140184,0.00887956127316389,0.00998950643230937,
0.0110994515914549,0.0133193419097458,0.0155392322280368,0.0177591225463278,
0.0199790128646187,0.0221989031829097,0.0244187935012007,0.0266386838194917,
0.0310784644560736,0.0332983547743646,0.0355182450926555),.UNSPECIFIED.);
#308=B_SPLINE_CURVE_WITH_KNOTS('',3,(#7760,#7761,#7762,#7763,#7764,#7765,
#7766),.UNSPECIFIED.,.F.,.F.,(4,1,1,1,4),(0.,0.00382904901908114,0.00765809803816227,
0.0114871470572434,0.0153161960763245),.UNSPECIFIED.);
#309=B_SPLINE_CURVE_WITH_KNOTS('',3,(#7768,#7769,#7770,#7771,#7772,#7773,
#7774),.UNSPECIFIED.,.F.,.F.,(4,1,1,1,4),(0.,0.00399005402979124,0.00798010805958248,
0.0119701620893737,0.015960216119165),.UNSPECIFIED.);
#310=B_SPLINE_CURVE_WITH_KNOTS('',3,(#7778,#7779,#7780,#7781,#7782,#7783,
#7784,#7785,#7786,#7787,#7788,#7789,#7790,#7791,#7792,#7793,#7794,#7795,
#7796),.UNSPECIFIED.,.F.,.F.,(4,1,1,1,1,1,1,1,1,1,1,1,1,1,1,1,4),(0.,0.00445166971131413,
0.00890333942262826,0.0133550091339424,0.0155808439895995,0.0178066788452565,
0.0200325137009136,0.0222583485565707,0.0244841834122277,0.0255971008400563,
0.0267100182678848,0.0278229356957133,0.0289358531235419,0.0300487705513704,
0.0311616879791989,0.033387522834856,0.035613357690513),.UNSPECIFIED.);
#311=B_SPLINE_CURVE_WITH_KNOTS('',3,(#7798,#7799,#7800,#7801,#7802,#7803,
#7804,#7805,#7806,#7807,#7808,#7809,#7810,#7811,#7812),.UNSPECIFIED.,.F.,
 .F.,(4,1,1,1,1,1,1,1,1,1,1,1,4),(0.,0.00349690316598061,0.00699380633196122,
0.0104907094979418,0.0139876126639224,0.0157360642469128,0.0174845158299031,
0.0192329674128934,0.0209814189958837,0.022729870578874,0.0244783221618643,
0.0262267737448546,0.0279752253278449),.UNSPECIFIED.);
#312=B_SPLINE_CURVE_WITH_KNOTS('',3,(#7814,#7815,#7816,#7817,#7818,#7819,
#7820),.UNSPECIFIED.,.F.,.F.,(4,1,1,1,4),(0.,0.00318765277031036,0.00637530554062073,
0.00956295831093109,0.0127506110812415),.UNSPECIFIED.);
#313=B_SPLINE_CURVE_WITH_KNOTS('',3,(#7832,#7833,#7834,#7835),
 .UNSPECIFIED.,.F.,.F.,(4,4),(0.,0.00285749278430333),.UNSPECIFIED.);
#314=B_SPLINE_CURVE_WITH_KNOTS('',3,(#7841,#7842,#7843,#7844,#7845,#7846,
#7847,#7848,#7849,#7850,#7851,#7852,#7853),.UNSPECIFIED.,.F.,.F.,(4,1,1,
1,1,1,1,1,1,1,4),(0.,0.00258651953170877,0.00517303906341754,0.00646629882927192,
0.00775955859512631,0.00905281836098069,0.0103460781268351,0.0129325976585438,
0.0155191171902526,0.0181056367219614,0.0206921562536702),.UNSPECIFIED.);
#315=B_SPLINE_CURVE_WITH_KNOTS('',3,(#7859,#7860,#7861,#7862,#7863,#7864,
#7865,#7866,#7867,#7868,#7869,#7870,#7871),.UNSPECIFIED.,.F.,.F.,(4,1,1,
1,1,1,1,1,1,1,4),(0.,0.00215967210673513,0.0032395081601027,0.00431934421347026,
0.00539918026683783,0.00647901632020539,0.00863868842694053,0.0107983605336757,
0.0129580326404108,0.0151177047471459,0.0172773768538811),.UNSPECIFIED.);
#316=B_SPLINE_CURVE_WITH_KNOTS('',3,(#7877,#7878,#7879,#7880,#7881,#7882,
#7883,#7884,#7885,#7886,#7887,#7888,#7889),.UNSPECIFIED.,.F.,.F.,(4,1,1,
1,1,1,1,1,1,1,4),(0.,0.00194183187924966,0.00388366375849933,0.00485457969812416,
0.00582549563774899,0.00679641157737382,0.00776732751699865,0.00970915939624831,
0.011650991275498,0.0135928231547476,0.0155346550339973),.UNSPECIFIED.);
#317=B_SPLINE_CURVE_WITH_KNOTS('',3,(#7895,#7896,#7897,#7898,#7899,#7900,
#7901,#7902,#7903,#7904,#7905),.UNSPECIFIED.,.F.,.F.,(4,1,1,1,1,1,1,1,4),
(0.,0.00190142724401717,0.00380285448803434,0.00570428173205151,0.00760570897606867,
0.00950713622008584,0.011408563464103,0.0133099907081202,0.0152114179521373),
 .UNSPECIFIED.);
#318=B_SPLINE_CURVE_WITH_KNOTS('',3,(#7911,#7912,#7913,#7914,#7915,#7916,
#7917,#7918,#7919,#7920,#7921,#7922,#7923,#7924,#7925,#7926,#7927),
 .UNSPECIFIED.,.F.,.F.,(4,1,1,1,1,1,1,1,1,1,1,1,1,1,4),(0.,0.00243000769887196,
0.00486001539774391,0.00729002309661587,0.00972003079548782,0.0121500384943598,
0.0145800461932317,0.0170100538921037,0.0194400615909756,0.0243000769887196,
0.0291600923864635,0.0315901000853354,0.0340201077842074,0.0364501154830793,
0.0388801231819513),.UNSPECIFIED.);
#319=B_SPLINE_CURVE_WITH_KNOTS('',3,(#7933,#7934,#7935,#7936,#7937,#7938,
#7939,#7940,#7941,#7942,#7943,#7944,#7945),.UNSPECIFIED.,.F.,.F.,(4,1,1,
1,1,1,1,1,1,1,4),(0.,0.00495503267412406,0.00991006534824813,0.0148650980223722,
0.0173426143594342,0.0198201306964963,0.0247751633706203,0.0272526797076823,
0.0297301960447444,0.0346852287188684,0.0396402613929925),.UNSPECIFIED.);
#320=B_SPLINE_CURVE_WITH_KNOTS('',3,(#7951,#7952,#7953,#7954,#7955,#7956,
#7957,#7958,#7959,#7960,#7961,#7962,#7963,#7964,#7965,#7966),
 .UNSPECIFIED.,.F.,.F.,(4,1,1,1,1,1,1,1,1,1,1,1,1,4),(0.,0.00240018454404604,
0.00480036908809207,0.00720055363213811,0.00960073817618415,0.0120009227202302,
0.0144011072642762,0.0192014763523683,0.0240018454404604,0.0264020299845064,
0.0288022145285525,0.0312023990725985,0.0336025836166445,0.0384029527047366),
 .UNSPECIFIED.);
#321=B_SPLINE_CURVE_WITH_KNOTS('',3,(#7972,#7973,#7974,#7975,#7976,#7977,
#7978,#7979,#7980,#7981),.UNSPECIFIED.,.F.,.F.,(4,1,1,1,1,1,1,4),(0.,0.00219144538734669,
0.00438289077469339,0.00657433616204008,0.00876578154938678,0.0109572269367335,
0.0131486723240802,0.0175315630987736),.UNSPECIFIED.);
#322=B_SPLINE_CURVE_WITH_KNOTS('',3,(#7987,#7988,#7989,#7990,#7991,#7992,
#7993,#7994,#7995,#7996,#7997,#7998,#7999,#8000,#8001),.UNSPECIFIED.,.F.,
 .F.,(4,1,1,1,1,1,1,1,1,1,1,1,4),(0.,0.00234741028875588,0.00352111543313382,
0.00469482057751176,0.00704223086626764,0.00938964115502352,0.0105633462994015,
0.0117370514437794,0.0129107565881573,0.0140844617325353,0.0164318720212912,
0.0176055771656691,0.018779282310047),.UNSPECIFIED.);
#323=B_SPLINE_CURVE_WITH_KNOTS('',3,(#8007,#8008,#8009,#8010,#8011,#8012,
#8013,#8014,#8015),.UNSPECIFIED.,.F.,.F.,(4,1,1,1,1,1,4),(0.,0.00392222364298008,
0.00588333546447011,0.00784444728596015,0.0117666709289402,0.0137277827504303,
0.0156888945719203),.UNSPECIFIED.);
#324=B_SPLINE_CURVE_WITH_KNOTS('',3,(#8021,#8022,#8023,#8024,#8025,#8026,
#8027,#8028,#8029,#8030,#8031),.UNSPECIFIED.,.F.,.F.,(4,1,1,1,1,1,1,1,4),
(0.,0.00222488226905296,0.00444976453810591,0.00667464680715887,0.00889952907621183,
0.0111244113452648,0.0133492936143177,0.0155741758833707,0.0177990581524237),
 .UNSPECIFIED.);
#325=B_SPLINE_CURVE_WITH_KNOTS('',3,(#8040,#8041,#8042,#8043),
 .UNSPECIFIED.,.F.,.F.,(4,4),(0.,0.00326613845136753),.UNSPECIFIED.);
#326=B_SPLINE_CURVE_WITH_KNOTS('',3,(#8211,#8212,#8213,#8214,#8215,#8216,
#8217,#8218,#8219,#8220,#8221,#8222,#8223,#8224,#8225,#8226,#8227,#8228,
#8229),.UNSPECIFIED.,.T.,.F.,(1,1,1,1,1,1,1,1,1,1,1,1,1,1,1,1,1,1,1,1,1,
1,1),(-0.00349321040396594,-0.00232880693597729,-0.00116440346798865,0.,
0.00116440346798865,0.00232880693597729,0.00349321040396594,0.00465761387195458,
0.00582201733994323,0.00698642080793187,0.00815082427592052,0.00931522774390916,
0.0104796312118978,0.0116440346798865,0.0128084381478751,0.0139728416158637,
0.0151372450838524,0.016301648551841,0.0174660520198297,0.0186304554878183,
0.019794858955807,0.0209592624237956,0.0221236658917843),.UNSPECIFIED.);
#327=B_SPLINE_CURVE_WITH_KNOTS('',3,(#8231,#8232,#8233,#8234,#8235,#8236,
#8237,#8238,#8239,#8240,#8241,#8242,#8243,#8244,#8245,#8246,#8247,#8248,
#8249),.UNSPECIFIED.,.T.,.F.,(1,1,1,1,1,1,1,1,1,1,1,1,1,1,1,1,1,1,1,1,1,
1,1),(-0.00349123415063796,-0.00232748943375864,-0.00116374471687932,0.,
0.00116374471687932,0.00232748943375864,0.00349123415063796,0.00465497886751728,
0.0058187235843966,0.00698246830127592,0.00814621301815525,0.00930995773503457,
0.0104737024519139,0.0116374471687932,0.0128011918856725,0.0139649366025518,
0.0151286813194312,0.0162924260363105,0.0174561707531898,0.0186199154700691,
0.0197836601869485,0.0209474049038278,0.0221111496207071),.UNSPECIFIED.);
#328=B_SPLINE_CURVE_WITH_KNOTS('',3,(#8251,#8252,#8253,#8254,#8255,#8256,
#8257,#8258),.UNSPECIFIED.,.F.,.F.,(4,1,1,1,1,4),(0.,0.00329319299912985,
0.00658638599825969,0.00823298249782461,0.00987957899738954,0.0131727719965194),
 .UNSPECIFIED.);
#329=B_SPLINE_CURVE_WITH_KNOTS('',3,(#8259,#8260,#8261,#8262),
 .UNSPECIFIED.,.F.,.F.,(4,4),(0.,0.0021291030302782),.UNSPECIFIED.);
#330=B_SPLINE_CURVE_WITH_KNOTS('',3,(#8264,#8265,#8266,#8267),
 .UNSPECIFIED.,.F.,.F.,(4,4),(0.,0.00210744534201231),.UNSPECIFIED.);
#331=B_SPLINE_CURVE_WITH_KNOTS('',3,(#8268,#8269,#8270,#8271),
 .UNSPECIFIED.,.F.,.F.,(4,4),(0.,0.0018506570092042),.UNSPECIFIED.);
#332=B_SPLINE_CURVE_WITH_KNOTS('',3,(#8273,#8274,#8275,#8276),
 .UNSPECIFIED.,.F.,.F.,(4,4),(0.,0.0016490793010817),.UNSPECIFIED.);
#333=B_SPLINE_CURVE_WITH_KNOTS('',3,(#8277,#8278,#8279,#8280),
 .UNSPECIFIED.,.F.,.F.,(4,4),(0.,0.000686544053383483),.UNSPECIFIED.);
#334=B_SPLINE_CURVE_WITH_KNOTS('',3,(#8282,#8283,#8284,#8285),
 .UNSPECIFIED.,.F.,.F.,(4,4),(0.,0.000655914571154715),.UNSPECIFIED.);
#335=B_SPLINE_CURVE_WITH_KNOTS('',3,(#8298,#8299,#8300,#8301),
 .UNSPECIFIED.,.F.,.F.,(4,4),(2.22742775643689E-12,0.00659769804121443),
 .UNSPECIFIED.);
#336=B_SPLINE_CURVE_WITH_KNOTS('',3,(#8322,#8323,#8324,#8325,#8326,#8327,
#8328,#8329,#8330),.UNSPECIFIED.,.F.,.F.,(4,1,1,1,1,1,4),(2.85147850090568E-11,
0.00285404064695286,0.0042810609561719,0.00570808126539094,0.00713510157460997,
0.00856212188382901,0.0114161625022671),.UNSPECIFIED.);
#337=B_SPLINE_CURVE_WITH_KNOTS('',3,(#8477,#8478,#8479,#8480),
 .UNSPECIFIED.,.F.,.F.,(4,4),(0.,0.000599804335900891),.UNSPECIFIED.);
#338=B_SPLINE_CURVE_WITH_KNOTS('',3,(#8482,#8483,#8484,#8485,#8486,#8487,
#8488,#8489,#8490,#8491,#8492,#8493,#8494,#8495),.UNSPECIFIED.,.F.,.F.,
(4,1,1,1,1,1,1,1,1,1,1,4),(6.93889390390723E-18,0.00360375780131376,0.0072075156026275,
0.00900939450328438,0.0108112734039413,0.0126131523045981,0.014415031205255,
0.0162169101059119,0.0180187890065688,0.0216225468078825,0.0252263046091962,
0.02883006241051),.UNSPECIFIED.);
#339=B_SPLINE_CURVE_WITH_KNOTS('',3,(#8496,#8497,#8498,#8499),
 .UNSPECIFIED.,.F.,.F.,(4,4),(0.,0.00176875456241744),.UNSPECIFIED.);
#340=B_SPLINE_CURVE_WITH_KNOTS('',3,(#8501,#8502,#8503,#8504,#8505,#8506),
 .UNSPECIFIED.,.F.,.F.,(4,1,1,4),(0.,0.00308086723294225,0.00462130084941338,
0.0061617344658845),.UNSPECIFIED.);
#341=B_SPLINE_CURVE_WITH_KNOTS('',3,(#8607,#8608,#8609,#8610,#8611,#8612,
#8613,#8614,#8615,#8616),.UNSPECIFIED.,.F.,.F.,(4,1,1,1,1,1,1,4),(0.00457610867364068,
0.0062991860831392,0.00802226349263772,0.00974534090213623,0.0114684183116347,
0.0131914957211333,0.0149145731306318,0.0183607279496288),.UNSPECIFIED.);
#342=B_SPLINE_CURVE_WITH_KNOTS('',3,(#8617,#8618,#8619,#8620,#8621,#8622,
#8623,#8624,#8625,#8626,#8627),.UNSPECIFIED.,.F.,.F.,(4,1,1,1,1,1,1,1,4),
(9.97888276755797E-16,0.00290947882901824,0.00581895765803549,0.00872843648705273,
0.01163791531607,0.0145473941450872,0.0174568729741045,0.0203663518031217,
0.023275830632139),.UNSPECIFIED.);
#343=B_SPLINE_CURVE_WITH_KNOTS('',3,(#8713,#8714,#8715,#8716),
 .UNSPECIFIED.,.F.,.F.,(4,4),(0.,0.000675493100195611),.UNSPECIFIED.);
#344=B_SPLINE_CURVE_WITH_KNOTS('',3,(#8718,#8719,#8720,#8721),
 .UNSPECIFIED.,.F.,.F.,(4,4),(0.,0.000239563777794563),.UNSPECIFIED.);
#345=B_SPLINE_CURVE_WITH_KNOTS('',3,(#8754,#8755,#8756,#8757,#8758,#8759,
#8760,#8761,#8762,#8763,#8764),.UNSPECIFIED.,.F.,.F.,(4,1,1,1,1,1,1,1,4),
(6.72925846783288E-11,0.00340968019209345,0.00511452025449389,0.00681936031689432,
0.00852420037929476,0.0102290404416952,0.0110814604728954,0.0119338805040956,
0.0136387205664961),.UNSPECIFIED.);
#346=B_SPLINE_CURVE_WITH_KNOTS('',3,(#8793,#8794,#8795,#8796,#8797,#8798,
#8799,#8800,#8801,#8802,#8803,#8804,#8805,#8806),.UNSPECIFIED.,.F.,.F.,
(4,1,1,1,1,1,1,1,1,1,1,4),(0.,0.0029011704044066,0.0058023408088132,0.0087035112132198,
0.0101540964154231,0.0116046816176264,0.014505852022033,0.0159564372242363,
0.0174070224264396,0.0188576076286429,0.0203081928308462,0.0232093632352528),
 .UNSPECIFIED.);
#347=B_SPLINE_CURVE_WITH_KNOTS('',3,(#8967,#8968,#8969,#8970,#8971,#8972,
#8973,#8974,#8975,#8976,#8977,#8978,#8979,#8980,#8981,#8982,#8983,#8984,
#8985),.UNSPECIFIED.,.T.,.F.,(1,1,1,1,1,1,1,1,1,1,1,1,1,1,1,1,1,1,1,1,1,
1,1),(-0.00347065818234687,-0.00231377212156457,-0.00115688606078228,1.86835436258807E-17,
0.00115688606078231,0.00231377212156461,0.00347065818234691,0.0046275442431292,
0.0057844303039115,0.0069413163646938,0.00809820242547609,0.00925508848625839,
0.0104119745470407,0.011568860607823,0.0127257466686053,0.0138826327293876,
0.0150395187901699,0.0161964048509522,0.0173532909117345,0.0185101769725168,
0.0196670630332991,0.0208239490940814,0.0219808351548636),.UNSPECIFIED.);
#348=B_SPLINE_CURVE_WITH_KNOTS('',3,(#8987,#8988,#8989,#8990,#8991,#8992,
#8993,#8994,#8995,#8996,#8997,#8998,#8999,#9000,#9001,#9002,#9003,#9004,
#9005),.UNSPECIFIED.,.T.,.F.,(1,1,1,1,1,1,1,1,1,1,1,1,1,1,1,1,1,1,1,1,1,
1,1),(-0.00346888088770162,-0.00231258725846775,-0.00115629362923387,0.,
0.00115629362923387,0.00231258725846775,0.00346888088770162,0.0046251745169355,
0.00578146814616937,0.00693776177540325,0.00809405540463713,0.009250349033871,
0.0104066426631049,0.0115629362923387,0.0127192299215726,0.0138755235508065,
0.0150318171800404,0.0161881108092743,0.0173444044385081,0.018500698067742,
0.0196569916969759,0.0208132853262097,0.0219695789554436),.UNSPECIFIED.);
#349=B_SPLINE_CURVE_WITH_KNOTS('',3,(#9055,#9056,#9057,#9058,#9059,#9060,
#9061,#9062,#9063,#9064,#9065,#9066,#9067,#9068,#9069),.UNSPECIFIED.,.F.,
 .F.,(4,1,1,1,1,1,1,1,1,1,1,1,4),(1.58990032769613E-17,0.00360623453452039,
0.00540935180178058,0.00721246906904077,0.00901558633630096,0.0108187036035612,
0.0126218208708213,0.0144249381380815,0.0162280554053417,0.0180311726726019,
0.0216374072071223,0.0252436417416427,0.028849876276163),.UNSPECIFIED.);
#350=B_SPLINE_CURVE_WITH_KNOTS('',3,(#9071,#9072,#9073,#9074),
 .UNSPECIFIED.,.F.,.F.,(4,4),(0.,0.000602662521578508),.UNSPECIFIED.);
#351=SHAPE_REPRESENTATION_RELATIONSHIP('','',#3593,#356);
#352=SHAPE_REPRESENTATION_RELATIONSHIP('','',#3594,#357);
#353=SHAPE_REPRESENTATION_RELATIONSHIP('','',#3595,#358);
#354=SHAPE_REPRESENTATION_RELATIONSHIP('','',#3596,#359);
#355=SHAPE_REPRESENTATION_RELATIONSHIP('','',#3597,#360);
#356=ADVANCED_BREP_SHAPE_REPRESENTATION('',(#3583),#9154);
#357=ADVANCED_BREP_SHAPE_REPRESENTATION('',(#3584),#9155);
#358=ADVANCED_BREP_SHAPE_REPRESENTATION('',(#3585),#9156);
#359=ADVANCED_BREP_SHAPE_REPRESENTATION('',(#3586),#9157);
#360=ADVANCED_BREP_SHAPE_REPRESENTATION('',(#3587),#9158);
#361=CYLINDRICAL_SURFACE('',#3607,0.0195070553452646);
#362=CYLINDRICAL_SURFACE('',#3640,0.0199465661190196);
#363=CYLINDRICAL_SURFACE('',#3656,22.6186272230901);
#364=CYLINDRICAL_SURFACE('',#3658,0.0136856543710577);
#365=CYLINDRICAL_SURFACE('',#3660,0.00443018503876902);
#366=CYLINDRICAL_SURFACE('',#3662,0.0144819279361727);
#367=CYLINDRICAL_SURFACE('',#3664,0.0187706194615885);
#368=CYLINDRICAL_SURFACE('',#3666,0.0105568070507087);
#369=CYLINDRICAL_SURFACE('',#3668,0.00849748364656004);
#370=CYLINDRICAL_SURFACE('',#3670,0.0198576223617097);
#371=CYLINDRICAL_SURFACE('',#3675,0.0161471746423863);
#372=CYLINDRICAL_SURFACE('',#3678,0.0161471746423863);
#373=CYLINDRICAL_SURFACE('',#3680,0.0151501891022609);
#374=CYLINDRICAL_SURFACE('',#3682,0.0151501891022609);
#375=CYLINDRICAL_SURFACE('',#3684,0.0141961717475006);
#376=CYLINDRICAL_SURFACE('',#3686,0.0141961717475006);
#377=CYLINDRICAL_SURFACE('',#3688,0.0141961717475006);
#378=CYLINDRICAL_SURFACE('',#3690,0.013768823528397);
#379=CYLINDRICAL_SURFACE('',#3692,0.0138003022901886);
#380=CYLINDRICAL_SURFACE('',#3694,0.0137881711846462);
#381=CYLINDRICAL_SURFACE('',#3696,0.0137881711846462);
#382=CYLINDRICAL_SURFACE('',#3698,0.0141108154763182);
#383=CYLINDRICAL_SURFACE('',#3700,0.0141108154763184);
#384=CYLINDRICAL_SURFACE('',#3702,0.0157639731415809);
#385=CYLINDRICAL_SURFACE('',#3704,0.0157639731415809);
#386=CYLINDRICAL_SURFACE('',#3706,0.0157639731415808);
#387=CYLINDRICAL_SURFACE('',#3708,0.0201094408610432);
#388=CYLINDRICAL_SURFACE('',#3729,0.0005);
#389=CYLINDRICAL_SURFACE('',#3730,0.0005);
#390=CYLINDRICAL_SURFACE('',#3731,0.0005);
#391=CYLINDRICAL_SURFACE('',#3733,0.0005);
#392=CYLINDRICAL_SURFACE('',#3734,0.0005);
#393=CYLINDRICAL_SURFACE('',#3741,0.0132639731415809);
#394=CYLINDRICAL_SURFACE('',#3743,0.0132639731415809);
#395=CYLINDRICAL_SURFACE('',#3746,0.0132639731415809);
#396=CYLINDRICAL_SURFACE('',#3748,0.0116108154763184);
#397=CYLINDRICAL_SURFACE('',#3750,0.0116108154763182);
#398=CYLINDRICAL_SURFACE('',#3752,0.0112881711846462);
#399=CYLINDRICAL_SURFACE('',#3754,0.0112881711846462);
#400=CYLINDRICAL_SURFACE('',#3756,0.0113003022901886);
#401=CYLINDRICAL_SURFACE('',#3758,0.011268823528397);
#402=CYLINDRICAL_SURFACE('',#3760,0.0116961717475006);
#403=CYLINDRICAL_SURFACE('',#3762,0.0176094408610432);
#404=CYLINDRICAL_SURFACE('',#3764,0.0174465661190196);
#405=CYLINDRICAL_SURFACE('',#3766,0.0176094408610432);
#406=CYLINDRICAL_SURFACE('',#3768,0.0157639731415808);
#407=CYLINDRICAL_SURFACE('',#3770,0.0157639731415809);
#408=CYLINDRICAL_SURFACE('',#3773,0.0157639731415809);
#409=CYLINDRICAL_SURFACE('',#3775,0.0141108154763184);
#410=CYLINDRICAL_SURFACE('',#3777,0.0141108154763182);
#411=CYLINDRICAL_SURFACE('',#3779,0.0137881711846462);
#412=CYLINDRICAL_SURFACE('',#3781,0.0137881711846462);
#413=CYLINDRICAL_SURFACE('',#3783,0.0138003022901886);
#414=CYLINDRICAL_SURFACE('',#3785,0.013768823528397);
#415=CYLINDRICAL_SURFACE('',#3787,0.0141961717475006);
#416=CYLINDRICAL_SURFACE('',#3789,0.0141961717475006);
#417=CYLINDRICAL_SURFACE('',#3791,0.0141961717475006);
#418=CYLINDRICAL_SURFACE('',#3793,0.0151501891022609);
#419=CYLINDRICAL_SURFACE('',#3795,0.0151501891022609);
#420=CYLINDRICAL_SURFACE('',#3798,0.0161471746423863);
#421=CYLINDRICAL_SURFACE('',#3800,0.0199465661190196);
#422=CYLINDRICAL_SURFACE('',#3802,0.0201094408610432);
#423=CYLINDRICAL_SURFACE('',#3804,0.0199465661190196);
#424=CYLINDRICAL_SURFACE('',#3806,0.0201094408610432);
#425=CYLINDRICAL_SURFACE('',#3812,0.0132639731415809);
#426=CYLINDRICAL_SURFACE('',#3814,0.0116108154763182);
#427=CYLINDRICAL_SURFACE('',#3816,0.0116961717475006);
#428=CYLINDRICAL_SURFACE('',#3818,0.0116961717475006);
#429=CYLINDRICAL_SURFACE('',#3820,0.0116961717475006);
#430=CYLINDRICAL_SURFACE('',#3822,0.0116961717475006);
#431=CYLINDRICAL_SURFACE('',#3824,0.0116961717475006);
#432=CYLINDRICAL_SURFACE('',#3826,0.0126501891022609);
#433=CYLINDRICAL_SURFACE('',#3828,0.0126501891022609);
#434=CYLINDRICAL_SURFACE('',#3830,0.0126501891022609);
#435=CYLINDRICAL_SURFACE('',#3832,0.0126501891022609);
#436=CYLINDRICAL_SURFACE('',#3834,0.0126501891022609);
#437=CYLINDRICAL_SURFACE('',#3836,0.0136471746423863);
#438=CYLINDRICAL_SURFACE('',#3838,0.0136471746423863);
#439=CYLINDRICAL_SURFACE('',#3840,0.0174465661190196);
#440=CYLINDRICAL_SURFACE('',#3842,0.0174465661190196);
#441=CYLINDRICAL_SURFACE('',#3844,0.0176094408610432);
#442=CYLINDRICAL_SURFACE('',#3857,0.634724001867654);
#443=ELLIPSE('',#3601,0.0770992816926485,0.0195070553452646);
#444=ELLIPSE('',#3603,0.0207126929759161,0.0195070553452646);
#445=ELLIPSE('',#3745,0.0566335801595303,0.0132639731415809);
#446=ELLIPSE('',#3771,0.0673079044277978,0.0157639731415809);
#447=ELLIPSE('',#3797,0.0646872124812421,0.0151501891022609);
#448=ORIENTED_EDGE('',*,*,#1518,.F.);
#449=ORIENTED_EDGE('',*,*,#1519,.T.);
#450=ORIENTED_EDGE('',*,*,#1520,.T.);
#451=ORIENTED_EDGE('',*,*,#1521,.T.);
#452=ORIENTED_EDGE('',*,*,#1522,.T.);
#453=ORIENTED_EDGE('',*,*,#1523,.F.);
#454=ORIENTED_EDGE('',*,*,#1524,.T.);
#455=ORIENTED_EDGE('',*,*,#1525,.T.);
#456=ORIENTED_EDGE('',*,*,#1526,.F.);
#457=ORIENTED_EDGE('',*,*,#1520,.F.);
#458=ORIENTED_EDGE('',*,*,#1524,.F.);
#459=ORIENTED_EDGE('',*,*,#1527,.T.);
#460=ORIENTED_EDGE('',*,*,#1518,.T.);
#461=ORIENTED_EDGE('',*,*,#1528,.T.);
#462=ORIENTED_EDGE('',*,*,#1529,.F.);
#463=ORIENTED_EDGE('',*,*,#1529,.T.);
#464=ORIENTED_EDGE('',*,*,#1530,.F.);
#465=ORIENTED_EDGE('',*,*,#1531,.F.);
#466=ORIENTED_EDGE('',*,*,#1525,.F.);
#467=ORIENTED_EDGE('',*,*,#1522,.F.);
#468=ORIENTED_EDGE('',*,*,#1532,.T.);
#469=ORIENTED_EDGE('',*,*,#1530,.T.);
#470=ORIENTED_EDGE('',*,*,#1528,.F.);
#471=ORIENTED_EDGE('',*,*,#1521,.F.);
#472=ORIENTED_EDGE('',*,*,#1526,.T.);
#473=ORIENTED_EDGE('',*,*,#1531,.T.);
#474=ORIENTED_EDGE('',*,*,#1532,.F.);
#475=ORIENTED_EDGE('',*,*,#1527,.F.);
#476=ORIENTED_EDGE('',*,*,#1523,.T.);
#477=ORIENTED_EDGE('',*,*,#1519,.F.);
#478=ORIENTED_EDGE('',*,*,#1533,.T.);
#479=ORIENTED_EDGE('',*,*,#1534,.F.);
#480=ORIENTED_EDGE('',*,*,#1535,.F.);
#481=ORIENTED_EDGE('',*,*,#1536,.F.);
#482=ORIENTED_EDGE('',*,*,#1537,.F.);
#483=ORIENTED_EDGE('',*,*,#1538,.F.);
#484=ORIENTED_EDGE('',*,*,#1536,.T.);
#485=ORIENTED_EDGE('',*,*,#1539,.T.);
#486=ORIENTED_EDGE('',*,*,#1540,.F.);
#487=ORIENTED_EDGE('',*,*,#1539,.F.);
#488=ORIENTED_EDGE('',*,*,#1535,.T.);
#489=ORIENTED_EDGE('',*,*,#1541,.T.);
#490=ORIENTED_EDGE('',*,*,#1542,.F.);
#491=ORIENTED_EDGE('',*,*,#1541,.F.);
#492=ORIENTED_EDGE('',*,*,#1534,.T.);
#493=ORIENTED_EDGE('',*,*,#1543,.T.);
#494=ORIENTED_EDGE('',*,*,#1544,.F.);
#495=ORIENTED_EDGE('',*,*,#1545,.F.);
#496=ORIENTED_EDGE('',*,*,#1546,.F.);
#497=ORIENTED_EDGE('',*,*,#1547,.F.);
#498=ORIENTED_EDGE('',*,*,#1548,.F.);
#499=ORIENTED_EDGE('',*,*,#1549,.F.);
#500=ORIENTED_EDGE('',*,*,#1550,.F.);
#501=ORIENTED_EDGE('',*,*,#1551,.F.);
#502=ORIENTED_EDGE('',*,*,#1552,.F.);
#503=ORIENTED_EDGE('',*,*,#1553,.F.);
#504=ORIENTED_EDGE('',*,*,#1554,.F.);
#505=ORIENTED_EDGE('',*,*,#1555,.F.);
#506=ORIENTED_EDGE('',*,*,#1556,.F.);
#507=ORIENTED_EDGE('',*,*,#1557,.F.);
#508=ORIENTED_EDGE('',*,*,#1558,.F.);
#509=ORIENTED_EDGE('',*,*,#1559,.F.);
#510=ORIENTED_EDGE('',*,*,#1560,.F.);
#511=ORIENTED_EDGE('',*,*,#1561,.T.);
#512=ORIENTED_EDGE('',*,*,#1562,.T.);
#513=ORIENTED_EDGE('',*,*,#1563,.T.);
#514=ORIENTED_EDGE('',*,*,#1564,.T.);
#515=ORIENTED_EDGE('',*,*,#1565,.F.);
#516=ORIENTED_EDGE('',*,*,#1566,.T.);
#517=ORIENTED_EDGE('',*,*,#1567,.T.);
#518=ORIENTED_EDGE('',*,*,#1568,.T.);
#519=ORIENTED_EDGE('',*,*,#1569,.T.);
#520=ORIENTED_EDGE('',*,*,#1570,.T.);
#521=ORIENTED_EDGE('',*,*,#1571,.T.);
#522=ORIENTED_EDGE('',*,*,#1572,.F.);
#523=ORIENTED_EDGE('',*,*,#1573,.F.);
#524=ORIENTED_EDGE('',*,*,#1574,.T.);
#525=ORIENTED_EDGE('',*,*,#1575,.T.);
#526=ORIENTED_EDGE('',*,*,#1576,.T.);
#527=ORIENTED_EDGE('',*,*,#1577,.T.);
#528=ORIENTED_EDGE('',*,*,#1578,.T.);
#529=ORIENTED_EDGE('',*,*,#1579,.T.);
#530=ORIENTED_EDGE('',*,*,#1580,.T.);
#531=ORIENTED_EDGE('',*,*,#1581,.T.);
#532=ORIENTED_EDGE('',*,*,#1582,.T.);
#533=ORIENTED_EDGE('',*,*,#1583,.T.);
#534=ORIENTED_EDGE('',*,*,#1584,.T.);
#535=ORIENTED_EDGE('',*,*,#1585,.T.);
#536=ORIENTED_EDGE('',*,*,#1586,.T.);
#537=ORIENTED_EDGE('',*,*,#1587,.T.);
#538=ORIENTED_EDGE('',*,*,#1588,.T.);
#539=ORIENTED_EDGE('',*,*,#1589,.T.);
#540=ORIENTED_EDGE('',*,*,#1590,.F.);
#541=ORIENTED_EDGE('',*,*,#1591,.T.);
#542=ORIENTED_EDGE('',*,*,#1592,.F.);
#543=ORIENTED_EDGE('',*,*,#1593,.T.);
#544=ORIENTED_EDGE('',*,*,#1594,.F.);
#545=ORIENTED_EDGE('',*,*,#1595,.T.);
#546=ORIENTED_EDGE('',*,*,#1596,.T.);
#547=ORIENTED_EDGE('',*,*,#1597,.F.);
#548=ORIENTED_EDGE('',*,*,#1598,.F.);
#549=ORIENTED_EDGE('',*,*,#1599,.T.);
#550=ORIENTED_EDGE('',*,*,#1600,.T.);
#551=ORIENTED_EDGE('',*,*,#1601,.T.);
#552=ORIENTED_EDGE('',*,*,#1602,.T.);
#553=ORIENTED_EDGE('',*,*,#1603,.T.);
#554=ORIENTED_EDGE('',*,*,#1604,.F.);
#555=ORIENTED_EDGE('',*,*,#1605,.F.);
#556=ORIENTED_EDGE('',*,*,#1545,.T.);
#557=ORIENTED_EDGE('',*,*,#1606,.T.);
#558=ORIENTED_EDGE('',*,*,#1607,.T.);
#559=ORIENTED_EDGE('',*,*,#1608,.F.);
#560=ORIENTED_EDGE('',*,*,#1562,.F.);
#561=ORIENTED_EDGE('',*,*,#1609,.T.);
#562=ORIENTED_EDGE('',*,*,#1610,.T.);
#563=ORIENTED_EDGE('',*,*,#1611,.F.);
#564=ORIENTED_EDGE('',*,*,#1563,.F.);
#565=ORIENTED_EDGE('',*,*,#1608,.T.);
#566=ORIENTED_EDGE('',*,*,#1612,.T.);
#567=ORIENTED_EDGE('',*,*,#1613,.F.);
#568=ORIENTED_EDGE('',*,*,#1564,.F.);
#569=ORIENTED_EDGE('',*,*,#1611,.T.);
#570=ORIENTED_EDGE('',*,*,#1614,.F.);
#571=ORIENTED_EDGE('',*,*,#1615,.F.);
#572=ORIENTED_EDGE('',*,*,#1565,.T.);
#573=ORIENTED_EDGE('',*,*,#1613,.T.);
#574=ORIENTED_EDGE('',*,*,#1616,.T.);
#575=ORIENTED_EDGE('',*,*,#1617,.F.);
#576=ORIENTED_EDGE('',*,*,#1566,.F.);
#577=ORIENTED_EDGE('',*,*,#1615,.T.);
#578=ORIENTED_EDGE('',*,*,#1618,.T.);
#579=ORIENTED_EDGE('',*,*,#1619,.F.);
#580=ORIENTED_EDGE('',*,*,#1567,.F.);
#581=ORIENTED_EDGE('',*,*,#1617,.T.);
#582=ORIENTED_EDGE('',*,*,#1620,.T.);
#583=ORIENTED_EDGE('',*,*,#1621,.F.);
#584=ORIENTED_EDGE('',*,*,#1568,.F.);
#585=ORIENTED_EDGE('',*,*,#1619,.T.);
#586=ORIENTED_EDGE('',*,*,#1622,.T.);
#587=ORIENTED_EDGE('',*,*,#1623,.F.);
#588=ORIENTED_EDGE('',*,*,#1569,.F.);
#589=ORIENTED_EDGE('',*,*,#1621,.T.);
#590=ORIENTED_EDGE('',*,*,#1624,.T.);
#591=ORIENTED_EDGE('',*,*,#1625,.F.);
#592=ORIENTED_EDGE('',*,*,#1570,.F.);
#593=ORIENTED_EDGE('',*,*,#1623,.T.);
#594=ORIENTED_EDGE('',*,*,#1626,.T.);
#595=ORIENTED_EDGE('',*,*,#1627,.F.);
#596=ORIENTED_EDGE('',*,*,#1571,.F.);
#597=ORIENTED_EDGE('',*,*,#1625,.T.);
#598=ORIENTED_EDGE('',*,*,#1628,.F.);
#599=ORIENTED_EDGE('',*,*,#1629,.F.);
#600=ORIENTED_EDGE('',*,*,#1572,.T.);
#601=ORIENTED_EDGE('',*,*,#1627,.T.);
#602=ORIENTED_EDGE('',*,*,#1630,.F.);
#603=ORIENTED_EDGE('',*,*,#1631,.F.);
#604=ORIENTED_EDGE('',*,*,#1573,.T.);
#605=ORIENTED_EDGE('',*,*,#1629,.T.);
#606=ORIENTED_EDGE('',*,*,#1632,.T.);
#607=ORIENTED_EDGE('',*,*,#1633,.F.);
#608=ORIENTED_EDGE('',*,*,#1574,.F.);
#609=ORIENTED_EDGE('',*,*,#1631,.T.);
#610=ORIENTED_EDGE('',*,*,#1634,.T.);
#611=ORIENTED_EDGE('',*,*,#1635,.F.);
#612=ORIENTED_EDGE('',*,*,#1575,.F.);
#613=ORIENTED_EDGE('',*,*,#1633,.T.);
#614=ORIENTED_EDGE('',*,*,#1636,.T.);
#615=ORIENTED_EDGE('',*,*,#1637,.F.);
#616=ORIENTED_EDGE('',*,*,#1576,.F.);
#617=ORIENTED_EDGE('',*,*,#1635,.T.);
#618=ORIENTED_EDGE('',*,*,#1638,.T.);
#619=ORIENTED_EDGE('',*,*,#1639,.F.);
#620=ORIENTED_EDGE('',*,*,#1577,.F.);
#621=ORIENTED_EDGE('',*,*,#1637,.T.);
#622=ORIENTED_EDGE('',*,*,#1640,.T.);
#623=ORIENTED_EDGE('',*,*,#1641,.F.);
#624=ORIENTED_EDGE('',*,*,#1578,.F.);
#625=ORIENTED_EDGE('',*,*,#1639,.T.);
#626=ORIENTED_EDGE('',*,*,#1642,.T.);
#627=ORIENTED_EDGE('',*,*,#1643,.F.);
#628=ORIENTED_EDGE('',*,*,#1579,.F.);
#629=ORIENTED_EDGE('',*,*,#1641,.T.);
#630=ORIENTED_EDGE('',*,*,#1644,.T.);
#631=ORIENTED_EDGE('',*,*,#1645,.F.);
#632=ORIENTED_EDGE('',*,*,#1580,.F.);
#633=ORIENTED_EDGE('',*,*,#1643,.T.);
#634=ORIENTED_EDGE('',*,*,#1646,.T.);
#635=ORIENTED_EDGE('',*,*,#1647,.F.);
#636=ORIENTED_EDGE('',*,*,#1581,.F.);
#637=ORIENTED_EDGE('',*,*,#1645,.T.);
#638=ORIENTED_EDGE('',*,*,#1648,.T.);
#639=ORIENTED_EDGE('',*,*,#1649,.F.);
#640=ORIENTED_EDGE('',*,*,#1582,.F.);
#641=ORIENTED_EDGE('',*,*,#1647,.T.);
#642=ORIENTED_EDGE('',*,*,#1650,.T.);
#643=ORIENTED_EDGE('',*,*,#1651,.F.);
#644=ORIENTED_EDGE('',*,*,#1583,.F.);
#645=ORIENTED_EDGE('',*,*,#1649,.T.);
#646=ORIENTED_EDGE('',*,*,#1652,.T.);
#647=ORIENTED_EDGE('',*,*,#1653,.F.);
#648=ORIENTED_EDGE('',*,*,#1584,.F.);
#649=ORIENTED_EDGE('',*,*,#1651,.T.);
#650=ORIENTED_EDGE('',*,*,#1654,.T.);
#651=ORIENTED_EDGE('',*,*,#1655,.F.);
#652=ORIENTED_EDGE('',*,*,#1585,.F.);
#653=ORIENTED_EDGE('',*,*,#1653,.T.);
#654=ORIENTED_EDGE('',*,*,#1656,.T.);
#655=ORIENTED_EDGE('',*,*,#1657,.F.);
#656=ORIENTED_EDGE('',*,*,#1586,.F.);
#657=ORIENTED_EDGE('',*,*,#1655,.T.);
#658=ORIENTED_EDGE('',*,*,#1658,.T.);
#659=ORIENTED_EDGE('',*,*,#1659,.F.);
#660=ORIENTED_EDGE('',*,*,#1587,.F.);
#661=ORIENTED_EDGE('',*,*,#1657,.T.);
#662=ORIENTED_EDGE('',*,*,#1660,.T.);
#663=ORIENTED_EDGE('',*,*,#1661,.F.);
#664=ORIENTED_EDGE('',*,*,#1588,.F.);
#665=ORIENTED_EDGE('',*,*,#1659,.T.);
#666=ORIENTED_EDGE('',*,*,#1662,.F.);
#667=ORIENTED_EDGE('',*,*,#1663,.F.);
#668=ORIENTED_EDGE('',*,*,#1590,.T.);
#669=ORIENTED_EDGE('',*,*,#1664,.T.);
#670=ORIENTED_EDGE('',*,*,#1665,.T.);
#671=ORIENTED_EDGE('',*,*,#1666,.F.);
#672=ORIENTED_EDGE('',*,*,#1591,.F.);
#673=ORIENTED_EDGE('',*,*,#1663,.T.);
#674=ORIENTED_EDGE('',*,*,#1667,.F.);
#675=ORIENTED_EDGE('',*,*,#1668,.F.);
#676=ORIENTED_EDGE('',*,*,#1592,.T.);
#677=ORIENTED_EDGE('',*,*,#1666,.T.);
#678=ORIENTED_EDGE('',*,*,#1669,.T.);
#679=ORIENTED_EDGE('',*,*,#1670,.F.);
#680=ORIENTED_EDGE('',*,*,#1593,.F.);
#681=ORIENTED_EDGE('',*,*,#1668,.T.);
#682=ORIENTED_EDGE('',*,*,#1671,.F.);
#683=ORIENTED_EDGE('',*,*,#1672,.F.);
#684=ORIENTED_EDGE('',*,*,#1594,.T.);
#685=ORIENTED_EDGE('',*,*,#1670,.T.);
#686=ORIENTED_EDGE('',*,*,#1673,.T.);
#687=ORIENTED_EDGE('',*,*,#1674,.F.);
#688=ORIENTED_EDGE('',*,*,#1595,.F.);
#689=ORIENTED_EDGE('',*,*,#1672,.T.);
#690=ORIENTED_EDGE('',*,*,#1675,.T.);
#691=ORIENTED_EDGE('',*,*,#1676,.F.);
#692=ORIENTED_EDGE('',*,*,#1596,.F.);
#693=ORIENTED_EDGE('',*,*,#1674,.T.);
#694=ORIENTED_EDGE('',*,*,#1677,.F.);
#695=ORIENTED_EDGE('',*,*,#1678,.F.);
#696=ORIENTED_EDGE('',*,*,#1597,.T.);
#697=ORIENTED_EDGE('',*,*,#1676,.T.);
#698=ORIENTED_EDGE('',*,*,#1679,.F.);
#699=ORIENTED_EDGE('',*,*,#1680,.F.);
#700=ORIENTED_EDGE('',*,*,#1598,.T.);
#701=ORIENTED_EDGE('',*,*,#1678,.T.);
#702=ORIENTED_EDGE('',*,*,#1681,.T.);
#703=ORIENTED_EDGE('',*,*,#1682,.F.);
#704=ORIENTED_EDGE('',*,*,#1599,.F.);
#705=ORIENTED_EDGE('',*,*,#1680,.T.);
#706=ORIENTED_EDGE('',*,*,#1683,.T.);
#707=ORIENTED_EDGE('',*,*,#1684,.F.);
#708=ORIENTED_EDGE('',*,*,#1600,.F.);
#709=ORIENTED_EDGE('',*,*,#1682,.T.);
#710=ORIENTED_EDGE('',*,*,#1685,.T.);
#711=ORIENTED_EDGE('',*,*,#1686,.F.);
#712=ORIENTED_EDGE('',*,*,#1601,.F.);
#713=ORIENTED_EDGE('',*,*,#1684,.T.);
#714=ORIENTED_EDGE('',*,*,#1687,.T.);
#715=ORIENTED_EDGE('',*,*,#1688,.F.);
#716=ORIENTED_EDGE('',*,*,#1602,.F.);
#717=ORIENTED_EDGE('',*,*,#1686,.T.);
#718=ORIENTED_EDGE('',*,*,#1689,.T.);
#719=ORIENTED_EDGE('',*,*,#1690,.F.);
#720=ORIENTED_EDGE('',*,*,#1603,.F.);
#721=ORIENTED_EDGE('',*,*,#1688,.T.);
#722=ORIENTED_EDGE('',*,*,#1691,.T.);
#723=ORIENTED_EDGE('',*,*,#1609,.F.);
#724=ORIENTED_EDGE('',*,*,#1561,.F.);
#725=ORIENTED_EDGE('',*,*,#1690,.T.);
#726=ORIENTED_EDGE('',*,*,#1692,.F.);
#727=ORIENTED_EDGE('',*,*,#1693,.F.);
#728=ORIENTED_EDGE('',*,*,#1546,.T.);
#729=ORIENTED_EDGE('',*,*,#1605,.T.);
#730=ORIENTED_EDGE('',*,*,#1694,.F.);
#731=ORIENTED_EDGE('',*,*,#1695,.F.);
#732=ORIENTED_EDGE('',*,*,#1547,.T.);
#733=ORIENTED_EDGE('',*,*,#1693,.T.);
#734=ORIENTED_EDGE('',*,*,#1696,.F.);
#735=ORIENTED_EDGE('',*,*,#1697,.F.);
#736=ORIENTED_EDGE('',*,*,#1548,.T.);
#737=ORIENTED_EDGE('',*,*,#1695,.T.);
#738=ORIENTED_EDGE('',*,*,#1698,.F.);
#739=ORIENTED_EDGE('',*,*,#1699,.F.);
#740=ORIENTED_EDGE('',*,*,#1549,.T.);
#741=ORIENTED_EDGE('',*,*,#1697,.T.);
#742=ORIENTED_EDGE('',*,*,#1700,.F.);
#743=ORIENTED_EDGE('',*,*,#1701,.F.);
#744=ORIENTED_EDGE('',*,*,#1550,.T.);
#745=ORIENTED_EDGE('',*,*,#1699,.T.);
#746=ORIENTED_EDGE('',*,*,#1702,.F.);
#747=ORIENTED_EDGE('',*,*,#1703,.F.);
#748=ORIENTED_EDGE('',*,*,#1551,.T.);
#749=ORIENTED_EDGE('',*,*,#1701,.T.);
#750=ORIENTED_EDGE('',*,*,#1704,.F.);
#751=ORIENTED_EDGE('',*,*,#1705,.F.);
#752=ORIENTED_EDGE('',*,*,#1552,.T.);
#753=ORIENTED_EDGE('',*,*,#1703,.T.);
#754=ORIENTED_EDGE('',*,*,#1706,.F.);
#755=ORIENTED_EDGE('',*,*,#1707,.F.);
#756=ORIENTED_EDGE('',*,*,#1553,.T.);
#757=ORIENTED_EDGE('',*,*,#1705,.T.);
#758=ORIENTED_EDGE('',*,*,#1708,.F.);
#759=ORIENTED_EDGE('',*,*,#1709,.F.);
#760=ORIENTED_EDGE('',*,*,#1554,.T.);
#761=ORIENTED_EDGE('',*,*,#1707,.T.);
#762=ORIENTED_EDGE('',*,*,#1710,.F.);
#763=ORIENTED_EDGE('',*,*,#1711,.F.);
#764=ORIENTED_EDGE('',*,*,#1555,.T.);
#765=ORIENTED_EDGE('',*,*,#1709,.T.);
#766=ORIENTED_EDGE('',*,*,#1712,.F.);
#767=ORIENTED_EDGE('',*,*,#1713,.F.);
#768=ORIENTED_EDGE('',*,*,#1556,.T.);
#769=ORIENTED_EDGE('',*,*,#1711,.T.);
#770=ORIENTED_EDGE('',*,*,#1714,.F.);
#771=ORIENTED_EDGE('',*,*,#1715,.F.);
#772=ORIENTED_EDGE('',*,*,#1557,.T.);
#773=ORIENTED_EDGE('',*,*,#1713,.T.);
#774=ORIENTED_EDGE('',*,*,#1716,.F.);
#775=ORIENTED_EDGE('',*,*,#1717,.F.);
#776=ORIENTED_EDGE('',*,*,#1558,.T.);
#777=ORIENTED_EDGE('',*,*,#1715,.T.);
#778=ORIENTED_EDGE('',*,*,#1718,.F.);
#779=ORIENTED_EDGE('',*,*,#1719,.F.);
#780=ORIENTED_EDGE('',*,*,#1559,.T.);
#781=ORIENTED_EDGE('',*,*,#1717,.T.);
#782=ORIENTED_EDGE('',*,*,#1720,.F.);
#783=ORIENTED_EDGE('',*,*,#1721,.F.);
#784=ORIENTED_EDGE('',*,*,#1560,.T.);
#785=ORIENTED_EDGE('',*,*,#1719,.T.);
#786=ORIENTED_EDGE('',*,*,#1722,.F.);
#787=ORIENTED_EDGE('',*,*,#1606,.F.);
#788=ORIENTED_EDGE('',*,*,#1544,.T.);
#789=ORIENTED_EDGE('',*,*,#1721,.T.);
#790=ORIENTED_EDGE('',*,*,#1540,.T.);
#791=ORIENTED_EDGE('',*,*,#1542,.T.);
#792=ORIENTED_EDGE('',*,*,#1723,.F.);
#793=ORIENTED_EDGE('',*,*,#1660,.F.);
#794=ORIENTED_EDGE('',*,*,#1658,.F.);
#795=ORIENTED_EDGE('',*,*,#1656,.F.);
#796=ORIENTED_EDGE('',*,*,#1654,.F.);
#797=ORIENTED_EDGE('',*,*,#1652,.F.);
#798=ORIENTED_EDGE('',*,*,#1650,.F.);
#799=ORIENTED_EDGE('',*,*,#1648,.F.);
#800=ORIENTED_EDGE('',*,*,#1646,.F.);
#801=ORIENTED_EDGE('',*,*,#1644,.F.);
#802=ORIENTED_EDGE('',*,*,#1642,.F.);
#803=ORIENTED_EDGE('',*,*,#1640,.F.);
#804=ORIENTED_EDGE('',*,*,#1638,.F.);
#805=ORIENTED_EDGE('',*,*,#1636,.F.);
#806=ORIENTED_EDGE('',*,*,#1634,.F.);
#807=ORIENTED_EDGE('',*,*,#1632,.F.);
#808=ORIENTED_EDGE('',*,*,#1630,.T.);
#809=ORIENTED_EDGE('',*,*,#1628,.T.);
#810=ORIENTED_EDGE('',*,*,#1626,.F.);
#811=ORIENTED_EDGE('',*,*,#1624,.F.);
#812=ORIENTED_EDGE('',*,*,#1622,.F.);
#813=ORIENTED_EDGE('',*,*,#1620,.F.);
#814=ORIENTED_EDGE('',*,*,#1618,.F.);
#815=ORIENTED_EDGE('',*,*,#1616,.F.);
#816=ORIENTED_EDGE('',*,*,#1614,.T.);
#817=ORIENTED_EDGE('',*,*,#1612,.F.);
#818=ORIENTED_EDGE('',*,*,#1610,.F.);
#819=ORIENTED_EDGE('',*,*,#1607,.F.);
#820=ORIENTED_EDGE('',*,*,#1691,.F.);
#821=ORIENTED_EDGE('',*,*,#1689,.F.);
#822=ORIENTED_EDGE('',*,*,#1687,.F.);
#823=ORIENTED_EDGE('',*,*,#1685,.F.);
#824=ORIENTED_EDGE('',*,*,#1683,.F.);
#825=ORIENTED_EDGE('',*,*,#1681,.F.);
#826=ORIENTED_EDGE('',*,*,#1679,.T.);
#827=ORIENTED_EDGE('',*,*,#1677,.T.);
#828=ORIENTED_EDGE('',*,*,#1675,.F.);
#829=ORIENTED_EDGE('',*,*,#1673,.F.);
#830=ORIENTED_EDGE('',*,*,#1671,.T.);
#831=ORIENTED_EDGE('',*,*,#1669,.F.);
#832=ORIENTED_EDGE('',*,*,#1667,.T.);
#833=ORIENTED_EDGE('',*,*,#1665,.F.);
#834=ORIENTED_EDGE('',*,*,#1662,.T.);
#835=ORIENTED_EDGE('',*,*,#1724,.F.);
#836=ORIENTED_EDGE('',*,*,#1537,.T.);
#837=ORIENTED_EDGE('',*,*,#1722,.T.);
#838=ORIENTED_EDGE('',*,*,#1720,.T.);
#839=ORIENTED_EDGE('',*,*,#1718,.T.);
#840=ORIENTED_EDGE('',*,*,#1716,.T.);
#841=ORIENTED_EDGE('',*,*,#1714,.T.);
#842=ORIENTED_EDGE('',*,*,#1712,.T.);
#843=ORIENTED_EDGE('',*,*,#1710,.T.);
#844=ORIENTED_EDGE('',*,*,#1708,.T.);
#845=ORIENTED_EDGE('',*,*,#1706,.T.);
#846=ORIENTED_EDGE('',*,*,#1704,.T.);
#847=ORIENTED_EDGE('',*,*,#1702,.T.);
#848=ORIENTED_EDGE('',*,*,#1700,.T.);
#849=ORIENTED_EDGE('',*,*,#1698,.T.);
#850=ORIENTED_EDGE('',*,*,#1696,.T.);
#851=ORIENTED_EDGE('',*,*,#1694,.T.);
#852=ORIENTED_EDGE('',*,*,#1692,.T.);
#853=ORIENTED_EDGE('',*,*,#1604,.T.);
#854=ORIENTED_EDGE('',*,*,#1543,.F.);
#855=ORIENTED_EDGE('',*,*,#1533,.F.);
#856=ORIENTED_EDGE('',*,*,#1538,.T.);
#857=ORIENTED_EDGE('',*,*,#1724,.T.);
#858=ORIENTED_EDGE('',*,*,#1664,.F.);
#859=ORIENTED_EDGE('',*,*,#1589,.F.);
#860=ORIENTED_EDGE('',*,*,#1661,.T.);
#861=ORIENTED_EDGE('',*,*,#1723,.T.);
#862=ORIENTED_EDGE('',*,*,#1725,.F.);
#863=ORIENTED_EDGE('',*,*,#1726,.F.);
#864=ORIENTED_EDGE('',*,*,#1727,.F.);
#865=ORIENTED_EDGE('',*,*,#1728,.F.);
#866=ORIENTED_EDGE('',*,*,#1729,.T.);
#867=ORIENTED_EDGE('',*,*,#1730,.T.);
#868=ORIENTED_EDGE('',*,*,#1731,.T.);
#869=ORIENTED_EDGE('',*,*,#1732,.T.);
#870=ORIENTED_EDGE('',*,*,#1726,.T.);
#871=ORIENTED_EDGE('',*,*,#1733,.F.);
#872=ORIENTED_EDGE('',*,*,#1732,.F.);
#873=ORIENTED_EDGE('',*,*,#1734,.T.);
#874=ORIENTED_EDGE('',*,*,#1735,.F.);
#875=ORIENTED_EDGE('',*,*,#1736,.F.);
#876=ORIENTED_EDGE('',*,*,#1727,.T.);
#877=ORIENTED_EDGE('',*,*,#1734,.F.);
#878=ORIENTED_EDGE('',*,*,#1731,.F.);
#879=ORIENTED_EDGE('',*,*,#1737,.T.);
#880=ORIENTED_EDGE('',*,*,#1728,.T.);
#881=ORIENTED_EDGE('',*,*,#1737,.F.);
#882=ORIENTED_EDGE('',*,*,#1730,.F.);
#883=ORIENTED_EDGE('',*,*,#1738,.T.);
#884=ORIENTED_EDGE('',*,*,#1739,.T.);
#885=ORIENTED_EDGE('',*,*,#1740,.T.);
#886=ORIENTED_EDGE('',*,*,#1725,.T.);
#887=ORIENTED_EDGE('',*,*,#1738,.F.);
#888=ORIENTED_EDGE('',*,*,#1729,.F.);
#889=ORIENTED_EDGE('',*,*,#1733,.T.);
#890=ORIENTED_EDGE('',*,*,#1736,.T.);
#891=ORIENTED_EDGE('',*,*,#1740,.F.);
#892=ORIENTED_EDGE('',*,*,#1735,.T.);
#893=ORIENTED_EDGE('',*,*,#1739,.F.);
#894=ORIENTED_EDGE('',*,*,#1741,.T.);
#895=ORIENTED_EDGE('',*,*,#1742,.F.);
#896=ORIENTED_EDGE('',*,*,#1743,.F.);
#897=ORIENTED_EDGE('',*,*,#1744,.F.);
#898=ORIENTED_EDGE('',*,*,#1741,.F.);
#899=ORIENTED_EDGE('',*,*,#1745,.F.);
#900=ORIENTED_EDGE('',*,*,#1746,.T.);
#901=ORIENTED_EDGE('',*,*,#1747,.T.);
#902=ORIENTED_EDGE('',*,*,#1745,.T.);
#903=ORIENTED_EDGE('',*,*,#1744,.T.);
#904=ORIENTED_EDGE('',*,*,#1748,.F.);
#905=ORIENTED_EDGE('',*,*,#1749,.F.);
#906=ORIENTED_EDGE('',*,*,#1748,.T.);
#907=ORIENTED_EDGE('',*,*,#1743,.T.);
#908=ORIENTED_EDGE('',*,*,#1750,.F.);
#909=ORIENTED_EDGE('',*,*,#1751,.F.);
#910=ORIENTED_EDGE('',*,*,#1750,.T.);
#911=ORIENTED_EDGE('',*,*,#1742,.T.);
#912=ORIENTED_EDGE('',*,*,#1747,.F.);
#913=ORIENTED_EDGE('',*,*,#1752,.F.);
#914=ORIENTED_EDGE('',*,*,#1746,.F.);
#915=ORIENTED_EDGE('',*,*,#1749,.T.);
#916=ORIENTED_EDGE('',*,*,#1751,.T.);
#917=ORIENTED_EDGE('',*,*,#1752,.T.);
#918=ORIENTED_EDGE('',*,*,#1753,.F.);
#919=ORIENTED_EDGE('',*,*,#1754,.T.);
#920=ORIENTED_EDGE('',*,*,#1755,.T.);
#921=ORIENTED_EDGE('',*,*,#1756,.F.);
#922=ORIENTED_EDGE('',*,*,#1757,.T.);
#923=ORIENTED_EDGE('',*,*,#1758,.F.);
#924=ORIENTED_EDGE('',*,*,#1759,.T.);
#925=ORIENTED_EDGE('',*,*,#1760,.F.);
#926=ORIENTED_EDGE('',*,*,#1761,.T.);
#927=ORIENTED_EDGE('',*,*,#1762,.T.);
#928=ORIENTED_EDGE('',*,*,#1763,.F.);
#929=ORIENTED_EDGE('',*,*,#1764,.T.);
#930=ORIENTED_EDGE('',*,*,#1765,.F.);
#931=ORIENTED_EDGE('',*,*,#1766,.T.);
#932=ORIENTED_EDGE('',*,*,#1767,.F.);
#933=ORIENTED_EDGE('',*,*,#1768,.F.);
#934=ORIENTED_EDGE('',*,*,#1769,.F.);
#935=ORIENTED_EDGE('',*,*,#1770,.T.);
#936=ORIENTED_EDGE('',*,*,#1771,.F.);
#937=ORIENTED_EDGE('',*,*,#1772,.T.);
#938=ORIENTED_EDGE('',*,*,#1773,.F.);
#939=ORIENTED_EDGE('',*,*,#1774,.T.);
#940=ORIENTED_EDGE('',*,*,#1775,.F.);
#941=ORIENTED_EDGE('',*,*,#1776,.T.);
#942=ORIENTED_EDGE('',*,*,#1777,.T.);
#943=ORIENTED_EDGE('',*,*,#1778,.F.);
#944=ORIENTED_EDGE('',*,*,#1779,.T.);
#945=ORIENTED_EDGE('',*,*,#1780,.F.);
#946=ORIENTED_EDGE('',*,*,#1781,.F.);
#947=ORIENTED_EDGE('',*,*,#1782,.F.);
#948=ORIENTED_EDGE('',*,*,#1783,.T.);
#949=ORIENTED_EDGE('',*,*,#1784,.F.);
#950=ORIENTED_EDGE('',*,*,#1785,.F.);
#951=ORIENTED_EDGE('',*,*,#1786,.F.);
#952=ORIENTED_EDGE('',*,*,#1787,.T.);
#953=ORIENTED_EDGE('',*,*,#1788,.F.);
#954=ORIENTED_EDGE('',*,*,#1789,.F.);
#955=ORIENTED_EDGE('',*,*,#1790,.F.);
#956=ORIENTED_EDGE('',*,*,#1791,.T.);
#957=ORIENTED_EDGE('',*,*,#1792,.F.);
#958=ORIENTED_EDGE('',*,*,#1793,.F.);
#959=ORIENTED_EDGE('',*,*,#1794,.F.);
#960=ORIENTED_EDGE('',*,*,#1795,.T.);
#961=ORIENTED_EDGE('',*,*,#1796,.F.);
#962=ORIENTED_EDGE('',*,*,#1797,.F.);
#963=ORIENTED_EDGE('',*,*,#1798,.F.);
#964=ORIENTED_EDGE('',*,*,#1799,.F.);
#965=ORIENTED_EDGE('',*,*,#1800,.T.);
#966=ORIENTED_EDGE('',*,*,#1801,.F.);
#967=ORIENTED_EDGE('',*,*,#1802,.F.);
#968=ORIENTED_EDGE('',*,*,#1803,.F.);
#969=ORIENTED_EDGE('',*,*,#1804,.T.);
#970=ORIENTED_EDGE('',*,*,#1805,.F.);
#971=ORIENTED_EDGE('',*,*,#1762,.F.);
#972=ORIENTED_EDGE('',*,*,#1806,.F.);
#973=ORIENTED_EDGE('',*,*,#1807,.T.);
#974=ORIENTED_EDGE('',*,*,#1808,.F.);
#975=ORIENTED_EDGE('',*,*,#1809,.T.);
#976=ORIENTED_EDGE('',*,*,#1810,.F.);
#977=ORIENTED_EDGE('',*,*,#1811,.T.);
#978=ORIENTED_EDGE('',*,*,#1812,.F.);
#979=ORIENTED_EDGE('',*,*,#1813,.F.);
#980=ORIENTED_EDGE('',*,*,#1814,.F.);
#981=ORIENTED_EDGE('',*,*,#1815,.T.);
#982=ORIENTED_EDGE('',*,*,#1816,.F.);
#983=ORIENTED_EDGE('',*,*,#1777,.F.);
#984=ORIENTED_EDGE('',*,*,#1817,.F.);
#985=ORIENTED_EDGE('',*,*,#1818,.F.);
#986=ORIENTED_EDGE('',*,*,#1819,.T.);
#987=ORIENTED_EDGE('',*,*,#1820,.F.);
#988=ORIENTED_EDGE('',*,*,#1821,.F.);
#989=ORIENTED_EDGE('',*,*,#1822,.F.);
#990=ORIENTED_EDGE('',*,*,#1823,.T.);
#991=ORIENTED_EDGE('',*,*,#1824,.F.);
#992=ORIENTED_EDGE('',*,*,#1825,.T.);
#993=ORIENTED_EDGE('',*,*,#1826,.F.);
#994=ORIENTED_EDGE('',*,*,#1827,.F.);
#995=ORIENTED_EDGE('',*,*,#1828,.F.);
#996=ORIENTED_EDGE('',*,*,#1829,.T.);
#997=ORIENTED_EDGE('',*,*,#1830,.F.);
#998=ORIENTED_EDGE('',*,*,#1831,.F.);
#999=ORIENTED_EDGE('',*,*,#1832,.F.);
#1000=ORIENTED_EDGE('',*,*,#1833,.T.);
#1001=ORIENTED_EDGE('',*,*,#1834,.F.);
#1002=ORIENTED_EDGE('',*,*,#1835,.F.);
#1003=ORIENTED_EDGE('',*,*,#1836,.F.);
#1004=ORIENTED_EDGE('',*,*,#1811,.F.);
#1005=ORIENTED_EDGE('',*,*,#1837,.T.);
#1006=ORIENTED_EDGE('',*,*,#1838,.F.);
#1007=ORIENTED_EDGE('',*,*,#1839,.T.);
#1008=ORIENTED_EDGE('',*,*,#1840,.T.);
#1009=ORIENTED_EDGE('',*,*,#1807,.F.);
#1010=ORIENTED_EDGE('',*,*,#1841,.F.);
#1011=ORIENTED_EDGE('',*,*,#1842,.T.);
#1012=ORIENTED_EDGE('',*,*,#1843,.F.);
#1013=ORIENTED_EDGE('',*,*,#1844,.T.);
#1014=ORIENTED_EDGE('',*,*,#1845,.F.);
#1015=ORIENTED_EDGE('',*,*,#1846,.T.);
#1016=ORIENTED_EDGE('',*,*,#1847,.F.);
#1017=ORIENTED_EDGE('',*,*,#1802,.T.);
#1018=ORIENTED_EDGE('',*,*,#1848,.T.);
#1019=ORIENTED_EDGE('',*,*,#1849,.F.);
#1020=ORIENTED_EDGE('',*,*,#1850,.T.);
#1021=ORIENTED_EDGE('',*,*,#1851,.F.);
#1022=ORIENTED_EDGE('',*,*,#1852,.T.);
#1023=ORIENTED_EDGE('',*,*,#1853,.T.);
#1024=ORIENTED_EDGE('',*,*,#1854,.T.);
#1025=ORIENTED_EDGE('',*,*,#1855,.F.);
#1026=ORIENTED_EDGE('',*,*,#1856,.T.);
#1027=ORIENTED_EDGE('',*,*,#1857,.F.);
#1028=ORIENTED_EDGE('',*,*,#1858,.T.);
#1029=ORIENTED_EDGE('',*,*,#1859,.T.);
#1030=ORIENTED_EDGE('',*,*,#1860,.T.);
#1031=ORIENTED_EDGE('',*,*,#1861,.F.);
#1032=ORIENTED_EDGE('',*,*,#1862,.T.);
#1033=ORIENTED_EDGE('',*,*,#1863,.T.);
#1034=ORIENTED_EDGE('',*,*,#1864,.F.);
#1035=ORIENTED_EDGE('',*,*,#1809,.F.);
#1036=ORIENTED_EDGE('',*,*,#1865,.F.);
#1037=ORIENTED_EDGE('',*,*,#1866,.F.);
#1038=ORIENTED_EDGE('',*,*,#1867,.T.);
#1039=ORIENTED_EDGE('',*,*,#1804,.F.);
#1040=ORIENTED_EDGE('',*,*,#1868,.T.);
#1041=ORIENTED_EDGE('',*,*,#1815,.F.);
#1042=ORIENTED_EDGE('',*,*,#1869,.F.);
#1043=ORIENTED_EDGE('',*,*,#1813,.T.);
#1044=ORIENTED_EDGE('',*,*,#1870,.F.);
#1045=ORIENTED_EDGE('',*,*,#1871,.F.);
#1046=ORIENTED_EDGE('',*,*,#1800,.F.);
#1047=ORIENTED_EDGE('',*,*,#1872,.T.);
#1048=ORIENTED_EDGE('',*,*,#1873,.T.);
#1049=ORIENTED_EDGE('',*,*,#1874,.T.);
#1050=ORIENTED_EDGE('',*,*,#1875,.F.);
#1051=ORIENTED_EDGE('',*,*,#1876,.F.);
#1052=ORIENTED_EDGE('',*,*,#1877,.F.);
#1053=ORIENTED_EDGE('',*,*,#1875,.T.);
#1054=ORIENTED_EDGE('',*,*,#1878,.T.);
#1055=ORIENTED_EDGE('',*,*,#1879,.F.);
#1056=ORIENTED_EDGE('',*,*,#1880,.T.);
#1057=ORIENTED_EDGE('',*,*,#1879,.T.);
#1058=ORIENTED_EDGE('',*,*,#1881,.F.);
#1059=ORIENTED_EDGE('',*,*,#1882,.F.);
#1060=ORIENTED_EDGE('',*,*,#1882,.T.);
#1061=ORIENTED_EDGE('',*,*,#1883,.F.);
#1062=ORIENTED_EDGE('',*,*,#1873,.F.);
#1063=ORIENTED_EDGE('',*,*,#1884,.T.);
#1064=ORIENTED_EDGE('',*,*,#1856,.F.);
#1065=ORIENTED_EDGE('',*,*,#1885,.F.);
#1066=ORIENTED_EDGE('',*,*,#1886,.F.);
#1067=ORIENTED_EDGE('',*,*,#1887,.T.);
#1068=ORIENTED_EDGE('',*,*,#1885,.T.);
#1069=ORIENTED_EDGE('',*,*,#1855,.T.);
#1070=ORIENTED_EDGE('',*,*,#1888,.F.);
#1071=ORIENTED_EDGE('',*,*,#1889,.F.);
#1072=ORIENTED_EDGE('',*,*,#1886,.T.);
#1073=ORIENTED_EDGE('',*,*,#1889,.T.);
#1074=ORIENTED_EDGE('',*,*,#1890,.F.);
#1075=ORIENTED_EDGE('',*,*,#1891,.F.);
#1076=ORIENTED_EDGE('',*,*,#1892,.T.);
#1077=ORIENTED_EDGE('',*,*,#1893,.T.);
#1078=ORIENTED_EDGE('',*,*,#1894,.T.);
#1079=ORIENTED_EDGE('',*,*,#1891,.T.);
#1080=ORIENTED_EDGE('',*,*,#1895,.F.);
#1081=ORIENTED_EDGE('',*,*,#1896,.F.);
#1082=ORIENTED_EDGE('',*,*,#1897,.F.);
#1083=ORIENTED_EDGE('',*,*,#1859,.F.);
#1084=ORIENTED_EDGE('',*,*,#1898,.T.);
#1085=ORIENTED_EDGE('',*,*,#1896,.T.);
#1086=ORIENTED_EDGE('',*,*,#1899,.T.);
#1087=ORIENTED_EDGE('',*,*,#1866,.T.);
#1088=ORIENTED_EDGE('',*,*,#1900,.F.);
#1089=ORIENTED_EDGE('',*,*,#1901,.F.);
#1090=ORIENTED_EDGE('',*,*,#1902,.T.);
#1091=ORIENTED_EDGE('',*,*,#1901,.T.);
#1092=ORIENTED_EDGE('',*,*,#1903,.F.);
#1093=ORIENTED_EDGE('',*,*,#1904,.F.);
#1094=ORIENTED_EDGE('',*,*,#1905,.T.);
#1095=ORIENTED_EDGE('',*,*,#1904,.T.);
#1096=ORIENTED_EDGE('',*,*,#1906,.F.);
#1097=ORIENTED_EDGE('',*,*,#1907,.F.);
#1098=ORIENTED_EDGE('',*,*,#1908,.T.);
#1099=ORIENTED_EDGE('',*,*,#1907,.T.);
#1100=ORIENTED_EDGE('',*,*,#1909,.F.);
#1101=ORIENTED_EDGE('',*,*,#1910,.F.);
#1102=ORIENTED_EDGE('',*,*,#1911,.T.);
#1103=ORIENTED_EDGE('',*,*,#1910,.T.);
#1104=ORIENTED_EDGE('',*,*,#1912,.F.);
#1105=ORIENTED_EDGE('',*,*,#1913,.F.);
#1106=ORIENTED_EDGE('',*,*,#1914,.T.);
#1107=ORIENTED_EDGE('',*,*,#1913,.T.);
#1108=ORIENTED_EDGE('',*,*,#1915,.F.);
#1109=ORIENTED_EDGE('',*,*,#1916,.F.);
#1110=ORIENTED_EDGE('',*,*,#1917,.F.);
#1111=ORIENTED_EDGE('',*,*,#1853,.F.);
#1112=ORIENTED_EDGE('',*,*,#1918,.T.);
#1113=ORIENTED_EDGE('',*,*,#1919,.T.);
#1114=ORIENTED_EDGE('',*,*,#1920,.F.);
#1115=ORIENTED_EDGE('',*,*,#1921,.F.);
#1116=ORIENTED_EDGE('',*,*,#1922,.T.);
#1117=ORIENTED_EDGE('',*,*,#1921,.T.);
#1118=ORIENTED_EDGE('',*,*,#1923,.F.);
#1119=ORIENTED_EDGE('',*,*,#1774,.F.);
#1120=ORIENTED_EDGE('',*,*,#1924,.T.);
#1121=ORIENTED_EDGE('',*,*,#1872,.F.);
#1122=ORIENTED_EDGE('',*,*,#1799,.T.);
#1123=ORIENTED_EDGE('',*,*,#1847,.T.);
#1124=ORIENTED_EDGE('',*,*,#1925,.F.);
#1125=ORIENTED_EDGE('',*,*,#1843,.T.);
#1126=ORIENTED_EDGE('',*,*,#1926,.F.);
#1127=ORIENTED_EDGE('',*,*,#1927,.T.);
#1128=ORIENTED_EDGE('',*,*,#1928,.T.);
#1129=ORIENTED_EDGE('',*,*,#1929,.T.);
#1130=ORIENTED_EDGE('',*,*,#1930,.T.);
#1131=ORIENTED_EDGE('',*,*,#1931,.T.);
#1132=ORIENTED_EDGE('',*,*,#1932,.T.);
#1133=ORIENTED_EDGE('',*,*,#1933,.T.);
#1134=ORIENTED_EDGE('',*,*,#1934,.T.);
#1135=ORIENTED_EDGE('',*,*,#1935,.T.);
#1136=ORIENTED_EDGE('',*,*,#1936,.T.);
#1137=ORIENTED_EDGE('',*,*,#1937,.F.);
#1138=ORIENTED_EDGE('',*,*,#1880,.F.);
#1139=ORIENTED_EDGE('',*,*,#1884,.F.);
#1140=ORIENTED_EDGE('',*,*,#1876,.T.);
#1141=ORIENTED_EDGE('',*,*,#1877,.T.);
#1142=ORIENTED_EDGE('',*,*,#1928,.F.);
#1143=ORIENTED_EDGE('',*,*,#1938,.T.);
#1144=ORIENTED_EDGE('',*,*,#1939,.F.);
#1145=ORIENTED_EDGE('',*,*,#1940,.F.);
#1146=ORIENTED_EDGE('',*,*,#1927,.F.);
#1147=ORIENTED_EDGE('',*,*,#1941,.F.);
#1148=ORIENTED_EDGE('',*,*,#1942,.F.);
#1149=ORIENTED_EDGE('',*,*,#1943,.T.);
#1150=ORIENTED_EDGE('',*,*,#1944,.F.);
#1151=ORIENTED_EDGE('',*,*,#1938,.F.);
#1152=ORIENTED_EDGE('',*,*,#1945,.F.);
#1153=ORIENTED_EDGE('',*,*,#1946,.T.);
#1154=ORIENTED_EDGE('',*,*,#1947,.F.);
#1155=ORIENTED_EDGE('',*,*,#1943,.F.);
#1156=ORIENTED_EDGE('',*,*,#1948,.F.);
#1157=ORIENTED_EDGE('',*,*,#1949,.T.);
#1158=ORIENTED_EDGE('',*,*,#1950,.F.);
#1159=ORIENTED_EDGE('',*,*,#1946,.F.);
#1160=ORIENTED_EDGE('',*,*,#1951,.F.);
#1161=ORIENTED_EDGE('',*,*,#1952,.T.);
#1162=ORIENTED_EDGE('',*,*,#1953,.F.);
#1163=ORIENTED_EDGE('',*,*,#1949,.F.);
#1164=ORIENTED_EDGE('',*,*,#1954,.F.);
#1165=ORIENTED_EDGE('',*,*,#1955,.T.);
#1166=ORIENTED_EDGE('',*,*,#1956,.F.);
#1167=ORIENTED_EDGE('',*,*,#1952,.F.);
#1168=ORIENTED_EDGE('',*,*,#1957,.F.);
#1169=ORIENTED_EDGE('',*,*,#1958,.T.);
#1170=ORIENTED_EDGE('',*,*,#1959,.F.);
#1171=ORIENTED_EDGE('',*,*,#1955,.F.);
#1172=ORIENTED_EDGE('',*,*,#1960,.F.);
#1173=ORIENTED_EDGE('',*,*,#1961,.T.);
#1174=ORIENTED_EDGE('',*,*,#1962,.F.);
#1175=ORIENTED_EDGE('',*,*,#1958,.F.);
#1176=ORIENTED_EDGE('',*,*,#1963,.F.);
#1177=ORIENTED_EDGE('',*,*,#1964,.T.);
#1178=ORIENTED_EDGE('',*,*,#1965,.F.);
#1179=ORIENTED_EDGE('',*,*,#1961,.F.);
#1180=ORIENTED_EDGE('',*,*,#1966,.F.);
#1181=ORIENTED_EDGE('',*,*,#1967,.T.);
#1182=ORIENTED_EDGE('',*,*,#1968,.F.);
#1183=ORIENTED_EDGE('',*,*,#1964,.F.);
#1184=ORIENTED_EDGE('',*,*,#1969,.F.);
#1185=ORIENTED_EDGE('',*,*,#1970,.T.);
#1186=ORIENTED_EDGE('',*,*,#1971,.F.);
#1187=ORIENTED_EDGE('',*,*,#1967,.F.);
#1188=ORIENTED_EDGE('',*,*,#1972,.F.);
#1189=ORIENTED_EDGE('',*,*,#1973,.T.);
#1190=ORIENTED_EDGE('',*,*,#1974,.F.);
#1191=ORIENTED_EDGE('',*,*,#1970,.F.);
#1192=ORIENTED_EDGE('',*,*,#1975,.F.);
#1193=ORIENTED_EDGE('',*,*,#1976,.T.);
#1194=ORIENTED_EDGE('',*,*,#1977,.F.);
#1195=ORIENTED_EDGE('',*,*,#1973,.F.);
#1196=ORIENTED_EDGE('',*,*,#1936,.F.);
#1197=ORIENTED_EDGE('',*,*,#1978,.T.);
#1198=ORIENTED_EDGE('',*,*,#1979,.F.);
#1199=ORIENTED_EDGE('',*,*,#1976,.F.);
#1200=ORIENTED_EDGE('',*,*,#1980,.F.);
#1201=ORIENTED_EDGE('',*,*,#1981,.F.);
#1202=ORIENTED_EDGE('',*,*,#1935,.F.);
#1203=ORIENTED_EDGE('',*,*,#1982,.T.);
#1204=ORIENTED_EDGE('',*,*,#1983,.F.);
#1205=ORIENTED_EDGE('',*,*,#1978,.F.);
#1206=ORIENTED_EDGE('',*,*,#1934,.F.);
#1207=ORIENTED_EDGE('',*,*,#1984,.F.);
#1208=ORIENTED_EDGE('',*,*,#1982,.F.);
#1209=ORIENTED_EDGE('',*,*,#1929,.F.);
#1210=ORIENTED_EDGE('',*,*,#1940,.T.);
#1211=ORIENTED_EDGE('',*,*,#1985,.F.);
#1212=ORIENTED_EDGE('',*,*,#1932,.F.);
#1213=ORIENTED_EDGE('',*,*,#1986,.T.);
#1214=ORIENTED_EDGE('',*,*,#1987,.F.);
#1215=ORIENTED_EDGE('',*,*,#1931,.F.);
#1216=ORIENTED_EDGE('',*,*,#1988,.F.);
#1217=ORIENTED_EDGE('',*,*,#1986,.F.);
#1218=ORIENTED_EDGE('',*,*,#1989,.T.);
#1219=ORIENTED_EDGE('',*,*,#1849,.T.);
#1220=ORIENTED_EDGE('',*,*,#1990,.F.);
#1221=ORIENTED_EDGE('',*,*,#1851,.T.);
#1222=ORIENTED_EDGE('',*,*,#1991,.T.);
#1223=ORIENTED_EDGE('',*,*,#1857,.T.);
#1224=ORIENTED_EDGE('',*,*,#1887,.F.);
#1225=ORIENTED_EDGE('',*,*,#1893,.F.);
#1226=ORIENTED_EDGE('',*,*,#1764,.F.);
#1227=ORIENTED_EDGE('',*,*,#1992,.T.);
#1228=ORIENTED_EDGE('',*,*,#1770,.F.);
#1229=ORIENTED_EDGE('',*,*,#1993,.F.);
#1230=ORIENTED_EDGE('',*,*,#1772,.F.);
#1231=ORIENTED_EDGE('',*,*,#1994,.T.);
#1232=ORIENTED_EDGE('',*,*,#1823,.F.);
#1233=ORIENTED_EDGE('',*,*,#1995,.F.);
#1234=ORIENTED_EDGE('',*,*,#1850,.F.);
#1235=ORIENTED_EDGE('',*,*,#1989,.F.);
#1236=ORIENTED_EDGE('',*,*,#1996,.F.);
#1237=ORIENTED_EDGE('',*,*,#1997,.F.);
#1238=ORIENTED_EDGE('',*,*,#1998,.F.);
#1239=ORIENTED_EDGE('',*,*,#1778,.T.);
#1240=ORIENTED_EDGE('',*,*,#1816,.T.);
#1241=ORIENTED_EDGE('',*,*,#1868,.F.);
#1242=ORIENTED_EDGE('',*,*,#1812,.T.);
#1243=ORIENTED_EDGE('',*,*,#1836,.T.);
#1244=ORIENTED_EDGE('',*,*,#1999,.F.);
#1245=ORIENTED_EDGE('',*,*,#2000,.F.);
#1246=ORIENTED_EDGE('',*,*,#1832,.T.);
#1247=ORIENTED_EDGE('',*,*,#2001,.F.);
#1248=ORIENTED_EDGE('',*,*,#2002,.F.);
#1249=ORIENTED_EDGE('',*,*,#1828,.T.);
#1250=ORIENTED_EDGE('',*,*,#2003,.F.);
#1251=ORIENTED_EDGE('',*,*,#2004,.F.);
#1252=ORIENTED_EDGE('',*,*,#1824,.T.);
#1253=ORIENTED_EDGE('',*,*,#1994,.F.);
#1254=ORIENTED_EDGE('',*,*,#1771,.T.);
#1255=ORIENTED_EDGE('',*,*,#1992,.F.);
#1256=ORIENTED_EDGE('',*,*,#1763,.T.);
#1257=ORIENTED_EDGE('',*,*,#1805,.T.);
#1258=ORIENTED_EDGE('',*,*,#1867,.F.);
#1259=ORIENTED_EDGE('',*,*,#1899,.F.);
#1260=ORIENTED_EDGE('',*,*,#1902,.F.);
#1261=ORIENTED_EDGE('',*,*,#1905,.F.);
#1262=ORIENTED_EDGE('',*,*,#1908,.F.);
#1263=ORIENTED_EDGE('',*,*,#1911,.F.);
#1264=ORIENTED_EDGE('',*,*,#1914,.F.);
#1265=ORIENTED_EDGE('',*,*,#2005,.F.);
#1266=ORIENTED_EDGE('',*,*,#1782,.T.);
#1267=ORIENTED_EDGE('',*,*,#2006,.F.);
#1268=ORIENTED_EDGE('',*,*,#1786,.T.);
#1269=ORIENTED_EDGE('',*,*,#1858,.F.);
#1270=ORIENTED_EDGE('',*,*,#1991,.F.);
#1271=ORIENTED_EDGE('',*,*,#1892,.F.);
#1272=ORIENTED_EDGE('',*,*,#1894,.F.);
#1273=ORIENTED_EDGE('',*,*,#1898,.F.);
#1274=ORIENTED_EDGE('',*,*,#2007,.F.);
#1275=ORIENTED_EDGE('',*,*,#2008,.T.);
#1276=ORIENTED_EDGE('',*,*,#1753,.T.);
#1277=ORIENTED_EDGE('',*,*,#1995,.T.);
#1278=ORIENTED_EDGE('',*,*,#1822,.T.);
#1279=ORIENTED_EDGE('',*,*,#2009,.F.);
#1280=ORIENTED_EDGE('',*,*,#2010,.F.);
#1281=ORIENTED_EDGE('',*,*,#1818,.T.);
#1282=ORIENTED_EDGE('',*,*,#2011,.F.);
#1283=ORIENTED_EDGE('',*,*,#1798,.T.);
#1284=ORIENTED_EDGE('',*,*,#2012,.F.);
#1285=ORIENTED_EDGE('',*,*,#2013,.F.);
#1286=ORIENTED_EDGE('',*,*,#1919,.F.);
#1287=ORIENTED_EDGE('',*,*,#1922,.F.);
#1288=ORIENTED_EDGE('',*,*,#2014,.F.);
#1289=ORIENTED_EDGE('',*,*,#1918,.F.);
#1290=ORIENTED_EDGE('',*,*,#1852,.F.);
#1291=ORIENTED_EDGE('',*,*,#1990,.T.);
#1292=ORIENTED_EDGE('',*,*,#1848,.F.);
#1293=ORIENTED_EDGE('',*,*,#1801,.T.);
#1294=ORIENTED_EDGE('',*,*,#1871,.T.);
#1295=ORIENTED_EDGE('',*,*,#1883,.T.);
#1296=ORIENTED_EDGE('',*,*,#1881,.T.);
#1297=ORIENTED_EDGE('',*,*,#1878,.F.);
#1298=ORIENTED_EDGE('',*,*,#1874,.F.);
#1299=ORIENTED_EDGE('',*,*,#1993,.T.);
#1300=ORIENTED_EDGE('',*,*,#1769,.T.);
#1301=ORIENTED_EDGE('',*,*,#2015,.F.);
#1302=ORIENTED_EDGE('',*,*,#2016,.F.);
#1303=ORIENTED_EDGE('',*,*,#1765,.T.);
#1304=ORIENTED_EDGE('',*,*,#2017,.F.);
#1305=ORIENTED_EDGE('',*,*,#1790,.T.);
#1306=ORIENTED_EDGE('',*,*,#2018,.F.);
#1307=ORIENTED_EDGE('',*,*,#1794,.T.);
#1308=ORIENTED_EDGE('',*,*,#1766,.F.);
#1309=ORIENTED_EDGE('',*,*,#2016,.T.);
#1310=ORIENTED_EDGE('',*,*,#2019,.T.);
#1311=ORIENTED_EDGE('',*,*,#2020,.F.);
#1312=ORIENTED_EDGE('',*,*,#1862,.F.);
#1313=ORIENTED_EDGE('',*,*,#1861,.T.);
#1314=ORIENTED_EDGE('',*,*,#2021,.F.);
#1315=ORIENTED_EDGE('',*,*,#1863,.F.);
#1316=ORIENTED_EDGE('',*,*,#1835,.T.);
#1317=ORIENTED_EDGE('',*,*,#2022,.F.);
#1318=ORIENTED_EDGE('',*,*,#2023,.F.);
#1319=ORIENTED_EDGE('',*,*,#1999,.T.);
#1320=ORIENTED_EDGE('',*,*,#1779,.F.);
#1321=ORIENTED_EDGE('',*,*,#1998,.T.);
#1322=ORIENTED_EDGE('',*,*,#1916,.T.);
#1323=ORIENTED_EDGE('',*,*,#2024,.F.);
#1324=ORIENTED_EDGE('',*,*,#1831,.T.);
#1325=ORIENTED_EDGE('',*,*,#2025,.F.);
#1326=ORIENTED_EDGE('',*,*,#2026,.F.);
#1327=ORIENTED_EDGE('',*,*,#2001,.T.);
#1328=ORIENTED_EDGE('',*,*,#1833,.F.);
#1329=ORIENTED_EDGE('',*,*,#2000,.T.);
#1330=ORIENTED_EDGE('',*,*,#2023,.T.);
#1331=ORIENTED_EDGE('',*,*,#2027,.F.);
#1332=ORIENTED_EDGE('',*,*,#1783,.F.);
#1333=ORIENTED_EDGE('',*,*,#2005,.T.);
#1334=ORIENTED_EDGE('',*,*,#1781,.T.);
#1335=ORIENTED_EDGE('',*,*,#2028,.F.);
#1336=ORIENTED_EDGE('',*,*,#1827,.T.);
#1337=ORIENTED_EDGE('',*,*,#2029,.F.);
#1338=ORIENTED_EDGE('',*,*,#2030,.F.);
#1339=ORIENTED_EDGE('',*,*,#2003,.T.);
#1340=ORIENTED_EDGE('',*,*,#1829,.F.);
#1341=ORIENTED_EDGE('',*,*,#2002,.T.);
#1342=ORIENTED_EDGE('',*,*,#2026,.T.);
#1343=ORIENTED_EDGE('',*,*,#2031,.F.);
#1344=ORIENTED_EDGE('',*,*,#1787,.F.);
#1345=ORIENTED_EDGE('',*,*,#2006,.T.);
#1346=ORIENTED_EDGE('',*,*,#1785,.T.);
#1347=ORIENTED_EDGE('',*,*,#2032,.F.);
#1348=ORIENTED_EDGE('',*,*,#1825,.F.);
#1349=ORIENTED_EDGE('',*,*,#2004,.T.);
#1350=ORIENTED_EDGE('',*,*,#2030,.T.);
#1351=ORIENTED_EDGE('',*,*,#2033,.F.);
#1352=ORIENTED_EDGE('',*,*,#1791,.F.);
#1353=ORIENTED_EDGE('',*,*,#2017,.T.);
#1354=ORIENTED_EDGE('',*,*,#1789,.T.);
#1355=ORIENTED_EDGE('',*,*,#2034,.F.);
#1356=ORIENTED_EDGE('',*,*,#1821,.T.);
#1357=ORIENTED_EDGE('',*,*,#2035,.F.);
#1358=ORIENTED_EDGE('',*,*,#2036,.F.);
#1359=ORIENTED_EDGE('',*,*,#2009,.T.);
#1360=ORIENTED_EDGE('',*,*,#1795,.F.);
#1361=ORIENTED_EDGE('',*,*,#2018,.T.);
#1362=ORIENTED_EDGE('',*,*,#1793,.T.);
#1363=ORIENTED_EDGE('',*,*,#2037,.F.);
#1364=ORIENTED_EDGE('',*,*,#1819,.F.);
#1365=ORIENTED_EDGE('',*,*,#2010,.T.);
#1366=ORIENTED_EDGE('',*,*,#2036,.T.);
#1367=ORIENTED_EDGE('',*,*,#2038,.F.);
#1368=ORIENTED_EDGE('',*,*,#1797,.T.);
#1369=ORIENTED_EDGE('',*,*,#2039,.F.);
#1370=ORIENTED_EDGE('',*,*,#2012,.T.);
#1371=ORIENTED_EDGE('',*,*,#1768,.T.);
#1372=ORIENTED_EDGE('',*,*,#2040,.F.);
#1373=ORIENTED_EDGE('',*,*,#2019,.F.);
#1374=ORIENTED_EDGE('',*,*,#2015,.T.);
#1375=ORIENTED_EDGE('',*,*,#1846,.F.);
#1376=ORIENTED_EDGE('',*,*,#2041,.F.);
#1377=ORIENTED_EDGE('',*,*,#1844,.F.);
#1378=ORIENTED_EDGE('',*,*,#1925,.T.);
#1379=ORIENTED_EDGE('',*,*,#1842,.F.);
#1380=ORIENTED_EDGE('',*,*,#2042,.F.);
#1381=ORIENTED_EDGE('',*,*,#1941,.T.);
#1382=ORIENTED_EDGE('',*,*,#1926,.T.);
#1383=ORIENTED_EDGE('',*,*,#2043,.F.);
#1384=ORIENTED_EDGE('',*,*,#1760,.T.);
#1385=ORIENTED_EDGE('',*,*,#2044,.T.);
#1386=ORIENTED_EDGE('',*,*,#1758,.T.);
#1387=ORIENTED_EDGE('',*,*,#2045,.F.);
#1388=ORIENTED_EDGE('',*,*,#1756,.T.);
#1389=ORIENTED_EDGE('',*,*,#2046,.T.);
#1390=ORIENTED_EDGE('',*,*,#1838,.T.);
#1391=ORIENTED_EDGE('',*,*,#2047,.F.);
#1392=ORIENTED_EDGE('',*,*,#1775,.T.);
#1393=ORIENTED_EDGE('',*,*,#1937,.T.);
#1394=ORIENTED_EDGE('',*,*,#1981,.T.);
#1395=ORIENTED_EDGE('',*,*,#2041,.T.);
#1396=ORIENTED_EDGE('',*,*,#1845,.T.);
#1397=ORIENTED_EDGE('',*,*,#2048,.T.);
#1398=ORIENTED_EDGE('',*,*,#2049,.T.);
#1399=ORIENTED_EDGE('',*,*,#1757,.F.);
#1400=ORIENTED_EDGE('',*,*,#2045,.T.);
#1401=ORIENTED_EDGE('',*,*,#1837,.F.);
#1402=ORIENTED_EDGE('',*,*,#1810,.T.);
#1403=ORIENTED_EDGE('',*,*,#1869,.T.);
#1404=ORIENTED_EDGE('',*,*,#1814,.T.);
#1405=ORIENTED_EDGE('',*,*,#1776,.F.);
#1406=ORIENTED_EDGE('',*,*,#2047,.T.);
#1407=ORIENTED_EDGE('',*,*,#1980,.T.);
#1408=ORIENTED_EDGE('',*,*,#1975,.T.);
#1409=ORIENTED_EDGE('',*,*,#1972,.T.);
#1410=ORIENTED_EDGE('',*,*,#1969,.T.);
#1411=ORIENTED_EDGE('',*,*,#1966,.T.);
#1412=ORIENTED_EDGE('',*,*,#1963,.T.);
#1413=ORIENTED_EDGE('',*,*,#1960,.T.);
#1414=ORIENTED_EDGE('',*,*,#1957,.T.);
#1415=ORIENTED_EDGE('',*,*,#1954,.T.);
#1416=ORIENTED_EDGE('',*,*,#1951,.T.);
#1417=ORIENTED_EDGE('',*,*,#1948,.T.);
#1418=ORIENTED_EDGE('',*,*,#1945,.T.);
#1419=ORIENTED_EDGE('',*,*,#1942,.T.);
#1420=ORIENTED_EDGE('',*,*,#2042,.T.);
#1421=ORIENTED_EDGE('',*,*,#1841,.T.);
#1422=ORIENTED_EDGE('',*,*,#1806,.T.);
#1423=ORIENTED_EDGE('',*,*,#1864,.T.);
#1424=ORIENTED_EDGE('',*,*,#1803,.T.);
#1425=ORIENTED_EDGE('',*,*,#1761,.F.);
#1426=ORIENTED_EDGE('',*,*,#2043,.T.);
#1427=ORIENTED_EDGE('',*,*,#2050,.F.);
#1428=ORIENTED_EDGE('',*,*,#2051,.T.);
#1429=ORIENTED_EDGE('',*,*,#1839,.F.);
#1430=ORIENTED_EDGE('',*,*,#2046,.F.);
#1431=ORIENTED_EDGE('',*,*,#1755,.F.);
#1432=ORIENTED_EDGE('',*,*,#1759,.F.);
#1433=ORIENTED_EDGE('',*,*,#2044,.F.);
#1434=ORIENTED_EDGE('',*,*,#1834,.T.);
#1435=ORIENTED_EDGE('',*,*,#2027,.T.);
#1436=ORIENTED_EDGE('',*,*,#2022,.T.);
#1437=ORIENTED_EDGE('',*,*,#1830,.T.);
#1438=ORIENTED_EDGE('',*,*,#2031,.T.);
#1439=ORIENTED_EDGE('',*,*,#2025,.T.);
#1440=ORIENTED_EDGE('',*,*,#1826,.T.);
#1441=ORIENTED_EDGE('',*,*,#2033,.T.);
#1442=ORIENTED_EDGE('',*,*,#2029,.T.);
#1443=ORIENTED_EDGE('',*,*,#1820,.T.);
#1444=ORIENTED_EDGE('',*,*,#2038,.T.);
#1445=ORIENTED_EDGE('',*,*,#2035,.T.);
#1446=ORIENTED_EDGE('',*,*,#1767,.T.);
#1447=ORIENTED_EDGE('',*,*,#2020,.T.);
#1448=ORIENTED_EDGE('',*,*,#2040,.T.);
#1449=ORIENTED_EDGE('',*,*,#2021,.T.);
#1450=ORIENTED_EDGE('',*,*,#1860,.F.);
#1451=ORIENTED_EDGE('',*,*,#1897,.T.);
#1452=ORIENTED_EDGE('',*,*,#1895,.T.);
#1453=ORIENTED_EDGE('',*,*,#1890,.T.);
#1454=ORIENTED_EDGE('',*,*,#1888,.T.);
#1455=ORIENTED_EDGE('',*,*,#1854,.F.);
#1456=ORIENTED_EDGE('',*,*,#1917,.T.);
#1457=ORIENTED_EDGE('',*,*,#2014,.T.);
#1458=ORIENTED_EDGE('',*,*,#1923,.T.);
#1459=ORIENTED_EDGE('',*,*,#1920,.T.);
#1460=ORIENTED_EDGE('',*,*,#2013,.T.);
#1461=ORIENTED_EDGE('',*,*,#2039,.T.);
#1462=ORIENTED_EDGE('',*,*,#1796,.T.);
#1463=ORIENTED_EDGE('',*,*,#2037,.T.);
#1464=ORIENTED_EDGE('',*,*,#1792,.T.);
#1465=ORIENTED_EDGE('',*,*,#2034,.T.);
#1466=ORIENTED_EDGE('',*,*,#1788,.T.);
#1467=ORIENTED_EDGE('',*,*,#2032,.T.);
#1468=ORIENTED_EDGE('',*,*,#1784,.T.);
#1469=ORIENTED_EDGE('',*,*,#2028,.T.);
#1470=ORIENTED_EDGE('',*,*,#1780,.T.);
#1471=ORIENTED_EDGE('',*,*,#2024,.T.);
#1472=ORIENTED_EDGE('',*,*,#1915,.T.);
#1473=ORIENTED_EDGE('',*,*,#1912,.T.);
#1474=ORIENTED_EDGE('',*,*,#1909,.T.);
#1475=ORIENTED_EDGE('',*,*,#1906,.T.);
#1476=ORIENTED_EDGE('',*,*,#1903,.T.);
#1477=ORIENTED_EDGE('',*,*,#1900,.T.);
#1478=ORIENTED_EDGE('',*,*,#1865,.T.);
#1479=ORIENTED_EDGE('',*,*,#1808,.T.);
#1480=ORIENTED_EDGE('',*,*,#1840,.F.);
#1481=ORIENTED_EDGE('',*,*,#1984,.T.);
#1482=ORIENTED_EDGE('',*,*,#1933,.F.);
#1483=ORIENTED_EDGE('',*,*,#1987,.T.);
#1484=ORIENTED_EDGE('',*,*,#1988,.T.);
#1485=ORIENTED_EDGE('',*,*,#1930,.F.);
#1486=ORIENTED_EDGE('',*,*,#1985,.T.);
#1487=ORIENTED_EDGE('',*,*,#1939,.T.);
#1488=ORIENTED_EDGE('',*,*,#1944,.T.);
#1489=ORIENTED_EDGE('',*,*,#1947,.T.);
#1490=ORIENTED_EDGE('',*,*,#1950,.T.);
#1491=ORIENTED_EDGE('',*,*,#1953,.T.);
#1492=ORIENTED_EDGE('',*,*,#1956,.T.);
#1493=ORIENTED_EDGE('',*,*,#1959,.T.);
#1494=ORIENTED_EDGE('',*,*,#1962,.T.);
#1495=ORIENTED_EDGE('',*,*,#1965,.T.);
#1496=ORIENTED_EDGE('',*,*,#1968,.T.);
#1497=ORIENTED_EDGE('',*,*,#1971,.T.);
#1498=ORIENTED_EDGE('',*,*,#1974,.T.);
#1499=ORIENTED_EDGE('',*,*,#1977,.T.);
#1500=ORIENTED_EDGE('',*,*,#1979,.T.);
#1501=ORIENTED_EDGE('',*,*,#1983,.T.);
#1502=ORIENTED_EDGE('',*,*,#2052,.F.);
#1503=ORIENTED_EDGE('',*,*,#2050,.T.);
#1504=ORIENTED_EDGE('',*,*,#1754,.F.);
#1505=ORIENTED_EDGE('',*,*,#2008,.F.);
#1506=ORIENTED_EDGE('',*,*,#2007,.T.);
#1507=ORIENTED_EDGE('',*,*,#1817,.T.);
#1508=ORIENTED_EDGE('',*,*,#2051,.F.);
#1509=ORIENTED_EDGE('',*,*,#2052,.T.);
#1510=ORIENTED_EDGE('',*,*,#1773,.T.);
#1511=ORIENTED_EDGE('',*,*,#2011,.T.);
#1512=ORIENTED_EDGE('',*,*,#1870,.T.);
#1513=ORIENTED_EDGE('',*,*,#1924,.F.);
#1514=ORIENTED_EDGE('',*,*,#1997,.T.);
#1515=ORIENTED_EDGE('',*,*,#2049,.F.);
#1516=ORIENTED_EDGE('',*,*,#1996,.T.);
#1517=ORIENTED_EDGE('',*,*,#2048,.F.);
#1518=EDGE_CURVE('',#2053,#2054,#2413,.T.);
#1519=EDGE_CURVE('',#2053,#2055,#2414,.F.);
#1520=EDGE_CURVE('',#2055,#2056,#2415,.T.);
#1521=EDGE_CURVE('',#2056,#2057,#2416,.T.);
#1522=EDGE_CURVE('',#2057,#2054,#2417,.T.);
#1523=EDGE_CURVE('',#2058,#2055,#443,.F.);
#1524=EDGE_CURVE('',#2058,#2059,#2418,.T.);
#1525=EDGE_CURVE('',#2059,#2060,#2419,.T.);
#1526=EDGE_CURVE('',#2056,#2060,#2420,.T.);
#1527=EDGE_CURVE('',#2058,#2053,#444,.F.);
#1528=EDGE_CURVE('',#2054,#2061,#2421,.T.);
#1529=EDGE_CURVE('',#2059,#2061,#2422,.T.);
#1530=EDGE_CURVE('',#2062,#2061,#2423,.T.);
#1531=EDGE_CURVE('',#2060,#2062,#2424,.T.);
#1532=EDGE_CURVE('',#2057,#2062,#2425,.T.);
#1533=EDGE_CURVE('',#2063,#2064,#158,.T.);
#1534=EDGE_CURVE('',#2065,#2064,#2426,.T.);
#1535=EDGE_CURVE('',#2066,#2065,#2427,.T.);
#1536=EDGE_CURVE('',#2063,#2066,#2428,.T.);
#1537=EDGE_CURVE('',#2067,#2068,#2429,.T.);
#1538=EDGE_CURVE('',#2063,#2067,#2430,.T.);
#1539=EDGE_CURVE('',#2066,#2068,#2431,.T.);
#1540=EDGE_CURVE('',#2068,#2069,#2432,.T.);
#1541=EDGE_CURVE('',#2065,#2069,#2433,.T.);
#1542=EDGE_CURVE('',#2069,#2070,#2434,.T.);
#1543=EDGE_CURVE('',#2064,#2070,#2435,.T.);
#1544=EDGE_CURVE('',#2071,#2072,#54,.T.);
#1545=EDGE_CURVE('',#2073,#2071,#55,.T.);
#1546=EDGE_CURVE('',#2074,#2073,#56,.T.);
#1547=EDGE_CURVE('',#2075,#2074,#57,.T.);
#1548=EDGE_CURVE('',#2076,#2075,#58,.T.);
#1549=EDGE_CURVE('',#2077,#2076,#59,.T.);
#1550=EDGE_CURVE('',#2078,#2077,#60,.T.);
#1551=EDGE_CURVE('',#2079,#2078,#61,.T.);
#1552=EDGE_CURVE('',#2080,#2079,#62,.T.);
#1553=EDGE_CURVE('',#2081,#2080,#63,.T.);
#1554=EDGE_CURVE('',#2082,#2081,#64,.T.);
#1555=EDGE_CURVE('',#2083,#2082,#65,.T.);
#1556=EDGE_CURVE('',#2084,#2083,#66,.T.);
#1557=EDGE_CURVE('',#2085,#2084,#67,.T.);
#1558=EDGE_CURVE('',#2086,#2085,#68,.T.);
#1559=EDGE_CURVE('',#2087,#2086,#69,.T.);
#1560=EDGE_CURVE('',#2072,#2087,#70,.T.);
#1561=EDGE_CURVE('',#2088,#2089,#2436,.T.);
#1562=EDGE_CURVE('',#2089,#2090,#2437,.T.);
#1563=EDGE_CURVE('',#2090,#2091,#159,.T.);
#1564=EDGE_CURVE('',#2091,#2092,#160,.T.);
#1565=EDGE_CURVE('',#2093,#2092,#2438,.T.);
#1566=EDGE_CURVE('',#2093,#2094,#2439,.T.);
#1567=EDGE_CURVE('',#2094,#2095,#2440,.T.);
#1568=EDGE_CURVE('',#2095,#2096,#2441,.T.);
#1569=EDGE_CURVE('',#2096,#2097,#2442,.T.);
#1570=EDGE_CURVE('',#2097,#2098,#2443,.T.);
#1571=EDGE_CURVE('',#2098,#2099,#2444,.T.);
#1572=EDGE_CURVE('',#2100,#2099,#2445,.T.);
#1573=EDGE_CURVE('',#2101,#2100,#2446,.T.);
#1574=EDGE_CURVE('',#2101,#2102,#161,.T.);
#1575=EDGE_CURVE('',#2102,#2103,#2447,.T.);
#1576=EDGE_CURVE('',#2103,#2104,#2448,.T.);
#1577=EDGE_CURVE('',#2104,#2105,#162,.T.);
#1578=EDGE_CURVE('',#2105,#2106,#2449,.T.);
#1579=EDGE_CURVE('',#2106,#2107,#2450,.T.);
#1580=EDGE_CURVE('',#2107,#2108,#71,.T.);
#1581=EDGE_CURVE('',#2108,#2109,#163,.T.);
#1582=EDGE_CURVE('',#2109,#2110,#164,.T.);
#1583=EDGE_CURVE('',#2110,#2111,#72,.T.);
#1584=EDGE_CURVE('',#2111,#2112,#165,.T.);
#1585=EDGE_CURVE('',#2112,#2113,#73,.T.);
#1586=EDGE_CURVE('',#2113,#2114,#166,.T.);
#1587=EDGE_CURVE('',#2114,#2115,#74,.T.);
#1588=EDGE_CURVE('',#2115,#2116,#75,.T.);
#1589=EDGE_CURVE('',#2116,#2117,#167,.T.);
#1590=EDGE_CURVE('',#2118,#2117,#76,.T.);
#1591=EDGE_CURVE('',#2118,#2119,#77,.T.);
#1592=EDGE_CURVE('',#2120,#2119,#168,.T.);
#1593=EDGE_CURVE('',#2120,#2121,#169,.T.);
#1594=EDGE_CURVE('',#2122,#2121,#170,.T.);
#1595=EDGE_CURVE('',#2122,#2123,#78,.T.);
#1596=EDGE_CURVE('',#2123,#2124,#171,.T.);
#1597=EDGE_CURVE('',#2125,#2124,#2451,.T.);
#1598=EDGE_CURVE('',#2126,#2125,#2452,.T.);
#1599=EDGE_CURVE('',#2126,#2127,#172,.T.);
#1600=EDGE_CURVE('',#2127,#2128,#173,.T.);
#1601=EDGE_CURVE('',#2128,#2129,#174,.T.);
#1602=EDGE_CURVE('',#2129,#2130,#2453,.T.);
#1603=EDGE_CURVE('',#2130,#2088,#79,.T.);
#1604=EDGE_CURVE('',#2131,#2132,#80,.T.);
#1605=EDGE_CURVE('',#2073,#2131,#2454,.T.);
#1606=EDGE_CURVE('',#2071,#2132,#2455,.T.);
#1607=EDGE_CURVE('',#2133,#2134,#2456,.T.);
#1608=EDGE_CURVE('',#2090,#2134,#2457,.T.);
#1609=EDGE_CURVE('',#2089,#2133,#2458,.T.);
#1610=EDGE_CURVE('',#2134,#2135,#175,.T.);
#1611=EDGE_CURVE('',#2091,#2135,#2459,.T.);
#1612=EDGE_CURVE('',#2135,#2136,#176,.T.);
#1613=EDGE_CURVE('',#2092,#2136,#2460,.T.);
#1614=EDGE_CURVE('',#2137,#2136,#2461,.T.);
#1615=EDGE_CURVE('',#2093,#2137,#2462,.T.);
#1616=EDGE_CURVE('',#2137,#2138,#2463,.T.);
#1617=EDGE_CURVE('',#2094,#2138,#2464,.T.);
#1618=EDGE_CURVE('',#2138,#2139,#2465,.T.);
#1619=EDGE_CURVE('',#2095,#2139,#2466,.T.);
#1620=EDGE_CURVE('',#2139,#2140,#2467,.T.);
#1621=EDGE_CURVE('',#2096,#2140,#2468,.T.);
#1622=EDGE_CURVE('',#2140,#2141,#2469,.T.);
#1623=EDGE_CURVE('',#2097,#2141,#2470,.T.);
#1624=EDGE_CURVE('',#2141,#2142,#2471,.T.);
#1625=EDGE_CURVE('',#2098,#2142,#2472,.T.);
#1626=EDGE_CURVE('',#2142,#2143,#2473,.T.);
#1627=EDGE_CURVE('',#2099,#2143,#2474,.T.);
#1628=EDGE_CURVE('',#2144,#2143,#2475,.T.);
#1629=EDGE_CURVE('',#2100,#2144,#2476,.T.);
#1630=EDGE_CURVE('',#2145,#2144,#2477,.T.);
#1631=EDGE_CURVE('',#2101,#2145,#2478,.T.);
#1632=EDGE_CURVE('',#2145,#2146,#177,.T.);
#1633=EDGE_CURVE('',#2102,#2146,#2479,.T.);
#1634=EDGE_CURVE('',#2146,#2147,#2480,.T.);
#1635=EDGE_CURVE('',#2103,#2147,#2481,.T.);
#1636=EDGE_CURVE('',#2147,#2148,#2482,.T.);
#1637=EDGE_CURVE('',#2104,#2148,#2483,.T.);
#1638=EDGE_CURVE('',#2148,#2149,#178,.T.);
#1639=EDGE_CURVE('',#2105,#2149,#2484,.T.);
#1640=EDGE_CURVE('',#2149,#2150,#2485,.T.);
#1641=EDGE_CURVE('',#2106,#2150,#179,.F.);
#1642=EDGE_CURVE('',#2150,#2151,#2486,.T.);
#1643=EDGE_CURVE('',#2107,#2151,#180,.F.);
#1644=EDGE_CURVE('',#2151,#2152,#81,.T.);
#1645=EDGE_CURVE('',#2108,#2152,#181,.F.);
#1646=EDGE_CURVE('',#2152,#2153,#182,.T.);
#1647=EDGE_CURVE('',#2109,#2153,#2487,.T.);
#1648=EDGE_CURVE('',#2153,#2154,#183,.T.);
#1649=EDGE_CURVE('',#2110,#2154,#184,.T.);
#1650=EDGE_CURVE('',#2154,#2155,#82,.T.);
#1651=EDGE_CURVE('',#2111,#2155,#185,.F.);
#1652=EDGE_CURVE('',#2155,#2156,#186,.T.);
#1653=EDGE_CURVE('',#2112,#2156,#187,.T.);
#1654=EDGE_CURVE('',#2156,#2157,#83,.T.);
#1655=EDGE_CURVE('',#2113,#2157,#188,.F.);
#1656=EDGE_CURVE('',#2157,#2158,#189,.T.);
#1657=EDGE_CURVE('',#2114,#2158,#190,.T.);
#1658=EDGE_CURVE('',#2158,#2159,#84,.T.);
#1659=EDGE_CURVE('',#2115,#2159,#191,.F.);
#1660=EDGE_CURVE('',#2159,#2160,#85,.T.);
#1661=EDGE_CURVE('',#2116,#2160,#192,.F.);
#1662=EDGE_CURVE('',#2161,#2162,#86,.T.);
#1663=EDGE_CURVE('',#2118,#2161,#193,.F.);
#1664=EDGE_CURVE('',#2117,#2162,#2488,.T.);
#1665=EDGE_CURVE('',#2161,#2163,#87,.T.);
#1666=EDGE_CURVE('',#2119,#2163,#194,.F.);
#1667=EDGE_CURVE('',#2164,#2163,#195,.T.);
#1668=EDGE_CURVE('',#2120,#2164,#2489,.T.);
#1669=EDGE_CURVE('',#2164,#2165,#196,.T.);
#1670=EDGE_CURVE('',#2121,#2165,#2490,.T.);
#1671=EDGE_CURVE('',#2166,#2165,#197,.T.);
#1672=EDGE_CURVE('',#2122,#2166,#2491,.T.);
#1673=EDGE_CURVE('',#2166,#2167,#88,.T.);
#1674=EDGE_CURVE('',#2123,#2167,#198,.F.);
#1675=EDGE_CURVE('',#2167,#2168,#199,.T.);
#1676=EDGE_CURVE('',#2124,#2168,#2492,.T.);
#1677=EDGE_CURVE('',#2169,#2168,#2493,.T.);
#1678=EDGE_CURVE('',#2125,#2169,#2494,.T.);
#1679=EDGE_CURVE('',#2170,#2169,#2495,.T.);
#1680=EDGE_CURVE('',#2126,#2170,#2496,.T.);
#1681=EDGE_CURVE('',#2170,#2171,#200,.T.);
#1682=EDGE_CURVE('',#2127,#2171,#2497,.T.);
#1683=EDGE_CURVE('',#2171,#2172,#201,.T.);
#1684=EDGE_CURVE('',#2128,#2172,#2498,.T.);
#1685=EDGE_CURVE('',#2172,#2173,#202,.T.);
#1686=EDGE_CURVE('',#2129,#2173,#2499,.T.);
#1687=EDGE_CURVE('',#2173,#2174,#2500,.T.);
#1688=EDGE_CURVE('',#2130,#2174,#2501,.T.);
#1689=EDGE_CURVE('',#2174,#2175,#89,.T.);
#1690=EDGE_CURVE('',#2088,#2175,#2502,.T.);
#1691=EDGE_CURVE('',#2175,#2133,#2503,.T.);
#1692=EDGE_CURVE('',#2176,#2131,#90,.T.);
#1693=EDGE_CURVE('',#2074,#2176,#2504,.T.);
#1694=EDGE_CURVE('',#2177,#2176,#91,.T.);
#1695=EDGE_CURVE('',#2075,#2177,#2505,.T.);
#1696=EDGE_CURVE('',#2178,#2177,#92,.T.);
#1697=EDGE_CURVE('',#2076,#2178,#2506,.T.);
#1698=EDGE_CURVE('',#2179,#2178,#93,.T.);
#1699=EDGE_CURVE('',#2077,#2179,#2507,.T.);
#1700=EDGE_CURVE('',#2180,#2179,#94,.T.);
#1701=EDGE_CURVE('',#2078,#2180,#2508,.T.);
#1702=EDGE_CURVE('',#2181,#2180,#95,.T.);
#1703=EDGE_CURVE('',#2079,#2181,#2509,.T.);
#1704=EDGE_CURVE('',#2182,#2181,#96,.T.);
#1705=EDGE_CURVE('',#2080,#2182,#2510,.T.);
#1706=EDGE_CURVE('',#2183,#2182,#97,.T.);
#1707=EDGE_CURVE('',#2081,#2183,#2511,.T.);
#1708=EDGE_CURVE('',#2184,#2183,#98,.T.);
#1709=EDGE_CURVE('',#2082,#2184,#2512,.T.);
#1710=EDGE_CURVE('',#2185,#2184,#99,.T.);
#1711=EDGE_CURVE('',#2083,#2185,#2513,.T.);
#1712=EDGE_CURVE('',#2186,#2185,#100,.T.);
#1713=EDGE_CURVE('',#2084,#2186,#2514,.T.);
#1714=EDGE_CURVE('',#2187,#2186,#101,.T.);
#1715=EDGE_CURVE('',#2085,#2187,#2515,.T.);
#1716=EDGE_CURVE('',#2188,#2187,#102,.T.);
#1717=EDGE_CURVE('',#2086,#2188,#2516,.T.);
#1718=EDGE_CURVE('',#2189,#2188,#103,.T.);
#1719=EDGE_CURVE('',#2087,#2189,#2517,.T.);
#1720=EDGE_CURVE('',#2190,#2189,#104,.T.);
#1721=EDGE_CURVE('',#2072,#2190,#2518,.T.);
#1722=EDGE_CURVE('',#2132,#2190,#105,.T.);
#1723=EDGE_CURVE('',#2160,#2070,#203,.T.);
#1724=EDGE_CURVE('',#2067,#2162,#204,.T.);
#1725=EDGE_CURVE('',#2191,#2192,#205,.T.);
#1726=EDGE_CURVE('',#2193,#2191,#2519,.T.);
#1727=EDGE_CURVE('',#2194,#2193,#2520,.T.);
#1728=EDGE_CURVE('',#2192,#2194,#2521,.T.);
#1729=EDGE_CURVE('',#2195,#2196,#206,.T.);
#1730=EDGE_CURVE('',#2196,#2197,#2522,.T.);
#1731=EDGE_CURVE('',#2197,#2198,#2523,.T.);
#1732=EDGE_CURVE('',#2198,#2195,#2524,.T.);
#1733=EDGE_CURVE('',#2195,#2191,#2525,.T.);
#1734=EDGE_CURVE('',#2198,#2193,#2526,.T.);
#1735=EDGE_CURVE('',#2199,#2199,#106,.T.);
#1736=EDGE_CURVE('',#2200,#2200,#107,.T.);
#1737=EDGE_CURVE('',#2197,#2194,#2527,.T.);
#1738=EDGE_CURVE('',#2196,#2192,#2528,.T.);
#1739=EDGE_CURVE('',#2201,#2201,#207,.T.);
#1740=EDGE_CURVE('',#2202,#2202,#208,.T.);
#1741=EDGE_CURVE('',#2203,#2204,#2529,.T.);
#1742=EDGE_CURVE('',#2205,#2204,#2530,.T.);
#1743=EDGE_CURVE('',#2206,#2205,#2531,.T.);
#1744=EDGE_CURVE('',#2203,#2206,#2532,.T.);
#1745=EDGE_CURVE('',#2207,#2203,#2533,.T.);
#1746=EDGE_CURVE('',#2207,#2208,#2534,.T.);
#1747=EDGE_CURVE('',#2208,#2204,#2535,.T.);
#1748=EDGE_CURVE('',#2209,#2206,#2536,.T.);
#1749=EDGE_CURVE('',#2207,#2209,#2537,.T.);
#1750=EDGE_CURVE('',#2210,#2205,#2538,.T.);
#1751=EDGE_CURVE('',#2209,#2210,#2539,.T.);
#1752=EDGE_CURVE('',#2210,#2208,#2540,.T.);
#1753=EDGE_CURVE('',#2211,#2212,#209,.T.);
#1754=EDGE_CURVE('',#2211,#2213,#2541,.F.);
#1755=EDGE_CURVE('',#2213,#2214,#210,.T.);
#1756=EDGE_CURVE('',#2215,#2214,#211,.T.);
#1757=EDGE_CURVE('',#2215,#2216,#212,.T.);
#1758=EDGE_CURVE('',#2217,#2216,#213,.T.);
#1759=EDGE_CURVE('',#2217,#2218,#214,.T.);
#1760=EDGE_CURVE('',#2219,#2218,#215,.T.);
#1761=EDGE_CURVE('',#2219,#2220,#216,.T.);
#1762=EDGE_CURVE('',#2220,#2221,#2542,.T.);
#1763=EDGE_CURVE('',#2222,#2221,#217,.T.);
#1764=EDGE_CURVE('',#2222,#2223,#218,.T.);
#1765=EDGE_CURVE('',#2224,#2223,#219,.T.);
#1766=EDGE_CURVE('',#2224,#2225,#2543,.T.);
#1767=EDGE_CURVE('',#2226,#2225,#220,.T.);
#1768=EDGE_CURVE('',#2227,#2226,#2544,.T.);
#1769=EDGE_CURVE('',#2228,#2227,#221,.T.);
#1770=EDGE_CURVE('',#2228,#2229,#222,.T.);
#1771=EDGE_CURVE('',#2230,#2229,#223,.T.);
#1772=EDGE_CURVE('',#2230,#2212,#224,.T.);
#1773=EDGE_CURVE('',#2231,#2232,#2545,.T.);
#1774=EDGE_CURVE('',#2231,#2233,#225,.T.);
#1775=EDGE_CURVE('',#2234,#2233,#2546,.T.);
#1776=EDGE_CURVE('',#2234,#2235,#226,.T.);
#1777=EDGE_CURVE('',#2235,#2236,#2547,.T.);
#1778=EDGE_CURVE('',#2237,#2236,#227,.T.);
#1779=EDGE_CURVE('',#2237,#2238,#2548,.T.);
#1780=EDGE_CURVE('',#2239,#2238,#228,.T.);
#1781=EDGE_CURVE('',#2240,#2239,#2549,.T.);
#1782=EDGE_CURVE('',#2241,#2240,#229,.T.);
#1783=EDGE_CURVE('',#2241,#2242,#2550,.T.);
#1784=EDGE_CURVE('',#2243,#2242,#230,.T.);
#1785=EDGE_CURVE('',#2244,#2243,#2551,.T.);
#1786=EDGE_CURVE('',#2245,#2244,#231,.T.);
#1787=EDGE_CURVE('',#2245,#2246,#2552,.T.);
#1788=EDGE_CURVE('',#2247,#2246,#232,.T.);
#1789=EDGE_CURVE('',#2248,#2247,#2553,.T.);
#1790=EDGE_CURVE('',#2249,#2248,#233,.T.);
#1791=EDGE_CURVE('',#2249,#2250,#2554,.T.);
#1792=EDGE_CURVE('',#2251,#2250,#234,.T.);
#1793=EDGE_CURVE('',#2252,#2251,#2555,.T.);
#1794=EDGE_CURVE('',#2253,#2252,#235,.T.);
#1795=EDGE_CURVE('',#2253,#2254,#2556,.T.);
#1796=EDGE_CURVE('',#2255,#2254,#236,.T.);
#1797=EDGE_CURVE('',#2256,#2255,#2557,.T.);
#1798=EDGE_CURVE('',#2232,#2256,#237,.T.);
#1799=EDGE_CURVE('',#2257,#2258,#238,.T.);
#1800=EDGE_CURVE('',#2257,#2259,#2558,.T.);
#1801=EDGE_CURVE('',#2260,#2259,#239,.T.);
#1802=EDGE_CURVE('',#2258,#2260,#2559,.T.);
#1803=EDGE_CURVE('',#2261,#2220,#240,.T.);
#1804=EDGE_CURVE('',#2261,#2262,#2560,.T.);
#1805=EDGE_CURVE('',#2221,#2262,#241,.T.);
#1806=EDGE_CURVE('',#2263,#2264,#242,.T.);
#1807=EDGE_CURVE('',#2263,#2265,#2561,.T.);
#1808=EDGE_CURVE('',#2266,#2265,#108,.T.);
#1809=EDGE_CURVE('',#2266,#2264,#2562,.T.);
#1810=EDGE_CURVE('',#2267,#2268,#243,.T.);
#1811=EDGE_CURVE('',#2267,#2269,#2563,.T.);
#1812=EDGE_CURVE('',#2270,#2269,#244,.T.);
#1813=EDGE_CURVE('',#2268,#2270,#2564,.T.);
#1814=EDGE_CURVE('',#2271,#2235,#245,.T.);
#1815=EDGE_CURVE('',#2271,#2272,#2565,.T.);
#1816=EDGE_CURVE('',#2236,#2272,#246,.T.);
#1817=EDGE_CURVE('',#2273,#2274,#2566,.F.);
#1818=EDGE_CURVE('',#2275,#2273,#247,.T.);
#1819=EDGE_CURVE('',#2275,#2276,#2567,.T.);
#1820=EDGE_CURVE('',#2277,#2276,#248,.T.);
#1821=EDGE_CURVE('',#2278,#2277,#2568,.T.);
#1822=EDGE_CURVE('',#2279,#2278,#249,.T.);
#1823=EDGE_CURVE('',#2279,#2280,#250,.T.);
#1824=EDGE_CURVE('',#2281,#2280,#251,.T.);
#1825=EDGE_CURVE('',#2281,#2282,#2569,.T.);
#1826=EDGE_CURVE('',#2283,#2282,#252,.T.);
#1827=EDGE_CURVE('',#2284,#2283,#2570,.T.);
#1828=EDGE_CURVE('',#2285,#2284,#253,.T.);
#1829=EDGE_CURVE('',#2285,#2286,#2571,.T.);
#1830=EDGE_CURVE('',#2287,#2286,#254,.T.);
#1831=EDGE_CURVE('',#2288,#2287,#2572,.T.);
#1832=EDGE_CURVE('',#2289,#2288,#255,.T.);
#1833=EDGE_CURVE('',#2289,#2290,#2573,.T.);
#1834=EDGE_CURVE('',#2291,#2290,#256,.T.);
#1835=EDGE_CURVE('',#2292,#2291,#2574,.T.);
#1836=EDGE_CURVE('',#2269,#2292,#257,.T.);
#1837=EDGE_CURVE('',#2267,#2293,#258,.T.);
#1838=EDGE_CURVE('',#2294,#2293,#259,.T.);
#1839=EDGE_CURVE('',#2294,#2274,#260,.T.);
#1840=EDGE_CURVE('',#2295,#2265,#261,.T.);
#1841=EDGE_CURVE('',#2296,#2263,#262,.T.);
#1842=EDGE_CURVE('',#2296,#2297,#263,.T.);
#1843=EDGE_CURVE('',#2298,#2297,#264,.T.);
#1844=EDGE_CURVE('',#2298,#2299,#265,.T.);
#1845=EDGE_CURVE('',#2300,#2299,#266,.T.);
#1846=EDGE_CURVE('',#2300,#2301,#267,.T.);
#1847=EDGE_CURVE('',#2258,#2301,#268,.T.);
#1848=EDGE_CURVE('',#2260,#2302,#269,.T.);
#1849=EDGE_CURVE('',#2303,#2302,#270,.T.);
#1850=EDGE_CURVE('',#2303,#2304,#271,.T.);
#1851=EDGE_CURVE('',#2305,#2304,#272,.T.);
#1852=EDGE_CURVE('',#2305,#2306,#273,.T.);
#1853=EDGE_CURVE('',#2306,#2307,#2575,.T.);
#1854=EDGE_CURVE('',#2307,#2308,#274,.T.);
#1855=EDGE_CURVE('',#2309,#2308,#2576,.T.);
#1856=EDGE_CURVE('',#2309,#2310,#275,.T.);
#1857=EDGE_CURVE('',#2311,#2310,#276,.T.);
#1858=EDGE_CURVE('',#2311,#2312,#277,.T.);
#1859=EDGE_CURVE('',#2312,#2313,#2577,.T.);
#1860=EDGE_CURVE('',#2313,#2314,#278,.T.);
#1861=EDGE_CURVE('',#2315,#2314,#2578,.T.);
#1862=EDGE_CURVE('',#2315,#2316,#279,.F.);
#1863=EDGE_CURVE('',#2316,#2295,#2579,.T.);
#1864=EDGE_CURVE('',#2264,#2261,#280,.T.);
#1865=EDGE_CURVE('',#2317,#2266,#2580,.T.);
#1866=EDGE_CURVE('',#2318,#2317,#2581,.T.);
#1867=EDGE_CURVE('',#2318,#2262,#281,.T.);
#1868=EDGE_CURVE('',#2270,#2272,#282,.T.);
#1869=EDGE_CURVE('',#2268,#2271,#283,.T.);
#1870=EDGE_CURVE('',#2319,#2320,#2582,.F.);
#1871=EDGE_CURVE('',#2259,#2319,#284,.T.);
#1872=EDGE_CURVE('',#2257,#2320,#285,.T.);
#1873=EDGE_CURVE('',#2321,#2322,#2583,.T.);
#1874=EDGE_CURVE('',#2322,#2323,#286,.T.);
#1875=EDGE_CURVE('',#2324,#2323,#2584,.T.);
#1876=EDGE_CURVE('',#2321,#2324,#287,.T.);
#1877=EDGE_CURVE('',#2324,#2325,#2585,.T.);
#1878=EDGE_CURVE('',#2323,#2326,#2586,.T.);
#1879=EDGE_CURVE('',#2325,#2326,#2587,.T.);
#1880=EDGE_CURVE('',#2327,#2325,#288,.T.);
#1881=EDGE_CURVE('',#2328,#2326,#289,.T.);
#1882=EDGE_CURVE('',#2327,#2328,#2588,.T.);
#1883=EDGE_CURVE('',#2322,#2328,#2589,.T.);
#1884=EDGE_CURVE('',#2321,#2327,#2590,.T.);
#1885=EDGE_CURVE('',#2329,#2309,#290,.T.);
#1886=EDGE_CURVE('',#2330,#2329,#291,.T.);
#1887=EDGE_CURVE('',#2330,#2310,#2591,.T.);
#1888=EDGE_CURVE('',#2331,#2308,#109,.T.);
#1889=EDGE_CURVE('',#2329,#2331,#2592,.T.);
#1890=EDGE_CURVE('',#2332,#2331,#110,.T.);
#1891=EDGE_CURVE('',#2333,#2332,#2593,.T.);
#1892=EDGE_CURVE('',#2333,#2334,#292,.T.);
#1893=EDGE_CURVE('',#2334,#2330,#445,.T.);
#1894=EDGE_CURVE('',#2335,#2333,#293,.T.);
#1895=EDGE_CURVE('',#2336,#2332,#111,.T.);
#1896=EDGE_CURVE('',#2335,#2336,#2594,.T.);
#1897=EDGE_CURVE('',#2313,#2336,#112,.T.);
#1898=EDGE_CURVE('',#2312,#2335,#294,.T.);
#1899=EDGE_CURVE('',#2337,#2318,#295,.T.);
#1900=EDGE_CURVE('',#2338,#2317,#113,.T.);
#1901=EDGE_CURVE('',#2337,#2338,#2595,.T.);
#1902=EDGE_CURVE('',#2339,#2337,#296,.T.);
#1903=EDGE_CURVE('',#2340,#2338,#114,.T.);
#1904=EDGE_CURVE('',#2339,#2340,#2596,.T.);
#1905=EDGE_CURVE('',#2341,#2339,#297,.T.);
#1906=EDGE_CURVE('',#2342,#2340,#115,.T.);
#1907=EDGE_CURVE('',#2341,#2342,#2597,.T.);
#1908=EDGE_CURVE('',#2343,#2341,#298,.T.);
#1909=EDGE_CURVE('',#2344,#2342,#116,.T.);
#1910=EDGE_CURVE('',#2343,#2344,#2598,.T.);
#1911=EDGE_CURVE('',#2345,#2343,#299,.T.);
#1912=EDGE_CURVE('',#2346,#2344,#117,.T.);
#1913=EDGE_CURVE('',#2345,#2346,#2599,.T.);
#1914=EDGE_CURVE('',#2347,#2345,#300,.T.);
#1915=EDGE_CURVE('',#2348,#2346,#118,.T.);
#1916=EDGE_CURVE('',#2347,#2348,#2600,.T.);
#1917=EDGE_CURVE('',#2307,#2349,#119,.T.);
#1918=EDGE_CURVE('',#2306,#2349,#301,.T.);
#1919=EDGE_CURVE('',#2350,#2351,#302,.T.);
#1920=EDGE_CURVE('',#2352,#2351,#120,.T.);
#1921=EDGE_CURVE('',#2350,#2352,#2601,.T.);
#1922=EDGE_CURVE('',#2353,#2350,#303,.T.);
#1923=EDGE_CURVE('',#2353,#2352,#121,.T.);
#1924=EDGE_CURVE('',#2231,#2320,#304,.T.);
#1925=EDGE_CURVE('',#2298,#2301,#2602,.T.);
#1926=EDGE_CURVE('',#2354,#2297,#2603,.T.);
#1927=EDGE_CURVE('',#2354,#2355,#305,.T.);
#1928=EDGE_CURVE('',#2355,#2356,#306,.T.);
#1929=EDGE_CURVE('',#2356,#2357,#307,.T.);
#1930=EDGE_CURVE('',#2357,#2358,#2604,.T.);
#1931=EDGE_CURVE('',#2358,#2359,#308,.T.);
#1932=EDGE_CURVE('',#2359,#2360,#309,.T.);
#1933=EDGE_CURVE('',#2360,#2361,#2605,.T.);
#1934=EDGE_CURVE('',#2361,#2362,#310,.T.);
#1935=EDGE_CURVE('',#2362,#2363,#311,.T.);
#1936=EDGE_CURVE('',#2363,#2364,#312,.T.);
#1937=EDGE_CURVE('',#2233,#2364,#2606,.T.);
#1938=EDGE_CURVE('',#2355,#2365,#2607,.T.);
#1939=EDGE_CURVE('',#2366,#2365,#122,.T.);
#1940=EDGE_CURVE('',#2356,#2366,#2608,.T.);
#1941=EDGE_CURVE('',#2367,#2354,#446,.T.);
#1942=EDGE_CURVE('',#2368,#2367,#313,.T.);
#1943=EDGE_CURVE('',#2368,#2369,#2609,.T.);
#1944=EDGE_CURVE('',#2365,#2369,#123,.T.);
#1945=EDGE_CURVE('',#2370,#2368,#314,.T.);
#1946=EDGE_CURVE('',#2370,#2371,#2610,.T.);
#1947=EDGE_CURVE('',#2369,#2371,#124,.T.);
#1948=EDGE_CURVE('',#2372,#2370,#315,.T.);
#1949=EDGE_CURVE('',#2372,#2373,#2611,.T.);
#1950=EDGE_CURVE('',#2371,#2373,#125,.T.);
#1951=EDGE_CURVE('',#2374,#2372,#316,.T.);
#1952=EDGE_CURVE('',#2374,#2375,#2612,.T.);
#1953=EDGE_CURVE('',#2373,#2375,#126,.T.);
#1954=EDGE_CURVE('',#2376,#2374,#317,.T.);
#1955=EDGE_CURVE('',#2376,#2377,#2613,.T.);
#1956=EDGE_CURVE('',#2375,#2377,#127,.T.);
#1957=EDGE_CURVE('',#2378,#2376,#318,.T.);
#1958=EDGE_CURVE('',#2378,#2379,#2614,.T.);
#1959=EDGE_CURVE('',#2377,#2379,#128,.T.);
#1960=EDGE_CURVE('',#2380,#2378,#319,.T.);
#1961=EDGE_CURVE('',#2380,#2381,#2615,.T.);
#1962=EDGE_CURVE('',#2379,#2381,#129,.T.);
#1963=EDGE_CURVE('',#2382,#2380,#320,.T.);
#1964=EDGE_CURVE('',#2382,#2383,#2616,.T.);
#1965=EDGE_CURVE('',#2381,#2383,#130,.T.);
#1966=EDGE_CURVE('',#2384,#2382,#321,.T.);
#1967=EDGE_CURVE('',#2384,#2385,#2617,.T.);
#1968=EDGE_CURVE('',#2383,#2385,#131,.T.);
#1969=EDGE_CURVE('',#2386,#2384,#322,.T.);
#1970=EDGE_CURVE('',#2386,#2387,#2618,.T.);
#1971=EDGE_CURVE('',#2385,#2387,#132,.T.);
#1972=EDGE_CURVE('',#2388,#2386,#323,.T.);
#1973=EDGE_CURVE('',#2388,#2389,#2619,.T.);
#1974=EDGE_CURVE('',#2387,#2389,#133,.T.);
#1975=EDGE_CURVE('',#2390,#2388,#324,.T.);
#1976=EDGE_CURVE('',#2390,#2391,#2620,.T.);
#1977=EDGE_CURVE('',#2389,#2391,#134,.T.);
#1978=EDGE_CURVE('',#2363,#2392,#2621,.T.);
#1979=EDGE_CURVE('',#2391,#2392,#135,.T.);
#1980=EDGE_CURVE('',#2393,#2390,#325,.T.);
#1981=EDGE_CURVE('',#2364,#2393,#447,.T.);
#1982=EDGE_CURVE('',#2362,#2394,#2622,.T.);
#1983=EDGE_CURVE('',#2392,#2394,#136,.T.);
#1984=EDGE_CURVE('',#2394,#2361,#137,.T.);
#1985=EDGE_CURVE('',#2357,#2366,#138,.T.);
#1986=EDGE_CURVE('',#2359,#2395,#2623,.T.);
#1987=EDGE_CURVE('',#2360,#2395,#139,.T.);
#1988=EDGE_CURVE('',#2395,#2358,#140,.T.);
#1989=EDGE_CURVE('',#2304,#2303,#2624,.T.);
#1990=EDGE_CURVE('',#2305,#2302,#2625,.T.);
#1991=EDGE_CURVE('',#2334,#2311,#2626,.T.);
#1992=EDGE_CURVE('',#2222,#2229,#2627,.T.);
#1993=EDGE_CURVE('',#2223,#2228,#2628,.T.);
#1994=EDGE_CURVE('',#2230,#2280,#2629,.T.);
#1995=EDGE_CURVE('',#2212,#2279,#2630,.T.);
#1996=EDGE_CURVE('',#2396,#2396,#326,.T.);
#1997=EDGE_CURVE('',#2397,#2397,#327,.T.);
#1998=EDGE_CURVE('',#2237,#2347,#328,.T.);
#1999=EDGE_CURVE('',#2398,#2292,#329,.T.);
#2000=EDGE_CURVE('',#2289,#2398,#330,.T.);
#2001=EDGE_CURVE('',#2399,#2288,#331,.T.);
#2002=EDGE_CURVE('',#2285,#2399,#332,.T.);
#2003=EDGE_CURVE('',#2400,#2284,#333,.T.);
#2004=EDGE_CURVE('',#2281,#2400,#334,.T.);
#2005=EDGE_CURVE('',#2241,#2240,#335,.T.);
#2006=EDGE_CURVE('',#2245,#2244,#336,.T.);
#2007=EDGE_CURVE('',#2401,#2273,#337,.T.);
#2008=EDGE_CURVE('',#2401,#2211,#338,.T.);
#2009=EDGE_CURVE('',#2402,#2278,#339,.T.);
#2010=EDGE_CURVE('',#2275,#2402,#340,.T.);
#2011=EDGE_CURVE('',#2232,#2319,#341,.T.);
#2012=EDGE_CURVE('',#2403,#2256,#342,.T.);
#2013=EDGE_CURVE('',#2351,#2403,#2631,.T.);
#2014=EDGE_CURVE('',#2349,#2353,#2632,.T.);
#2015=EDGE_CURVE('',#2404,#2227,#343,.T.);
#2016=EDGE_CURVE('',#2224,#2404,#344,.T.);
#2017=EDGE_CURVE('',#2249,#2248,#345,.T.);
#2018=EDGE_CURVE('',#2253,#2252,#346,.T.);
#2019=EDGE_CURVE('',#2404,#2405,#2633,.T.);
#2020=EDGE_CURVE('',#2225,#2405,#141,.T.);
#2021=EDGE_CURVE('',#2295,#2314,#142,.T.);
#2022=EDGE_CURVE('',#2406,#2291,#143,.T.);
#2023=EDGE_CURVE('',#2398,#2406,#2634,.T.);
#2024=EDGE_CURVE('',#2238,#2348,#144,.T.);
#2025=EDGE_CURVE('',#2407,#2287,#145,.T.);
#2026=EDGE_CURVE('',#2399,#2407,#2635,.T.);
#2027=EDGE_CURVE('',#2290,#2406,#146,.T.);
#2028=EDGE_CURVE('',#2242,#2239,#147,.T.);
#2029=EDGE_CURVE('',#2408,#2283,#148,.T.);
#2030=EDGE_CURVE('',#2400,#2408,#2636,.T.);
#2031=EDGE_CURVE('',#2286,#2407,#149,.T.);
#2032=EDGE_CURVE('',#2246,#2243,#150,.T.);
#2033=EDGE_CURVE('',#2282,#2408,#151,.T.);
#2034=EDGE_CURVE('',#2250,#2247,#152,.T.);
#2035=EDGE_CURVE('',#2409,#2277,#153,.T.);
#2036=EDGE_CURVE('',#2402,#2409,#2637,.T.);
#2037=EDGE_CURVE('',#2254,#2251,#154,.T.);
#2038=EDGE_CURVE('',#2276,#2409,#155,.T.);
#2039=EDGE_CURVE('',#2403,#2255,#156,.T.);
#2040=EDGE_CURVE('',#2405,#2226,#157,.T.);
#2041=EDGE_CURVE('',#2299,#2300,#2638,.T.);
#2042=EDGE_CURVE('',#2367,#2296,#2639,.T.);
#2043=EDGE_CURVE('',#2219,#2216,#2640,.T.);
#2044=EDGE_CURVE('',#2218,#2217,#2641,.T.);
#2045=EDGE_CURVE('',#2215,#2293,#2642,.T.);
#2046=EDGE_CURVE('',#2214,#2294,#2643,.T.);
#2047=EDGE_CURVE('',#2234,#2393,#2644,.T.);
#2048=EDGE_CURVE('',#2410,#2410,#347,.T.);
#2049=EDGE_CURVE('',#2411,#2411,#348,.T.);
#2050=EDGE_CURVE('',#2412,#2213,#349,.T.);
#2051=EDGE_CURVE('',#2412,#2274,#350,.T.);
#2052=EDGE_CURVE('',#2412,#2401,#2645,.T.);
#2053=VERTEX_POINT('',#4620);
#2054=VERTEX_POINT('',#4621);
#2055=VERTEX_POINT('',#4623);
#2056=VERTEX_POINT('',#4625);
#2057=VERTEX_POINT('',#4627);
#2058=VERTEX_POINT('',#4631);
#2059=VERTEX_POINT('',#4633);
#2060=VERTEX_POINT('',#4635);
#2061=VERTEX_POINT('',#4640);
#2062=VERTEX_POINT('',#4644);
#2063=VERTEX_POINT('',#4656);
#2064=VERTEX_POINT('',#4657);
#2065=VERTEX_POINT('',#4659);
#2066=VERTEX_POINT('',#4661);
#2067=VERTEX_POINT('',#4665);
#2068=VERTEX_POINT('',#4666);
#2069=VERTEX_POINT('',#4671);
#2070=VERTEX_POINT('',#4675);
#2071=VERTEX_POINT('',#4679);
#2072=VERTEX_POINT('',#4680);
#2073=VERTEX_POINT('',#4682);
#2074=VERTEX_POINT('',#4684);
#2075=VERTEX_POINT('',#4686);
#2076=VERTEX_POINT('',#4688);
#2077=VERTEX_POINT('',#4690);
#2078=VERTEX_POINT('',#4692);
#2079=VERTEX_POINT('',#4694);
#2080=VERTEX_POINT('',#4696);
#2081=VERTEX_POINT('',#4698);
#2082=VERTEX_POINT('',#4700);
#2083=VERTEX_POINT('',#4702);
#2084=VERTEX_POINT('',#4704);
#2085=VERTEX_POINT('',#4706);
#2086=VERTEX_POINT('',#4708);
#2087=VERTEX_POINT('',#4710);
#2088=VERTEX_POINT('',#4713);
#2089=VERTEX_POINT('',#4714);
#2090=VERTEX_POINT('',#4716);
#2091=VERTEX_POINT('',#4724);
#2092=VERTEX_POINT('',#4743);
#2093=VERTEX_POINT('',#4745);
#2094=VERTEX_POINT('',#4747);
#2095=VERTEX_POINT('',#4749);
#2096=VERTEX_POINT('',#4751);
#2097=VERTEX_POINT('',#4753);
#2098=VERTEX_POINT('',#4755);
#2099=VERTEX_POINT('',#4757);
#2100=VERTEX_POINT('',#4759);
#2101=VERTEX_POINT('',#4761);
#2102=VERTEX_POINT('',#4777);
#2103=VERTEX_POINT('',#4779);
#2104=VERTEX_POINT('',#4781);
#2105=VERTEX_POINT('',#4786);
#2106=VERTEX_POINT('',#4788);
#2107=VERTEX_POINT('',#4790);
#2108=VERTEX_POINT('',#4792);
#2109=VERTEX_POINT('',#4817);
#2110=VERTEX_POINT('',#4833);
#2111=VERTEX_POINT('',#4835);
#2112=VERTEX_POINT('',#4845);
#2113=VERTEX_POINT('',#4847);
#2114=VERTEX_POINT('',#4857);
#2115=VERTEX_POINT('',#4859);
#2116=VERTEX_POINT('',#4861);
#2117=VERTEX_POINT('',#4870);
#2118=VERTEX_POINT('',#4872);
#2119=VERTEX_POINT('',#4874);
#2120=VERTEX_POINT('',#4883);
#2121=VERTEX_POINT('',#4888);
#2122=VERTEX_POINT('',#4897);
#2123=VERTEX_POINT('',#4899);
#2124=VERTEX_POINT('',#4911);
#2125=VERTEX_POINT('',#4913);
#2126=VERTEX_POINT('',#4915);
#2127=VERTEX_POINT('',#4947);
#2128=VERTEX_POINT('',#4957);
#2129=VERTEX_POINT('',#4966);
#2130=VERTEX_POINT('',#4968);
#2131=VERTEX_POINT('',#4972);
#2132=VERTEX_POINT('',#4973);
#2133=VERTEX_POINT('',#4978);
#2134=VERTEX_POINT('',#4979);
#2135=VERTEX_POINT('',#5001);
#2136=VERTEX_POINT('',#5053);
#2137=VERTEX_POINT('',#5057);
#2138=VERTEX_POINT('',#5061);
#2139=VERTEX_POINT('',#5065);
#2140=VERTEX_POINT('',#5069);
#2141=VERTEX_POINT('',#5073);
#2142=VERTEX_POINT('',#5077);
#2143=VERTEX_POINT('',#5081);
#2144=VERTEX_POINT('',#5085);
#2145=VERTEX_POINT('',#5089);
#2146=VERTEX_POINT('',#5192);
#2147=VERTEX_POINT('',#5196);
#2148=VERTEX_POINT('',#5200);
#2149=VERTEX_POINT('',#5216);
#2150=VERTEX_POINT('',#5220);
#2151=VERTEX_POINT('',#5227);
#2152=VERTEX_POINT('',#5234);
#2153=VERTEX_POINT('',#5311);
#2154=VERTEX_POINT('',#5356);
#2155=VERTEX_POINT('',#5363);
#2156=VERTEX_POINT('',#5385);
#2157=VERTEX_POINT('',#5392);
#2158=VERTEX_POINT('',#5414);
#2159=VERTEX_POINT('',#5421);
#2160=VERTEX_POINT('',#5428);
#2161=VERTEX_POINT('',#5435);
#2162=VERTEX_POINT('',#5436);
#2163=VERTEX_POINT('',#5444);
#2164=VERTEX_POINT('',#5465);
#2165=VERTEX_POINT('',#5479);
#2166=VERTEX_POINT('',#5497);
#2167=VERTEX_POINT('',#5501);
#2168=VERTEX_POINT('',#5539);
#2169=VERTEX_POINT('',#5543);
#2170=VERTEX_POINT('',#5547);
#2171=VERTEX_POINT('',#5642);
#2172=VERTEX_POINT('',#5671);
#2173=VERTEX_POINT('',#5699);
#2174=VERTEX_POINT('',#5703);
#2175=VERTEX_POINT('',#5707);
#2176=VERTEX_POINT('',#5713);
#2177=VERTEX_POINT('',#5717);
#2178=VERTEX_POINT('',#5721);
#2179=VERTEX_POINT('',#5725);
#2180=VERTEX_POINT('',#5729);
#2181=VERTEX_POINT('',#5733);
#2182=VERTEX_POINT('',#5737);
#2183=VERTEX_POINT('',#5741);
#2184=VERTEX_POINT('',#5745);
#2185=VERTEX_POINT('',#5749);
#2186=VERTEX_POINT('',#5753);
#2187=VERTEX_POINT('',#5757);
#2188=VERTEX_POINT('',#5761);
#2189=VERTEX_POINT('',#5765);
#2190=VERTEX_POINT('',#5769);
#2191=VERTEX_POINT('',#5811);
#2192=VERTEX_POINT('',#5812);
#2193=VERTEX_POINT('',#5814);
#2194=VERTEX_POINT('',#5816);
#2195=VERTEX_POINT('',#5829);
#2196=VERTEX_POINT('',#5830);
#2197=VERTEX_POINT('',#5832);
#2198=VERTEX_POINT('',#5834);
#2199=VERTEX_POINT('',#5841);
#2200=VERTEX_POINT('',#5843);
#2201=VERTEX_POINT('',#5890);
#2202=VERTEX_POINT('',#5910);
#2203=VERTEX_POINT('',#5916);
#2204=VERTEX_POINT('',#5917);
#2205=VERTEX_POINT('',#5919);
#2206=VERTEX_POINT('',#5921);
#2207=VERTEX_POINT('',#5925);
#2208=VERTEX_POINT('',#5927);
#2209=VERTEX_POINT('',#5931);
#2210=VERTEX_POINT('',#5935);
#2211=VERTEX_POINT('',#6028);
#2212=VERTEX_POINT('',#6029);
#2213=VERTEX_POINT('',#6031);
#2214=VERTEX_POINT('',#6036);
#2215=VERTEX_POINT('',#6041);
#2216=VERTEX_POINT('',#6055);
#2217=VERTEX_POINT('',#6060);
#2218=VERTEX_POINT('',#6123);
#2219=VERTEX_POINT('',#6128);
#2220=VERTEX_POINT('',#6159);
#2221=VERTEX_POINT('',#6161);
#2222=VERTEX_POINT('',#6188);
#2223=VERTEX_POINT('',#6193);
#2224=VERTEX_POINT('',#6216);
#2225=VERTEX_POINT('',#6218);
#2226=VERTEX_POINT('',#6223);
#2227=VERTEX_POINT('',#6225);
#2228=VERTEX_POINT('',#6268);
#2229=VERTEX_POINT('',#6273);
#2230=VERTEX_POINT('',#6285);
#2231=VERTEX_POINT('',#6335);
#2232=VERTEX_POINT('',#6336);
#2233=VERTEX_POINT('',#6387);
#2234=VERTEX_POINT('',#6389);
#2235=VERTEX_POINT('',#6415);
#2236=VERTEX_POINT('',#6417);
#2237=VERTEX_POINT('',#6422);
#2238=VERTEX_POINT('',#6424);
#2239=VERTEX_POINT('',#6432);
#2240=VERTEX_POINT('',#6434);
#2241=VERTEX_POINT('',#6439);
#2242=VERTEX_POINT('',#6441);
#2243=VERTEX_POINT('',#6449);
#2244=VERTEX_POINT('',#6451);
#2245=VERTEX_POINT('',#6460);
#2246=VERTEX_POINT('',#6462);
#2247=VERTEX_POINT('',#6470);
#2248=VERTEX_POINT('',#6472);
#2249=VERTEX_POINT('',#6484);
#2250=VERTEX_POINT('',#6486);
#2251=VERTEX_POINT('',#6494);
#2252=VERTEX_POINT('',#6496);
#2253=VERTEX_POINT('',#6509);
#2254=VERTEX_POINT('',#6511);
#2255=VERTEX_POINT('',#6517);
#2256=VERTEX_POINT('',#6519);
#2257=VERTEX_POINT('',#6552);
#2258=VERTEX_POINT('',#6553);
#2259=VERTEX_POINT('',#6555);
#2260=VERTEX_POINT('',#6560);
#2261=VERTEX_POINT('',#6567);
#2262=VERTEX_POINT('',#6569);
#2263=VERTEX_POINT('',#6579);
#2264=VERTEX_POINT('',#6580);
#2265=VERTEX_POINT('',#6582);
#2266=VERTEX_POINT('',#6584);
#2267=VERTEX_POINT('',#6591);
#2268=VERTEX_POINT('',#6592);
#2269=VERTEX_POINT('',#6594);
#2270=VERTEX_POINT('',#6599);
#2271=VERTEX_POINT('',#6607);
#2272=VERTEX_POINT('',#6609);
#2273=VERTEX_POINT('',#6664);
#2274=VERTEX_POINT('',#6665);
#2275=VERTEX_POINT('',#6690);
#2276=VERTEX_POINT('',#6692);
#2277=VERTEX_POINT('',#6697);
#2278=VERTEX_POINT('',#6699);
#2279=VERTEX_POINT('',#6721);
#2280=VERTEX_POINT('',#6726);
#2281=VERTEX_POINT('',#6731);
#2282=VERTEX_POINT('',#6733);
#2283=VERTEX_POINT('',#6738);
#2284=VERTEX_POINT('',#6740);
#2285=VERTEX_POINT('',#6753);
#2286=VERTEX_POINT('',#6755);
#2287=VERTEX_POINT('',#6760);
#2288=VERTEX_POINT('',#6762);
#2289=VERTEX_POINT('',#6769);
#2290=VERTEX_POINT('',#6771);
#2291=VERTEX_POINT('',#6790);
#2292=VERTEX_POINT('',#6792);
#2293=VERTEX_POINT('',#6829);
#2294=VERTEX_POINT('',#6834);
#2295=VERTEX_POINT('',#6952);
#2296=VERTEX_POINT('',#6981);
#2297=VERTEX_POINT('',#6986);
#2298=VERTEX_POINT('',#7050);
#2299=VERTEX_POINT('',#7055);
#2300=VERTEX_POINT('',#7068);
#2301=VERTEX_POINT('',#7073);
#2302=VERTEX_POINT('',#7083);
#2303=VERTEX_POINT('',#7088);
#2304=VERTEX_POINT('',#7097);
#2305=VERTEX_POINT('',#7102);
#2306=VERTEX_POINT('',#7146);
#2307=VERTEX_POINT('',#7148);
#2308=VERTEX_POINT('',#7153);
#2309=VERTEX_POINT('',#7155);
#2310=VERTEX_POINT('',#7178);
#2311=VERTEX_POINT('',#7183);
#2312=VERTEX_POINT('',#7205);
#2313=VERTEX_POINT('',#7207);
#2314=VERTEX_POINT('',#7218);
#2315=VERTEX_POINT('',#7220);
#2316=VERTEX_POINT('',#7225);
#2317=VERTEX_POINT('',#7233);
#2318=VERTEX_POINT('',#7235);
#2319=VERTEX_POINT('',#7258);
#2320=VERTEX_POINT('',#7259);
#2321=VERTEX_POINT('',#7272);
#2322=VERTEX_POINT('',#7273);
#2323=VERTEX_POINT('',#7288);
#2324=VERTEX_POINT('',#7290);
#2325=VERTEX_POINT('',#7308);
#2326=VERTEX_POINT('',#7310);
#2327=VERTEX_POINT('',#7328);
#2328=VERTEX_POINT('',#7343);
#2329=VERTEX_POINT('',#7422);
#2330=VERTEX_POINT('',#7435);
#2331=VERTEX_POINT('',#7439);
#2332=VERTEX_POINT('',#7443);
#2333=VERTEX_POINT('',#7445);
#2334=VERTEX_POINT('',#7450);
#2335=VERTEX_POINT('',#7467);
#2336=VERTEX_POINT('',#7469);
#2337=VERTEX_POINT('',#7489);
#2338=VERTEX_POINT('',#7491);
#2339=VERTEX_POINT('',#7510);
#2340=VERTEX_POINT('',#7512);
#2341=VERTEX_POINT('',#7535);
#2342=VERTEX_POINT('',#7537);
#2343=VERTEX_POINT('',#7556);
#2344=VERTEX_POINT('',#7558);
#2345=VERTEX_POINT('',#7581);
#2346=VERTEX_POINT('',#7583);
#2347=VERTEX_POINT('',#7602);
#2348=VERTEX_POINT('',#7604);
#2349=VERTEX_POINT('',#7608);
#2350=VERTEX_POINT('',#7630);
#2351=VERTEX_POINT('',#7631);
#2352=VERTEX_POINT('',#7633);
#2353=VERTEX_POINT('',#7644);
#2354=VERTEX_POINT('',#7710);
#2355=VERTEX_POINT('',#7719);
#2356=VERTEX_POINT('',#7735);
#2357=VERTEX_POINT('',#7757);
#2358=VERTEX_POINT('',#7759);
#2359=VERTEX_POINT('',#7767);
#2360=VERTEX_POINT('',#7775);
#2361=VERTEX_POINT('',#7777);
#2362=VERTEX_POINT('',#7797);
#2363=VERTEX_POINT('',#7813);
#2364=VERTEX_POINT('',#7821);
#2365=VERTEX_POINT('',#7825);
#2366=VERTEX_POINT('',#7827);
#2367=VERTEX_POINT('',#7831);
#2368=VERTEX_POINT('',#7836);
#2369=VERTEX_POINT('',#7838);
#2370=VERTEX_POINT('',#7854);
#2371=VERTEX_POINT('',#7856);
#2372=VERTEX_POINT('',#7872);
#2373=VERTEX_POINT('',#7874);
#2374=VERTEX_POINT('',#7890);
#2375=VERTEX_POINT('',#7892);
#2376=VERTEX_POINT('',#7906);
#2377=VERTEX_POINT('',#7908);
#2378=VERTEX_POINT('',#7928);
#2379=VERTEX_POINT('',#7930);
#2380=VERTEX_POINT('',#7946);
#2381=VERTEX_POINT('',#7948);
#2382=VERTEX_POINT('',#7967);
#2383=VERTEX_POINT('',#7969);
#2384=VERTEX_POINT('',#7982);
#2385=VERTEX_POINT('',#7984);
#2386=VERTEX_POINT('',#8002);
#2387=VERTEX_POINT('',#8004);
#2388=VERTEX_POINT('',#8016);
#2389=VERTEX_POINT('',#8018);
#2390=VERTEX_POINT('',#8032);
#2391=VERTEX_POINT('',#8034);
#2392=VERTEX_POINT('',#8038);
#2393=VERTEX_POINT('',#8044);
#2394=VERTEX_POINT('',#8048);
#2395=VERTEX_POINT('',#8056);
#2396=VERTEX_POINT('',#8230);
#2397=VERTEX_POINT('',#8250);
#2398=VERTEX_POINT('',#8263);
#2399=VERTEX_POINT('',#8272);
#2400=VERTEX_POINT('',#8281);
#2401=VERTEX_POINT('',#8481);
#2402=VERTEX_POINT('',#8500);
#2403=VERTEX_POINT('',#8628);
#2404=VERTEX_POINT('',#8717);
#2405=VERTEX_POINT('',#8809);
#2406=VERTEX_POINT('',#8815);
#2407=VERTEX_POINT('',#8821);
#2408=VERTEX_POINT('',#8829);
#2409=VERTEX_POINT('',#8841);
#2410=VERTEX_POINT('',#8986);
#2411=VERTEX_POINT('',#9006);
#2412=VERTEX_POINT('',#9070);
#2413=LINE('',#4619,#2646);
#2414=LINE('',#4622,#2647);
#2415=LINE('',#4624,#2648);
#2416=LINE('',#4626,#2649);
#2417=LINE('',#4628,#2650);
#2418=LINE('',#4632,#2651);
#2419=LINE('',#4634,#2652);
#2420=LINE('',#4636,#2653);
#2421=LINE('',#4639,#2654);
#2422=LINE('',#4641,#2655);
#2423=LINE('',#4643,#2656);
#2424=LINE('',#4645,#2657);
#2425=LINE('',#4647,#2658);
#2426=LINE('',#4658,#2659);
#2427=LINE('',#4660,#2660);
#2428=LINE('',#4662,#2661);
#2429=LINE('',#4664,#2662);
#2430=LINE('',#4667,#2663);
#2431=LINE('',#4668,#2664);
#2432=LINE('',#4670,#2665);
#2433=LINE('',#4672,#2666);
#2434=LINE('',#4674,#2667);
#2435=LINE('',#4676,#2668);
#2436=LINE('',#4712,#2669);
#2437=LINE('',#4715,#2670);
#2438=LINE('',#4744,#2671);
#2439=LINE('',#4746,#2672);
#2440=LINE('',#4748,#2673);
#2441=LINE('',#4750,#2674);
#2442=LINE('',#4752,#2675);
#2443=LINE('',#4754,#2676);
#2444=LINE('',#4756,#2677);
#2445=LINE('',#4758,#2678);
#2446=LINE('',#4760,#2679);
#2447=LINE('',#4778,#2680);
#2448=LINE('',#4780,#2681);
#2449=LINE('',#4787,#2682);
#2450=LINE('',#4789,#2683);
#2451=LINE('',#4912,#2684);
#2452=LINE('',#4914,#2685);
#2453=LINE('',#4967,#2686);
#2454=LINE('',#4974,#2687);
#2455=LINE('',#4975,#2688);
#2456=LINE('',#4977,#2689);
#2457=LINE('',#4980,#2690);
#2458=LINE('',#4981,#2691);
#2459=LINE('',#5002,#2692);
#2460=LINE('',#5054,#2693);
#2461=LINE('',#5056,#2694);
#2462=LINE('',#5058,#2695);
#2463=LINE('',#5060,#2696);
#2464=LINE('',#5062,#2697);
#2465=LINE('',#5064,#2698);
#2466=LINE('',#5066,#2699);
#2467=LINE('',#5068,#2700);
#2468=LINE('',#5070,#2701);
#2469=LINE('',#5072,#2702);
#2470=LINE('',#5074,#2703);
#2471=LINE('',#5076,#2704);
#2472=LINE('',#5078,#2705);
#2473=LINE('',#5080,#2706);
#2474=LINE('',#5082,#2707);
#2475=LINE('',#5084,#2708);
#2476=LINE('',#5086,#2709);
#2477=LINE('',#5088,#2710);
#2478=LINE('',#5090,#2711);
#2479=LINE('',#5193,#2712);
#2480=LINE('',#5195,#2713);
#2481=LINE('',#5197,#2714);
#2482=LINE('',#5199,#2715);
#2483=LINE('',#5201,#2716);
#2484=LINE('',#5217,#2717);
#2485=LINE('',#5219,#2718);
#2486=LINE('',#5226,#2719);
#2487=LINE('',#5312,#2720);
#2488=LINE('',#5441,#2721);
#2489=LINE('',#5466,#2722);
#2490=LINE('',#5480,#2723);
#2491=LINE('',#5498,#2724);
#2492=LINE('',#5540,#2725);
#2493=LINE('',#5542,#2726);
#2494=LINE('',#5544,#2727);
#2495=LINE('',#5546,#2728);
#2496=LINE('',#5548,#2729);
#2497=LINE('',#5643,#2730);
#2498=LINE('',#5672,#2731);
#2499=LINE('',#5700,#2732);
#2500=LINE('',#5702,#2733);
#2501=LINE('',#5704,#2734);
#2502=LINE('',#5708,#2735);
#2503=LINE('',#5710,#2736);
#2504=LINE('',#5714,#2737);
#2505=LINE('',#5718,#2738);
#2506=LINE('',#5722,#2739);
#2507=LINE('',#5726,#2740);
#2508=LINE('',#5730,#2741);
#2509=LINE('',#5734,#2742);
#2510=LINE('',#5738,#2743);
#2511=LINE('',#5742,#2744);
#2512=LINE('',#5746,#2745);
#2513=LINE('',#5750,#2746);
#2514=LINE('',#5754,#2747);
#2515=LINE('',#5758,#2748);
#2516=LINE('',#5762,#2749);
#2517=LINE('',#5766,#2750);
#2518=LINE('',#5770,#2751);
#2519=LINE('',#5813,#2752);
#2520=LINE('',#5815,#2753);
#2521=LINE('',#5817,#2754);
#2522=LINE('',#5831,#2755);
#2523=LINE('',#5833,#2756);
#2524=LINE('',#5835,#2757);
#2525=LINE('',#5837,#2758);
#2526=LINE('',#5838,#2759);
#2527=LINE('',#5844,#2760);
#2528=LINE('',#5846,#2761);
#2529=LINE('',#5915,#2762);
#2530=LINE('',#5918,#2763);
#2531=LINE('',#5920,#2764);
#2532=LINE('',#5922,#2765);
#2533=LINE('',#5924,#2766);
#2534=LINE('',#5926,#2767);
#2535=LINE('',#5928,#2768);
#2536=LINE('',#5930,#2769);
#2537=LINE('',#5932,#2770);
#2538=LINE('',#5934,#2771);
#2539=LINE('',#5936,#2772);
#2540=LINE('',#5938,#2773);
#2541=LINE('',#6030,#2774);
#2542=LINE('',#6160,#2775);
#2543=LINE('',#6217,#2776);
#2544=LINE('',#6224,#2777);
#2545=LINE('',#6334,#2778);
#2546=LINE('',#6388,#2779);
#2547=LINE('',#6416,#2780);
#2548=LINE('',#6423,#2781);
#2549=LINE('',#6433,#2782);
#2550=LINE('',#6440,#2783);
#2551=LINE('',#6450,#2784);
#2552=LINE('',#6461,#2785);
#2553=LINE('',#6471,#2786);
#2554=LINE('',#6485,#2787);
#2555=LINE('',#6495,#2788);
#2556=LINE('',#6510,#2789);
#2557=LINE('',#6518,#2790);
#2558=LINE('',#6554,#2791);
#2559=LINE('',#6561,#2792);
#2560=LINE('',#6568,#2793);
#2561=LINE('',#6581,#2794);
#2562=LINE('',#6585,#2795);
#2563=LINE('',#6593,#2796);
#2564=LINE('',#6600,#2797);
#2565=LINE('',#6608,#2798);
#2566=LINE('',#6663,#2799);
#2567=LINE('',#6691,#2800);
#2568=LINE('',#6698,#2801);
#2569=LINE('',#6732,#2802);
#2570=LINE('',#6739,#2803);
#2571=LINE('',#6754,#2804);
#2572=LINE('',#6761,#2805);
#2573=LINE('',#6770,#2806);
#2574=LINE('',#6791,#2807);
#2575=LINE('',#7147,#2808);
#2576=LINE('',#7154,#2809);
#2577=LINE('',#7206,#2810);
#2578=LINE('',#7219,#2811);
#2579=LINE('',#7226,#2812);
#2580=LINE('',#7232,#2813);
#2581=LINE('',#7234,#2814);
#2582=LINE('',#7257,#2815);
#2583=LINE('',#7271,#2816);
#2584=LINE('',#7289,#2817);
#2585=LINE('',#7307,#2818);
#2586=LINE('',#7309,#2819);
#2587=LINE('',#7311,#2820);
#2588=LINE('',#7344,#2821);
#2589=LINE('',#7346,#2822);
#2590=LINE('',#7347,#2823);
#2591=LINE('',#7436,#2824);
#2592=LINE('',#7440,#2825);
#2593=LINE('',#7444,#2826);
#2594=LINE('',#7470,#2827);
#2595=LINE('',#7492,#2828);
#2596=LINE('',#7513,#2829);
#2597=LINE('',#7538,#2830);
#2598=LINE('',#7559,#2831);
#2599=LINE('',#7584,#2832);
#2600=LINE('',#7605,#2833);
#2601=LINE('',#7634,#2834);
#2602=LINE('',#7708,#2835);
#2603=LINE('',#7709,#2836);
#2604=LINE('',#7758,#2837);
#2605=LINE('',#7776,#2838);
#2606=LINE('',#7822,#2839);
#2607=LINE('',#7824,#2840);
#2608=LINE('',#7828,#2841);
#2609=LINE('',#7837,#2842);
#2610=LINE('',#7855,#2843);
#2611=LINE('',#7873,#2844);
#2612=LINE('',#7891,#2845);
#2613=LINE('',#7907,#2846);
#2614=LINE('',#7929,#2847);
#2615=LINE('',#7947,#2848);
#2616=LINE('',#7968,#2849);
#2617=LINE('',#7983,#2850);
#2618=LINE('',#8003,#2851);
#2619=LINE('',#8017,#2852);
#2620=LINE('',#8033,#2853);
#2621=LINE('',#8037,#2854);
#2622=LINE('',#8047,#2855);
#2623=LINE('',#8055,#2856);
#2624=LINE('',#8061,#2857);
#2625=LINE('',#8062,#2858);
#2626=LINE('',#8064,#2859);
#2627=LINE('',#8066,#2860);
#2628=LINE('',#8067,#2861);
#2629=LINE('',#8069,#2862);
#2630=LINE('',#8070,#2863);
#2631=LINE('',#8629,#2864);
#2632=LINE('',#8630,#2865);
#2633=LINE('',#8808,#2866);
#2634=LINE('',#8816,#2867);
#2635=LINE('',#8822,#2868);
#2636=LINE('',#8830,#2869);
#2637=LINE('',#8842,#2870);
#2638=LINE('',#8852,#2871);
#2639=LINE('',#8854,#2872);
#2640=LINE('',#8856,#2873);
#2641=LINE('',#8857,#2874);
#2642=LINE('',#8859,#2875);
#2643=LINE('',#8860,#2876);
#2644=LINE('',#8862,#2877);
#2645=LINE('',#9135,#2878);
#2646=VECTOR('',#3864,1.);
#2647=VECTOR('',#3865,1.);
#2648=VECTOR('',#3866,1.);
#2649=VECTOR('',#3867,1.);
#2650=VECTOR('',#3868,1.);
#2651=VECTOR('',#3873,1.);
#2652=VECTOR('',#3874,1.);
#2653=VECTOR('',#3875,1.);
#2654=VECTOR('',#3880,1.);
#2655=VECTOR('',#3881,1.);
#2656=VECTOR('',#3884,1.);
#2657=VECTOR('',#3885,1.);
#2658=VECTOR('',#3888,1.);
#2659=VECTOR('',#3897,1.);
#2660=VECTOR('',#3898,1.);
#2661=VECTOR('',#3899,1.);
#2662=VECTOR('',#3902,1.);
#2663=VECTOR('',#3903,1.);
#2664=VECTOR('',#3904,1.);
#2665=VECTOR('',#3907,1.);
#2666=VECTOR('',#3908,1.);
#2667=VECTOR('',#3911,1.);
#2668=VECTOR('',#3912,1.);
#2669=VECTOR('',#3949,1.);
#2670=VECTOR('',#3950,1.);
#2671=VECTOR('',#3951,1.);
#2672=VECTOR('',#3952,1.);
#2673=VECTOR('',#3953,1.);
#2674=VECTOR('',#3954,1.);
#2675=VECTOR('',#3955,1.);
#2676=VECTOR('',#3956,1.);
#2677=VECTOR('',#3957,1.);
#2678=VECTOR('',#3958,1.);
#2679=VECTOR('',#3959,1.);
#2680=VECTOR('',#3960,1.);
#2681=VECTOR('',#3961,1.);
#2682=VECTOR('',#3962,1.);
#2683=VECTOR('',#3963,1.);
#2684=VECTOR('',#3980,1.);
#2685=VECTOR('',#3981,1.);
#2686=VECTOR('',#3982,1.);
#2687=VECTOR('',#3989,1.);
#2688=VECTOR('',#3990,1.);
#2689=VECTOR('',#3993,1.);
#2690=VECTOR('',#3994,1.);
#2691=VECTOR('',#3995,1.);
#2692=VECTOR('',#3996,1.);
#2693=VECTOR('',#3997,1.);
#2694=VECTOR('',#4000,1.);
#2695=VECTOR('',#4001,1.);
#2696=VECTOR('',#4004,1.);
#2697=VECTOR('',#4005,1.);
#2698=VECTOR('',#4008,1.);
#2699=VECTOR('',#4009,1.);
#2700=VECTOR('',#4012,1.);
#2701=VECTOR('',#4013,1.);
#2702=VECTOR('',#4016,1.);
#2703=VECTOR('',#4017,1.);
#2704=VECTOR('',#4020,1.);
#2705=VECTOR('',#4021,1.);
#2706=VECTOR('',#4024,1.);
#2707=VECTOR('',#4025,1.);
#2708=VECTOR('',#4028,1.);
#2709=VECTOR('',#4029,1.);
#2710=VECTOR('',#4032,1.);
#2711=VECTOR('',#4033,1.);
#2712=VECTOR('',#4034,1.);
#2713=VECTOR('',#4037,1.);
#2714=VECTOR('',#4038,1.);
#2715=VECTOR('',#4041,1.);
#2716=VECTOR('',#4042,1.);
#2717=VECTOR('',#4043,1.);
#2718=VECTOR('',#4046,1.);
#2719=VECTOR('',#4049,1.);
#2720=VECTOR('',#4054,1.);
#2721=VECTOR('',#4075,1.);
#2722=VECTOR('',#4080,1.);
#2723=VECTOR('',#4081,1.);
#2724=VECTOR('',#4082,1.);
#2725=VECTOR('',#4087,1.);
#2726=VECTOR('',#4090,1.);
#2727=VECTOR('',#4091,1.);
#2728=VECTOR('',#4094,1.);
#2729=VECTOR('',#4095,1.);
#2730=VECTOR('',#4096,1.);
#2731=VECTOR('',#4097,1.);
#2732=VECTOR('',#4098,1.);
#2733=VECTOR('',#4101,1.);
#2734=VECTOR('',#4102,1.);
#2735=VECTOR('',#4107,1.);
#2736=VECTOR('',#4110,1.);
#2737=VECTOR('',#4115,1.);
#2738=VECTOR('',#4120,1.);
#2739=VECTOR('',#4125,1.);
#2740=VECTOR('',#4130,1.);
#2741=VECTOR('',#4135,1.);
#2742=VECTOR('',#4140,1.);
#2743=VECTOR('',#4145,1.);
#2744=VECTOR('',#4150,1.);
#2745=VECTOR('',#4155,1.);
#2746=VECTOR('',#4160,1.);
#2747=VECTOR('',#4165,1.);
#2748=VECTOR('',#4170,1.);
#2749=VECTOR('',#4175,1.);
#2750=VECTOR('',#4180,1.);
#2751=VECTOR('',#4185,1.);
#2752=VECTOR('',#4196,1.);
#2753=VECTOR('',#4197,1.);
#2754=VECTOR('',#4198,1.);
#2755=VECTOR('',#4201,1.);
#2756=VECTOR('',#4202,1.);
#2757=VECTOR('',#4203,1.);
#2758=VECTOR('',#4206,1.);
#2759=VECTOR('',#4207,1.);
#2760=VECTOR('',#4214,1.);
#2761=VECTOR('',#4217,1.);
#2762=VECTOR('',#4226,1.);
#2763=VECTOR('',#4227,1.);
#2764=VECTOR('',#4228,1.);
#2765=VECTOR('',#4229,1.);
#2766=VECTOR('',#4232,1.);
#2767=VECTOR('',#4233,1.);
#2768=VECTOR('',#4234,1.);
#2769=VECTOR('',#4237,1.);
#2770=VECTOR('',#4238,1.);
#2771=VECTOR('',#4241,1.);
#2772=VECTOR('',#4242,1.);
#2773=VECTOR('',#4245,1.);
#2774=VECTOR('',#4250,1.);
#2775=VECTOR('',#4251,1.);
#2776=VECTOR('',#4252,1.);
#2777=VECTOR('',#4253,1.);
#2778=VECTOR('',#4254,1.);
#2779=VECTOR('',#4255,1.);
#2780=VECTOR('',#4256,1.);
#2781=VECTOR('',#4257,1.);
#2782=VECTOR('',#4258,1.);
#2783=VECTOR('',#4259,1.);
#2784=VECTOR('',#4260,1.);
#2785=VECTOR('',#4261,1.);
#2786=VECTOR('',#4262,1.);
#2787=VECTOR('',#4263,1.);
#2788=VECTOR('',#4264,1.);
#2789=VECTOR('',#4265,1.);
#2790=VECTOR('',#4266,1.);
#2791=VECTOR('',#4269,1.);
#2792=VECTOR('',#4270,1.);
#2793=VECTOR('',#4273,1.);
#2794=VECTOR('',#4276,1.);
#2795=VECTOR('',#4279,1.);
#2796=VECTOR('',#4282,1.);
#2797=VECTOR('',#4283,1.);
#2798=VECTOR('',#4286,1.);
#2799=VECTOR('',#4287,1.);
#2800=VECTOR('',#4288,1.);
#2801=VECTOR('',#4289,1.);
#2802=VECTOR('',#4290,1.);
#2803=VECTOR('',#4291,1.);
#2804=VECTOR('',#4292,1.);
#2805=VECTOR('',#4293,1.);
#2806=VECTOR('',#4294,1.);
#2807=VECTOR('',#4295,1.);
#2808=VECTOR('',#4296,1.);
#2809=VECTOR('',#4297,1.);
#2810=VECTOR('',#4298,1.);
#2811=VECTOR('',#4299,1.);
#2812=VECTOR('',#4300,1.);
#2813=VECTOR('',#4303,1.);
#2814=VECTOR('',#4304,1.);
#2815=VECTOR('',#4307,1.);
#2816=VECTOR('',#4310,1.);
#2817=VECTOR('',#4311,1.);
#2818=VECTOR('',#4314,1.);
#2819=VECTOR('',#4315,1.);
#2820=VECTOR('',#4316,1.);
#2821=VECTOR('',#4319,1.);
#2822=VECTOR('',#4322,1.);
#2823=VECTOR('',#4323,1.);
#2824=VECTOR('',#4324,1.);
#2825=VECTOR('',#4329,1.);
#2826=VECTOR('',#4334,1.);
#2827=VECTOR('',#4341,1.);
#2828=VECTOR('',#4350,1.);
#2829=VECTOR('',#4355,1.);
#2830=VECTOR('',#4360,1.);
#2831=VECTOR('',#4365,1.);
#2832=VECTOR('',#4370,1.);
#2833=VECTOR('',#4375,1.);
#2834=VECTOR('',#4384,1.);
#2835=VECTOR('',#4389,1.);
#2836=VECTOR('',#4390,1.);
#2837=VECTOR('',#4391,1.);
#2838=VECTOR('',#4392,1.);
#2839=VECTOR('',#4393,1.);
#2840=VECTOR('',#4396,1.);
#2841=VECTOR('',#4399,1.);
#2842=VECTOR('',#4404,1.);
#2843=VECTOR('',#4409,1.);
#2844=VECTOR('',#4414,1.);
#2845=VECTOR('',#4419,1.);
#2846=VECTOR('',#4424,1.);
#2847=VECTOR('',#4429,1.);
#2848=VECTOR('',#4434,1.);
#2849=VECTOR('',#4439,1.);
#2850=VECTOR('',#4444,1.);
#2851=VECTOR('',#4449,1.);
#2852=VECTOR('',#4454,1.);
#2853=VECTOR('',#4459,1.);
#2854=VECTOR('',#4464,1.);
#2855=VECTOR('',#4471,1.);
#2856=VECTOR('',#4484,1.);
#2857=VECTOR('',#4493,1.);
#2858=VECTOR('',#4494,1.);
#2859=VECTOR('',#4497,1.);
#2860=VECTOR('',#4500,1.);
#2861=VECTOR('',#4501,1.);
#2862=VECTOR('',#4504,1.);
#2863=VECTOR('',#4505,1.);
#2864=VECTOR('',#4506,1.);
#2865=VECTOR('',#4507,1.);
#2866=VECTOR('',#4510,1.);
#2867=VECTOR('',#4521,1.);
#2868=VECTOR('',#4530,1.);
#2869=VECTOR('',#4543,1.);
#2870=VECTOR('',#4564,1.);
#2871=VECTOR('',#4583,1.);
#2872=VECTOR('',#4586,1.);
#2873=VECTOR('',#4589,1.);
#2874=VECTOR('',#4590,1.);
#2875=VECTOR('',#4593,1.);
#2876=VECTOR('',#4594,1.);
#2877=VECTOR('',#4597,1.);
#2878=VECTOR('',#4610,1.);
#2879=EDGE_LOOP('',(#448,#449,#450,#451,#452));
#2880=EDGE_LOOP('',(#453,#454,#455,#456,#457));
#2881=EDGE_LOOP('',(#458,#459,#460,#461,#462));
#2882=EDGE_LOOP('',(#463,#464,#465,#466));
#2883=EDGE_LOOP('',(#467,#468,#469,#470));
#2884=EDGE_LOOP('',(#471,#472,#473,#474));
#2885=EDGE_LOOP('',(#475,#476,#477));
#2886=EDGE_LOOP('',(#478,#479,#480,#481));
#2887=EDGE_LOOP('',(#482,#483,#484,#485));
#2888=EDGE_LOOP('',(#486,#487,#488,#489));
#2889=EDGE_LOOP('',(#490,#491,#492,#493));
#2890=EDGE_LOOP('',(#494,#495,#496,#497,#498,#499,#500,#501,#502,#503,#504,
#505,#506,#507,#508,#509,#510));
#2891=EDGE_LOOP('',(#511,#512,#513,#514,#515,#516,#517,#518,#519,#520,#521,
#522,#523,#524,#525,#526,#527,#528,#529,#530,#531,#532,#533,#534,#535,#536,
#537,#538,#539,#540,#541,#542,#543,#544,#545,#546,#547,#548,#549,#550,#551,
#552,#553));
#2892=EDGE_LOOP('',(#554,#555,#556,#557));
#2893=EDGE_LOOP('',(#558,#559,#560,#561));
#2894=EDGE_LOOP('',(#562,#563,#564,#565));
#2895=EDGE_LOOP('',(#566,#567,#568,#569));
#2896=EDGE_LOOP('',(#570,#571,#572,#573));
#2897=EDGE_LOOP('',(#574,#575,#576,#577));
#2898=EDGE_LOOP('',(#578,#579,#580,#581));
#2899=EDGE_LOOP('',(#582,#583,#584,#585));
#2900=EDGE_LOOP('',(#586,#587,#588,#589));
#2901=EDGE_LOOP('',(#590,#591,#592,#593));
#2902=EDGE_LOOP('',(#594,#595,#596,#597));
#2903=EDGE_LOOP('',(#598,#599,#600,#601));
#2904=EDGE_LOOP('',(#602,#603,#604,#605));
#2905=EDGE_LOOP('',(#606,#607,#608,#609));
#2906=EDGE_LOOP('',(#610,#611,#612,#613));
#2907=EDGE_LOOP('',(#614,#615,#616,#617));
#2908=EDGE_LOOP('',(#618,#619,#620,#621));
#2909=EDGE_LOOP('',(#622,#623,#624,#625));
#2910=EDGE_LOOP('',(#626,#627,#628,#629));
#2911=EDGE_LOOP('',(#630,#631,#632,#633));
#2912=EDGE_LOOP('',(#634,#635,#636,#637));
#2913=EDGE_LOOP('',(#638,#639,#640,#641));
#2914=EDGE_LOOP('',(#642,#643,#644,#645));
#2915=EDGE_LOOP('',(#646,#647,#648,#649));
#2916=EDGE_LOOP('',(#650,#651,#652,#653));
#2917=EDGE_LOOP('',(#654,#655,#656,#657));
#2918=EDGE_LOOP('',(#658,#659,#660,#661));
#2919=EDGE_LOOP('',(#662,#663,#664,#665));
#2920=EDGE_LOOP('',(#666,#667,#668,#669));
#2921=EDGE_LOOP('',(#670,#671,#672,#673));
#2922=EDGE_LOOP('',(#674,#675,#676,#677));
#2923=EDGE_LOOP('',(#678,#679,#680,#681));
#2924=EDGE_LOOP('',(#682,#683,#684,#685));
#2925=EDGE_LOOP('',(#686,#687,#688,#689));
#2926=EDGE_LOOP('',(#690,#691,#692,#693));
#2927=EDGE_LOOP('',(#694,#695,#696,#697));
#2928=EDGE_LOOP('',(#698,#699,#700,#701));
#2929=EDGE_LOOP('',(#702,#703,#704,#705));
#2930=EDGE_LOOP('',(#706,#707,#708,#709));
#2931=EDGE_LOOP('',(#710,#711,#712,#713));
#2932=EDGE_LOOP('',(#714,#715,#716,#717));
#2933=EDGE_LOOP('',(#718,#719,#720,#721));
#2934=EDGE_LOOP('',(#722,#723,#724,#725));
#2935=EDGE_LOOP('',(#726,#727,#728,#729));
#2936=EDGE_LOOP('',(#730,#731,#732,#733));
#2937=EDGE_LOOP('',(#734,#735,#736,#737));
#2938=EDGE_LOOP('',(#738,#739,#740,#741));
#2939=EDGE_LOOP('',(#742,#743,#744,#745));
#2940=EDGE_LOOP('',(#746,#747,#748,#749));
#2941=EDGE_LOOP('',(#750,#751,#752,#753));
#2942=EDGE_LOOP('',(#754,#755,#756,#757));
#2943=EDGE_LOOP('',(#758,#759,#760,#761));
#2944=EDGE_LOOP('',(#762,#763,#764,#765));
#2945=EDGE_LOOP('',(#766,#767,#768,#769));
#2946=EDGE_LOOP('',(#770,#771,#772,#773));
#2947=EDGE_LOOP('',(#774,#775,#776,#777));
#2948=EDGE_LOOP('',(#778,#779,#780,#781));
#2949=EDGE_LOOP('',(#782,#783,#784,#785));
#2950=EDGE_LOOP('',(#786,#787,#788,#789));
#2951=EDGE_LOOP('',(#790,#791,#792,#793,#794,#795,#796,#797,#798,#799,#800,
#801,#802,#803,#804,#805,#806,#807,#808,#809,#810,#811,#812,#813,#814,#815,
#816,#817,#818,#819,#820,#821,#822,#823,#824,#825,#826,#827,#828,#829,#830,
#831,#832,#833,#834,#835,#836));
#2952=EDGE_LOOP('',(#837,#838,#839,#840,#841,#842,#843,#844,#845,#846,#847,
#848,#849,#850,#851,#852,#853));
#2953=EDGE_LOOP('',(#854,#855,#856,#857,#858,#859,#860,#861));
#2954=EDGE_LOOP('',(#862,#863,#864,#865));
#2955=EDGE_LOOP('',(#866,#867,#868,#869));
#2956=EDGE_LOOP('',(#870,#871,#872,#873));
#2957=EDGE_LOOP('',(#874));
#2958=EDGE_LOOP('',(#875));
#2959=EDGE_LOOP('',(#876,#877,#878,#879));
#2960=EDGE_LOOP('',(#880,#881,#882,#883));
#2961=EDGE_LOOP('',(#884));
#2962=EDGE_LOOP('',(#885));
#2963=EDGE_LOOP('',(#886,#887,#888,#889));
#2964=EDGE_LOOP('',(#890));
#2965=EDGE_LOOP('',(#891));
#2966=EDGE_LOOP('',(#892));
#2967=EDGE_LOOP('',(#893));
#2968=EDGE_LOOP('',(#894,#895,#896,#897));
#2969=EDGE_LOOP('',(#898,#899,#900,#901));
#2970=EDGE_LOOP('',(#902,#903,#904,#905));
#2971=EDGE_LOOP('',(#906,#907,#908,#909));
#2972=EDGE_LOOP('',(#910,#911,#912,#913));
#2973=EDGE_LOOP('',(#914,#915,#916,#917));
#2974=EDGE_LOOP('',(#918,#919,#920,#921,#922,#923,#924,#925,#926,#927,#928,
#929,#930,#931,#932,#933,#934,#935,#936,#937));
#2975=EDGE_LOOP('',(#938,#939,#940,#941,#942,#943,#944,#945,#946,#947,#948,
#949,#950,#951,#952,#953,#954,#955,#956,#957,#958,#959,#960,#961,#962,#963));
#2976=EDGE_LOOP('',(#964,#965,#966,#967));
#2977=EDGE_LOOP('',(#968,#969,#970,#971));
#2978=EDGE_LOOP('',(#972,#973,#974,#975));
#2979=EDGE_LOOP('',(#976,#977,#978,#979));
#2980=EDGE_LOOP('',(#980,#981,#982,#983));
#2981=EDGE_LOOP('',(#984,#985,#986,#987,#988,#989,#990,#991,#992,#993,#994,
#995,#996,#997,#998,#999,#1000,#1001,#1002,#1003,#1004,#1005,#1006,#1007));
#2982=EDGE_LOOP('',(#1008,#1009,#1010,#1011,#1012,#1013,#1014,#1015,#1016,
#1017,#1018,#1019,#1020,#1021,#1022,#1023,#1024,#1025,#1026,#1027,#1028,
#1029,#1030,#1031,#1032,#1033));
#2983=EDGE_LOOP('',(#1034,#1035,#1036,#1037,#1038,#1039));
#2984=EDGE_LOOP('',(#1040,#1041,#1042,#1043));
#2985=EDGE_LOOP('',(#1044,#1045,#1046,#1047));
#2986=EDGE_LOOP('',(#1048,#1049,#1050,#1051));
#2987=EDGE_LOOP('',(#1052,#1053,#1054,#1055));
#2988=EDGE_LOOP('',(#1056,#1057,#1058,#1059));
#2989=EDGE_LOOP('',(#1060,#1061,#1062,#1063));
#2990=EDGE_LOOP('',(#1064,#1065,#1066,#1067));
#2991=EDGE_LOOP('',(#1068,#1069,#1070,#1071));
#2992=EDGE_LOOP('',(#1072,#1073,#1074,#1075,#1076,#1077));
#2993=EDGE_LOOP('',(#1078,#1079,#1080,#1081));
#2994=EDGE_LOOP('',(#1082,#1083,#1084,#1085));
#2995=EDGE_LOOP('',(#1086,#1087,#1088,#1089));
#2996=EDGE_LOOP('',(#1090,#1091,#1092,#1093));
#2997=EDGE_LOOP('',(#1094,#1095,#1096,#1097));
#2998=EDGE_LOOP('',(#1098,#1099,#1100,#1101));
#2999=EDGE_LOOP('',(#1102,#1103,#1104,#1105));
#3000=EDGE_LOOP('',(#1106,#1107,#1108,#1109));
#3001=EDGE_LOOP('',(#1110,#1111,#1112));
#3002=EDGE_LOOP('',(#1113,#1114,#1115));
#3003=EDGE_LOOP('',(#1116,#1117,#1118));
#3004=EDGE_LOOP('',(#1119,#1120,#1121,#1122,#1123,#1124,#1125,#1126,#1127,
#1128,#1129,#1130,#1131,#1132,#1133,#1134,#1135,#1136,#1137));
#3005=EDGE_LOOP('',(#1138,#1139,#1140,#1141));
#3006=EDGE_LOOP('',(#1142,#1143,#1144,#1145));
#3007=EDGE_LOOP('',(#1146,#1147,#1148,#1149,#1150,#1151));
#3008=EDGE_LOOP('',(#1152,#1153,#1154,#1155));
#3009=EDGE_LOOP('',(#1156,#1157,#1158,#1159));
#3010=EDGE_LOOP('',(#1160,#1161,#1162,#1163));
#3011=EDGE_LOOP('',(#1164,#1165,#1166,#1167));
#3012=EDGE_LOOP('',(#1168,#1169,#1170,#1171));
#3013=EDGE_LOOP('',(#1172,#1173,#1174,#1175));
#3014=EDGE_LOOP('',(#1176,#1177,#1178,#1179));
#3015=EDGE_LOOP('',(#1180,#1181,#1182,#1183));
#3016=EDGE_LOOP('',(#1184,#1185,#1186,#1187));
#3017=EDGE_LOOP('',(#1188,#1189,#1190,#1191));
#3018=EDGE_LOOP('',(#1192,#1193,#1194,#1195));
#3019=EDGE_LOOP('',(#1196,#1197,#1198,#1199,#1200,#1201));
#3020=EDGE_LOOP('',(#1202,#1203,#1204,#1205));
#3021=EDGE_LOOP('',(#1206,#1207,#1208));
#3022=EDGE_LOOP('',(#1209,#1210,#1211));
#3023=EDGE_LOOP('',(#1212,#1213,#1214));
#3024=EDGE_LOOP('',(#1215,#1216,#1217));
#3025=EDGE_LOOP('',(#1218,#1219,#1220,#1221));
#3026=EDGE_LOOP('',(#1222,#1223,#1224,#1225));
#3027=EDGE_LOOP('',(#1226,#1227,#1228,#1229));
#3028=EDGE_LOOP('',(#1230,#1231,#1232,#1233));
#3029=EDGE_LOOP('',(#1234,#1235));
#3030=EDGE_LOOP('',(#1236));
#3031=EDGE_LOOP('',(#1237));
#3032=EDGE_LOOP('',(#1238,#1239,#1240,#1241,#1242,#1243,#1244,#1245,#1246,
#1247,#1248,#1249,#1250,#1251,#1252,#1253,#1254,#1255,#1256,#1257,#1258,
#1259,#1260,#1261,#1262,#1263,#1264));
#3033=EDGE_LOOP('',(#1265,#1266));
#3034=EDGE_LOOP('',(#1267,#1268));
#3035=EDGE_LOOP('',(#1269,#1270,#1271,#1272,#1273));
#3036=EDGE_LOOP('',(#1274,#1275,#1276,#1277,#1278,#1279,#1280,#1281));
#3037=EDGE_LOOP('',(#1282,#1283,#1284,#1285,#1286,#1287,#1288,#1289,#1290,
#1291,#1292,#1293,#1294));
#3038=EDGE_LOOP('',(#1295,#1296,#1297,#1298));
#3039=EDGE_LOOP('',(#1299,#1300,#1301,#1302,#1303));
#3040=EDGE_LOOP('',(#1304,#1305));
#3041=EDGE_LOOP('',(#1306,#1307));
#3042=EDGE_LOOP('',(#1308,#1309,#1310,#1311));
#3043=EDGE_LOOP('',(#1312,#1313,#1314,#1315));
#3044=EDGE_LOOP('',(#1316,#1317,#1318,#1319));
#3045=EDGE_LOOP('',(#1320,#1321,#1322,#1323));
#3046=EDGE_LOOP('',(#1324,#1325,#1326,#1327));
#3047=EDGE_LOOP('',(#1328,#1329,#1330,#1331));
#3048=EDGE_LOOP('',(#1332,#1333,#1334,#1335));
#3049=EDGE_LOOP('',(#1336,#1337,#1338,#1339));
#3050=EDGE_LOOP('',(#1340,#1341,#1342,#1343));
#3051=EDGE_LOOP('',(#1344,#1345,#1346,#1347));
#3052=EDGE_LOOP('',(#1348,#1349,#1350,#1351));
#3053=EDGE_LOOP('',(#1352,#1353,#1354,#1355));
#3054=EDGE_LOOP('',(#1356,#1357,#1358,#1359));
#3055=EDGE_LOOP('',(#1360,#1361,#1362,#1363));
#3056=EDGE_LOOP('',(#1364,#1365,#1366,#1367));
#3057=EDGE_LOOP('',(#1368,#1369,#1370));
#3058=EDGE_LOOP('',(#1371,#1372,#1373,#1374));
#3059=EDGE_LOOP('',(#1375,#1376,#1377,#1378));
#3060=EDGE_LOOP('',(#1379,#1380,#1381,#1382));
#3061=EDGE_LOOP('',(#1383,#1384,#1385,#1386));
#3062=EDGE_LOOP('',(#1387,#1388,#1389,#1390));
#3063=EDGE_LOOP('',(#1391,#1392,#1393,#1394));
#3064=EDGE_LOOP('',(#1395,#1396));
#3065=EDGE_LOOP('',(#1397));
#3066=EDGE_LOOP('',(#1398));
#3067=EDGE_LOOP('',(#1399,#1400,#1401,#1402,#1403,#1404,#1405,#1406,#1407,
#1408,#1409,#1410,#1411,#1412,#1413,#1414,#1415,#1416,#1417,#1418,#1419,
#1420,#1421,#1422,#1423,#1424,#1425,#1426));
#3068=EDGE_LOOP('',(#1427,#1428,#1429,#1430,#1431));
#3069=EDGE_LOOP('',(#1432,#1433));
#3070=EDGE_LOOP('',(#1434,#1435,#1436));
#3071=EDGE_LOOP('',(#1437,#1438,#1439));
#3072=EDGE_LOOP('',(#1440,#1441,#1442));
#3073=EDGE_LOOP('',(#1443,#1444,#1445));
#3074=EDGE_LOOP('',(#1446,#1447,#1448));
#3075=EDGE_LOOP('',(#1449,#1450,#1451,#1452,#1453,#1454,#1455,#1456,#1457,
#1458,#1459,#1460,#1461,#1462,#1463,#1464,#1465,#1466,#1467,#1468,#1469,
#1470,#1471,#1472,#1473,#1474,#1475,#1476,#1477,#1478,#1479,#1480));
#3076=EDGE_LOOP('',(#1481,#1482,#1483,#1484,#1485,#1486,#1487,#1488,#1489,
#1490,#1491,#1492,#1493,#1494,#1495,#1496,#1497,#1498,#1499,#1500,#1501));
#3077=EDGE_LOOP('',(#1502,#1503,#1504,#1505));
#3078=EDGE_LOOP('',(#1506,#1507,#1508,#1509));
#3079=EDGE_LOOP('',(#1510,#1511,#1512,#1513));
#3080=EDGE_LOOP('',(#1514));
#3081=EDGE_LOOP('',(#1515));
#3082=EDGE_LOOP('',(#1516));
#3083=EDGE_LOOP('',(#1517));
#3084=FACE_BOUND('',#2879,.T.);
#3085=FACE_BOUND('',#2880,.T.);
#3086=FACE_BOUND('',#2881,.T.);
#3087=FACE_BOUND('',#2882,.T.);
#3088=FACE_BOUND('',#2883,.T.);
#3089=FACE_BOUND('',#2884,.T.);
#3090=FACE_BOUND('',#2885,.T.);
#3091=FACE_BOUND('',#2886,.T.);
#3092=FACE_BOUND('',#2887,.T.);
#3093=FACE_BOUND('',#2888,.T.);
#3094=FACE_BOUND('',#2889,.T.);
#3095=FACE_BOUND('',#2890,.T.);
#3096=FACE_BOUND('',#2891,.T.);
#3097=FACE_BOUND('',#2892,.T.);
#3098=FACE_BOUND('',#2893,.T.);
#3099=FACE_BOUND('',#2894,.T.);
#3100=FACE_BOUND('',#2895,.T.);
#3101=FACE_BOUND('',#2896,.T.);
#3102=FACE_BOUND('',#2897,.T.);
#3103=FACE_BOUND('',#2898,.T.);
#3104=FACE_BOUND('',#2899,.T.);
#3105=FACE_BOUND('',#2900,.T.);
#3106=FACE_BOUND('',#2901,.T.);
#3107=FACE_BOUND('',#2902,.T.);
#3108=FACE_BOUND('',#2903,.T.);
#3109=FACE_BOUND('',#2904,.T.);
#3110=FACE_BOUND('',#2905,.T.);
#3111=FACE_BOUND('',#2906,.T.);
#3112=FACE_BOUND('',#2907,.T.);
#3113=FACE_BOUND('',#2908,.T.);
#3114=FACE_BOUND('',#2909,.T.);
#3115=FACE_BOUND('',#2910,.T.);
#3116=FACE_BOUND('',#2911,.T.);
#3117=FACE_BOUND('',#2912,.T.);
#3118=FACE_BOUND('',#2913,.T.);
#3119=FACE_BOUND('',#2914,.T.);
#3120=FACE_BOUND('',#2915,.T.);
#3121=FACE_BOUND('',#2916,.T.);
#3122=FACE_BOUND('',#2917,.T.);
#3123=FACE_BOUND('',#2918,.T.);
#3124=FACE_BOUND('',#2919,.T.);
#3125=FACE_BOUND('',#2920,.T.);
#3126=FACE_BOUND('',#2921,.T.);
#3127=FACE_BOUND('',#2922,.T.);
#3128=FACE_BOUND('',#2923,.T.);
#3129=FACE_BOUND('',#2924,.T.);
#3130=FACE_BOUND('',#2925,.T.);
#3131=FACE_BOUND('',#2926,.T.);
#3132=FACE_BOUND('',#2927,.T.);
#3133=FACE_BOUND('',#2928,.T.);
#3134=FACE_BOUND('',#2929,.T.);
#3135=FACE_BOUND('',#2930,.T.);
#3136=FACE_BOUND('',#2931,.T.);
#3137=FACE_BOUND('',#2932,.T.);
#3138=FACE_BOUND('',#2933,.T.);
#3139=FACE_BOUND('',#2934,.T.);
#3140=FACE_BOUND('',#2935,.T.);
#3141=FACE_BOUND('',#2936,.T.);
#3142=FACE_BOUND('',#2937,.T.);
#3143=FACE_BOUND('',#2938,.T.);
#3144=FACE_BOUND('',#2939,.T.);
#3145=FACE_BOUND('',#2940,.T.);
#3146=FACE_BOUND('',#2941,.T.);
#3147=FACE_BOUND('',#2942,.T.);
#3148=FACE_BOUND('',#2943,.T.);
#3149=FACE_BOUND('',#2944,.T.);
#3150=FACE_BOUND('',#2945,.T.);
#3151=FACE_BOUND('',#2946,.T.);
#3152=FACE_BOUND('',#2947,.T.);
#3153=FACE_BOUND('',#2948,.T.);
#3154=FACE_BOUND('',#2949,.T.);
#3155=FACE_BOUND('',#2950,.T.);
#3156=FACE_BOUND('',#2951,.T.);
#3157=FACE_BOUND('',#2952,.T.);
#3158=FACE_BOUND('',#2953,.T.);
#3159=FACE_BOUND('',#2954,.T.);
#3160=FACE_BOUND('',#2955,.T.);
#3161=FACE_BOUND('',#2956,.T.);
#3162=FACE_BOUND('',#2957,.T.);
#3163=FACE_BOUND('',#2958,.T.);
#3164=FACE_BOUND('',#2959,.T.);
#3165=FACE_BOUND('',#2960,.T.);
#3166=FACE_BOUND('',#2961,.T.);
#3167=FACE_BOUND('',#2962,.T.);
#3168=FACE_BOUND('',#2963,.T.);
#3169=FACE_BOUND('',#2964,.T.);
#3170=FACE_BOUND('',#2965,.T.);
#3171=FACE_BOUND('',#2966,.T.);
#3172=FACE_BOUND('',#2967,.T.);
#3173=FACE_BOUND('',#2968,.T.);
#3174=FACE_BOUND('',#2969,.T.);
#3175=FACE_BOUND('',#2970,.T.);
#3176=FACE_BOUND('',#2971,.T.);
#3177=FACE_BOUND('',#2972,.T.);
#3178=FACE_BOUND('',#2973,.T.);
#3179=FACE_BOUND('',#2974,.T.);
#3180=FACE_BOUND('',#2975,.T.);
#3181=FACE_BOUND('',#2976,.T.);
#3182=FACE_BOUND('',#2977,.T.);
#3183=FACE_BOUND('',#2978,.T.);
#3184=FACE_BOUND('',#2979,.T.);
#3185=FACE_BOUND('',#2980,.T.);
#3186=FACE_BOUND('',#2981,.T.);
#3187=FACE_BOUND('',#2982,.T.);
#3188=FACE_BOUND('',#2983,.T.);
#3189=FACE_BOUND('',#2984,.T.);
#3190=FACE_BOUND('',#2985,.T.);
#3191=FACE_BOUND('',#2986,.T.);
#3192=FACE_BOUND('',#2987,.T.);
#3193=FACE_BOUND('',#2988,.T.);
#3194=FACE_BOUND('',#2989,.T.);
#3195=FACE_BOUND('',#2990,.T.);
#3196=FACE_BOUND('',#2991,.T.);
#3197=FACE_BOUND('',#2992,.T.);
#3198=FACE_BOUND('',#2993,.T.);
#3199=FACE_BOUND('',#2994,.T.);
#3200=FACE_BOUND('',#2995,.T.);
#3201=FACE_BOUND('',#2996,.T.);
#3202=FACE_BOUND('',#2997,.T.);
#3203=FACE_BOUND('',#2998,.T.);
#3204=FACE_BOUND('',#2999,.T.);
#3205=FACE_BOUND('',#3000,.T.);
#3206=FACE_BOUND('',#3001,.T.);
#3207=FACE_BOUND('',#3002,.T.);
#3208=FACE_BOUND('',#3003,.T.);
#3209=FACE_BOUND('',#3004,.T.);
#3210=FACE_BOUND('',#3005,.T.);
#3211=FACE_BOUND('',#3006,.T.);
#3212=FACE_BOUND('',#3007,.T.);
#3213=FACE_BOUND('',#3008,.T.);
#3214=FACE_BOUND('',#3009,.T.);
#3215=FACE_BOUND('',#3010,.T.);
#3216=FACE_BOUND('',#3011,.T.);
#3217=FACE_BOUND('',#3012,.T.);
#3218=FACE_BOUND('',#3013,.T.);
#3219=FACE_BOUND('',#3014,.T.);
#3220=FACE_BOUND('',#3015,.T.);
#3221=FACE_BOUND('',#3016,.T.);
#3222=FACE_BOUND('',#3017,.T.);
#3223=FACE_BOUND('',#3018,.T.);
#3224=FACE_BOUND('',#3019,.T.);
#3225=FACE_BOUND('',#3020,.T.);
#3226=FACE_BOUND('',#3021,.T.);
#3227=FACE_BOUND('',#3022,.T.);
#3228=FACE_BOUND('',#3023,.T.);
#3229=FACE_BOUND('',#3024,.T.);
#3230=FACE_BOUND('',#3025,.T.);
#3231=FACE_BOUND('',#3026,.T.);
#3232=FACE_BOUND('',#3027,.T.);
#3233=FACE_BOUND('',#3028,.T.);
#3234=FACE_BOUND('',#3029,.T.);
#3235=FACE_BOUND('',#3030,.T.);
#3236=FACE_BOUND('',#3031,.T.);
#3237=FACE_BOUND('',#3032,.T.);
#3238=FACE_BOUND('',#3033,.T.);
#3239=FACE_BOUND('',#3034,.T.);
#3240=FACE_BOUND('',#3035,.T.);
#3241=FACE_BOUND('',#3036,.T.);
#3242=FACE_BOUND('',#3037,.T.);
#3243=FACE_BOUND('',#3038,.T.);
#3244=FACE_BOUND('',#3039,.T.);
#3245=FACE_BOUND('',#3040,.T.);
#3246=FACE_BOUND('',#3041,.T.);
#3247=FACE_BOUND('',#3042,.T.);
#3248=FACE_BOUND('',#3043,.T.);
#3249=FACE_BOUND('',#3044,.T.);
#3250=FACE_BOUND('',#3045,.T.);
#3251=FACE_BOUND('',#3046,.T.);
#3252=FACE_BOUND('',#3047,.T.);
#3253=FACE_BOUND('',#3048,.T.);
#3254=FACE_BOUND('',#3049,.T.);
#3255=FACE_BOUND('',#3050,.T.);
#3256=FACE_BOUND('',#3051,.T.);
#3257=FACE_BOUND('',#3052,.T.);
#3258=FACE_BOUND('',#3053,.T.);
#3259=FACE_BOUND('',#3054,.T.);
#3260=FACE_BOUND('',#3055,.T.);
#3261=FACE_BOUND('',#3056,.T.);
#3262=FACE_BOUND('',#3057,.T.);
#3263=FACE_BOUND('',#3058,.T.);
#3264=FACE_BOUND('',#3059,.T.);
#3265=FACE_BOUND('',#3060,.T.);
#3266=FACE_BOUND('',#3061,.T.);
#3267=FACE_BOUND('',#3062,.T.);
#3268=FACE_BOUND('',#3063,.T.);
#3269=FACE_BOUND('',#3064,.T.);
#3270=FACE_BOUND('',#3065,.T.);
#3271=FACE_BOUND('',#3066,.T.);
#3272=FACE_BOUND('',#3067,.T.);
#3273=FACE_BOUND('',#3068,.T.);
#3274=FACE_BOUND('',#3069,.T.);
#3275=FACE_BOUND('',#3070,.T.);
#3276=FACE_BOUND('',#3071,.T.);
#3277=FACE_BOUND('',#3072,.T.);
#3278=FACE_BOUND('',#3073,.T.);
#3279=FACE_BOUND('',#3074,.T.);
#3280=FACE_BOUND('',#3075,.T.);
#3281=FACE_BOUND('',#3076,.T.);
#3282=FACE_BOUND('',#3077,.T.);
#3283=FACE_BOUND('',#3078,.T.);
#3284=FACE_BOUND('',#3079,.T.);
#3285=FACE_BOUND('',#3080,.T.);
#3286=FACE_BOUND('',#3081,.T.);
#3287=FACE_BOUND('',#3082,.T.);
#3288=FACE_BOUND('',#3083,.T.);
#3289=PLANE('',#3599);
#3290=PLANE('',#3600);
#3291=PLANE('',#3602);
#3292=PLANE('',#3604);
#3293=PLANE('',#3605);
#3294=PLANE('',#3606);
#3295=PLANE('',#3609);
#3296=PLANE('',#3610);
#3297=PLANE('',#3611);
#3298=PLANE('',#3612);
#3299=PLANE('',#3613);
#3300=PLANE('',#3642);
#3301=PLANE('',#3643);
#3302=PLANE('',#3644);
#3303=PLANE('',#3645);
#3304=PLANE('',#3646);
#3305=PLANE('',#3647);
#3306=PLANE('',#3648);
#3307=PLANE('',#3649);
#3308=PLANE('',#3650);
#3309=PLANE('',#3651);
#3310=PLANE('',#3652);
#3311=PLANE('',#3653);
#3312=PLANE('',#3654);
#3313=PLANE('',#3655);
#3314=PLANE('',#3672);
#3315=PLANE('',#3673);
#3316=PLANE('',#3674);
#3317=PLANE('',#3677);
#3318=PLANE('',#3710);
#3319=PLANE('',#3712);
#3320=PLANE('',#3713);
#3321=PLANE('',#3714);
#3322=PLANE('',#3715);
#3323=PLANE('',#3718);
#3324=PLANE('',#3722);
#3325=PLANE('',#3723);
#3326=PLANE('',#3724);
#3327=PLANE('',#3725);
#3328=PLANE('',#3726);
#3329=PLANE('',#3727);
#3330=PLANE('',#3735);
#3331=PLANE('',#3736);
#3332=PLANE('',#3737);
#3333=PLANE('',#3738);
#3334=PLANE('',#3739);
#3335=PLANE('',#3740);
#3336=PLANE('',#3808);
#3337=PLANE('',#3809);
#3338=PLANE('',#3810);
#3339=PLANE('',#3811);
#3340=PLANE('',#3846);
#3341=PLANE('',#3847);
#3342=PLANE('',#3848);
#3343=PLANE('',#3849);
#3344=PLANE('',#3850);
#3345=PLANE('',#3851);
#3346=PLANE('',#3852);
#3347=PLANE('',#3853);
#3348=PLANE('',#3854);
#3349=PLANE('',#3855);
#3350=PLANE('',#3856);
#3351=ADVANCED_FACE('',(#3084),#3289,.T.);
#3352=ADVANCED_FACE('',(#3085),#3290,.F.);
#3353=ADVANCED_FACE('',(#3086),#3291,.T.);
#3354=ADVANCED_FACE('',(#3087),#3292,.F.);
#3355=ADVANCED_FACE('',(#3088),#3293,.F.);
#3356=ADVANCED_FACE('',(#3089),#3294,.F.);
#3357=ADVANCED_FACE('',(#3090),#361,.F.);
#3358=ADVANCED_FACE('',(#3091),#3295,.T.);
#3359=ADVANCED_FACE('',(#3092),#3296,.T.);
#3360=ADVANCED_FACE('',(#3093),#3297,.T.);
#3361=ADVANCED_FACE('',(#3094),#3298,.T.);
#3362=ADVANCED_FACE('',(#3095,#3096),#3299,.F.);
#3363=ADVANCED_FACE('',(#3097),#362,.T.);
#3364=ADVANCED_FACE('',(#3098),#3300,.F.);
#3365=ADVANCED_FACE('',(#3099),#14,.F.);
#3366=ADVANCED_FACE('',(#3100),#15,.F.);
#3367=ADVANCED_FACE('',(#3101),#3301,.T.);
#3368=ADVANCED_FACE('',(#3102),#3302,.F.);
#3369=ADVANCED_FACE('',(#3103),#3303,.F.);
#3370=ADVANCED_FACE('',(#3104),#3304,.F.);
#3371=ADVANCED_FACE('',(#3105),#3305,.F.);
#3372=ADVANCED_FACE('',(#3106),#3306,.F.);
#3373=ADVANCED_FACE('',(#3107),#3307,.F.);
#3374=ADVANCED_FACE('',(#3108),#3308,.T.);
#3375=ADVANCED_FACE('',(#3109),#3309,.T.);
#3376=ADVANCED_FACE('',(#3110),#16,.F.);
#3377=ADVANCED_FACE('',(#3111),#3310,.F.);
#3378=ADVANCED_FACE('',(#3112),#3311,.F.);
#3379=ADVANCED_FACE('',(#3113),#17,.F.);
#3380=ADVANCED_FACE('',(#3114),#3312,.F.);
#3381=ADVANCED_FACE('',(#3115),#3313,.F.);
#3382=ADVANCED_FACE('',(#3116),#363,.F.);
#3383=ADVANCED_FACE('',(#3117),#18,.F.);
#3384=ADVANCED_FACE('',(#3118),#19,.F.);
#3385=ADVANCED_FACE('',(#3119),#364,.F.);
#3386=ADVANCED_FACE('',(#3120),#20,.F.);
#3387=ADVANCED_FACE('',(#3121),#365,.F.);
#3388=ADVANCED_FACE('',(#3122),#21,.F.);
#3389=ADVANCED_FACE('',(#3123),#366,.F.);
#3390=ADVANCED_FACE('',(#3124),#367,.F.);
#3391=ADVANCED_FACE('',(#3125),#368,.F.);
#3392=ADVANCED_FACE('',(#3126),#369,.F.);
#3393=ADVANCED_FACE('',(#3127),#22,.T.);
#3394=ADVANCED_FACE('',(#3128),#23,.F.);
#3395=ADVANCED_FACE('',(#3129),#24,.T.);
#3396=ADVANCED_FACE('',(#3130),#370,.F.);
#3397=ADVANCED_FACE('',(#3131),#25,.F.);
#3398=ADVANCED_FACE('',(#3132),#3314,.T.);
#3399=ADVANCED_FACE('',(#3133),#3315,.T.);
#3400=ADVANCED_FACE('',(#3134),#26,.F.);
#3401=ADVANCED_FACE('',(#3135),#27,.F.);
#3402=ADVANCED_FACE('',(#3136),#28,.F.);
#3403=ADVANCED_FACE('',(#3137),#3316,.F.);
#3404=ADVANCED_FACE('',(#3138),#371,.F.);
#3405=ADVANCED_FACE('',(#3139),#3317,.F.);
#3406=ADVANCED_FACE('',(#3140),#372,.T.);
#3407=ADVANCED_FACE('',(#3141),#373,.T.);
#3408=ADVANCED_FACE('',(#3142),#374,.T.);
#3409=ADVANCED_FACE('',(#3143),#375,.T.);
#3410=ADVANCED_FACE('',(#3144),#376,.T.);
#3411=ADVANCED_FACE('',(#3145),#377,.T.);
#3412=ADVANCED_FACE('',(#3146),#378,.T.);
#3413=ADVANCED_FACE('',(#3147),#379,.T.);
#3414=ADVANCED_FACE('',(#3148),#380,.T.);
#3415=ADVANCED_FACE('',(#3149),#381,.T.);
#3416=ADVANCED_FACE('',(#3150),#382,.T.);
#3417=ADVANCED_FACE('',(#3151),#383,.T.);
#3418=ADVANCED_FACE('',(#3152),#384,.T.);
#3419=ADVANCED_FACE('',(#3153),#385,.T.);
#3420=ADVANCED_FACE('',(#3154),#386,.T.);
#3421=ADVANCED_FACE('',(#3155),#387,.T.);
#3422=ADVANCED_FACE('',(#3156,#3157),#3318,.T.);
#3423=ADVANCED_FACE('',(#3158),#29,.F.);
#3424=ADVANCED_FACE('',(#3159),#3319,.F.);
#3425=ADVANCED_FACE('',(#3160),#3320,.T.);
#3426=ADVANCED_FACE('',(#3161),#3321,.F.);
#3427=ADVANCED_FACE('',(#3162,#3163,#3164),#3322,.F.);
#3428=ADVANCED_FACE('',(#3165),#3323,.F.);
#3429=ADVANCED_FACE('',(#3166,#3167,#3168),#30,.F.);
#3430=ADVANCED_FACE('',(#3169,#3170),#10,.F.);
#3431=ADVANCED_FACE('',(#3171,#3172),#11,.F.);
#3432=ADVANCED_FACE('',(#3173),#3324,.F.);
#3433=ADVANCED_FACE('',(#3174),#3325,.T.);
#3434=ADVANCED_FACE('',(#3175),#3326,.F.);
#3435=ADVANCED_FACE('',(#3176),#3327,.F.);
#3436=ADVANCED_FACE('',(#3177),#3328,.F.);
#3437=ADVANCED_FACE('',(#3178),#3329,.T.);
#3438=ADVANCED_FACE('',(#3179),#31,.T.);
#3439=ADVANCED_FACE('',(#3180),#32,.T.);
#3440=ADVANCED_FACE('',(#3181),#388,.T.);
#3441=ADVANCED_FACE('',(#3182),#389,.F.);
#3442=ADVANCED_FACE('',(#3183),#390,.F.);
#3443=ADVANCED_FACE('',(#3184),#391,.F.);
#3444=ADVANCED_FACE('',(#3185),#392,.F.);
#3445=ADVANCED_FACE('',(#3186),#33,.T.);
#3446=ADVANCED_FACE('',(#3187),#34,.F.);
#3447=ADVANCED_FACE('',(#3188),#3330,.F.);
#3448=ADVANCED_FACE('',(#3189),#3331,.F.);
#3449=ADVANCED_FACE('',(#3190),#35,.T.);
#3450=ADVANCED_FACE('',(#3191),#3332,.F.);
#3451=ADVANCED_FACE('',(#3192),#3333,.T.);
#3452=ADVANCED_FACE('',(#3193),#3334,.T.);
#3453=ADVANCED_FACE('',(#3194),#3335,.F.);
#3454=ADVANCED_FACE('',(#3195),#36,.T.);
#3455=ADVANCED_FACE('',(#3196),#393,.F.);
#3456=ADVANCED_FACE('',(#3197),#394,.F.);
#3457=ADVANCED_FACE('',(#3198),#395,.F.);
#3458=ADVANCED_FACE('',(#3199),#396,.F.);
#3459=ADVANCED_FACE('',(#3200),#397,.F.);
#3460=ADVANCED_FACE('',(#3201),#398,.F.);
#3461=ADVANCED_FACE('',(#3202),#399,.F.);
#3462=ADVANCED_FACE('',(#3203),#400,.F.);
#3463=ADVANCED_FACE('',(#3204),#401,.F.);
#3464=ADVANCED_FACE('',(#3205),#402,.F.);
#3465=ADVANCED_FACE('',(#3206),#403,.F.);
#3466=ADVANCED_FACE('',(#3207),#404,.F.);
#3467=ADVANCED_FACE('',(#3208),#405,.F.);
#3468=ADVANCED_FACE('',(#3209,#3210),#37,.F.);
#3469=ADVANCED_FACE('',(#3211),#406,.T.);
#3470=ADVANCED_FACE('',(#3212),#407,.T.);
#3471=ADVANCED_FACE('',(#3213),#408,.T.);
#3472=ADVANCED_FACE('',(#3214),#409,.T.);
#3473=ADVANCED_FACE('',(#3215),#410,.T.);
#3474=ADVANCED_FACE('',(#3216),#411,.T.);
#3475=ADVANCED_FACE('',(#3217),#412,.T.);
#3476=ADVANCED_FACE('',(#3218),#413,.T.);
#3477=ADVANCED_FACE('',(#3219),#414,.T.);
#3478=ADVANCED_FACE('',(#3220),#415,.T.);
#3479=ADVANCED_FACE('',(#3221),#416,.T.);
#3480=ADVANCED_FACE('',(#3222),#417,.T.);
#3481=ADVANCED_FACE('',(#3223),#418,.T.);
#3482=ADVANCED_FACE('',(#3224),#419,.T.);
#3483=ADVANCED_FACE('',(#3225),#420,.T.);
#3484=ADVANCED_FACE('',(#3226),#421,.T.);
#3485=ADVANCED_FACE('',(#3227),#422,.T.);
#3486=ADVANCED_FACE('',(#3228),#423,.T.);
#3487=ADVANCED_FACE('',(#3229),#424,.T.);
#3488=ADVANCED_FACE('',(#3230),#3336,.F.);
#3489=ADVANCED_FACE('',(#3231),#3337,.F.);
#3490=ADVANCED_FACE('',(#3232),#3338,.F.);
#3491=ADVANCED_FACE('',(#3233),#3339,.F.);
#3492=ADVANCED_FACE('',(#3234),#38,.T.);
#3493=ADVANCED_FACE('',(#3235,#3236,#3237),#39,.T.);
#3494=ADVANCED_FACE('',(#3238),#40,.T.);
#3495=ADVANCED_FACE('',(#3239),#41,.T.);
#3496=ADVANCED_FACE('',(#3240),#42,.T.);
#3497=ADVANCED_FACE('',(#3241),#43,.T.);
#3498=ADVANCED_FACE('',(#3242,#3243),#44,.T.);
#3499=ADVANCED_FACE('',(#3244),#45,.T.);
#3500=ADVANCED_FACE('',(#3245),#46,.T.);
#3501=ADVANCED_FACE('',(#3246),#47,.T.);
#3502=ADVANCED_FACE('',(#3247),#425,.F.);
#3503=ADVANCED_FACE('',(#3248),#426,.F.);
#3504=ADVANCED_FACE('',(#3249),#427,.F.);
#3505=ADVANCED_FACE('',(#3250),#428,.F.);
#3506=ADVANCED_FACE('',(#3251),#429,.F.);
#3507=ADVANCED_FACE('',(#3252),#430,.F.);
#3508=ADVANCED_FACE('',(#3253),#431,.F.);
#3509=ADVANCED_FACE('',(#3254),#432,.F.);
#3510=ADVANCED_FACE('',(#3255),#433,.F.);
#3511=ADVANCED_FACE('',(#3256),#434,.F.);
#3512=ADVANCED_FACE('',(#3257),#435,.F.);
#3513=ADVANCED_FACE('',(#3258),#436,.F.);
#3514=ADVANCED_FACE('',(#3259),#437,.F.);
#3515=ADVANCED_FACE('',(#3260),#438,.F.);
#3516=ADVANCED_FACE('',(#3261),#439,.F.);
#3517=ADVANCED_FACE('',(#3262),#440,.F.);
#3518=ADVANCED_FACE('',(#3263),#441,.F.);
#3519=ADVANCED_FACE('',(#3264),#3340,.T.);
#3520=ADVANCED_FACE('',(#3265),#3341,.T.);
#3521=ADVANCED_FACE('',(#3266),#3342,.T.);
#3522=ADVANCED_FACE('',(#3267),#3343,.T.);
#3523=ADVANCED_FACE('',(#3268),#3344,.T.);
#3524=ADVANCED_FACE('',(#3269),#48,.F.);
#3525=ADVANCED_FACE('',(#3270,#3271,#3272),#49,.F.);
#3526=ADVANCED_FACE('',(#3273),#50,.F.);
#3527=ADVANCED_FACE('',(#3274),#51,.F.);
#3528=ADVANCED_FACE('',(#3275),#3345,.F.);
#3529=ADVANCED_FACE('',(#3276),#3346,.F.);
#3530=ADVANCED_FACE('',(#3277),#3347,.F.);
#3531=ADVANCED_FACE('',(#3278),#3348,.F.);
#3532=ADVANCED_FACE('',(#3279),#3349,.F.);
#3533=ADVANCED_FACE('',(#3280,#3281),#3350,.F.);
#3534=ADVANCED_FACE('',(#3282),#52,.T.);
#3535=ADVANCED_FACE('',(#3283),#442,.F.);
#3536=ADVANCED_FACE('',(#3284),#53,.F.);
#3537=ADVANCED_FACE('',(#3285,#3286),#12,.F.);
#3538=ADVANCED_FACE('',(#3287,#3288),#13,.F.);
#3539=CLOSED_SHELL('',(#3351,#3352,#3353,#3354,#3355,#3356,#3357));
#3540=CLOSED_SHELL('',(#3358,#3359,#3360,#3361,#3362,#3363,#3364,#3365,
#3366,#3367,#3368,#3369,#3370,#3371,#3372,#3373,#3374,#3375,#3376,#3377,
#3378,#3379,#3380,#3381,#3382,#3383,#3384,#3385,#3386,#3387,#3388,#3389,
#3390,#3391,#3392,#3393,#3394,#3395,#3396,#3397,#3398,#3399,#3400,#3401,
#3402,#3403,#3404,#3405,#3406,#3407,#3408,#3409,#3410,#3411,#3412,#3413,
#3414,#3415,#3416,#3417,#3418,#3419,#3420,#3421,#3422,#3423));
#3541=CLOSED_SHELL('',(#3424,#3425,#3426,#3427,#3428,#3429,#3430,#3431));
#3542=CLOSED_SHELL('',(#3432,#3433,#3434,#3435,#3436,#3437));
#3543=CLOSED_SHELL('',(#3438,#3439,#3440,#3441,#3442,#3443,#3444,#3445,
#3446,#3447,#3448,#3449,#3450,#3451,#3452,#3453,#3454,#3455,#3456,#3457,
#3458,#3459,#3460,#3461,#3462,#3463,#3464,#3465,#3466,#3467,#3468,#3469,
#3470,#3471,#3472,#3473,#3474,#3475,#3476,#3477,#3478,#3479,#3480,#3481,
#3482,#3483,#3484,#3485,#3486,#3487,#3488,#3489,#3490,#3491,#3492,#3493,
#3494,#3495,#3496,#3497,#3498,#3499,#3500,#3501,#3502,#3503,#3504,#3505,
#3506,#3507,#3508,#3509,#3510,#3511,#3512,#3513,#3514,#3515,#3516,#3517,
#3518,#3519,#3520,#3521,#3522,#3523,#3524,#3525,#3526,#3527,#3528,#3529,
#3530,#3531,#3532,#3533,#3534,#3535,#3536,#3537,#3538));
#3544=STYLED_ITEM('',(#3549),#3583);
#3545=STYLED_ITEM('',(#3550),#3584);
#3546=STYLED_ITEM('',(#3551),#3585);
#3547=STYLED_ITEM('',(#3552),#3586);
#3548=STYLED_ITEM('',(#3553),#3587);
#3549=PRESENTATION_STYLE_ASSIGNMENT((#3554));
#3550=PRESENTATION_STYLE_ASSIGNMENT((#3555));
#3551=PRESENTATION_STYLE_ASSIGNMENT((#3556));
#3552=PRESENTATION_STYLE_ASSIGNMENT((#3557));
#3553=PRESENTATION_STYLE_ASSIGNMENT((#3558));
#3554=SURFACE_STYLE_USAGE(.BOTH.,#3559);
#3555=SURFACE_STYLE_USAGE(.BOTH.,#3560);
#3556=SURFACE_STYLE_USAGE(.BOTH.,#3561);
#3557=SURFACE_STYLE_USAGE(.BOTH.,#3562);
#3558=SURFACE_STYLE_USAGE(.BOTH.,#3563);
#3559=SURFACE_SIDE_STYLE('',(#3564));
#3560=SURFACE_SIDE_STYLE('',(#3565));
#3561=SURFACE_SIDE_STYLE('',(#3566));
#3562=SURFACE_SIDE_STYLE('',(#3567));
#3563=SURFACE_SIDE_STYLE('',(#3568));
#3564=SURFACE_STYLE_FILL_AREA(#3569);
#3565=SURFACE_STYLE_FILL_AREA(#3570);
#3566=SURFACE_STYLE_FILL_AREA(#3571);
#3567=SURFACE_STYLE_FILL_AREA(#3572);
#3568=SURFACE_STYLE_FILL_AREA(#3573);
#3569=FILL_AREA_STYLE('',(#3574));
#3570=FILL_AREA_STYLE('',(#3575));
#3571=FILL_AREA_STYLE('',(#3576));
#3572=FILL_AREA_STYLE('',(#3577));
#3573=FILL_AREA_STYLE('',(#3578));
#3574=FILL_AREA_STYLE_COLOUR('',#3579);
#3575=FILL_AREA_STYLE_COLOUR('',#3580);
#3576=FILL_AREA_STYLE_COLOUR('',#3581);
#3577=FILL_AREA_STYLE_COLOUR('',#3579);
#3578=FILL_AREA_STYLE_COLOUR('',#3582);
#3579=COLOUR_RGB('',0.972549019607843,0.529411764705882,0.00392156862745098);
#3580=COLOUR_RGB('',0.917647058823529,0.917647058823529,0.917647058823529);
#3581=COLOUR_RGB('',0.498039215686275,0.498039215686275,0.498039215686275);
#3582=COLOUR_RGB('',0.768627450980392,0.886274509803922,0.952941176470588);
#3583=MANIFOLD_SOLID_BREP('Part 24',#3539);
#3584=MANIFOLD_SOLID_BREP('Part 22',#3540);
#3585=MANIFOLD_SOLID_BREP('Part 26',#3541);
#3586=MANIFOLD_SOLID_BREP('Part 25',#3542);
#3587=MANIFOLD_SOLID_BREP('Part 23',#3543);
#3588=SHAPE_DEFINITION_REPRESENTATION(#9179,#3593);
#3589=SHAPE_DEFINITION_REPRESENTATION(#9180,#3594);
#3590=SHAPE_DEFINITION_REPRESENTATION(#9181,#3595);
#3591=SHAPE_DEFINITION_REPRESENTATION(#9182,#3596);
#3592=SHAPE_DEFINITION_REPRESENTATION(#9183,#3597);
#3593=SHAPE_REPRESENTATION('Part 24',(#3598),#9154);
#3594=SHAPE_REPRESENTATION('Part 22',(#3608),#9155);
#3595=SHAPE_REPRESENTATION('Part 26',(#3711),#9156);
#3596=SHAPE_REPRESENTATION('Part 25',(#3721),#9157);
#3597=SHAPE_REPRESENTATION('Part 23',(#3728),#9158);
#3598=AXIS2_PLACEMENT_3D('',#4617,#3860,#3861);
#3599=AXIS2_PLACEMENT_3D('',#4618,#3862,#3863);
#3600=AXIS2_PLACEMENT_3D('',#4629,#3869,#3870);
#3601=AXIS2_PLACEMENT_3D('',#4630,#3871,#3872);
#3602=AXIS2_PLACEMENT_3D('',#4637,#3876,#3877);
#3603=AXIS2_PLACEMENT_3D('',#4638,#3878,#3879);
#3604=AXIS2_PLACEMENT_3D('',#4642,#3882,#3883);
#3605=AXIS2_PLACEMENT_3D('',#4646,#3886,#3887);
#3606=AXIS2_PLACEMENT_3D('',#4648,#3889,#3890);
#3607=AXIS2_PLACEMENT_3D('',#4649,#3891,#3892);
#3608=AXIS2_PLACEMENT_3D('',#4650,#3893,#3894);
#3609=AXIS2_PLACEMENT_3D('',#4651,#3895,#3896);
#3610=AXIS2_PLACEMENT_3D('',#4663,#3900,#3901);
#3611=AXIS2_PLACEMENT_3D('',#4669,#3905,#3906);
#3612=AXIS2_PLACEMENT_3D('',#4673,#3909,#3910);
#3613=AXIS2_PLACEMENT_3D('',#4677,#3913,#3914);
#3614=AXIS2_PLACEMENT_3D('',#4678,#3915,#3916);
#3615=AXIS2_PLACEMENT_3D('',#4681,#3917,#3918);
#3616=AXIS2_PLACEMENT_3D('',#4683,#3919,#3920);
#3617=AXIS2_PLACEMENT_3D('',#4685,#3921,#3922);
#3618=AXIS2_PLACEMENT_3D('',#4687,#3923,#3924);
#3619=AXIS2_PLACEMENT_3D('',#4689,#3925,#3926);
#3620=AXIS2_PLACEMENT_3D('',#4691,#3927,#3928);
#3621=AXIS2_PLACEMENT_3D('',#4693,#3929,#3930);
#3622=AXIS2_PLACEMENT_3D('',#4695,#3931,#3932);
#3623=AXIS2_PLACEMENT_3D('',#4697,#3933,#3934);
#3624=AXIS2_PLACEMENT_3D('',#4699,#3935,#3936);
#3625=AXIS2_PLACEMENT_3D('',#4701,#3937,#3938);
#3626=AXIS2_PLACEMENT_3D('',#4703,#3939,#3940);
#3627=AXIS2_PLACEMENT_3D('',#4705,#3941,#3942);
#3628=AXIS2_PLACEMENT_3D('',#4707,#3943,#3944);
#3629=AXIS2_PLACEMENT_3D('',#4709,#3945,#3946);
#3630=AXIS2_PLACEMENT_3D('',#4711,#3947,#3948);
#3631=AXIS2_PLACEMENT_3D('',#4791,#3964,#3965);
#3632=AXIS2_PLACEMENT_3D('',#4834,#3966,#3967);
#3633=AXIS2_PLACEMENT_3D('',#4846,#3968,#3969);
#3634=AXIS2_PLACEMENT_3D('',#4858,#3970,#3971);
#3635=AXIS2_PLACEMENT_3D('',#4860,#3972,#3973);
#3636=AXIS2_PLACEMENT_3D('',#4871,#3974,#3975);
#3637=AXIS2_PLACEMENT_3D('',#4873,#3976,#3977);
#3638=AXIS2_PLACEMENT_3D('',#4898,#3978,#3979);
#3639=AXIS2_PLACEMENT_3D('',#4969,#3983,#3984);
#3640=AXIS2_PLACEMENT_3D('',#4970,#3985,#3986);
#3641=AXIS2_PLACEMENT_3D('',#4971,#3987,#3988);
#3642=AXIS2_PLACEMENT_3D('',#4976,#3991,#3992);
#3643=AXIS2_PLACEMENT_3D('',#5055,#3998,#3999);
#3644=AXIS2_PLACEMENT_3D('',#5059,#4002,#4003);
#3645=AXIS2_PLACEMENT_3D('',#5063,#4006,#4007);
#3646=AXIS2_PLACEMENT_3D('',#5067,#4010,#4011);
#3647=AXIS2_PLACEMENT_3D('',#5071,#4014,#4015);
#3648=AXIS2_PLACEMENT_3D('',#5075,#4018,#4019);
#3649=AXIS2_PLACEMENT_3D('',#5079,#4022,#4023);
#3650=AXIS2_PLACEMENT_3D('',#5083,#4026,#4027);
#3651=AXIS2_PLACEMENT_3D('',#5087,#4030,#4031);
#3652=AXIS2_PLACEMENT_3D('',#5194,#4035,#4036);
#3653=AXIS2_PLACEMENT_3D('',#5198,#4039,#4040);
#3654=AXIS2_PLACEMENT_3D('',#5218,#4044,#4045);
#3655=AXIS2_PLACEMENT_3D('',#5225,#4047,#4048);
#3656=AXIS2_PLACEMENT_3D('',#5232,#4050,#4051);
#3657=AXIS2_PLACEMENT_3D('',#5233,#4052,#4053);
#3658=AXIS2_PLACEMENT_3D('',#5361,#4055,#4056);
#3659=AXIS2_PLACEMENT_3D('',#5362,#4057,#4058);
#3660=AXIS2_PLACEMENT_3D('',#5390,#4059,#4060);
#3661=AXIS2_PLACEMENT_3D('',#5391,#4061,#4062);
#3662=AXIS2_PLACEMENT_3D('',#5419,#4063,#4064);
#3663=AXIS2_PLACEMENT_3D('',#5420,#4065,#4066);
#3664=AXIS2_PLACEMENT_3D('',#5426,#4067,#4068);
#3665=AXIS2_PLACEMENT_3D('',#5427,#4069,#4070);
#3666=AXIS2_PLACEMENT_3D('',#5433,#4071,#4072);
#3667=AXIS2_PLACEMENT_3D('',#5434,#4073,#4074);
#3668=AXIS2_PLACEMENT_3D('',#5442,#4076,#4077);
#3669=AXIS2_PLACEMENT_3D('',#5443,#4078,#4079);
#3670=AXIS2_PLACEMENT_3D('',#5499,#4083,#4084);
#3671=AXIS2_PLACEMENT_3D('',#5500,#4085,#4086);
#3672=AXIS2_PLACEMENT_3D('',#5541,#4088,#4089);
#3673=AXIS2_PLACEMENT_3D('',#5545,#4092,#4093);
#3674=AXIS2_PLACEMENT_3D('',#5701,#4099,#4100);
#3675=AXIS2_PLACEMENT_3D('',#5705,#4103,#4104);
#3676=AXIS2_PLACEMENT_3D('',#5706,#4105,#4106);
#3677=AXIS2_PLACEMENT_3D('',#5709,#4108,#4109);
#3678=AXIS2_PLACEMENT_3D('',#5711,#4111,#4112);
#3679=AXIS2_PLACEMENT_3D('',#5712,#4113,#4114);
#3680=AXIS2_PLACEMENT_3D('',#5715,#4116,#4117);
#3681=AXIS2_PLACEMENT_3D('',#5716,#4118,#4119);
#3682=AXIS2_PLACEMENT_3D('',#5719,#4121,#4122);
#3683=AXIS2_PLACEMENT_3D('',#5720,#4123,#4124);
#3684=AXIS2_PLACEMENT_3D('',#5723,#4126,#4127);
#3685=AXIS2_PLACEMENT_3D('',#5724,#4128,#4129);
#3686=AXIS2_PLACEMENT_3D('',#5727,#4131,#4132);
#3687=AXIS2_PLACEMENT_3D('',#5728,#4133,#4134);
#3688=AXIS2_PLACEMENT_3D('',#5731,#4136,#4137);
#3689=AXIS2_PLACEMENT_3D('',#5732,#4138,#4139);
#3690=AXIS2_PLACEMENT_3D('',#5735,#4141,#4142);
#3691=AXIS2_PLACEMENT_3D('',#5736,#4143,#4144);
#3692=AXIS2_PLACEMENT_3D('',#5739,#4146,#4147);
#3693=AXIS2_PLACEMENT_3D('',#5740,#4148,#4149);
#3694=AXIS2_PLACEMENT_3D('',#5743,#4151,#4152);
#3695=AXIS2_PLACEMENT_3D('',#5744,#4153,#4154);
#3696=AXIS2_PLACEMENT_3D('',#5747,#4156,#4157);
#3697=AXIS2_PLACEMENT_3D('',#5748,#4158,#4159);
#3698=AXIS2_PLACEMENT_3D('',#5751,#4161,#4162);
#3699=AXIS2_PLACEMENT_3D('',#5752,#4163,#4164);
#3700=AXIS2_PLACEMENT_3D('',#5755,#4166,#4167);
#3701=AXIS2_PLACEMENT_3D('',#5756,#4168,#4169);
#3702=AXIS2_PLACEMENT_3D('',#5759,#4171,#4172);
#3703=AXIS2_PLACEMENT_3D('',#5760,#4173,#4174);
#3704=AXIS2_PLACEMENT_3D('',#5763,#4176,#4177);
#3705=AXIS2_PLACEMENT_3D('',#5764,#4178,#4179);
#3706=AXIS2_PLACEMENT_3D('',#5767,#4181,#4182);
#3707=AXIS2_PLACEMENT_3D('',#5768,#4183,#4184);
#3708=AXIS2_PLACEMENT_3D('',#5771,#4186,#4187);
#3709=AXIS2_PLACEMENT_3D('',#5772,#4188,#4189);
#3710=AXIS2_PLACEMENT_3D('',#5773,#4190,#4191);
#3711=AXIS2_PLACEMENT_3D('',#5799,#4192,#4193);
#3712=AXIS2_PLACEMENT_3D('',#5800,#4194,#4195);
#3713=AXIS2_PLACEMENT_3D('',#5818,#4199,#4200);
#3714=AXIS2_PLACEMENT_3D('',#5836,#4204,#4205);
#3715=AXIS2_PLACEMENT_3D('',#5839,#4208,#4209);
#3716=AXIS2_PLACEMENT_3D('',#5840,#4210,#4211);
#3717=AXIS2_PLACEMENT_3D('',#5842,#4212,#4213);
#3718=AXIS2_PLACEMENT_3D('',#5845,#4215,#4216);
#3719=AXIS2_PLACEMENT_3D('',#5911,#4218,#4219);
#3720=AXIS2_PLACEMENT_3D('',#5912,#4220,#4221);
#3721=AXIS2_PLACEMENT_3D('',#5913,#4222,#4223);
#3722=AXIS2_PLACEMENT_3D('',#5914,#4224,#4225);
#3723=AXIS2_PLACEMENT_3D('',#5923,#4230,#4231);
#3724=AXIS2_PLACEMENT_3D('',#5929,#4235,#4236);
#3725=AXIS2_PLACEMENT_3D('',#5933,#4239,#4240);
#3726=AXIS2_PLACEMENT_3D('',#5937,#4243,#4244);
#3727=AXIS2_PLACEMENT_3D('',#5939,#4246,#4247);
#3728=AXIS2_PLACEMENT_3D('',#5940,#4248,#4249);
#3729=AXIS2_PLACEMENT_3D('',#6547,#4267,#4268);
#3730=AXIS2_PLACEMENT_3D('',#6562,#4271,#4272);
#3731=AXIS2_PLACEMENT_3D('',#6574,#4274,#4275);
#3732=AXIS2_PLACEMENT_3D('',#6583,#4277,#4278);
#3733=AXIS2_PLACEMENT_3D('',#6586,#4280,#4281);
#3734=AXIS2_PLACEMENT_3D('',#6601,#4284,#4285);
#3735=AXIS2_PLACEMENT_3D('',#7227,#4301,#4302);
#3736=AXIS2_PLACEMENT_3D('',#7240,#4305,#4306);
#3737=AXIS2_PLACEMENT_3D('',#7270,#4308,#4309);
#3738=AXIS2_PLACEMENT_3D('',#7306,#4312,#4313);
#3739=AXIS2_PLACEMENT_3D('',#7312,#4317,#4318);
#3740=AXIS2_PLACEMENT_3D('',#7345,#4320,#4321);
#3741=AXIS2_PLACEMENT_3D('',#7437,#4325,#4326);
#3742=AXIS2_PLACEMENT_3D('',#7438,#4327,#4328);
#3743=AXIS2_PLACEMENT_3D('',#7441,#4330,#4331);
#3744=AXIS2_PLACEMENT_3D('',#7442,#4332,#4333);
#3745=AXIS2_PLACEMENT_3D('',#7451,#4335,#4336);
#3746=AXIS2_PLACEMENT_3D('',#7452,#4337,#4338);
#3747=AXIS2_PLACEMENT_3D('',#7468,#4339,#4340);
#3748=AXIS2_PLACEMENT_3D('',#7471,#4342,#4343);
#3749=AXIS2_PLACEMENT_3D('',#7472,#4344,#4345);
#3750=AXIS2_PLACEMENT_3D('',#7483,#4346,#4347);
#3751=AXIS2_PLACEMENT_3D('',#7490,#4348,#4349);
#3752=AXIS2_PLACEMENT_3D('',#7493,#4351,#4352);
#3753=AXIS2_PLACEMENT_3D('',#7511,#4353,#4354);
#3754=AXIS2_PLACEMENT_3D('',#7514,#4356,#4357);
#3755=AXIS2_PLACEMENT_3D('',#7536,#4358,#4359);
#3756=AXIS2_PLACEMENT_3D('',#7539,#4361,#4362);
#3757=AXIS2_PLACEMENT_3D('',#7557,#4363,#4364);
#3758=AXIS2_PLACEMENT_3D('',#7560,#4366,#4367);
#3759=AXIS2_PLACEMENT_3D('',#7582,#4368,#4369);
#3760=AXIS2_PLACEMENT_3D('',#7585,#4371,#4372);
#3761=AXIS2_PLACEMENT_3D('',#7603,#4373,#4374);
#3762=AXIS2_PLACEMENT_3D('',#7606,#4376,#4377);
#3763=AXIS2_PLACEMENT_3D('',#7607,#4378,#4379);
#3764=AXIS2_PLACEMENT_3D('',#7621,#4380,#4381);
#3765=AXIS2_PLACEMENT_3D('',#7632,#4382,#4383);
#3766=AXIS2_PLACEMENT_3D('',#7635,#4385,#4386);
#3767=AXIS2_PLACEMENT_3D('',#7645,#4387,#4388);
#3768=AXIS2_PLACEMENT_3D('',#7823,#4394,#4395);
#3769=AXIS2_PLACEMENT_3D('',#7826,#4397,#4398);
#3770=AXIS2_PLACEMENT_3D('',#7829,#4400,#4401);
#3771=AXIS2_PLACEMENT_3D('',#7830,#4402,#4403);
#3772=AXIS2_PLACEMENT_3D('',#7839,#4405,#4406);
#3773=AXIS2_PLACEMENT_3D('',#7840,#4407,#4408);
#3774=AXIS2_PLACEMENT_3D('',#7857,#4410,#4411);
#3775=AXIS2_PLACEMENT_3D('',#7858,#4412,#4413);
#3776=AXIS2_PLACEMENT_3D('',#7875,#4415,#4416);
#3777=AXIS2_PLACEMENT_3D('',#7876,#4417,#4418);
#3778=AXIS2_PLACEMENT_3D('',#7893,#4420,#4421);
#3779=AXIS2_PLACEMENT_3D('',#7894,#4422,#4423);
#3780=AXIS2_PLACEMENT_3D('',#7909,#4425,#4426);
#3781=AXIS2_PLACEMENT_3D('',#7910,#4427,#4428);
#3782=AXIS2_PLACEMENT_3D('',#7931,#4430,#4431);
#3783=AXIS2_PLACEMENT_3D('',#7932,#4432,#4433);
#3784=AXIS2_PLACEMENT_3D('',#7949,#4435,#4436);
#3785=AXIS2_PLACEMENT_3D('',#7950,#4437,#4438);
#3786=AXIS2_PLACEMENT_3D('',#7970,#4440,#4441);
#3787=AXIS2_PLACEMENT_3D('',#7971,#4442,#4443);
#3788=AXIS2_PLACEMENT_3D('',#7985,#4445,#4446);
#3789=AXIS2_PLACEMENT_3D('',#7986,#4447,#4448);
#3790=AXIS2_PLACEMENT_3D('',#8005,#4450,#4451);
#3791=AXIS2_PLACEMENT_3D('',#8006,#4452,#4453);
#3792=AXIS2_PLACEMENT_3D('',#8019,#4455,#4456);
#3793=AXIS2_PLACEMENT_3D('',#8020,#4457,#4458);
#3794=AXIS2_PLACEMENT_3D('',#8035,#4460,#4461);
#3795=AXIS2_PLACEMENT_3D('',#8036,#4462,#4463);
#3796=AXIS2_PLACEMENT_3D('',#8039,#4465,#4466);
#3797=AXIS2_PLACEMENT_3D('',#8045,#4467,#4468);
#3798=AXIS2_PLACEMENT_3D('',#8046,#4469,#4470);
#3799=AXIS2_PLACEMENT_3D('',#8049,#4472,#4473);
#3800=AXIS2_PLACEMENT_3D('',#8050,#4474,#4475);
#3801=AXIS2_PLACEMENT_3D('',#8051,#4476,#4477);
#3802=AXIS2_PLACEMENT_3D('',#8052,#4478,#4479);
#3803=AXIS2_PLACEMENT_3D('',#8053,#4480,#4481);
#3804=AXIS2_PLACEMENT_3D('',#8054,#4482,#4483);
#3805=AXIS2_PLACEMENT_3D('',#8057,#4485,#4486);
#3806=AXIS2_PLACEMENT_3D('',#8058,#4487,#4488);
#3807=AXIS2_PLACEMENT_3D('',#8059,#4489,#4490);
#3808=AXIS2_PLACEMENT_3D('',#8060,#4491,#4492);
#3809=AXIS2_PLACEMENT_3D('',#8063,#4495,#4496);
#3810=AXIS2_PLACEMENT_3D('',#8065,#4498,#4499);
#3811=AXIS2_PLACEMENT_3D('',#8068,#4502,#4503);
#3812=AXIS2_PLACEMENT_3D('',#8807,#4508,#4509);
#3813=AXIS2_PLACEMENT_3D('',#8810,#4511,#4512);
#3814=AXIS2_PLACEMENT_3D('',#8811,#4513,#4514);
#3815=AXIS2_PLACEMENT_3D('',#8812,#4515,#4516);
#3816=AXIS2_PLACEMENT_3D('',#8813,#4517,#4518);
#3817=AXIS2_PLACEMENT_3D('',#8814,#4519,#4520);
#3818=AXIS2_PLACEMENT_3D('',#8817,#4522,#4523);
#3819=AXIS2_PLACEMENT_3D('',#8818,#4524,#4525);
#3820=AXIS2_PLACEMENT_3D('',#8819,#4526,#4527);
#3821=AXIS2_PLACEMENT_3D('',#8820,#4528,#4529);
#3822=AXIS2_PLACEMENT_3D('',#8823,#4531,#4532);
#3823=AXIS2_PLACEMENT_3D('',#8824,#4533,#4534);
#3824=AXIS2_PLACEMENT_3D('',#8825,#4535,#4536);
#3825=AXIS2_PLACEMENT_3D('',#8826,#4537,#4538);
#3826=AXIS2_PLACEMENT_3D('',#8827,#4539,#4540);
#3827=AXIS2_PLACEMENT_3D('',#8828,#4541,#4542);
#3828=AXIS2_PLACEMENT_3D('',#8831,#4544,#4545);
#3829=AXIS2_PLACEMENT_3D('',#8832,#4546,#4547);
#3830=AXIS2_PLACEMENT_3D('',#8833,#4548,#4549);
#3831=AXIS2_PLACEMENT_3D('',#8834,#4550,#4551);
#3832=AXIS2_PLACEMENT_3D('',#8835,#4552,#4553);
#3833=AXIS2_PLACEMENT_3D('',#8836,#4554,#4555);
#3834=AXIS2_PLACEMENT_3D('',#8837,#4556,#4557);
#3835=AXIS2_PLACEMENT_3D('',#8838,#4558,#4559);
#3836=AXIS2_PLACEMENT_3D('',#8839,#4560,#4561);
#3837=AXIS2_PLACEMENT_3D('',#8840,#4562,#4563);
#3838=AXIS2_PLACEMENT_3D('',#8843,#4565,#4566);
#3839=AXIS2_PLACEMENT_3D('',#8844,#4567,#4568);
#3840=AXIS2_PLACEMENT_3D('',#8845,#4569,#4570);
#3841=AXIS2_PLACEMENT_3D('',#8846,#4571,#4572);
#3842=AXIS2_PLACEMENT_3D('',#8847,#4573,#4574);
#3843=AXIS2_PLACEMENT_3D('',#8848,#4575,#4576);
#3844=AXIS2_PLACEMENT_3D('',#8849,#4577,#4578);
#3845=AXIS2_PLACEMENT_3D('',#8850,#4579,#4580);
#3846=AXIS2_PLACEMENT_3D('',#8851,#4581,#4582);
#3847=AXIS2_PLACEMENT_3D('',#8853,#4584,#4585);
#3848=AXIS2_PLACEMENT_3D('',#8855,#4587,#4588);
#3849=AXIS2_PLACEMENT_3D('',#8858,#4591,#4592);
#3850=AXIS2_PLACEMENT_3D('',#8861,#4595,#4596);
#3851=AXIS2_PLACEMENT_3D('',#9119,#4598,#4599);
#3852=AXIS2_PLACEMENT_3D('',#9120,#4600,#4601);
#3853=AXIS2_PLACEMENT_3D('',#9121,#4602,#4603);
#3854=AXIS2_PLACEMENT_3D('',#9122,#4604,#4605);
#3855=AXIS2_PLACEMENT_3D('',#9123,#4606,#4607);
#3856=AXIS2_PLACEMENT_3D('',#9124,#4608,#4609);
#3857=AXIS2_PLACEMENT_3D('',#9136,#4611,#4612);
#3858=AXIS2_PLACEMENT_3D('',#9147,#4613,#4614);
#3859=AXIS2_PLACEMENT_3D('',#9148,#4615,#4616);
#3860=DIRECTION('',(0.,0.,1.));
#3861=DIRECTION('',(1.,0.,0.));
#3862=DIRECTION('',(1.,0.,0.));
#3863=DIRECTION('',(0.,1.,0.));
#3864=DIRECTION('',(0.,0.94179232840204,0.336195196519914));
#3865=DIRECTION('',(0.,0.,1.));
#3866=DIRECTION('',(0.,0.253012154160246,-0.967463099992549));
#3867=DIRECTION('',(0.,1.,0.));
#3868=DIRECTION('',(0.,0.128932866175896,0.991653324514));
#3869=DIRECTION('',(0.,0.967463099992549,0.253012154160246));
#3870=DIRECTION('',(0.,-0.253012154160246,0.967463099992549));
#3871=DIRECTION('',(0.,0.967463099992549,0.253012154160246));
#3872=DIRECTION('',(0.,-0.253012154160246,0.967463099992549));
#3873=DIRECTION('',(-1.,0.,0.));
#3874=DIRECTION('',(0.,0.253012154160246,-0.967463099992549));
#3875=DIRECTION('',(-1.,0.,0.));
#3876=DIRECTION('',(0.,-0.336195196519914,0.94179232840204));
#3877=DIRECTION('',(0.,-0.94179232840204,-0.336195196519914));
#3878=DIRECTION('',(0.,-0.336195196519914,0.94179232840204));
#3879=DIRECTION('',(0.,0.94179232840204,0.336195196519914));
#3880=DIRECTION('',(-1.,0.,0.));
#3881=DIRECTION('',(0.,0.94179232840204,0.336195196519914));
#3882=DIRECTION('',(1.,0.,0.));
#3883=DIRECTION('',(0.,1.,0.));
#3884=DIRECTION('',(0.,0.128932866175896,0.991653324514));
#3885=DIRECTION('',(0.,1.,0.));
#3886=DIRECTION('',(0.,-0.991653324514,0.128932866175896));
#3887=DIRECTION('',(0.,-0.128932866175896,-0.991653324514));
#3888=DIRECTION('',(-1.,0.,0.));
#3889=DIRECTION('',(0.,0.,1.));
#3890=DIRECTION('',(1.,0.,0.));
#3891=DIRECTION('',(0.,0.,1.));
#3892=DIRECTION('',(1.,0.,0.));
#3893=DIRECTION('',(0.,0.,1.));
#3894=DIRECTION('',(1.,0.,0.));
#3895=DIRECTION('',(0.,0.,-1.));
#3896=DIRECTION('',(1.,0.,0.));
#3897=DIRECTION('',(-0.00198351151216522,0.999998032839106,0.));
#3898=DIRECTION('',(1.,0.,0.));
#3899=DIRECTION('',(0.,-1.,0.));
#3900=DIRECTION('',(1.,0.,0.));
#3901=DIRECTION('',(0.,0.,-1.));
#3902=DIRECTION('',(0.,-1.,0.));
#3903=DIRECTION('',(0.,0.,-1.));
#3904=DIRECTION('',(0.,0.,-1.));
#3905=DIRECTION('',(0.,1.,0.));
#3906=DIRECTION('',(0.,0.,1.));
#3907=DIRECTION('',(1.,0.,0.));
#3908=DIRECTION('',(0.,0.,-1.));
#3909=DIRECTION('',(-0.999998032839106,-0.00198351151216522,0.));
#3910=DIRECTION('',(0.00198351151216522,-0.999998032839106,0.));
#3911=DIRECTION('',(-0.00198351151216522,0.999998032839106,0.));
#3912=DIRECTION('',(0.,0.,-1.));
#3913=DIRECTION('',(0.,0.,-1.));
#3914=DIRECTION('',(1.,0.,0.));
#3915=DIRECTION('',(0.,0.,-1.));
#3916=DIRECTION('',(-1.,0.,0.));
#3917=DIRECTION('',(0.,0.,-1.));
#3918=DIRECTION('',(-1.,0.,0.));
#3919=DIRECTION('',(0.,0.,-1.));
#3920=DIRECTION('',(-1.,0.,0.));
#3921=DIRECTION('',(0.,0.,-1.));
#3922=DIRECTION('',(-1.,0.,0.));
#3923=DIRECTION('',(0.,0.,-1.));
#3924=DIRECTION('',(-1.,0.,0.));
#3925=DIRECTION('',(0.,0.,-1.));
#3926=DIRECTION('',(-1.,0.,0.));
#3927=DIRECTION('',(0.,0.,-1.));
#3928=DIRECTION('',(-1.,0.,0.));
#3929=DIRECTION('',(0.,0.,-1.));
#3930=DIRECTION('',(-1.,0.,0.));
#3931=DIRECTION('',(0.,0.,-1.));
#3932=DIRECTION('',(-1.,0.,0.));
#3933=DIRECTION('',(0.,0.,-1.));
#3934=DIRECTION('',(-1.,0.,0.));
#3935=DIRECTION('',(0.,0.,-1.));
#3936=DIRECTION('',(-1.,0.,0.));
#3937=DIRECTION('',(0.,0.,-1.));
#3938=DIRECTION('',(-1.,0.,0.));
#3939=DIRECTION('',(0.,0.,-1.));
#3940=DIRECTION('',(-1.,0.,0.));
#3941=DIRECTION('',(0.,0.,-1.));
#3942=DIRECTION('',(-1.,0.,0.));
#3943=DIRECTION('',(0.,0.,-1.));
#3944=DIRECTION('',(-1.,0.,0.));
#3945=DIRECTION('',(0.,0.,-1.));
#3946=DIRECTION('',(-1.,0.,0.));
#3947=DIRECTION('',(0.,0.,-1.));
#3948=DIRECTION('',(-1.,0.,0.));
#3949=DIRECTION('',(0.0484339411054642,0.998826387991923,0.));
#3950=DIRECTION('',(0.163583016063414,0.986529572215449,0.));
#3951=DIRECTION('',(-0.793170672023335,-0.608999413006328,0.));
#3952=DIRECTION('',(0.810827993349653,0.585284516453814,0.));
#3953=DIRECTION('',(1.,0.,0.));
#3954=DIRECTION('',(0.779191588347997,-0.626785823585478,0.));
#3955=DIRECTION('',(0.762325808501435,-0.647193449976615,0.));
#3956=DIRECTION('',(0.503397828072892,-0.864054759081561,0.));
#3957=DIRECTION('',(0.217925753903541,-0.975965350709529,0.));
#3958=DIRECTION('',(-1.,0.,0.));
#3959=DIRECTION('',(-0.0870014920414355,0.996208181246553,0.));
#3960=DIRECTION('',(-0.147045720937749,-0.989129696224867,0.));
#3961=DIRECTION('',(-0.255986266063254,-0.966680418539133,0.));
#3962=DIRECTION('',(-0.275209414777636,-0.961384302980734,0.));
#3963=DIRECTION('',(-0.273955031884113,-0.961742502183082,0.));
#3964=DIRECTION('',(0.,0.,-1.));
#3965=DIRECTION('',(-1.,0.,0.));
#3966=DIRECTION('',(0.,0.,-1.));
#3967=DIRECTION('',(-1.,0.,0.));
#3968=DIRECTION('',(0.,0.,-1.));
#3969=DIRECTION('',(-1.,0.,0.));
#3970=DIRECTION('',(0.,0.,-1.));
#3971=DIRECTION('',(-1.,0.,0.));
#3972=DIRECTION('',(0.,0.,-1.));
#3973=DIRECTION('',(-1.,0.,0.));
#3974=DIRECTION('',(0.,0.,1.));
#3975=DIRECTION('',(1.,0.,0.));
#3976=DIRECTION('',(0.,0.,-1.));
#3977=DIRECTION('',(-1.,0.,0.));
#3978=DIRECTION('',(0.,0.,-1.));
#3979=DIRECTION('',(-1.,0.,0.));
#3980=DIRECTION('',(0.379742031897253,-0.925092421983093,0.));
#3981=DIRECTION('',(0.357821786458967,-0.933789895605705,0.));
#3982=DIRECTION('',(0.0484339411054643,0.998826387991923,0.));
#3983=DIRECTION('',(0.,0.,-1.));
#3984=DIRECTION('',(-1.,0.,0.));
#3985=DIRECTION('',(0.,0.,-1.));
#3986=DIRECTION('',(-1.,0.,0.));
#3987=DIRECTION('',(0.,0.,-1.));
#3988=DIRECTION('',(-1.,0.,0.));
#3989=DIRECTION('',(0.,0.,-1.));
#3990=DIRECTION('',(0.,0.,-1.));
#3991=DIRECTION('',(-0.986529572215449,0.163583016063414,0.));
#3992=DIRECTION('',(-0.163583016063414,-0.986529572215449,0.));
#3993=DIRECTION('',(0.163583016063414,0.986529572215449,0.));
#3994=DIRECTION('',(0.,0.,-1.));
#3995=DIRECTION('',(0.,0.,-1.));
#3996=DIRECTION('',(0.,0.,-1.));
#3997=DIRECTION('',(0.,0.,-1.));
#3998=DIRECTION('',(0.608999413006328,-0.793170672023335,0.));
#3999=DIRECTION('',(0.793170672023335,0.608999413006328,0.));
#4000=DIRECTION('',(-0.793170672023335,-0.608999413006328,0.));
#4001=DIRECTION('',(0.,0.,-1.));
#4002=DIRECTION('',(-0.585284516453814,0.810827993349653,0.));
#4003=DIRECTION('',(-0.810827993349653,-0.585284516453814,0.));
#4004=DIRECTION('',(0.810827993349653,0.585284516453814,0.));
#4005=DIRECTION('',(0.,0.,-1.));
#4006=DIRECTION('',(0.,1.,0.));
#4007=DIRECTION('',(0.,0.,1.));
#4008=DIRECTION('',(1.,0.,0.));
#4009=DIRECTION('',(0.,0.,-1.));
#4010=DIRECTION('',(0.626785823585478,0.779191588347997,0.));
#4011=DIRECTION('',(-0.779191588347997,0.626785823585478,0.));
#4012=DIRECTION('',(0.779191588347997,-0.626785823585478,0.));
#4013=DIRECTION('',(0.,0.,-1.));
#4014=DIRECTION('',(0.647193449976615,0.762325808501435,0.));
#4015=DIRECTION('',(-0.762325808501435,0.647193449976615,0.));
#4016=DIRECTION('',(0.762325808501435,-0.647193449976615,0.));
#4017=DIRECTION('',(0.,0.,-1.));
#4018=DIRECTION('',(0.864054759081561,0.503397828072892,0.));
#4019=DIRECTION('',(-0.503397828072892,0.864054759081561,0.));
#4020=DIRECTION('',(0.503397828072892,-0.864054759081561,0.));
#4021=DIRECTION('',(0.,0.,-1.));
#4022=DIRECTION('',(0.975965350709529,0.217925753903541,0.));
#4023=DIRECTION('',(-0.217925753903541,0.975965350709529,0.));
#4024=DIRECTION('',(0.217925753903541,-0.975965350709529,0.));
#4025=DIRECTION('',(0.,0.,-1.));
#4026=DIRECTION('',(0.,-1.,0.));
#4027=DIRECTION('',(0.,0.,-1.));
#4028=DIRECTION('',(-1.,0.,0.));
#4029=DIRECTION('',(0.,0.,-1.));
#4030=DIRECTION('',(-0.996208181246553,-0.0870014920414355,0.));
#4031=DIRECTION('',(0.0870014920414355,-0.996208181246553,0.));
#4032=DIRECTION('',(-0.0870014920414355,0.996208181246553,0.));
#4033=DIRECTION('',(0.,0.,-1.));
#4034=DIRECTION('',(0.,0.,-1.));
#4035=DIRECTION('',(0.989129696224867,-0.147045720937749,0.));
#4036=DIRECTION('',(0.147045720937749,0.989129696224867,0.));
#4037=DIRECTION('',(-0.147045720937749,-0.989129696224867,0.));
#4038=DIRECTION('',(0.,0.,-1.));
#4039=DIRECTION('',(0.966680418539133,-0.255986266063254,0.));
#4040=DIRECTION('',(0.255986266063254,0.966680418539133,0.));
#4041=DIRECTION('',(-0.255986266063254,-0.966680418539133,0.));
#4042=DIRECTION('',(0.,0.,-1.));
#4043=DIRECTION('',(0.,0.,-1.));
#4044=DIRECTION('',(0.961384302980734,-0.275209414777636,0.));
#4045=DIRECTION('',(0.275209414777636,0.961384302980734,0.));
#4046=DIRECTION('',(-0.275209414777636,-0.961384302980734,0.));
#4047=DIRECTION('',(0.961742502183082,-0.273955031884113,-3.89582980348086E-25));
#4048=DIRECTION('',(-0.273955031884113,-0.961742502183082,-5.75702537335307E-18));
#4049=DIRECTION('',(-0.273955031884113,-0.961742502183082,0.));
#4050=DIRECTION('',(0.,0.,-1.));
#4051=DIRECTION('',(0.961769417176426,-0.273860526882059,0.));
#4052=DIRECTION('',(0.,0.,-1.));
#4053=DIRECTION('',(-1.,0.,0.));
#4054=DIRECTION('',(0.,0.,-1.));
#4055=DIRECTION('',(0.,0.,-1.));
#4056=DIRECTION('',(0.933689139651629,-0.358084613599358,0.));
#4057=DIRECTION('',(0.,0.,-1.));
#4058=DIRECTION('',(-1.,0.,0.));
#4059=DIRECTION('',(0.,0.,-1.));
#4060=DIRECTION('',(0.618403651035861,-0.785860626565243,0.));
#4061=DIRECTION('',(0.,0.,-1.));
#4062=DIRECTION('',(-1.,0.,0.));
#4063=DIRECTION('',(8.33172303038126E-17,1.13913874406269E-17,1.));
#4064=DIRECTION('',(0.0989630897470525,-0.995091104807855,0.));
#4065=DIRECTION('',(0.,0.,-1.));
#4066=DIRECTION('',(-1.,0.,0.));
#4067=DIRECTION('',(0.,0.,-1.));
#4068=DIRECTION('',(-1.,0.,0.));
#4069=DIRECTION('',(0.,0.,-1.));
#4070=DIRECTION('',(-1.,0.,0.));
#4071=DIRECTION('',(0.,0.,1.));
#4072=DIRECTION('',(1.,0.,0.));
#4073=DIRECTION('',(0.,0.,1.));
#4074=DIRECTION('',(1.,0.,0.));
#4075=DIRECTION('',(0.,0.,-1.));
#4076=DIRECTION('',(0.,0.,-1.));
#4077=DIRECTION('',(-0.234343497349605,-0.972153858836118,0.));
#4078=DIRECTION('',(0.,0.,-1.));
#4079=DIRECTION('',(-1.,0.,0.));
#4080=DIRECTION('',(0.,0.,-1.));
#4081=DIRECTION('',(0.,0.,-1.));
#4082=DIRECTION('',(0.,0.,-1.));
#4083=DIRECTION('',(0.,0.,-1.));
#4084=DIRECTION('',(-1.,0.,0.));
#4085=DIRECTION('',(0.,0.,-1.));
#4086=DIRECTION('',(-1.,0.,0.));
#4087=DIRECTION('',(0.,0.,-1.));
#4088=DIRECTION('',(0.925092421983093,0.379742031897253,0.));
#4089=DIRECTION('',(-0.379742031897253,0.925092421983093,0.));
#4090=DIRECTION('',(0.379742031897253,-0.925092421983093,0.));
#4091=DIRECTION('',(0.,0.,-1.));
#4092=DIRECTION('',(0.933789895605705,0.357821786458967,0.));
#4093=DIRECTION('',(-0.357821786458967,0.933789895605705,0.));
#4094=DIRECTION('',(0.357821786458967,-0.933789895605705,0.));
#4095=DIRECTION('',(0.,0.,-1.));
#4096=DIRECTION('',(0.,0.,-1.));
#4097=DIRECTION('',(0.,0.,-1.));
#4098=DIRECTION('',(0.,0.,-1.));
#4099=DIRECTION('',(-0.998826387991924,0.0484339411054643,0.));
#4100=DIRECTION('',(-0.0484339411054643,-0.998826387991924,0.));
#4101=DIRECTION('',(0.0484339411054643,0.998826387991923,0.));
#4102=DIRECTION('',(0.,0.,-1.));
#4103=DIRECTION('',(0.,0.,-1.));
#4104=DIRECTION('',(-1.,0.,0.));
#4105=DIRECTION('',(0.,0.,-1.));
#4106=DIRECTION('',(-1.,0.,0.));
#4107=DIRECTION('',(0.,0.,-1.));
#4108=DIRECTION('',(-0.998826387991924,0.0484339411054642,0.));
#4109=DIRECTION('',(-0.0484339411054642,-0.998826387991924,0.));
#4110=DIRECTION('',(0.0484339411054642,0.998826387991923,0.));
#4111=DIRECTION('',(0.,0.,-1.));
#4112=DIRECTION('',(-1.,0.,0.));
#4113=DIRECTION('',(0.,0.,-1.));
#4114=DIRECTION('',(-1.,0.,0.));
#4115=DIRECTION('',(0.,0.,-1.));
#4116=DIRECTION('',(0.,0.,-1.));
#4117=DIRECTION('',(-1.,0.,0.));
#4118=DIRECTION('',(0.,0.,-1.));
#4119=DIRECTION('',(-1.,0.,0.));
#4120=DIRECTION('',(0.,0.,-1.));
#4121=DIRECTION('',(0.,0.,-1.));
#4122=DIRECTION('',(-1.,0.,0.));
#4123=DIRECTION('',(0.,0.,-1.));
#4124=DIRECTION('',(-1.,0.,0.));
#4125=DIRECTION('',(0.,0.,-1.));
#4126=DIRECTION('',(0.,0.,-1.));
#4127=DIRECTION('',(-1.,0.,0.));
#4128=DIRECTION('',(0.,0.,-1.));
#4129=DIRECTION('',(-1.,0.,0.));
#4130=DIRECTION('',(0.,0.,-1.));
#4131=DIRECTION('',(0.,0.,-1.));
#4132=DIRECTION('',(-1.,0.,0.));
#4133=DIRECTION('',(0.,0.,-1.));
#4134=DIRECTION('',(-1.,0.,0.));
#4135=DIRECTION('',(0.,0.,-1.));
#4136=DIRECTION('',(0.,0.,-1.));
#4137=DIRECTION('',(-1.,0.,0.));
#4138=DIRECTION('',(0.,0.,-1.));
#4139=DIRECTION('',(-1.,0.,0.));
#4140=DIRECTION('',(0.,0.,-1.));
#4141=DIRECTION('',(0.,0.,-1.));
#4142=DIRECTION('',(-1.,0.,0.));
#4143=DIRECTION('',(0.,0.,-1.));
#4144=DIRECTION('',(-1.,0.,0.));
#4145=DIRECTION('',(0.,0.,-1.));
#4146=DIRECTION('',(0.,0.,-1.));
#4147=DIRECTION('',(-1.,0.,0.));
#4148=DIRECTION('',(0.,0.,-1.));
#4149=DIRECTION('',(-1.,0.,0.));
#4150=DIRECTION('',(0.,0.,-1.));
#4151=DIRECTION('',(0.,0.,-1.));
#4152=DIRECTION('',(-1.,0.,0.));
#4153=DIRECTION('',(0.,0.,-1.));
#4154=DIRECTION('',(-1.,0.,0.));
#4155=DIRECTION('',(0.,0.,-1.));
#4156=DIRECTION('',(0.,0.,-1.));
#4157=DIRECTION('',(-1.,0.,0.));
#4158=DIRECTION('',(0.,0.,-1.));
#4159=DIRECTION('',(-1.,0.,0.));
#4160=DIRECTION('',(0.,0.,-1.));
#4161=DIRECTION('',(0.,0.,-1.));
#4162=DIRECTION('',(-1.,0.,0.));
#4163=DIRECTION('',(0.,0.,-1.));
#4164=DIRECTION('',(-1.,0.,0.));
#4165=DIRECTION('',(0.,0.,-1.));
#4166=DIRECTION('',(0.,0.,-1.));
#4167=DIRECTION('',(-1.,0.,0.));
#4168=DIRECTION('',(0.,0.,-1.));
#4169=DIRECTION('',(-1.,0.,0.));
#4170=DIRECTION('',(0.,0.,-1.));
#4171=DIRECTION('',(0.,0.,-1.));
#4172=DIRECTION('',(-1.,0.,0.));
#4173=DIRECTION('',(0.,0.,-1.));
#4174=DIRECTION('',(-1.,0.,0.));
#4175=DIRECTION('',(0.,0.,-1.));
#4176=DIRECTION('',(0.,0.,-1.));
#4177=DIRECTION('',(-1.,0.,0.));
#4178=DIRECTION('',(0.,0.,-1.));
#4179=DIRECTION('',(-1.,0.,0.));
#4180=DIRECTION('',(0.,0.,-1.));
#4181=DIRECTION('',(0.,0.,-1.));
#4182=DIRECTION('',(-1.,0.,0.));
#4183=DIRECTION('',(0.,0.,-1.));
#4184=DIRECTION('',(-1.,0.,0.));
#4185=DIRECTION('',(0.,0.,-1.));
#4186=DIRECTION('',(0.,0.,-1.));
#4187=DIRECTION('',(-1.,0.,0.));
#4188=DIRECTION('',(0.,0.,-1.));
#4189=DIRECTION('',(-1.,0.,0.));
#4190=DIRECTION('',(0.,0.,-1.));
#4191=DIRECTION('',(1.,0.,0.));
#4192=DIRECTION('',(0.,0.,1.));
#4193=DIRECTION('',(1.,0.,0.));
#4194=DIRECTION('',(1.,0.,0.));
#4195=DIRECTION('',(0.,1.,0.));
#4196=DIRECTION('',(0.,0.0617483271644661,0.99809175133972));
#4197=DIRECTION('',(0.,1.,0.));
#4198=DIRECTION('',(0.,0.291941233971683,-0.95643625815163));
#4199=DIRECTION('',(1.,0.,0.));
#4200=DIRECTION('',(0.,1.,0.));
#4201=DIRECTION('',(0.,0.291941233971683,-0.95643625815163));
#4202=DIRECTION('',(0.,1.,0.));
#4203=DIRECTION('',(0.,0.0617483271644661,0.99809175133972));
#4204=DIRECTION('',(0.,-0.99809175133972,0.0617483271644661));
#4205=DIRECTION('',(0.,-0.0617483271644661,-0.99809175133972));
#4206=DIRECTION('',(-1.,0.,0.));
#4207=DIRECTION('',(-1.,0.,0.));
#4208=DIRECTION('',(0.,0.,1.));
#4209=DIRECTION('',(1.,0.,0.));
#4210=DIRECTION('',(0.,0.,-1.));
#4211=DIRECTION('',(-1.,0.,0.));
#4212=DIRECTION('',(0.,0.,-1.));
#4213=DIRECTION('',(-1.,0.,0.));
#4214=DIRECTION('',(-1.,0.,0.));
#4215=DIRECTION('',(0.,0.95643625815163,0.291941233971683));
#4216=DIRECTION('',(0.,-0.291941233971683,0.95643625815163));
#4217=DIRECTION('',(-1.,0.,0.));
#4218=DIRECTION('',(0.,0.,1.));
#4219=DIRECTION('',(1.,0.,0.));
#4220=DIRECTION('',(0.,0.,1.));
#4221=DIRECTION('',(1.,0.,0.));
#4222=DIRECTION('',(0.,0.,1.));
#4223=DIRECTION('',(1.,0.,0.));
#4224=DIRECTION('',(1.,0.,0.));
#4225=DIRECTION('',(0.,1.,0.));
#4226=DIRECTION('',(0.,0.94179232840204,0.336195196519914));
#4227=DIRECTION('',(0.,0.128932866175896,0.991653324514));
#4228=DIRECTION('',(0.,1.,0.));
#4229=DIRECTION('',(0.,0.253012154160246,-0.967463099992549));
#4230=DIRECTION('',(0.,-0.336195196519914,0.94179232840204));
#4231=DIRECTION('',(0.,-0.94179232840204,-0.336195196519914));
#4232=DIRECTION('',(-1.,0.,0.));
#4233=DIRECTION('',(0.,0.94179232840204,0.336195196519914));
#4234=DIRECTION('',(-1.,0.,0.));
#4235=DIRECTION('',(0.,0.967463099992549,0.253012154160246));
#4236=DIRECTION('',(0.,-0.253012154160246,0.967463099992549));
#4237=DIRECTION('',(-1.,0.,0.));
#4238=DIRECTION('',(0.,0.253012154160246,-0.967463099992549));
#4239=DIRECTION('',(0.,0.,1.));
#4240=DIRECTION('',(1.,0.,0.));
#4241=DIRECTION('',(-1.,0.,0.));
#4242=DIRECTION('',(0.,1.,0.));
#4243=DIRECTION('',(0.,-0.991653324514,0.128932866175896));
#4244=DIRECTION('',(0.,-0.128932866175896,-0.991653324514));
#4245=DIRECTION('',(0.,0.128932866175896,0.991653324514));
#4246=DIRECTION('',(1.,0.,0.));
#4247=DIRECTION('',(0.,1.,0.));
#4248=DIRECTION('',(0.,0.,1.));
#4249=DIRECTION('',(1.,0.,0.));
#4250=DIRECTION('',(0.,0.,-1.));
#4251=DIRECTION('',(0.,0.,-1.));
#4252=DIRECTION('',(0.,0.,-1.));
#4253=DIRECTION('',(0.,0.,-1.));
#4254=DIRECTION('',(0.,0.,-1.));
#4255=DIRECTION('',(0.0216268917405953,0.23415208454856,-0.97195940185545));
#4256=DIRECTION('',(0.,0.,-1.));
#4257=DIRECTION('',(0.,0.,-1.));
#4258=DIRECTION('',(0.,0.,-1.));
#4259=DIRECTION('',(0.,0.,-1.));
#4260=DIRECTION('',(0.,0.,-1.));
#4261=DIRECTION('',(0.,0.,-1.));
#4262=DIRECTION('',(0.,0.,-1.));
#4263=DIRECTION('',(0.,0.,-1.));
#4264=DIRECTION('',(0.,0.,-1.));
#4265=DIRECTION('',(0.,0.,-1.));
#4266=DIRECTION('',(0.,0.,-1.));
#4267=DIRECTION('',(0.,0.,-1.));
#4268=DIRECTION('',(-1.,0.,0.));
#4269=DIRECTION('',(0.,0.,-1.));
#4270=DIRECTION('',(0.,0.,-1.));
#4271=DIRECTION('',(0.,0.,-1.));
#4272=DIRECTION('',(-1.,0.,0.));
#4273=DIRECTION('',(0.,0.,-1.));
#4274=DIRECTION('',(0.,0.,-1.));
#4275=DIRECTION('',(-1.,0.,0.));
#4276=DIRECTION('',(0.,0.,-1.));
#4277=DIRECTION('',(0.,0.,1.));
#4278=DIRECTION('',(1.,0.,0.));
#4279=DIRECTION('',(0.,0.,1.));
#4280=DIRECTION('',(0.,0.,-1.));
#4281=DIRECTION('',(-1.,0.,0.));
#4282=DIRECTION('',(0.,0.,-1.));
#4283=DIRECTION('',(0.,0.,-1.));
#4284=DIRECTION('',(0.,0.,-1.));
#4285=DIRECTION('',(-1.,0.,0.));
#4286=DIRECTION('',(0.,0.,-1.));
#4287=DIRECTION('',(0.,0.,-1.));
#4288=DIRECTION('',(0.,0.,-1.));
#4289=DIRECTION('',(0.,0.,-1.));
#4290=DIRECTION('',(0.,0.,-1.));
#4291=DIRECTION('',(0.,0.,-1.));
#4292=DIRECTION('',(0.,0.,-1.));
#4293=DIRECTION('',(0.,0.,-1.));
#4294=DIRECTION('',(0.,0.,-1.));
#4295=DIRECTION('',(0.,0.,-1.));
#4296=DIRECTION('',(0.,0.,-1.));
#4297=DIRECTION('',(0.,0.,-1.));
#4298=DIRECTION('',(0.,0.,-1.));
#4299=DIRECTION('',(0.,0.,-1.));
#4300=DIRECTION('',(0.,0.,-1.));
#4301=DIRECTION('',(-0.177832678463763,-0.984060739218065,0.));
#4302=DIRECTION('',(0.984060739218065,-0.177832678463763,0.));
#4303=DIRECTION('',(0.984060739218065,-0.177832678463763,0.));
#4304=DIRECTION('',(0.,0.,-1.));
#4305=DIRECTION('',(0.478832516022264,-0.877906271534603,0.));
#4306=DIRECTION('',(0.877906271534603,0.478832516022264,0.));
#4307=DIRECTION('',(0.,0.,-1.));
#4308=DIRECTION('',(1.,0.,0.));
#4309=DIRECTION('',(0.,0.,-1.));
#4310=DIRECTION('',(0.,0.,-1.));
#4311=DIRECTION('',(0.,0.,-1.));
#4312=DIRECTION('',(0.,1.,0.));
#4313=DIRECTION('',(0.,0.,1.));
#4314=DIRECTION('',(-1.,0.,0.));
#4315=DIRECTION('',(-1.,0.,0.));
#4316=DIRECTION('',(0.,0.,-1.));
#4317=DIRECTION('',(1.,0.,0.));
#4318=DIRECTION('',(0.,0.,-1.));
#4319=DIRECTION('',(0.,0.,-1.));
#4320=DIRECTION('',(0.,1.,0.));
#4321=DIRECTION('',(0.,0.,1.));
#4322=DIRECTION('',(-1.,0.,0.));
#4323=DIRECTION('',(-1.,0.,0.));
#4324=DIRECTION('',(-1.,0.,0.));
#4325=DIRECTION('',(0.,0.,-1.));
#4326=DIRECTION('',(-1.,0.,0.));
#4327=DIRECTION('',(0.,0.,1.));
#4328=DIRECTION('',(1.,0.,0.));
#4329=DIRECTION('',(0.,0.,-1.));
#4330=DIRECTION('',(0.,0.,-1.));
#4331=DIRECTION('',(-1.,0.,0.));
#4332=DIRECTION('',(0.,0.,1.));
#4333=DIRECTION('',(1.,0.,0.));
#4334=DIRECTION('',(0.,0.,-1.));
#4335=DIRECTION('',(0.,0.97218678523739,0.234206862858005));
#4336=DIRECTION('',(0.,0.234206862858005,-0.97218678523739));
#4337=DIRECTION('',(0.,0.,-1.));
#4338=DIRECTION('',(-1.,0.,0.));
#4339=DIRECTION('',(0.,0.,1.));
#4340=DIRECTION('',(1.,0.,0.));
#4341=DIRECTION('',(0.,0.,-1.));
#4342=DIRECTION('',(0.,0.,-1.));
#4343=DIRECTION('',(-1.,0.,0.));
#4344=DIRECTION('',(0.,0.,1.));
#4345=DIRECTION('',(1.,0.,0.));
#4346=DIRECTION('',(0.,0.,-1.));
#4347=DIRECTION('',(-1.,0.,0.));
#4348=DIRECTION('',(0.,0.,1.));
#4349=DIRECTION('',(1.,0.,0.));
#4350=DIRECTION('',(0.,0.,-1.));
#4351=DIRECTION('',(0.,0.,-1.));
#4352=DIRECTION('',(-1.,0.,0.));
#4353=DIRECTION('',(0.,0.,1.));
#4354=DIRECTION('',(1.,0.,0.));
#4355=DIRECTION('',(0.,0.,-1.));
#4356=DIRECTION('',(0.,0.,-1.));
#4357=DIRECTION('',(-1.,0.,0.));
#4358=DIRECTION('',(0.,0.,1.));
#4359=DIRECTION('',(1.,0.,0.));
#4360=DIRECTION('',(0.,0.,-1.));
#4361=DIRECTION('',(0.,0.,-1.));
#4362=DIRECTION('',(-1.,0.,0.));
#4363=DIRECTION('',(0.,0.,1.));
#4364=DIRECTION('',(1.,0.,0.));
#4365=DIRECTION('',(0.,0.,-1.));
#4366=DIRECTION('',(0.,0.,-1.));
#4367=DIRECTION('',(-1.,0.,0.));
#4368=DIRECTION('',(0.,0.,1.));
#4369=DIRECTION('',(1.,0.,0.));
#4370=DIRECTION('',(0.,0.,-1.));
#4371=DIRECTION('',(0.,0.,-1.));
#4372=DIRECTION('',(-1.,0.,0.));
#4373=DIRECTION('',(0.,0.,1.));
#4374=DIRECTION('',(1.,0.,0.));
#4375=DIRECTION('',(0.,0.,-1.));
#4376=DIRECTION('',(0.,0.,-1.));
#4377=DIRECTION('',(-1.,0.,0.));
#4378=DIRECTION('',(0.,0.,1.));
#4379=DIRECTION('',(1.,0.,0.));
#4380=DIRECTION('',(0.,0.,-1.));
#4381=DIRECTION('',(-1.,0.,0.));
#4382=DIRECTION('',(0.,0.,1.));
#4383=DIRECTION('',(1.,0.,0.));
#4384=DIRECTION('',(0.,0.,-1.));
#4385=DIRECTION('',(0.,0.,-1.));
#4386=DIRECTION('',(-1.,0.,0.));
#4387=DIRECTION('',(0.,0.,1.));
#4388=DIRECTION('',(1.,0.,0.));
#4389=DIRECTION('',(-1.,0.,0.));
#4390=DIRECTION('',(-1.,0.,0.));
#4391=DIRECTION('',(-1.,0.,0.));
#4392=DIRECTION('',(-1.,0.,0.));
#4393=DIRECTION('',(-1.,0.,0.));
#4394=DIRECTION('',(0.,0.,-1.));
#4395=DIRECTION('',(-1.,0.,0.));
#4396=DIRECTION('',(0.,0.,-1.));
#4397=DIRECTION('',(0.,0.,-1.));
#4398=DIRECTION('',(-1.,0.,0.));
#4399=DIRECTION('',(0.,0.,-1.));
#4400=DIRECTION('',(0.,0.,-1.));
#4401=DIRECTION('',(-1.,0.,0.));
#4402=DIRECTION('',(0.,0.97218678523739,0.234206862858005));
#4403=DIRECTION('',(0.,0.234206862858005,-0.97218678523739));
#4404=DIRECTION('',(0.,0.,-1.));
#4405=DIRECTION('',(0.,0.,-1.));
#4406=DIRECTION('',(-1.,0.,0.));
#4407=DIRECTION('',(0.,0.,-1.));
#4408=DIRECTION('',(-1.,0.,0.));
#4409=DIRECTION('',(0.,0.,-1.));
#4410=DIRECTION('',(0.,0.,-1.));
#4411=DIRECTION('',(-1.,0.,0.));
#4412=DIRECTION('',(0.,0.,-1.));
#4413=DIRECTION('',(-1.,0.,0.));
#4414=DIRECTION('',(0.,0.,-1.));
#4415=DIRECTION('',(0.,0.,-1.));
#4416=DIRECTION('',(-1.,0.,0.));
#4417=DIRECTION('',(0.,0.,-1.));
#4418=DIRECTION('',(-1.,0.,0.));
#4419=DIRECTION('',(0.,0.,-1.));
#4420=DIRECTION('',(0.,0.,-1.));
#4421=DIRECTION('',(-1.,0.,0.));
#4422=DIRECTION('',(0.,0.,-1.));
#4423=DIRECTION('',(-1.,0.,0.));
#4424=DIRECTION('',(0.,0.,-1.));
#4425=DIRECTION('',(0.,0.,-1.));
#4426=DIRECTION('',(-1.,0.,0.));
#4427=DIRECTION('',(0.,0.,-1.));
#4428=DIRECTION('',(-1.,0.,0.));
#4429=DIRECTION('',(0.,0.,-1.));
#4430=DIRECTION('',(0.,0.,-1.));
#4431=DIRECTION('',(-1.,0.,0.));
#4432=DIRECTION('',(0.,0.,-1.));
#4433=DIRECTION('',(-1.,0.,0.));
#4434=DIRECTION('',(0.,0.,-1.));
#4435=DIRECTION('',(0.,0.,-1.));
#4436=DIRECTION('',(-1.,0.,0.));
#4437=DIRECTION('',(0.,0.,-1.));
#4438=DIRECTION('',(-1.,0.,0.));
#4439=DIRECTION('',(0.,0.,-1.));
#4440=DIRECTION('',(0.,0.,-1.));
#4441=DIRECTION('',(-1.,0.,0.));
#4442=DIRECTION('',(0.,0.,-1.));
#4443=DIRECTION('',(-1.,0.,0.));
#4444=DIRECTION('',(0.,0.,-1.));
#4445=DIRECTION('',(0.,0.,-1.));
#4446=DIRECTION('',(-1.,0.,0.));
#4447=DIRECTION('',(0.,0.,-1.));
#4448=DIRECTION('',(-1.,0.,0.));
#4449=DIRECTION('',(0.,0.,-1.));
#4450=DIRECTION('',(0.,0.,-1.));
#4451=DIRECTION('',(-1.,0.,0.));
#4452=DIRECTION('',(0.,0.,-1.));
#4453=DIRECTION('',(-1.,0.,0.));
#4454=DIRECTION('',(0.,0.,-1.));
#4455=DIRECTION('',(0.,0.,-1.));
#4456=DIRECTION('',(-1.,0.,0.));
#4457=DIRECTION('',(0.,0.,-1.));
#4458=DIRECTION('',(-1.,0.,0.));
#4459=DIRECTION('',(0.,0.,-1.));
#4460=DIRECTION('',(0.,0.,-1.));
#4461=DIRECTION('',(-1.,0.,0.));
#4462=DIRECTION('',(0.,0.,-1.));
#4463=DIRECTION('',(-1.,0.,0.));
#4464=DIRECTION('',(0.,0.,-1.));
#4465=DIRECTION('',(0.,0.,-1.));
#4466=DIRECTION('',(-1.,0.,0.));
#4467=DIRECTION('',(0.,0.97218678523739,0.234206862858005));
#4468=DIRECTION('',(0.,0.234206862858005,-0.97218678523739));
#4469=DIRECTION('',(0.,0.,-1.));
#4470=DIRECTION('',(-1.,0.,0.));
#4471=DIRECTION('',(0.,0.,-1.));
#4472=DIRECTION('',(0.,0.,-1.));
#4473=DIRECTION('',(-1.,0.,0.));
#4474=DIRECTION('',(0.,0.,-1.));
#4475=DIRECTION('',(-1.,0.,0.));
#4476=DIRECTION('',(0.,0.,-1.));
#4477=DIRECTION('',(-1.,0.,0.));
#4478=DIRECTION('',(0.,0.,-1.));
#4479=DIRECTION('',(-1.,0.,0.));
#4480=DIRECTION('',(0.,0.,-1.));
#4481=DIRECTION('',(-1.,0.,0.));
#4482=DIRECTION('',(0.,0.,-1.));
#4483=DIRECTION('',(-1.,0.,0.));
#4484=DIRECTION('',(0.,0.,-1.));
#4485=DIRECTION('',(0.,0.,-1.));
#4486=DIRECTION('',(-1.,0.,0.));
#4487=DIRECTION('',(0.,0.,-1.));
#4488=DIRECTION('',(-1.,0.,0.));
#4489=DIRECTION('',(0.,0.,-1.));
#4490=DIRECTION('',(-1.,0.,0.));
#4491=DIRECTION('',(0.,0.97218678523739,0.234206862858005));
#4492=DIRECTION('',(0.,-0.234206862858005,0.97218678523739));
#4493=DIRECTION('',(-1.,0.,0.));
#4494=DIRECTION('',(-1.,0.,0.));
#4495=DIRECTION('',(0.,0.97218678523739,0.234206862858005));
#4496=DIRECTION('',(0.,-0.234206862858005,0.97218678523739));
#4497=DIRECTION('',(-1.,0.,0.));
#4498=DIRECTION('',(0.,0.97218678523739,0.234206862858005));
#4499=DIRECTION('',(0.,-0.234206862858005,0.97218678523739));
#4500=DIRECTION('',(-1.,0.,0.));
#4501=DIRECTION('',(-1.,0.,0.));
#4502=DIRECTION('',(0.,0.97218678523739,0.234206862858005));
#4503=DIRECTION('',(0.,-0.234206862858005,0.97218678523739));
#4504=DIRECTION('',(-1.,0.,0.));
#4505=DIRECTION('',(-1.,0.,0.));
#4506=DIRECTION('',(-1.,0.,0.));
#4507=DIRECTION('',(-1.,0.,0.));
#4508=DIRECTION('',(0.,0.,-1.));
#4509=DIRECTION('',(-1.,0.,0.));
#4510=DIRECTION('',(0.,0.,-1.));
#4511=DIRECTION('',(0.,0.,1.));
#4512=DIRECTION('',(1.,0.,0.));
#4513=DIRECTION('',(0.,0.,-1.));
#4514=DIRECTION('',(-1.,0.,0.));
#4515=DIRECTION('',(0.,0.,1.));
#4516=DIRECTION('',(1.,0.,0.));
#4517=DIRECTION('',(0.,0.,-1.));
#4518=DIRECTION('',(-1.,0.,0.));
#4519=DIRECTION('',(0.,0.,1.));
#4520=DIRECTION('',(1.,0.,0.));
#4521=DIRECTION('',(0.,0.,-1.));
#4522=DIRECTION('',(0.,0.,-1.));
#4523=DIRECTION('',(-1.,0.,0.));
#4524=DIRECTION('',(0.,0.,1.));
#4525=DIRECTION('',(1.,0.,0.));
#4526=DIRECTION('',(0.,0.,-1.));
#4527=DIRECTION('',(-1.,0.,0.));
#4528=DIRECTION('',(0.,0.,1.));
#4529=DIRECTION('',(1.,0.,0.));
#4530=DIRECTION('',(0.,0.,-1.));
#4531=DIRECTION('',(0.,0.,-1.));
#4532=DIRECTION('',(-1.,0.,0.));
#4533=DIRECTION('',(0.,0.,1.));
#4534=DIRECTION('',(1.,0.,0.));
#4535=DIRECTION('',(0.,0.,-1.));
#4536=DIRECTION('',(-1.,0.,0.));
#4537=DIRECTION('',(0.,0.,1.));
#4538=DIRECTION('',(1.,0.,0.));
#4539=DIRECTION('',(0.,0.,-1.));
#4540=DIRECTION('',(-1.,0.,0.));
#4541=DIRECTION('',(0.,0.,1.));
#4542=DIRECTION('',(1.,0.,0.));
#4543=DIRECTION('',(0.,0.,-1.));
#4544=DIRECTION('',(0.,0.,-1.));
#4545=DIRECTION('',(-1.,0.,0.));
#4546=DIRECTION('',(0.,0.,1.));
#4547=DIRECTION('',(1.,0.,0.));
#4548=DIRECTION('',(0.,0.,-1.));
#4549=DIRECTION('',(-1.,0.,0.));
#4550=DIRECTION('',(0.,0.,1.));
#4551=DIRECTION('',(1.,0.,0.));
#4552=DIRECTION('',(0.,0.,-1.));
#4553=DIRECTION('',(-1.,0.,0.));
#4554=DIRECTION('',(0.,0.,1.));
#4555=DIRECTION('',(1.,0.,0.));
#4556=DIRECTION('',(0.,0.,-1.));
#4557=DIRECTION('',(-1.,0.,0.));
#4558=DIRECTION('',(0.,0.,1.));
#4559=DIRECTION('',(1.,0.,0.));
#4560=DIRECTION('',(0.,0.,-1.));
#4561=DIRECTION('',(-1.,0.,0.));
#4562=DIRECTION('',(0.,0.,1.));
#4563=DIRECTION('',(1.,0.,0.));
#4564=DIRECTION('',(0.,0.,-1.));
#4565=DIRECTION('',(0.,0.,-1.));
#4566=DIRECTION('',(-1.,0.,0.));
#4567=DIRECTION('',(0.,0.,1.));
#4568=DIRECTION('',(1.,0.,0.));
#4569=DIRECTION('',(0.,0.,-1.));
#4570=DIRECTION('',(-1.,0.,0.));
#4571=DIRECTION('',(0.,0.,1.));
#4572=DIRECTION('',(1.,0.,0.));
#4573=DIRECTION('',(0.,0.,-1.));
#4574=DIRECTION('',(-1.,0.,0.));
#4575=DIRECTION('',(0.,0.,1.));
#4576=DIRECTION('',(1.,0.,0.));
#4577=DIRECTION('',(0.,0.,-1.));
#4578=DIRECTION('',(-1.,0.,0.));
#4579=DIRECTION('',(0.,0.,1.));
#4580=DIRECTION('',(1.,0.,0.));
#4581=DIRECTION('',(0.,0.97218678523739,0.234206862858005));
#4582=DIRECTION('',(0.,-0.234206862858005,0.97218678523739));
#4583=DIRECTION('',(-1.,0.,0.));
#4584=DIRECTION('',(0.,0.97218678523739,0.234206862858005));
#4585=DIRECTION('',(0.,-0.234206862858005,0.97218678523739));
#4586=DIRECTION('',(-1.,0.,0.));
#4587=DIRECTION('',(0.,0.97218678523739,0.234206862858005));
#4588=DIRECTION('',(0.,-0.234206862858005,0.97218678523739));
#4589=DIRECTION('',(-1.,0.,0.));
#4590=DIRECTION('',(-1.,0.,0.));
#4591=DIRECTION('',(0.,0.97218678523739,0.234206862858005));
#4592=DIRECTION('',(0.,-0.234206862858005,0.97218678523739));
#4593=DIRECTION('',(-1.,0.,0.));
#4594=DIRECTION('',(-1.,0.,0.));
#4595=DIRECTION('',(0.,0.97218678523739,0.234206862858005));
#4596=DIRECTION('',(0.,-0.234206862858005,0.97218678523739));
#4597=DIRECTION('',(-1.,0.,0.));
#4598=DIRECTION('',(0.,0.,1.));
#4599=DIRECTION('',(1.,0.,0.));
#4600=DIRECTION('',(0.,0.,1.));
#4601=DIRECTION('',(1.,0.,0.));
#4602=DIRECTION('',(0.,0.,1.));
#4603=DIRECTION('',(1.,0.,0.));
#4604=DIRECTION('',(0.,0.,1.));
#4605=DIRECTION('',(1.,0.,0.));
#4606=DIRECTION('',(0.,0.,1.));
#4607=DIRECTION('',(1.,0.,0.));
#4608=DIRECTION('',(0.,0.,1.));
#4609=DIRECTION('',(1.,0.,0.));
#4610=DIRECTION('',(0.,0.,-1.));
#4611=DIRECTION('',(0.,0.,-1.));
#4612=DIRECTION('',(-1.,0.,0.));
#4613=DIRECTION('',(0.,0.,1.));
#4614=DIRECTION('',(1.,0.,0.));
#4615=DIRECTION('',(0.,0.,1.));
#4616=DIRECTION('',(1.,0.,0.));
#4617=CARTESIAN_POINT('',(0.,0.,0.));
#4618=CARTESIAN_POINT('',(0.0582316604048969,0.0534364506602287,0.0162663608789444));
#4619=CARTESIAN_POINT('',(0.0582316604048969,0.0534364506602287,0.0180531227961182));
#4620=CARTESIAN_POINT('',(0.0582316604048969,0.0517074772756976,0.0174359245781455));
#4621=CARTESIAN_POINT('',(0.0582316604048969,0.0559557639062405,0.0189524516463279));
#4622=CARTESIAN_POINT('',(0.0582316604048969,0.0517074772756976,0.0174359581149944));
#4623=CARTESIAN_POINT('',(0.0582316604048969,0.0517074772756976,0.0141317072996228));
#4624=CARTESIAN_POINT('',(0.0582316604048969,0.0513844136148692,0.0153670320287347));
#4625=CARTESIAN_POINT('',(0.0582316604048969,0.0518516898155212,0.0135802701115608));
#4626=CARTESIAN_POINT('',(0.0582316604048969,0.0535544864833355,0.0135802701115608));
#4627=CARTESIAN_POINT('',(0.0582316604048969,0.0552572831511498,0.0135802701115608));
#4628=CARTESIAN_POINT('',(0.0582316604048969,0.0556065235286951,0.0162663608789444));
#4629=CARTESIAN_POINT('',(0.0932316604048969,0.0513844136148692,0.0153670320287347));
#4630=CARTESIAN_POINT('',(0.0729140658978279,0.038864106332508,0.0632419467199107));
#4631=CARTESIAN_POINT('',(0.0575770388777351,0.050917137414217,0.0171537939459085));
#4632=CARTESIAN_POINT('',(0.0932316604048969,0.050917137414217,0.0171537939459085));
#4633=CARTESIAN_POINT('',(0.0492316604048969,0.050917137414217,0.0171537939459085));
#4634=CARTESIAN_POINT('',(0.0492316604048969,0.0513844136148692,0.0153670320287347));
#4635=CARTESIAN_POINT('',(0.0492316604048969,0.0518516898155212,0.0135802701115608));
#4636=CARTESIAN_POINT('',(0.0932316604048969,0.0518516898155212,0.0135802701115608));
#4637=CARTESIAN_POINT('',(0.0932316604048969,0.0534364506602287,0.0180531227961182));
#4638=CARTESIAN_POINT('',(0.0729140658978279,0.038864106332508,0.0128511775081093));
#4639=CARTESIAN_POINT('',(0.0932316604048969,0.0559557639062405,0.0189524516463279));
#4640=CARTESIAN_POINT('',(0.0492316604048969,0.0559557639062405,0.0189524516463279));
#4641=CARTESIAN_POINT('',(0.0492316604048969,0.0534364506602287,0.0180531227961182));
#4642=CARTESIAN_POINT('',(0.0492316604048969,0.0534364506602287,0.0162663608789444));
#4643=CARTESIAN_POINT('',(0.0492316604048969,0.0556065235286951,0.0162663608789444));
#4644=CARTESIAN_POINT('',(0.0492316604048969,0.0552572831511498,0.0135802701115608));
#4645=CARTESIAN_POINT('',(0.0492316604048969,0.0535544864833355,0.0135802701115608));
#4646=CARTESIAN_POINT('',(0.0932316604048969,0.0556065235286951,0.0162663608789444));
#4647=CARTESIAN_POINT('',(0.0932316604048969,0.0552572831511498,0.0135802701115608));
#4648=CARTESIAN_POINT('',(0.0932316604048969,0.0535544864833355,0.0135802701115608));
#4649=CARTESIAN_POINT('',(0.0729140658978279,0.038864106332508,0.0167869327010558));
#4650=CARTESIAN_POINT('',(0.,0.,0.));
#4651=CARTESIAN_POINT('',(0.0711091345952188,0.0166570314751768,0.002));
#4652=CARTESIAN_POINT('',(0.0635092414492073,-0.0432201293380076,0.002));
#4653=CARTESIAN_POINT('',(0.0675592827158803,-0.0432199212461166,0.002));
#4654=CARTESIAN_POINT('',(0.071609323245308,-0.0432172068842827,0.002));
#4655=CARTESIAN_POINT('',(0.0756593643815093,-0.0432165552532103,0.002));
#4656=CARTESIAN_POINT('',(0.0635092414492073,-0.0432201293380077,0.002));
#4657=CARTESIAN_POINT('',(0.0756593643940736,-0.0432166333581658,0.002));
#4658=CARTESIAN_POINT('',(0.0756626969220067,-0.0447068312618625,0.002));
#4659=CARTESIAN_POINT('',(0.0756656527519226,-0.0461970288650691,0.002));
#4660=CARTESIAN_POINT('',(0.069587447100565,-0.0461970288650691,0.002));
#4661=CARTESIAN_POINT('',(0.0635092414492073,-0.0461970288650691,0.002));
#4662=CARTESIAN_POINT('',(0.0635092414492073,-0.0447085248892793,0.002));
#4663=CARTESIAN_POINT('',(0.0635092414492073,-0.0447085248892793,0.002));
#4664=CARTESIAN_POINT('',(0.0635092414492073,-0.0447085248892793,1.4210854715202E-17));
#4665=CARTESIAN_POINT('',(0.0635092414522229,-0.0432201293380074,3.79575302587985E-18));
#4666=CARTESIAN_POINT('',(0.0635092414492073,-0.0461970288650691,1.4210854715202E-17));
#4667=CARTESIAN_POINT('',(0.0635092414492073,-0.0432201293380075,0.002));
#4668=CARTESIAN_POINT('',(0.0635092414492073,-0.0461970288650691,0.002));
#4669=CARTESIAN_POINT('',(0.069587447100565,-0.0461970288650691,0.002));
#4670=CARTESIAN_POINT('',(0.069587447100565,-0.0461970288650691,1.4210854715202E-17));
#4671=CARTESIAN_POINT('',(0.0756656527519226,-0.0461970288650691,1.4210854715202E-17));
#4672=CARTESIAN_POINT('',(0.0756656527519226,-0.0461970288650691,0.002));
#4673=CARTESIAN_POINT('',(0.0756626969220067,-0.0447068312618625,0.002));
#4674=CARTESIAN_POINT('',(0.0756626969220067,-0.0447068312618625,1.4210854715202E-17));
#4675=CARTESIAN_POINT('',(0.0756597409364522,-0.0432165551926426,2.83773670157523E-18));
#4676=CARTESIAN_POINT('',(0.0756597409364522,-0.0432165551926426,0.002));
#4677=CARTESIAN_POINT('',(0.0711091345952188,0.0166570314751768,0.0025));
#4678=CARTESIAN_POINT('',(0.0846833178090345,0.0674295142306001,0.0025));
#4679=CARTESIAN_POINT('',(0.0699997903331731,0.081169369856094,0.0025));
#4680=CARTESIAN_POINT('',(0.104779985538593,0.0667128846808798,0.0025));
#4681=CARTESIAN_POINT('',(0.0555416942799125,0.0674278649001181,0.0025));
#4682=CARTESIAN_POINT('',(0.0356033469585369,0.0668553214235018,0.0025));
#4683=CARTESIAN_POINT('',(0.0425602190220847,0.0522836646877991,0.0025));
#4684=CARTESIAN_POINT('',(0.0287380937046903,0.043936203957615,0.0025));
#4685=CARTESIAN_POINT('',(0.0417388008606971,0.0361573966404218,0.0025));
#4686=CARTESIAN_POINT('',(0.0281623472921004,0.0294336968899863,0.0025));
#4687=CARTESIAN_POINT('',(0.0407734688676949,0.0210379930814995,0.0025));
#4688=CARTESIAN_POINT('',(0.027877973130637,0.0130859858173061,0.0025));
#4689=CARTESIAN_POINT('',(0.040122112345796,0.00590181243657964,0.0025));
#4690=CARTESIAN_POINT('',(0.0281664930277257,-0.00175288932155048,0.0025));
#4691=CARTESIAN_POINT('',(0.0407734688676949,-0.00827940848991025,0.0025));
#4692=CARTESIAN_POINT('',(0.0307686773715438,-0.0183509247314241,0.0025));
#4693=CARTESIAN_POINT('',(0.0444932620393979,-0.0219795702059006,0.0025));
#4694=CARTESIAN_POINT('',(0.0359395642055922,-0.0333094221754755,0.0025));
#4695=CARTESIAN_POINT('',(0.049572961574967,-0.0352358119399998,0.0025));
#4696=CARTESIAN_POINT('',(0.0574356016646726,-0.0465388819732206,0.0025));
#4697=CARTESIAN_POINT('',(0.06980749623042,-0.0404245898511011,0.0025));
#4698=CARTESIAN_POINT('',(0.0819223732784383,-0.0470335305689457,0.0025));
#4699=CARTESIAN_POINT('',(0.0890587238702555,-0.0352358119399998,0.0025));
#4700=CARTESIAN_POINT('',(0.102435391536345,-0.0318923965054327,0.0025));
#4701=CARTESIAN_POINT('',(0.0928515750015604,-0.0219795702059006,0.0025));
#4702=CARTESIAN_POINT('',(0.106145338108563,-0.0183203999349227,0.0025));
#4703=CARTESIAN_POINT('',(0.0962310250104259,-0.00827940848991024,0.0025));
#4704=CARTESIAN_POINT('',(0.10991718900649,-0.00484370936461608,0.0025));
#4705=CARTESIAN_POINT('',(0.100098704286193,0.00529100677368809,0.0025));
#4706=CARTESIAN_POINT('',(0.112997081138723,0.0110135051770801,0.0025));
#4707=CARTESIAN_POINT('',(0.100831016283423,0.0210379610298989,0.0025));
#4708=CARTESIAN_POINT('',(0.113928840902172,0.0298100667899178,0.0025));
#4709=CARTESIAN_POINT('',(0.0997830621599375,0.0367670627640589,0.0025));
#4710=CARTESIAN_POINT('',(0.11250857372803,0.046071051400059,0.0025));
#4711=CARTESIAN_POINT('',(0.0980883274286862,0.0524396733761801,0.0025));
#4712=CARTESIAN_POINT('',(0.0418789089996098,0.0431999334342872,0.0025));
#4713=CARTESIAN_POINT('',(0.0415379672912843,0.0361688810922738,0.0025));
#4714=CARTESIAN_POINT('',(0.0422198507079352,0.0502309857763006,0.0025));
#4715=CARTESIAN_POINT('',(0.0423900348650096,0.0512573252320499,0.0025));
#4716=CARTESIAN_POINT('',(0.0425602190395715,0.052283664817359,0.0025));
#4717=CARTESIAN_POINT('',(0.0425602190382357,0.0522836648235073,0.0025));
#4718=CARTESIAN_POINT('',(0.0426569706723513,0.0532100235742176,0.0025));
#4719=CARTESIAN_POINT('',(0.0429834022731071,0.0550262970532909,0.0025));
#4720=CARTESIAN_POINT('',(0.0441794583993186,0.0575822130237447,0.0025));
#4721=CARTESIAN_POINT('',(0.0459370161939648,0.0597348741258755,0.0025));
#4722=CARTESIAN_POINT('',(0.0473173769293111,0.0609925344835413,0.0025));
#4723=CARTESIAN_POINT('',(0.0480284898147529,0.0615934696705424,0.0025));
#4724=CARTESIAN_POINT('',(0.048028489814583,0.0615934696703993,0.0025));
#4725=CARTESIAN_POINT('',(0.048028489814583,0.0615934696704006,0.0025));
#4726=CARTESIAN_POINT('',(0.0481695228517994,0.0617126487146566,0.0025));
#4727=CARTESIAN_POINT('',(0.0483904545655791,0.0618966610846859,0.0025));
#4728=CARTESIAN_POINT('',(0.0486937550686172,0.0621444889409326,0.0025));
#4729=CARTESIAN_POINT('',(0.0489456717507182,0.0623476180033881,0.0025));
#4730=CARTESIAN_POINT('',(0.0491417142876822,0.0625039286141138,0.0025));
#4731=CARTESIAN_POINT('',(0.0493686886667612,0.0626834468575215,0.0025));
#4732=CARTESIAN_POINT('',(0.0495691619804241,0.0628405667130378,0.0025));
#4733=CARTESIAN_POINT('',(0.0497276109259838,0.0629641264457913,0.0025));
#4734=CARTESIAN_POINT('',(0.0498759825103472,0.0630793310320577,0.0025));
#4735=CARTESIAN_POINT('',(0.049927541151781,0.0631192239629012,0.0025));
#4736=CARTESIAN_POINT('',(0.0500500632587116,0.0632139718074381,0.0025));
#4737=CARTESIAN_POINT('',(0.0502216902793885,0.0633463755226406,0.0025));
#4738=CARTESIAN_POINT('',(0.0504740254698043,0.063540716465893,0.0025));
#4739=CARTESIAN_POINT('',(0.0509071979718168,0.0638739906291854,0.0025));
#4740=CARTESIAN_POINT('',(0.0513263504937109,0.0641952725148712,0.0025));
#4741=CARTESIAN_POINT('',(0.0516056232224364,0.0644073514607871,0.0025));
#4742=CARTESIAN_POINT('',(0.0517250457626122,0.0644974277672237,0.0025));
#4743=CARTESIAN_POINT('',(0.0517250456869113,0.0644974278666908,0.0025));
#4744=CARTESIAN_POINT('',(0.055541694223324,0.067427865066799,0.0025));
#4745=CARTESIAN_POINT('',(0.0555416942799465,0.0674278650667191,0.0025));
#4746=CARTESIAN_POINT('',(0.0584322549980896,0.0695143745496303,0.0025));
#4747=CARTESIAN_POINT('',(0.0613228157162666,0.0716008841991425,0.0025));
#4748=CARTESIAN_POINT('',(0.0779506033951066,0.0716008841991425,0.0025));
#4749=CARTESIAN_POINT('',(0.0808543488383293,0.0716008841991425,0.0025));
#4750=CARTESIAN_POINT('',(0.0848378572417588,0.0683965290280391,0.0025));
#4751=CARTESIAN_POINT('',(0.0888213656451882,0.0651921738569356,0.0025));
#4752=CARTESIAN_POINT('',(0.0918378602517933,0.0626312536709559,0.0025));
#4753=CARTESIAN_POINT('',(0.0948543548583984,0.0600703334849762,0.0025));
#4754=CARTESIAN_POINT('',(0.0960948504507542,0.0579410908454163,0.0025));
#4755=CARTESIAN_POINT('',(0.0973353460431099,0.0558118482058563,0.0025));
#4756=CARTESIAN_POINT('',(0.0977118367358981,0.0541257607910182,0.0025));
#4757=CARTESIAN_POINT('',(0.0980883274295459,0.0524396733731067,0.0025));
#4758=CARTESIAN_POINT('',(0.098251329551631,0.0524396733761801,0.0025));
#4759=CARTESIAN_POINT('',(0.0984143316745758,0.0524396733761801,0.0025));
#4760=CARTESIAN_POINT('',(0.0990986969172567,0.0446033680701195,0.0025));
#4761=CARTESIAN_POINT('',(0.0986589260999964,0.0496389516647037,0.0025));
#4762=CARTESIAN_POINT('',(0.0986589260999962,0.0496389516647048,0.0025));
#4763=CARTESIAN_POINT('',(0.0987797931384001,0.0487187867670611,0.0025));
#4764=CARTESIAN_POINT('',(0.0989178157290248,0.0468700003156086,0.0025));
#4765=CARTESIAN_POINT('',(0.0992489597663385,0.0431769281564504,0.0025));
#4766=CARTESIAN_POINT('',(0.0996405287260592,0.0385587088254337,0.0025));
#4767=CARTESIAN_POINT('',(0.100085337132927,0.0330150574767351,0.0025));
#4768=CARTESIAN_POINT('',(0.100475384872199,0.0274660065195181,0.0025));
#4769=CARTESIAN_POINT('',(0.100745064041838,0.0228401973398423,0.0025));
#4770=CARTESIAN_POINT('',(0.100923840678353,0.0191406607584569,0.0025));
#4771=CARTESIAN_POINT('',(0.101037630959327,0.0163662628485654,0.0025));
#4772=CARTESIAN_POINT('',(0.101136687740004,0.0135921190108689,0.0025));
#4773=CARTESIAN_POINT('',(0.10096055894529,0.0108223668529689,0.0025));
#4774=CARTESIAN_POINT('',(0.100597970258479,0.00805559514269981,0.0025));
#4775=CARTESIAN_POINT('',(0.100274705885784,0.00621238316773886,0.0025));
#4776=CARTESIAN_POINT('',(0.100098704290214,0.00529100679473772,0.0025));
#4777=CARTESIAN_POINT('',(0.100098704286192,0.00529100677368317,0.0025));
#4778=CARTESIAN_POINT('',(0.0999408832230653,0.00422939478502294,0.0025));
#4779=CARTESIAN_POINT('',(0.0997830621599376,0.00316778279635781,0.0025));
#4780=CARTESIAN_POINT('',(0.098240338051212,-0.00265800313367608,0.0025));
#4781=CARTESIAN_POINT('',(0.0990168060229004,0.000274171296605551,0.0025));
#4782=CARTESIAN_POINT('',(0.0990168060227615,0.000274171296019253,0.0025));
#4783=CARTESIAN_POINT('',(0.098317581212246,-0.00267669459242182,0.0025));
#4784=CARTESIAN_POINT('',(0.0975220942659861,-0.00560372492684692,0.0025));
#4785=CARTESIAN_POINT('',(0.0966874955356268,-0.00851913808120383,0.0025));
#4786=CARTESIAN_POINT('',(0.0966874952815816,-0.00851913800817162,0.0025));
#4787=CARTESIAN_POINT('',(0.0964643194764563,-0.00929875259900539,0.0025));
#4788=CARTESIAN_POINT('',(0.0962310183476038,-0.0101137142363773,0.0025));
#4789=CARTESIAN_POINT('',(0.10139994213838,0.00802861053355704,0.0025));
#4790=CARTESIAN_POINT('',(0.0956948595806015,-0.0119954641045149,0.0025));
#4791=CARTESIAN_POINT('',(-21.6596586705353,6.17726102492321,0.0025));
#4792=CARTESIAN_POINT('',(0.0928515750015603,-0.0219795702059008,0.0025));
#4793=CARTESIAN_POINT('',(0.0928515750015603,-0.0219795702059008,0.0025));
#4794=CARTESIAN_POINT('',(0.0927699692190985,-0.0222656428874982,0.0025));
#4795=CARTESIAN_POINT('',(0.0926053209521649,-0.0228427288246343,0.0025));
#4796=CARTESIAN_POINT('',(0.0923886557076688,-0.0236018772277076,0.0025));
#4797=CARTESIAN_POINT('',(0.0922531538950815,-0.024076541456066,0.0025));
#4798=CARTESIAN_POINT('',(0.0921814258987938,-0.02432777964845,0.0025));
#4799=CARTESIAN_POINT('',(0.0921547621714551,-0.0244211698881867,0.0025));
#4800=CARTESIAN_POINT('',(0.092102885212962,-0.0246028618929688,0.0025));
#4801=CARTESIAN_POINT('',(0.0920288524636328,-0.0248621252286631,0.0025));
#4802=CARTESIAN_POINT('',(0.0919043350750529,-0.025298134545126,0.0025));
#4803=CARTESIAN_POINT('',(0.0917402029315211,-0.0258727630802433,0.0025));
#4804=CARTESIAN_POINT('',(0.0914581655876127,-0.0268599887648872,0.0025));
#4805=CARTESIAN_POINT('',(0.0910705986370657,-0.028216263299635,0.0025));
#4806=CARTESIAN_POINT('',(0.0906327389031669,-0.0297481532835603,0.0025));
#4807=CARTESIAN_POINT('',(0.0903061067427653,-0.0308906662691389,0.0025));
#4808=CARTESIAN_POINT('',(0.0901046599170482,-0.0315953285488762,0.0025));
#4809=CARTESIAN_POINT('',(0.0898854585108801,-0.0323616506005572,0.0025));
#4810=CARTESIAN_POINT('',(0.0896528402596014,-0.0331738769401969,0.0025));
#4811=CARTESIAN_POINT('',(0.0894150680494631,-0.0340023195684035,0.0025));
#4812=CARTESIAN_POINT('',(0.0892609349517748,-0.034537703099438,0.0025));
#4813=CARTESIAN_POINT('',(0.0891669915609047,-0.0348626745664193,0.0025));
#4814=CARTESIAN_POINT('',(0.0891295372586283,-0.0349919881388224,0.0025));
#4815=CARTESIAN_POINT('',(0.0890795732902433,-0.0351640955713018,0.0025));
#4816=CARTESIAN_POINT('',(0.0890587238701821,-0.0352358119402523,0.0025));
#4817=CARTESIAN_POINT('',(0.089058723870182,-0.0352358119402523,0.0025));
#4818=CARTESIAN_POINT('',(0.0890587238701821,-0.0352358119402523,0.0025));
#4819=CARTESIAN_POINT('',(0.0889736091353521,-0.0355285836196687,0.0025));
#4820=CARTESIAN_POINT('',(0.0888492322112386,-0.0359543378155657,0.0025));
#4821=CARTESIAN_POINT('',(0.088712538099598,-0.0364186911975636,0.0025));
#4822=CARTESIAN_POINT('',(0.0886436483806385,-0.0366516819578259,0.0025));
#4823=CARTESIAN_POINT('',(0.0886082853687719,-0.0367710600777789,0.0025));
#4824=CARTESIAN_POINT('',(0.0885227451244241,-0.0370592936547732,0.0025));
#4825=CARTESIAN_POINT('',(0.0884494469546016,-0.0373047377131168,0.0025));
#4826=CARTESIAN_POINT('',(0.0883839972893558,-0.037521659827179,0.0025));
#4827=CARTESIAN_POINT('',(0.0883553684837794,-0.0376158872872522,0.0025));
#4828=CARTESIAN_POINT('',(0.0883155965429713,-0.0377459556114503,0.0025));
#4829=CARTESIAN_POINT('',(0.0882544446670813,-0.0379429331865301,0.0025));
#4830=CARTESIAN_POINT('',(0.0881668246901542,-0.0382186050328075,0.0025));
#4831=CARTESIAN_POINT('',(0.0881028732144501,-0.038412672613354,0.0025));
#4832=CARTESIAN_POINT('',(0.08806210461104,-0.0385328856980997,0.0025));
#4833=CARTESIAN_POINT('',(0.08806210461104,-0.0385328856981001,0.0025));
#4834=CARTESIAN_POINT('',(0.0750698770191006,-0.0342297027664483,0.0025));
#4835=CARTESIAN_POINT('',(0.0876109034275287,-0.0397069798960831,0.0025));
#4836=CARTESIAN_POINT('',(0.08806210461104,-0.0385328856981015,0.0025));
#4837=CARTESIAN_POINT('',(0.0879282678560441,-0.0389105975408946,0.0025));
#4838=CARTESIAN_POINT('',(0.0876402226673421,-0.039736855874549,0.0025));
#4839=CARTESIAN_POINT('',(0.0868023800799689,-0.0413015633448297,0.0025));
#4840=CARTESIAN_POINT('',(0.0853245179047641,-0.0423946734179812,0.0025));
#4841=CARTESIAN_POINT('',(0.0838743690272766,-0.0428694816507348,0.0025));
#4842=CARTESIAN_POINT('',(0.0816019091114363,-0.0431792880175733,0.0025));
#4843=CARTESIAN_POINT('',(0.0800277633954555,-0.0431795161100646,0.0025));
#4844=CARTESIAN_POINT('',(0.079229759449253,-0.0432043846093031,0.0025));
#4845=CARTESIAN_POINT('',(0.0866993983743553,-0.0412105796275061,0.0025));
#4846=CARTESIAN_POINT('',(0.0833190162914552,-0.0383473462057859,0.0025));
#4847=CARTESIAN_POINT('',(0.0853011059045702,-0.0423099533279278,0.0025));
#4848=CARTESIAN_POINT('',(0.08806210461104,-0.0385328856981015,0.0025));
#4849=CARTESIAN_POINT('',(0.0879282678560441,-0.0389105975408946,0.0025));
#4850=CARTESIAN_POINT('',(0.0876402226673421,-0.039736855874549,0.0025));
#4851=CARTESIAN_POINT('',(0.0868023800799689,-0.0413015633448297,0.0025));
#4852=CARTESIAN_POINT('',(0.0853245179047641,-0.0423946734179812,0.0025));
#4853=CARTESIAN_POINT('',(0.0838743690272766,-0.0428694816507348,0.0025));
#4854=CARTESIAN_POINT('',(0.0816019091114363,-0.0431792880175733,0.0025));
#4855=CARTESIAN_POINT('',(0.0800277633954555,-0.0431795161100646,0.0025));
#4856=CARTESIAN_POINT('',(0.079229759449253,-0.0432043846093031,0.0025));
#4857=CARTESIAN_POINT('',(0.0838755809845264,-0.0428130035855417,0.0025));
#4858=CARTESIAN_POINT('',(0.0807898284345347,-0.0286632258294771,0.0025));
#4859=CARTESIAN_POINT('',(0.0816398607931942,-0.0431212321989793,0.0025));
#4860=CARTESIAN_POINT('',(0.0803251038536839,-0.0243977617773672,0.0025));
#4861=CARTESIAN_POINT('',(0.081340090879115,-0.0431409555684066,0.0025));
#4862=CARTESIAN_POINT('',(0.081340090881693,-0.0431409555647585,0.0025));
#4863=CARTESIAN_POINT('',(0.0792991951659785,-0.0432346187330272,0.0025));
#4864=CARTESIAN_POINT('',(0.0752152007291347,-0.0432053354073769,0.0025));
#4865=CARTESIAN_POINT('',(0.0690896678412305,-0.0432293557355182,0.0025));
#4866=CARTESIAN_POINT('',(0.0639852755967248,-0.0432057241621483,0.0025));
#4867=CARTESIAN_POINT('',(0.0599010079270622,-0.0432440454227791,0.0025));
#4868=CARTESIAN_POINT('',(0.0578607167782302,-0.043134694936974,0.0025));
#4869=CARTESIAN_POINT('',(0.056840568566342,-0.0430802605818998,0.0025));
#4870=CARTESIAN_POINT('',(0.0568405685643933,-0.0430802605817958,0.0025));
#4871=CARTESIAN_POINT('',(0.0580717551608934,-0.0325954928366098,0.0025));
#4872=CARTESIAN_POINT('',(0.0562061868890346,-0.0429859645107503,0.0025));
#4873=CARTESIAN_POINT('',(0.0576611849600386,-0.0346137861069747,0.0025));
#4874=CARTESIAN_POINT('',(0.0551553563918932,-0.0427330258329504,0.0025));
#4875=CARTESIAN_POINT('',(0.050878774784487,-0.0384169133277421,0.0025));
#4876=CARTESIAN_POINT('',(0.0511197757335855,-0.0389260160869532,0.0025));
#4877=CARTESIAN_POINT('',(0.0516396154993881,-0.0400425024913368,0.0025));
#4878=CARTESIAN_POINT('',(0.0532863355171724,-0.0419950000011166,0.0025));
#4879=CARTESIAN_POINT('',(0.0551102952271066,-0.0427903851459607,0.0025));
#4880=CARTESIAN_POINT('',(0.0568246161363337,-0.0431169424812243,0.0025));
#4881=CARTESIAN_POINT('',(0.0578918529541974,-0.0431697603138548,0.0025));
#4882=CARTESIAN_POINT('',(0.0584144009372157,-0.043196914970797,0.0025));
#4883=CARTESIAN_POINT('',(0.0533900052573961,-0.0418514437284707,0.0025));
#4884=CARTESIAN_POINT('',(0.0533900052566057,-0.0418514437300425,0.0025));
#4885=CARTESIAN_POINT('',(0.0527150062731435,-0.0413521911624859,0.0025));
#4886=CARTESIAN_POINT('',(0.0521683295027483,-0.0406999951298678,0.0025));
#4887=CARTESIAN_POINT('',(0.0517199837913718,-0.0399908543879418,0.0025));
#4888=CARTESIAN_POINT('',(0.0517199837913637,-0.0399908543879291,0.0025));
#4889=CARTESIAN_POINT('',(0.050878774784487,-0.0384169133277421,0.0025));
#4890=CARTESIAN_POINT('',(0.0511197757335855,-0.0389260160869532,0.0025));
#4891=CARTESIAN_POINT('',(0.0516396154993881,-0.0400425024913368,0.0025));
#4892=CARTESIAN_POINT('',(0.0532863355171724,-0.0419950000011166,0.0025));
#4893=CARTESIAN_POINT('',(0.0551102952271066,-0.0427903851459607,0.0025));
#4894=CARTESIAN_POINT('',(0.0568246161363337,-0.0431169424812243,0.0025));
#4895=CARTESIAN_POINT('',(0.0578918529541974,-0.0431697603138548,0.0025));
#4896=CARTESIAN_POINT('',(0.0584144009372157,-0.043196914970797,0.0025));
#4897=CARTESIAN_POINT('',(0.051021311282487,-0.0387172648649699,0.0025));
#4898=CARTESIAN_POINT('',(0.0688906845667762,-0.030056400296946,0.0025));
#4899=CARTESIAN_POINT('',(0.0508787747819547,-0.0384169133222967,0.0025));
#4900=CARTESIAN_POINT('',(0.0508787747716444,-0.0384169133270919,0.0025));
#4901=CARTESIAN_POINT('',(0.0507769251136189,-0.0381979019825491,0.0025));
#4902=CARTESIAN_POINT('',(0.0506181759880094,-0.0378422183210046,0.0025));
#4903=CARTESIAN_POINT('',(0.0504176904949814,-0.0373677108354477,0.0025));
#4904=CARTESIAN_POINT('',(0.0503042736616661,-0.0370932674517443,0.0025));
#4905=CARTESIAN_POINT('',(0.0502046275650325,-0.0368480675207761,0.0025));
#4906=CARTESIAN_POINT('',(0.0501524023694034,-0.0367178062956027,0.0025));
#4907=CARTESIAN_POINT('',(0.050067331928986,-0.0365041908037049,0.0025));
#4908=CARTESIAN_POINT('',(0.0499038114408677,-0.0360885723839057,0.0025));
#4909=CARTESIAN_POINT('',(0.0497304767264894,-0.0356410384858358,0.0025));
#4910=CARTESIAN_POINT('',(0.0496010722054043,-0.0353042924583793,0.0025));
#4911=CARTESIAN_POINT('',(0.0496010722054043,-0.0353042924583793,0.0025));
#4912=CARTESIAN_POINT('',(0.050225868179727,-0.036826362633871,0.0025));
#4913=CARTESIAN_POINT('',(0.0495729615749673,-0.0352358119400008,0.0025));
#4914=CARTESIAN_POINT('',(0.0470331118071824,-0.0286076910729502,0.0025));
#4915=CARTESIAN_POINT('',(0.0489499926632456,-0.0336100806484577,0.0025));
#4916=CARTESIAN_POINT('',(0.0489499926632456,-0.0336100806484577,0.0025));
#4917=CARTESIAN_POINT('',(0.0487737753840381,-0.0331519028328736,0.0025));
#4918=CARTESIAN_POINT('',(0.0485367480470793,-0.0325359175977465,0.0025));
#4919=CARTESIAN_POINT('',(0.0482253183462546,-0.0317270027516481,0.0025));
#4920=CARTESIAN_POINT('',(0.0480929197777156,-0.0313831709205916,0.0025));
#4921=CARTESIAN_POINT('',(0.0479805746541364,-0.0310914559684007,0.0025));
#4922=CARTESIAN_POINT('',(0.0479055867170649,-0.0308967603842711,0.0025));
#4923=CARTESIAN_POINT('',(0.047787771638914,-0.0305908808310286,0.0025));
#4924=CARTESIAN_POINT('',(0.0475826777378269,-0.030058389834164,0.0025));
#4925=CARTESIAN_POINT('',(0.0472904305003494,-0.0292995955334071,0.0025));
#4926=CARTESIAN_POINT('',(0.0469605742435046,-0.0284430873029419,0.0025));
#4927=CARTESIAN_POINT('',(0.0466834169904257,-0.0277233450590124,0.0025));
#4928=CARTESIAN_POINT('',(0.0464975883447534,-0.0272406969949407,0.0025));
#4929=CARTESIAN_POINT('',(0.0463766329796853,-0.0269264894248604,0.0025));
#4930=CARTESIAN_POINT('',(0.0463106883880824,-0.0267551533013485,0.0025));
#4931=CARTESIAN_POINT('',(0.0462684355016518,-0.0266453577756857,0.0025));
#4932=CARTESIAN_POINT('',(0.0462363165387673,-0.0265618776804688,0.0025));
#4933=CARTESIAN_POINT('',(0.0462318507786422,-0.0265502731390681,0.0025));
#4934=CARTESIAN_POINT('',(0.0461571850304981,-0.0263561757099516,0.0025));
#4935=CARTESIAN_POINT('',(0.046059625276948,-0.026102501555889,0.0025));
#4936=CARTESIAN_POINT('',(0.0459156421224102,-0.0257279667172831,0.0025));
#4937=CARTESIAN_POINT('',(0.045716734264116,-0.0252101658227312,0.0025));
#4938=CARTESIAN_POINT('',(0.0455494744212648,-0.02477413912546,0.0025));
#4939=CARTESIAN_POINT('',(0.045434374815783,-0.0244733958329995,0.0025));
#4940=CARTESIAN_POINT('',(0.0453763336373698,-0.0243215422106931,0.0025));
#4941=CARTESIAN_POINT('',(0.0452648339687017,-0.0240293490180144,0.0025));
#4942=CARTESIAN_POINT('',(0.0451481751969186,-0.0237227152394759,0.0025));
#4943=CARTESIAN_POINT('',(0.044959523848923,-0.0232251587919637,0.0025));
#4944=CARTESIAN_POINT('',(0.0447389935469913,-0.0226395199376829,0.0025));
#4945=CARTESIAN_POINT('',(0.0445885920253479,-0.0222367054321347,0.0025));
#4946=CARTESIAN_POINT('',(0.0444932620393978,-0.0219795702059,0.0025));
#4947=CARTESIAN_POINT('',(0.0444932620393977,-0.0219795702059001,0.0025));
#4948=CARTESIAN_POINT('',(0.0444932620393978,-0.0219795702059,0.0025));
#4949=CARTESIAN_POINT('',(0.0443528662962634,-0.0216008783303752,0.0025));
#4950=CARTESIAN_POINT('',(0.0441535346852812,-0.0210574154270265,0.0025));
#4951=CARTESIAN_POINT('',(0.0439082100023223,-0.0203757988936645,0.0025));
#4952=CARTESIAN_POINT('',(0.0437385883074543,-0.0198983851267433,0.0025));
#4953=CARTESIAN_POINT('',(0.0435377213047629,-0.0193231679699062,0.0025));
#4954=CARTESIAN_POINT('',(0.0432954576293877,-0.0186150370786186,0.0025));
#4955=CARTESIAN_POINT('',(0.0431236082843523,-0.0180968965008523,0.0025));
#4956=CARTESIAN_POINT('',(0.0430155197325208,-0.0177631418106365,0.0025));
#4957=CARTESIAN_POINT('',(0.0430155197323958,-0.0177631418106774,0.0025));
#4958=CARTESIAN_POINT('',(0.0430155197322107,-0.0177631418107459,0.0025));
#4959=CARTESIAN_POINT('',(0.0424782921120484,-0.0161042963683419,0.0025));
#4960=CARTESIAN_POINT('',(0.0415641065127677,-0.0127448224556471,0.0025));
#4961=CARTESIAN_POINT('',(0.040606058997708,-0.00760304967864161,0.0025));
#4962=CARTESIAN_POINT('',(0.0401106818167946,-0.00326935484784384,0.0025));
#4963=CARTESIAN_POINT('',(0.0400065257732007,0.000207278614045673,0.0025));
#4964=CARTESIAN_POINT('',(0.0400799197805922,0.00194720933093657,0.0025));
#4965=CARTESIAN_POINT('',(0.0401221123456954,0.00281732327262535,0.0025));
#4966=CARTESIAN_POINT('',(0.0401221123457959,0.00281732327469975,0.0025));
#4967=CARTESIAN_POINT('',(0.043608520386037,0.0747155886319995,0.0025));
#4968=CARTESIAN_POINT('',(0.0417388008606971,0.0361573966404217,0.0025));
#4969=CARTESIAN_POINT('',(0.0425602190220394,0.0522836646876548,0.0025));
#4970=CARTESIAN_POINT('',(0.0555416942799125,0.0674278649001181,0.0025));
#4971=CARTESIAN_POINT('',(0.0555416942799125,0.0674278649001181,1.4210854715202E-17));
#4972=CARTESIAN_POINT('',(0.0356033469585369,0.0668553214235018,1.4210854715202E-17));
#4973=CARTESIAN_POINT('',(0.0699997903331731,0.081169369856094,1.4210854715202E-17));
#4974=CARTESIAN_POINT('',(0.0356033469585369,0.0668553214235018,0.0025));
#4975=CARTESIAN_POINT('',(0.0699997903331731,0.081169369856094,0.0025));
#4976=CARTESIAN_POINT('',(0.0423900348650096,0.0512573252320499,0.0025));
#4977=CARTESIAN_POINT('',(0.0423900348650096,0.0512573252320499,1.4210854715202E-17));
#4978=CARTESIAN_POINT('',(0.0422198507079352,0.0502309857763006,1.4210854715202E-17));
#4979=CARTESIAN_POINT('',(0.0425602190395715,0.052283664817359,1.42611616960053E-17));
#4980=CARTESIAN_POINT('',(0.0425602190356828,0.0522836648180038,0.0025));
#4981=CARTESIAN_POINT('',(0.0422198507079352,0.0502309857763006,0.0025));
#4982=CARTESIAN_POINT('',(0.0425602190368998,0.0522836648296559,0.0025));
#4983=CARTESIAN_POINT('',(0.0425602190368998,0.0522836648296559,6.93889390390723E-18));
#4984=CARTESIAN_POINT('',(0.0426597280451611,0.0532364243506691,0.0025));
#4985=CARTESIAN_POINT('',(0.0426597280451611,0.0532364243506691,7.37257477290143E-18));
#4986=CARTESIAN_POINT('',(0.0430042631985594,0.0550830624963479,0.0025));
#4987=CARTESIAN_POINT('',(0.0430042631985594,0.0550830624963479,6.07153216591882E-18));
#4988=CARTESIAN_POINT('',(0.0445595207363398,0.0583834551442248,0.0025));
#4989=CARTESIAN_POINT('',(0.0445595207363398,0.0583834551442247,8.67361737988404E-18));
#4990=CARTESIAN_POINT('',(0.0465898386355439,0.0603777187917493,0.0025));
#4991=CARTESIAN_POINT('',(0.0465898386355439,0.0603777187917493,7.37257477290143E-18));
#4992=CARTESIAN_POINT('',(0.0480284898149223,0.0615934696706856,0.0025));
#4993=CARTESIAN_POINT('',(0.0480284898149223,0.0615934696706856,7.37257477290143E-18));
#4994=CARTESIAN_POINT('',(0.0425602190382357,0.0522836648235073,1.42611616960053E-17));
#4995=CARTESIAN_POINT('',(0.0426569706723513,0.0532100235742176,1.42611616960053E-17));
#4996=CARTESIAN_POINT('',(0.0429834022731071,0.0550262970532909,1.44996242195423E-17));
#4997=CARTESIAN_POINT('',(0.0441794583993186,0.0575822130237447,1.40302266332659E-17));
#4998=CARTESIAN_POINT('',(0.0459370161939648,0.0597348741258756,1.5550123193066E-17));
#4999=CARTESIAN_POINT('',(0.0473173769293111,0.0609925344835412,1.44120826384153E-17));
#5000=CARTESIAN_POINT('',(0.0480284898147529,0.0615934696705423,1.44120826384153E-17));
#5001=CARTESIAN_POINT('',(0.048028489814583,0.0615934696703993,5.03069808033288E-20));
#5002=CARTESIAN_POINT('',(0.048028489814583,0.0615934696703997,0.0025));
#5003=CARTESIAN_POINT('',(0.0480284898144628,0.0615934696702991,0.0025));
#5004=CARTESIAN_POINT('',(0.0480284898144628,0.0615934696702991,4.33680868994202E-19));
#5005=CARTESIAN_POINT('',(0.0481695228496773,0.0617126487128642,0.0025));
#5006=CARTESIAN_POINT('',(0.0481695228496773,0.0617126487128642,4.33680868994202E-19));
#5007=CARTESIAN_POINT('',(0.0484556654732101,0.0619513013755823,0.0025));
#5008=CARTESIAN_POINT('',(0.0484556654732101,0.0619513013755823,1.30104260698261E-18));
#5009=CARTESIAN_POINT('',(0.0489529271205368,0.0623544193912901,0.0025));
#5010=CARTESIAN_POINT('',(0.0489529271205368,0.0623544193912901,-4.33680868994202E-19));
#5011=CARTESIAN_POINT('',(0.0492844731258237,0.0626173287036524,0.0025));
#5012=CARTESIAN_POINT('',(0.0492844731258237,0.0626173287036524,8.67361737988404E-19));
#5013=CARTESIAN_POINT('',(0.0495695066180152,0.0628408466385317,0.0025));
#5014=CARTESIAN_POINT('',(0.0495695066180152,0.0628408466385317,-8.67361737988404E-19));
#5015=CARTESIAN_POINT('',(0.0497275459869644,0.0629640737014678,0.0025));
#5016=CARTESIAN_POINT('',(0.0497275459869644,0.0629640737014678,4.33680868994202E-19));
#5017=CARTESIAN_POINT('',(0.0498759998516919,0.0630793451180535,0.0025));
#5018=CARTESIAN_POINT('',(0.0498759998516919,0.0630793451180535,0.));
#5019=CARTESIAN_POINT('',(0.0499275365887572,0.0631192202572224,0.0025));
#5020=CARTESIAN_POINT('',(0.0499275365887572,0.0631192202572224,0.));
#5021=CARTESIAN_POINT('',(0.0500500658551805,0.0632139739175425,0.0025));
#5022=CARTESIAN_POINT('',(0.0500500658551805,0.0632139739175425,0.));
#5023=CARTESIAN_POINT('',(0.0502216893589586,0.0633463747762782,0.0025));
#5024=CARTESIAN_POINT('',(0.0502216893589586,0.0633463747762782,4.33680868994202E-19));
#5025=CARTESIAN_POINT('',(0.0504740256560785,0.0635407166191881,0.0025));
#5026=CARTESIAN_POINT('',(0.0504740256560785,0.0635407166191881,-4.33680868994202E-19));
#5027=CARTESIAN_POINT('',(0.0509071977823128,0.0638739904776458,0.0025));
#5028=CARTESIAN_POINT('',(0.0509071977823128,0.0638739904776458,8.67361737988404E-19));
#5029=CARTESIAN_POINT('',(0.0513263504990805,0.0641952725213726,0.0025));
#5030=CARTESIAN_POINT('',(0.0513263504990805,0.0641952725213726,-4.33680868994202E-19));
#5031=CARTESIAN_POINT('',(0.0516056231788197,0.0644073514277257,0.0025));
#5032=CARTESIAN_POINT('',(0.0516056231788197,0.0644073514277257,0.));
#5033=CARTESIAN_POINT('',(0.0517250457218976,0.0644974277365141,0.0025));
#5034=CARTESIAN_POINT('',(0.0517250457218976,0.0644974277365141,0.));
#5035=CARTESIAN_POINT('',(0.048028489814583,0.0615934696704006,1.4210854715202E-17));
#5036=CARTESIAN_POINT('',(0.0481695228517994,0.0617126487146566,1.4210854715202E-17));
#5037=CARTESIAN_POINT('',(0.0483904545655791,0.0618966610846859,1.4210854715202E-17));
#5038=CARTESIAN_POINT('',(0.0486937550686172,0.0621444889409326,1.4210854715202E-17));
#5039=CARTESIAN_POINT('',(0.0489456717507182,0.0623476180033881,1.4210854715202E-17));
#5040=CARTESIAN_POINT('',(0.0491417142876822,0.0625039286141138,1.4210854715202E-17));
#5041=CARTESIAN_POINT('',(0.0493686886667612,0.0626834468575215,1.4210854715202E-17));
#5042=CARTESIAN_POINT('',(0.0495691619804241,0.0628405667130378,1.4210854715202E-17));
#5043=CARTESIAN_POINT('',(0.0497276109259838,0.0629641264457913,1.4210854715202E-17));
#5044=CARTESIAN_POINT('',(0.0498759825103472,0.0630793310320577,1.4210854715202E-17));
#5045=CARTESIAN_POINT('',(0.049927541151781,0.0631192239629012,1.4210854715202E-17));
#5046=CARTESIAN_POINT('',(0.0500500632587116,0.0632139718074381,1.4210854715202E-17));
#5047=CARTESIAN_POINT('',(0.0502216902793885,0.0633463755226406,1.4210854715202E-17));
#5048=CARTESIAN_POINT('',(0.0504740254698043,0.063540716465893,1.4210854715202E-17));
#5049=CARTESIAN_POINT('',(0.0509071979718168,0.0638739906291854,1.4210854715202E-17));
#5050=CARTESIAN_POINT('',(0.0513263504937109,0.0641952725148712,1.4210854715202E-17));
#5051=CARTESIAN_POINT('',(0.0516056232224364,0.0644073514607871,1.4210854715202E-17));
#5052=CARTESIAN_POINT('',(0.0517250457626122,0.0644974277672237,1.4210854715202E-17));
#5053=CARTESIAN_POINT('',(0.0517250456869113,0.0644974278666908,1.4210854715202E-17));
#5054=CARTESIAN_POINT('',(0.0517250456869113,0.0644974278666908,0.0025));
#5055=CARTESIAN_POINT('',(0.055541694223324,0.067427865066799,0.0025));
#5056=CARTESIAN_POINT('',(0.055541694223324,0.067427865066799,1.4210854715202E-17));
#5057=CARTESIAN_POINT('',(0.0555416942799465,0.0674278650667191,1.4210854715202E-17));
#5058=CARTESIAN_POINT('',(0.0555416942799465,0.0674278650667191,0.0025));
#5059=CARTESIAN_POINT('',(0.0584322549980896,0.0695143745496303,0.0025));
#5060=CARTESIAN_POINT('',(0.0584322549980896,0.0695143745496303,1.4210854715202E-17));
#5061=CARTESIAN_POINT('',(0.0613228157162666,0.0716008841991425,1.4210854715202E-17));
#5062=CARTESIAN_POINT('',(0.0613228157162666,0.0716008841991425,0.0025));
#5063=CARTESIAN_POINT('',(0.0779506033951066,0.0716008841991425,0.0025));
#5064=CARTESIAN_POINT('',(0.0779506033951066,0.0716008841991425,1.4210854715202E-17));
#5065=CARTESIAN_POINT('',(0.0808543488383293,0.0716008841991425,1.4210854715202E-17));
#5066=CARTESIAN_POINT('',(0.0808543488383293,0.0716008841991425,0.0025));
#5067=CARTESIAN_POINT('',(0.0848378572417588,0.0683965290280391,0.0025));
#5068=CARTESIAN_POINT('',(0.0848378572417588,0.0683965290280391,1.4210854715202E-17));
#5069=CARTESIAN_POINT('',(0.0888213656451882,0.0651921738569356,1.4210854715202E-17));
#5070=CARTESIAN_POINT('',(0.0888213656451882,0.0651921738569356,0.0025));
#5071=CARTESIAN_POINT('',(0.0918378602517933,0.0626312536709559,0.0025));
#5072=CARTESIAN_POINT('',(0.0918378602517933,0.0626312536709559,1.4210854715202E-17));
#5073=CARTESIAN_POINT('',(0.0948543548583984,0.0600703334849762,1.4210854715202E-17));
#5074=CARTESIAN_POINT('',(0.0948543548583984,0.0600703334849762,0.0025));
#5075=CARTESIAN_POINT('',(0.0960948504507542,0.0579410908454163,0.0025));
#5076=CARTESIAN_POINT('',(0.0960948504507542,0.0579410908454163,1.4210854715202E-17));
#5077=CARTESIAN_POINT('',(0.0973353460431099,0.0558118482058563,1.4210854715202E-17));
#5078=CARTESIAN_POINT('',(0.0973353460431099,0.0558118482058563,0.0025));
#5079=CARTESIAN_POINT('',(0.0977118367358981,0.0541257607910182,0.0025));
#5080=CARTESIAN_POINT('',(0.0977118367358981,0.0541257607910182,1.4210854715202E-17));
#5081=CARTESIAN_POINT('',(0.0980883274295459,0.0524396733731067,0.));
#5082=CARTESIAN_POINT('',(0.0980883274295459,0.0524396733731067,0.0025));
#5083=CARTESIAN_POINT('',(0.098251329551631,0.0524396733761801,0.0025));
#5084=CARTESIAN_POINT('',(0.098251329551631,0.0524396733761801,1.4210854715202E-17));
#5085=CARTESIAN_POINT('',(0.0984143316745758,0.0524396733761801,1.4210854715202E-17));
#5086=CARTESIAN_POINT('',(0.0984143316745758,0.0524396733761801,0.0025));
#5087=CARTESIAN_POINT('',(0.0990986969172567,0.0446033680701195,0.0025));
#5088=CARTESIAN_POINT('',(0.0990986969172567,0.0446033680701195,1.4210854715202E-17));
#5089=CARTESIAN_POINT('',(0.0986589260999964,0.0496389516647037,1.42611616960053E-17));
#5090=CARTESIAN_POINT('',(0.0986589260999964,0.0496389516647037,0.0025));
#5091=CARTESIAN_POINT('',(0.0986589260999961,0.0496389516647059,0.0025));
#5092=CARTESIAN_POINT('',(0.0986589260999961,0.0496389516647059,1.43114686768087E-17));
#5093=CARTESIAN_POINT('',(0.0986842657164456,0.04944604029793,0.0025));
#5094=CARTESIAN_POINT('',(0.0986842657164456,0.04944604029793,1.43114686768087E-17));
#5095=CARTESIAN_POINT('',(0.0987179674054882,0.0491601957303219,0.0025));
#5096=CARTESIAN_POINT('',(0.0987179674054882,0.0491601957303219,1.47451495458029E-17));
#5097=CARTESIAN_POINT('',(0.0987565205031971,0.0487847447469133,0.0025));
#5098=CARTESIAN_POINT('',(0.0987565205031971,0.0487847447469133,1.43114686768087E-17));
#5099=CARTESIAN_POINT('',(0.0987829177908704,0.0485056817130356,0.0025));
#5100=CARTESIAN_POINT('',(0.0987829177908704,0.0485056817130356,1.38777878078145E-17));
#5101=CARTESIAN_POINT('',(0.098803512832664,0.0482739875878167,0.0025));
#5102=CARTESIAN_POINT('',(0.098803512832664,0.0482739875878167,1.47451495458029E-17));
#5103=CARTESIAN_POINT('',(0.0988174479858588,0.0481133142244174,0.0025));
#5104=CARTESIAN_POINT('',(0.0988174479858588,0.0481133142244174,1.43114686768087E-17));
#5105=CARTESIAN_POINT('',(0.0988255100522929,0.0480198191453064,0.0025));
#5106=CARTESIAN_POINT('',(0.0988255100522929,0.0480198191453064,1.30104260698261E-17));
#5107=CARTESIAN_POINT('',(0.0988311227818455,0.0479546064682474,0.0025));
#5108=CARTESIAN_POINT('',(0.0988311227818455,0.0479546064682474,1.38777878078145E-17));
#5109=CARTESIAN_POINT('',(0.0988494758664666,0.0477415980077092,0.0025));
#5110=CARTESIAN_POINT('',(0.0988494758664666,0.0477415980077092,1.47451495458029E-17));
#5111=CARTESIAN_POINT('',(0.098869534624969,0.0475090325613533,0.0025));
#5112=CARTESIAN_POINT('',(0.098869534624969,0.0475090325613533,1.34441069388203E-17));
#5113=CARTESIAN_POINT('',(0.0989067678780058,0.0470777998048233,0.0025));
#5114=CARTESIAN_POINT('',(0.0989067678780058,0.0470777998048233,1.34441069388203E-17));
#5115=CARTESIAN_POINT('',(0.0989590414839825,0.0464735848743478,0.0025));
#5116=CARTESIAN_POINT('',(0.0989590414839825,0.0464735848743478,1.51788304147971E-17));
#5117=CARTESIAN_POINT('',(0.0990224432447985,0.0457418328729559,0.0025));
#5118=CARTESIAN_POINT('',(0.0990224432447985,0.0457418328729559,1.38777878078145E-17));
#5119=CARTESIAN_POINT('',(0.0991070294293326,0.0447660542958269,0.0025));
#5120=CARTESIAN_POINT('',(0.0991070294293326,0.0447660542958269,1.51788304147971E-17));
#5121=CARTESIAN_POINT('',(0.0992130860063176,0.0435415424742098,0.0025));
#5122=CARTESIAN_POINT('',(0.0992130860063176,0.0435415424742098,1.34441069388203E-17));
#5123=CARTESIAN_POINT('',(0.0993403458465503,0.0420644258129526,0.0025));
#5124=CARTESIAN_POINT('',(0.0993403458465503,0.0420644258129526,1.43114686768087E-17));
#5125=CARTESIAN_POINT('',(0.0995095031503637,0.0400824076800552,0.0025));
#5126=CARTESIAN_POINT('',(0.0995095031503637,0.0400824076800552,1.47451495458029E-17));
#5127=CARTESIAN_POINT('',(0.0998026830022081,0.0365765725942769,0.0025));
#5128=CARTESIAN_POINT('',(0.0998026830022081,0.0365765725942769,1.35308431126191E-17));
#5129=CARTESIAN_POINT('',(0.100124632514308,0.0324629681426227,0.0025));
#5130=CARTESIAN_POINT('',(0.100124632514308,0.0324629681426227,1.46005892561381E-17));
#5131=CARTESIAN_POINT('',(0.100420226527938,0.0281993544758775,0.0025));
#5132=CARTESIAN_POINT('',(0.100420226527938,0.0281993544758775,1.34441069388203E-17));
#5133=CARTESIAN_POINT('',(0.100625433728087,0.0249158830108453,0.0025));
#5134=CARTESIAN_POINT('',(0.100625433728087,0.0249158830108453,1.47451495458029E-17));
#5135=CARTESIAN_POINT('',(0.100779943365194,0.0220991491269928,0.0025));
#5136=CARTESIAN_POINT('',(0.100779943365194,0.0220991491269928,1.38777878078145E-17));
#5137=CARTESIAN_POINT('',(0.100877986895214,0.0200805776558114,0.0025));
#5138=CARTESIAN_POINT('',(0.100877986895214,0.0200805776558114,1.30104260698261E-17));
#5139=CARTESIAN_POINT('',(0.10093092189387,0.0189128694375991,0.0025));
#5140=CARTESIAN_POINT('',(0.10093092189387,0.0189128694375991,1.51788304147971E-17));
#5141=CARTESIAN_POINT('',(0.100969008274898,0.0180302983993791,0.0025));
#5142=CARTESIAN_POINT('',(0.100969008274898,0.0180302983993791,1.38777878078145E-17));
#5143=CARTESIAN_POINT('',(0.10099942025251,0.0172873248661324,0.0025));
#5144=CARTESIAN_POINT('',(0.10099942025251,0.0172873248661324,1.34441069388203E-17));
#5145=CARTESIAN_POINT('',(0.101022787915298,0.0166921923453328,0.0025));
#5146=CARTESIAN_POINT('',(0.101022787915298,0.0166921923453328,1.47451495458029E-17));
#5147=CARTESIAN_POINT('',(0.101037284171054,0.016311765181599,0.0025));
#5148=CARTESIAN_POINT('',(0.101037284171054,0.016311765181599,1.43114686768087E-17));
#5149=CARTESIAN_POINT('',(0.101046735428863,0.0160584071595555,0.0025));
#5150=CARTESIAN_POINT('',(0.101046735428863,0.0160584071595555,1.43114686768087E-17));
#5151=CARTESIAN_POINT('',(0.101052869799379,0.0158918207472336,0.0025));
#5152=CARTESIAN_POINT('',(0.101052869799379,0.0158918207472336,1.47451495458029E-17));
#5153=CARTESIAN_POINT('',(0.101056003752677,0.015806092346527,0.0025));
#5154=CARTESIAN_POINT('',(0.101056003752677,0.015806092346527,1.38777878078145E-17));
#5155=CARTESIAN_POINT('',(0.101059330427044,0.0157144437794291,0.0025));
#5156=CARTESIAN_POINT('',(0.101059330427044,0.0157144437794291,1.51788304147971E-17));
#5157=CARTESIAN_POINT('',(0.101064855657521,0.0155589652755495,0.0025));
#5158=CARTESIAN_POINT('',(0.101064855657521,0.0155589652755495,1.34441069388203E-17));
#5159=CARTESIAN_POINT('',(0.101071355743981,0.0153670660691853,0.0025));
#5160=CARTESIAN_POINT('',(0.101071355743981,0.0153670660691853,1.47451495458029E-17));
#5161=CARTESIAN_POINT('',(0.10108555776214,0.0149011682488547,0.0025));
#5162=CARTESIAN_POINT('',(0.10108555776214,0.0149011682488547,1.25767452008319E-17));
#5163=CARTESIAN_POINT('',(0.101099190877716,0.0141876241046585,0.0025));
#5164=CARTESIAN_POINT('',(0.101099190877716,0.0141876241046585,1.47451495458029E-17));
#5165=CARTESIAN_POINT('',(0.101087644747474,0.0131719210334375,0.0025));
#5166=CARTESIAN_POINT('',(0.101087644747474,0.0131719210334375,1.47451495458029E-17));
#5167=CARTESIAN_POINT('',(0.101037031751689,0.0120737534974927,0.0025));
#5168=CARTESIAN_POINT('',(0.101037031751689,0.0120737534974927,1.43114686768087E-17));
#5169=CARTESIAN_POINT('',(0.100910110206727,0.0104876695246285,0.0025));
#5170=CARTESIAN_POINT('',(0.100910110206727,0.0104876695246285,1.38777878078145E-17));
#5171=CARTESIAN_POINT('',(0.100632557679158,0.00827177510681555,0.0025));
#5172=CARTESIAN_POINT('',(0.100632557679158,0.00827177510681555,1.47451495458029E-17));
#5173=CARTESIAN_POINT('',(0.10029156331151,0.00630063256088085,0.0025));
#5174=CARTESIAN_POINT('',(0.10029156331151,0.00630063256088085,1.43114686768087E-17));
#5175=CARTESIAN_POINT('',(0.100098704294236,0.00529100681579227,0.0025));
#5176=CARTESIAN_POINT('',(0.100098704294236,0.00529100681579227,1.43114686768087E-17));
#5177=CARTESIAN_POINT('',(0.0986589260999962,0.0496389516647048,1.42611616960053E-17));
#5178=CARTESIAN_POINT('',(0.0987797931384001,0.0487187867670611,1.42611616960053E-17));
#5179=CARTESIAN_POINT('',(0.0989178157290248,0.0468700003156086,1.42792551025518E-17));
#5180=CARTESIAN_POINT('',(0.0992489597663385,0.0431769281564504,1.49756063561265E-17));
#5181=CARTESIAN_POINT('',(0.0996405287260592,0.0385587088254337,1.41288119224674E-17));
#5182=CARTESIAN_POINT('',(0.100085337132927,0.0330150574767351,1.45104410129441E-17));
#5183=CARTESIAN_POINT('',(0.100475384872199,0.0274660065195181,1.4000077971428E-17));
#5184=CARTESIAN_POINT('',(0.100745064041838,0.0228401973398423,1.53832638677511E-17));
#5185=CARTESIAN_POINT('',(0.100923840678353,0.0191406607584569,1.45470003270723E-17));
#5186=CARTESIAN_POINT('',(0.101037630959327,0.0163662628485654,1.47600185652752E-17));
#5187=CARTESIAN_POINT('',(0.101136687740004,0.0135921190108689,1.45351432679726E-17));
#5188=CARTESIAN_POINT('',(0.10096055894529,0.0108223668529689,1.32700623085063E-17));
#5189=CARTESIAN_POINT('',(0.100597970258479,0.00805559514269981,1.46521336227265E-17));
#5190=CARTESIAN_POINT('',(0.100274705885784,0.00621238316773886,1.44120826384153E-17));
#5191=CARTESIAN_POINT('',(0.100098704290214,0.00529100679473772,1.44120826384153E-17));
#5192=CARTESIAN_POINT('',(0.100098704286192,0.00529100677368317,3.57786716920216E-18));
#5193=CARTESIAN_POINT('',(0.100098704286192,0.00529100677368257,0.0025));
#5194=CARTESIAN_POINT('',(0.0999408832230653,0.00422939478502294,0.0025));
#5195=CARTESIAN_POINT('',(0.0999408832230653,0.00422939478502294,1.4210854715202E-17));
#5196=CARTESIAN_POINT('',(0.0997830621599376,0.00316778279635781,1.4210854715202E-17));
#5197=CARTESIAN_POINT('',(0.0997830621599376,0.00316778279635781,0.0025));
#5198=CARTESIAN_POINT('',(0.098240338051212,-0.00265800313367608,0.0025));
#5199=CARTESIAN_POINT('',(0.098240338051212,-0.00265800313367608,1.4210854715202E-17));
#5200=CARTESIAN_POINT('',(0.0990168060229004,0.000274171296605551,1.42611616960053E-17));
#5201=CARTESIAN_POINT('',(0.0990168060229004,0.000274171296605547,0.0025));
#5202=CARTESIAN_POINT('',(0.0990168060226226,0.000274171295432965,0.0025));
#5203=CARTESIAN_POINT('',(0.0990168060226226,0.000274171295432965,9.54097911787244E-18));
#5204=CARTESIAN_POINT('',(0.0985993534785974,-0.00148756034463693,0.0025));
#5205=CARTESIAN_POINT('',(0.0985993534785974,-0.00148756034463693,9.10729824887824E-18));
#5206=CARTESIAN_POINT('',(0.0977351942380923,-0.00483920222640901,0.0025));
#5207=CARTESIAN_POINT('',(0.0977351942380923,-0.00483920222640901,8.67361737988404E-18));
#5208=CARTESIAN_POINT('',(0.097010770109623,-0.00738987810128772,0.0025));
#5209=CARTESIAN_POINT('',(0.097010770109623,-0.00738987810128772,9.10729824887824E-18));
#5210=CARTESIAN_POINT('',(0.0966874955348074,-0.00851913808406605,0.0025));
#5211=CARTESIAN_POINT('',(0.0966874955348074,-0.00851913808406605,9.10729824887824E-18));
#5212=CARTESIAN_POINT('',(0.0990168060227615,0.000274171296019253,1.42611616960053E-17));
#5213=CARTESIAN_POINT('',(0.098317581212246,-0.00267669459242182,1.42611616960053E-17));
#5214=CARTESIAN_POINT('',(0.0975220942659861,-0.00560372492684692,1.44120826384153E-17));
#5215=CARTESIAN_POINT('',(0.0966874955356268,-0.00851913808120383,1.44120826384153E-17));
#5216=CARTESIAN_POINT('',(0.0966874952815816,-0.00851913800817162,4.01154803819636E-18));
#5217=CARTESIAN_POINT('',(0.0966874951968729,-0.00851913798392134,0.0025));
#5218=CARTESIAN_POINT('',(0.0964643194764563,-0.00929875259900539,0.0025));
#5219=CARTESIAN_POINT('',(0.0964643194764563,-0.00929875259900539,1.4210854715202E-17));
#5220=CARTESIAN_POINT('',(0.0962310183476038,-0.0101137142363773,9.30039324779927E-18));
#5221=CARTESIAN_POINT('',(0.096231025010426,-0.0101137161343008,-2.16840434497101E-18));
#5222=CARTESIAN_POINT('',(0.096231025010426,-0.0101137161343008,0.000833333333333332));
#5223=CARTESIAN_POINT('',(0.096231025010426,-0.0101137161343008,0.00166666666666667));
#5224=CARTESIAN_POINT('',(0.096231025010426,-0.0101137161343008,0.0025));
#5225=CARTESIAN_POINT('',(0.095963956931181,-0.01105487911453,0.00250000000043656));
#5226=CARTESIAN_POINT('',(0.10139994213838,0.00802861053355704,1.4210854715202E-17));
#5227=CARTESIAN_POINT('',(0.0956948595780522,-0.0119954641134712,1.04069328009504E-17));
#5228=CARTESIAN_POINT('',(0.0956959409244369,-0.0119957721624817,3.03576608295941E-18));
#5229=CARTESIAN_POINT('',(0.0956959409244369,-0.0119957721624817,0.000833333333333335));
#5230=CARTESIAN_POINT('',(0.0956959409244369,-0.0119957721624817,0.00166666666666667));
#5231=CARTESIAN_POINT('',(0.0956959409244369,-0.0119957721624817,0.0025));
#5232=CARTESIAN_POINT('',(-21.6596586705353,6.17726102492321,0.0025));
#5233=CARTESIAN_POINT('',(-21.6596586705353,6.17726102492321,1.43114686768087E-17));
#5234=CARTESIAN_POINT('',(0.0928515750015603,-0.0219795702059008,1.4210854715202E-17));
#5235=CARTESIAN_POINT('',(0.0928518198784154,-0.0219796399932726,0.));
#5236=CARTESIAN_POINT('',(0.0928518198784154,-0.0219796399932726,0.000833333333333333));
#5237=CARTESIAN_POINT('',(0.0928518198784154,-0.0219796399932726,0.00166666666666667));
#5238=CARTESIAN_POINT('',(0.0928518198784154,-0.0219796399932726,0.0025));
#5239=CARTESIAN_POINT('',(0.0928515750191789,-0.0219795701441379,0.0025));
#5240=CARTESIAN_POINT('',(0.0928515750191797,-0.0219795701441351,1.38777878078145E-17));
#5241=CARTESIAN_POINT('',(0.0927699692364873,-0.0222656428265476,0.0025));
#5242=CARTESIAN_POINT('',(0.0927699692364881,-0.0222656428265447,1.43114686768087E-17));
#5243=CARTESIAN_POINT('',(0.0926053209695128,-0.0228427287638414,0.0025));
#5244=CARTESIAN_POINT('',(0.0926053209695137,-0.0228427287638386,1.31549863594908E-17));
#5245=CARTESIAN_POINT('',(0.0923886557250569,-0.0236018771667901,0.0025));
#5246=CARTESIAN_POINT('',(0.0923886557250577,-0.0236018771667872,1.58855696087135E-17));
#5247=CARTESIAN_POINT('',(0.092253153917487,-0.0240765413775846,0.0025));
#5248=CARTESIAN_POINT('',(0.0922531539174878,-0.0240765413775817,1.45283091113058E-17));
#5249=CARTESIAN_POINT('',(0.0921814259124673,-0.0243277796005572,0.0025));
#5250=CARTESIAN_POINT('',(0.0921814259124682,-0.0243277796005543,1.38777878078145E-17));
#5251=CARTESIAN_POINT('',(0.0921547621794087,-0.0244211698603304,0.0025));
#5252=CARTESIAN_POINT('',(0.0921547621794095,-0.0244211698603276,1.38777878078145E-17));
#5253=CARTESIAN_POINT('',(0.0921028852255154,-0.0246028618490036,0.0025));
#5254=CARTESIAN_POINT('',(0.0921028852255162,-0.0246028618490008,1.30104260698261E-17));
#5255=CARTESIAN_POINT('',(0.092028852473442,-0.0248621251943141,0.0025));
#5256=CARTESIAN_POINT('',(0.0920288524734428,-0.0248621251943113,1.51788304147971E-17));
#5257=CARTESIAN_POINT('',(0.0919043350860819,-0.0252981345065105,0.0025));
#5258=CARTESIAN_POINT('',(0.0919043350860827,-0.0252981345065076,1.25767452008319E-17));
#5259=CARTESIAN_POINT('',(0.0917402029419222,-0.0258727630438333,0.0025));
#5260=CARTESIAN_POINT('',(0.091740202941923,-0.0258727630438304,1.43114686768087E-17));
#5261=CARTESIAN_POINT('',(0.0914581655980385,-0.0268599887283993,0.0025));
#5262=CARTESIAN_POINT('',(0.0914581655980393,-0.0268599887283965,1.34441069388203E-17));
#5263=CARTESIAN_POINT('',(0.0910705986468433,-0.0282162632654242,0.0025));
#5264=CARTESIAN_POINT('',(0.0910705986468442,-0.0282162632654213,1.45283091113058E-17));
#5265=CARTESIAN_POINT('',(0.0906327389120074,-0.0297481532526391,0.0025));
#5266=CARTESIAN_POINT('',(0.0906327389120082,-0.0297481532526362,1.15359111152458E-17));
#5267=CARTESIAN_POINT('',(0.0903061067506351,-0.0308906662416074,0.0025));
#5268=CARTESIAN_POINT('',(0.0903061067506359,-0.0308906662416045,1.51788304147971E-17));
#5269=CARTESIAN_POINT('',(0.0901046599251008,-0.0315953285207149,0.0025));
#5270=CARTESIAN_POINT('',(0.0901046599251016,-0.031595328520712,1.34441069388203E-17));
#5271=CARTESIAN_POINT('',(0.0898854585178435,-0.0323616505762296,0.0025));
#5272=CARTESIAN_POINT('',(0.0898854585178443,-0.0323616505762267,1.34441069388203E-17));
#5273=CARTESIAN_POINT('',(0.089652840264296,-0.0331738769238254,0.0025));
#5274=CARTESIAN_POINT('',(0.0896528402642968,-0.0331738769238225,1.38777878078145E-17));
#5275=CARTESIAN_POINT('',(0.0894150680525714,-0.0340023195575901,0.0025));
#5276=CARTESIAN_POINT('',(0.0894150680525722,-0.0340023195575872,1.43114686768087E-17));
#5277=CARTESIAN_POINT('',(0.0892609349536756,-0.0345377030928487,0.0025));
#5278=CARTESIAN_POINT('',(0.0892609349536764,-0.0345377030928458,1.43114686768087E-17));
#5279=CARTESIAN_POINT('',(0.0891669915615334,-0.0348626745642399,0.0025));
#5280=CARTESIAN_POINT('',(0.0891669915615343,-0.034862674564237,1.34441069388203E-17));
#5281=CARTESIAN_POINT('',(0.0891295372602439,-0.0349919881332531,0.0025));
#5282=CARTESIAN_POINT('',(0.0891295372602448,-0.0349919881332502,1.51788304147971E-17));
#5283=CARTESIAN_POINT('',(0.089079573292212,-0.0351640955645235,0.0025));
#5284=CARTESIAN_POINT('',(0.0890795732922128,-0.0351640955645206,1.43114686768087E-17));
#5285=CARTESIAN_POINT('',(0.0890587238718457,-0.0352358119345296,0.0025));
#5286=CARTESIAN_POINT('',(0.0890587238718465,-0.0352358119345268,1.38777878078145E-17));
#5287=CARTESIAN_POINT('',(0.0928515750015603,-0.0219795702059008,1.4210854715202E-17));
#5288=CARTESIAN_POINT('',(0.0927699692190985,-0.0222656428874982,1.4210854715202E-17));
#5289=CARTESIAN_POINT('',(0.0926053209521649,-0.0228427288246343,1.4210854715202E-17));
#5290=CARTESIAN_POINT('',(0.0923886557076688,-0.0236018772277076,1.4210854715202E-17));
#5291=CARTESIAN_POINT('',(0.0922531538950815,-0.024076541456066,1.4210854715202E-17));
#5292=CARTESIAN_POINT('',(0.0921814258987938,-0.02432777964845,1.4210854715202E-17));
#5293=CARTESIAN_POINT('',(0.0921547621714551,-0.0244211698881867,1.4210854715202E-17));
#5294=CARTESIAN_POINT('',(0.092102885212962,-0.0246028618929688,1.4210854715202E-17));
#5295=CARTESIAN_POINT('',(0.0920288524636328,-0.0248621252286631,1.4210854715202E-17));
#5296=CARTESIAN_POINT('',(0.0919043350750529,-0.025298134545126,1.4210854715202E-17));
#5297=CARTESIAN_POINT('',(0.0917402029315211,-0.0258727630802433,1.4210854715202E-17));
#5298=CARTESIAN_POINT('',(0.0914581655876127,-0.0268599887648872,1.4210854715202E-17));
#5299=CARTESIAN_POINT('',(0.0910705986370657,-0.028216263299635,1.4210854715202E-17));
#5300=CARTESIAN_POINT('',(0.0906327389031669,-0.0297481532835603,1.4210854715202E-17));
#5301=CARTESIAN_POINT('',(0.0903061067427653,-0.0308906662691389,1.4210854715202E-17));
#5302=CARTESIAN_POINT('',(0.0901046599170482,-0.0315953285488762,1.4210854715202E-17));
#5303=CARTESIAN_POINT('',(0.0898854585108801,-0.0323616506005572,1.4210854715202E-17));
#5304=CARTESIAN_POINT('',(0.0896528402596014,-0.0331738769401969,1.4210854715202E-17));
#5305=CARTESIAN_POINT('',(0.0894150680494631,-0.0340023195684035,1.4210854715202E-17));
#5306=CARTESIAN_POINT('',(0.0892609349517748,-0.034537703099438,1.4210854715202E-17));
#5307=CARTESIAN_POINT('',(0.0891669915609047,-0.0348626745664193,1.4210854715202E-17));
#5308=CARTESIAN_POINT('',(0.0891295372586283,-0.0349919881388224,1.4210854715202E-17));
#5309=CARTESIAN_POINT('',(0.0890795732902433,-0.0351640955713018,1.4210854715202E-17));
#5310=CARTESIAN_POINT('',(0.0890587238701821,-0.0352358119402523,1.4210854715202E-17));
#5311=CARTESIAN_POINT('',(0.089058723870182,-0.0352358119402523,1.4210854715202E-17));
#5312=CARTESIAN_POINT('',(0.089058723870182,-0.0352358119402523,0.0025));
#5313=CARTESIAN_POINT('',(0.0890587238700537,-0.0352358119406939,0.0025));
#5314=CARTESIAN_POINT('',(0.0890587238700537,-0.0352358119406939,1.43114686768087E-17));
#5315=CARTESIAN_POINT('',(0.0889736091352366,-0.0355285836200646,0.0025));
#5316=CARTESIAN_POINT('',(0.0889736091352366,-0.0355285836200646,1.47451495458029E-17));
#5317=CARTESIAN_POINT('',(0.0888492291370158,-0.0359543477333441,0.0025));
#5318=CARTESIAN_POINT('',(0.0888492291370158,-0.0359543477333441,9.97465998686664E-18));
#5319=CARTESIAN_POINT('',(0.0887125421983585,-0.0364186779745504,0.0025));
#5320=CARTESIAN_POINT('',(0.0887125421983585,-0.0364186779745504,1.77809156287623E-17));
#5321=CARTESIAN_POINT('',(0.0886436426165811,-0.0366517005532825,0.0025));
#5322=CARTESIAN_POINT('',(0.0886436426165811,-0.0366517005532825,1.25767452008319E-17));
#5323=CARTESIAN_POINT('',(0.0886082954877256,-0.0367710274329935,0.0025));
#5324=CARTESIAN_POINT('',(0.0886082954877256,-0.0367710274329935,1.47451495458029E-17));
#5325=CARTESIAN_POINT('',(0.0885512035889484,-0.0369633930710316,0.0025));
#5326=CARTESIAN_POINT('',(0.0885512035889484,-0.0369633930710316,1.34441069388203E-17));
#5327=CARTESIAN_POINT('',(0.0884917755794032,-0.0371630517162312,0.0025));
#5328=CARTESIAN_POINT('',(0.0884917755794032,-0.0371630517162312,1.38777878078145E-17));
#5329=CARTESIAN_POINT('',(0.0884082427483922,-0.0374415764653214,0.0025));
#5330=CARTESIAN_POINT('',(0.0884082427483922,-0.0374415764653214,1.38777878078145E-17));
#5331=CARTESIAN_POINT('',(0.0883531327655764,-0.0376247468917385,0.0025));
#5332=CARTESIAN_POINT('',(0.0883531327655764,-0.0376247468917385,1.25767452008319E-17));
#5333=CARTESIAN_POINT('',(0.0882542881675898,-0.0379434928486132,0.0025));
#5334=CARTESIAN_POINT('',(0.0882542881675898,-0.0379434928486132,1.47451495458029E-17));
#5335=CARTESIAN_POINT('',(0.0881669185898203,-0.0382182692356476,0.0025));
#5336=CARTESIAN_POINT('',(0.0881669185898203,-0.0382182692356476,1.47451495458029E-17));
#5337=CARTESIAN_POINT('',(0.0881028732144448,-0.0384126726133699,0.0025));
#5338=CARTESIAN_POINT('',(0.0881028732144448,-0.0384126726133699,1.38777878078145E-17));
#5339=CARTESIAN_POINT('',(0.0880621046110398,-0.0385328856981005,0.0025));
#5340=CARTESIAN_POINT('',(0.0880621046110398,-0.0385328856981005,1.43114686768087E-17));
#5341=CARTESIAN_POINT('',(0.0890587238701821,-0.0352358119402523,1.4210854715202E-17));
#5342=CARTESIAN_POINT('',(0.0889736091353521,-0.0355285836196687,1.4210854715202E-17));
#5343=CARTESIAN_POINT('',(0.0888492322112386,-0.0359543378155657,1.4210854715202E-17));
#5344=CARTESIAN_POINT('',(0.088712538099598,-0.0364186911975636,1.4210854715202E-17));
#5345=CARTESIAN_POINT('',(0.0886436483806385,-0.0366516819578259,1.4210854715202E-17));
#5346=CARTESIAN_POINT('',(0.0886082853687719,-0.0367710600777789,1.4210854715202E-17));
#5347=CARTESIAN_POINT('',(0.0885227451244241,-0.0370592936547732,1.4210854715202E-17));
#5348=CARTESIAN_POINT('',(0.0884494469546016,-0.0373047377131168,1.4210854715202E-17));
#5349=CARTESIAN_POINT('',(0.0883839972893558,-0.037521659827179,1.4210854715202E-17));
#5350=CARTESIAN_POINT('',(0.0883553684837794,-0.0376158872872522,1.4210854715202E-17));
#5351=CARTESIAN_POINT('',(0.0883155965429713,-0.0377459556114503,1.4210854715202E-17));
#5352=CARTESIAN_POINT('',(0.0882544446670813,-0.0379429331865301,1.4210854715202E-17));
#5353=CARTESIAN_POINT('',(0.0881668246901542,-0.0382186050328075,1.4210854715202E-17));
#5354=CARTESIAN_POINT('',(0.0881028732144501,-0.038412672613354,1.4210854715202E-17));
#5355=CARTESIAN_POINT('',(0.08806210461104,-0.0385328856980997,1.4210854715202E-17));
#5356=CARTESIAN_POINT('',(0.08806210461104,-0.0385328856981001,1.42611616960053E-17));
#5357=CARTESIAN_POINT('',(0.0880614725308903,-0.0385326763455093,0.0025));
#5358=CARTESIAN_POINT('',(0.0880614725308903,-0.0385326763455093,0.00166666666666667));
#5359=CARTESIAN_POINT('',(0.0880614725308903,-0.0385326763455093,0.000833333333333343));
#5360=CARTESIAN_POINT('',(0.0880614725308903,-0.0385326763455093,1.40946282423116E-17));
#5361=CARTESIAN_POINT('',(0.0750698770191006,-0.0342297027664483,0.00125));
#5362=CARTESIAN_POINT('',(0.0750698770191006,-0.0342297027664483,-7.15573433840433E-18));
#5363=CARTESIAN_POINT('',(0.0876109034275287,-0.0397069798960831,5.03069808033288E-20));
#5364=CARTESIAN_POINT('',(0.0876115471915219,-0.0397072610591779,0.));
#5365=CARTESIAN_POINT('',(0.0876115471915219,-0.0397072610591779,0.000833333333333333));
#5366=CARTESIAN_POINT('',(0.0876115471915219,-0.0397072610591779,0.00166666666666667));
#5367=CARTESIAN_POINT('',(0.0876115471915219,-0.0397072610591779,0.0025));
#5368=CARTESIAN_POINT('',(0.0876109050805574,-0.0397069761402055,0.0025));
#5369=CARTESIAN_POINT('',(0.0876109050805574,-0.0397069761402055,1.47451495458029E-17));
#5370=CARTESIAN_POINT('',(0.08739173104198,-0.0402009202681385,0.0025));
#5371=CARTESIAN_POINT('',(0.08739173104198,-0.0402009202681385,1.47451495458029E-17));
#5372=CARTESIAN_POINT('',(0.0870979241685416,-0.0407496236480224,0.0025));
#5373=CARTESIAN_POINT('',(0.0870979241685416,-0.0407496236480224,1.56125112837913E-17));
#5374=CARTESIAN_POINT('',(0.0866993987527885,-0.0412105799546852,0.0025));
#5375=CARTESIAN_POINT('',(0.0866993987527885,-0.0412105799546852,1.51788304147971E-17));
#5376=CARTESIAN_POINT('',(0.08806210461104,-0.0385328856981015,1.4210854715202E-17));
#5377=CARTESIAN_POINT('',(0.0879282678560441,-0.0389105975408946,1.4210854715202E-17));
#5378=CARTESIAN_POINT('',(0.0876402226673421,-0.039736855874549,1.4210854715202E-17));
#5379=CARTESIAN_POINT('',(0.0868023800799689,-0.0413015633448297,1.4210854715202E-17));
#5380=CARTESIAN_POINT('',(0.0853245179047641,-0.0423946734179812,1.4210854715202E-17));
#5381=CARTESIAN_POINT('',(0.0838743690272766,-0.0428694816507348,1.4210854715202E-17));
#5382=CARTESIAN_POINT('',(0.0816019091114363,-0.0431792880175733,1.4210854715202E-17));
#5383=CARTESIAN_POINT('',(0.0800277633954555,-0.0431795161100646,1.4210854715202E-17));
#5384=CARTESIAN_POINT('',(0.079229759449253,-0.0432043846093031,1.4210854715202E-17));
#5385=CARTESIAN_POINT('',(0.0866993983743553,-0.0412105796275061,1.42611616960053E-17));
#5386=CARTESIAN_POINT('',(0.0866995233260878,-0.0412106854568235,0.0025));
#5387=CARTESIAN_POINT('',(0.0866995233260878,-0.0412106854568235,0.00166666666666667));
#5388=CARTESIAN_POINT('',(0.0866995233260878,-0.0412106854568235,0.000833333333333343));
#5389=CARTESIAN_POINT('',(0.0866995233260878,-0.0412106854568235,1.40946282423116E-17));
#5390=CARTESIAN_POINT('',(0.0833190162914552,-0.0383473462057859,0.00125));
#5391=CARTESIAN_POINT('',(0.0833190162914552,-0.0383473462057859,-7.15573433840433E-18));
#5392=CARTESIAN_POINT('',(0.0853011059045702,-0.0423099533279278,5.03069808033288E-20));
#5393=CARTESIAN_POINT('',(0.0853008840176671,-0.0423095097301161,0.));
#5394=CARTESIAN_POINT('',(0.0853008840176671,-0.0423095097301161,0.000833333333333333));
#5395=CARTESIAN_POINT('',(0.0853008840176671,-0.0423095097301161,0.00166666666666667));
#5396=CARTESIAN_POINT('',(0.0853008840176671,-0.0423095097301161,0.0025));
#5397=CARTESIAN_POINT('',(0.0853011167932947,-0.0423099475408791,0.0025));
#5398=CARTESIAN_POINT('',(0.0853011167932947,-0.0423099475408791,1.43114686768087E-17));
#5399=CARTESIAN_POINT('',(0.0848488131246476,-0.0425504287699161,0.0025));
#5400=CARTESIAN_POINT('',(0.0848488131246476,-0.0425504287699161,1.43114686768087E-17));
#5401=CARTESIAN_POINT('',(0.0844102474906086,-0.0426940245905557,0.0025));
#5402=CARTESIAN_POINT('',(0.0844102474906086,-0.0426940245905557,1.43114686768087E-17));
#5403=CARTESIAN_POINT('',(0.0838755826773716,-0.0428130032015219,0.0025));
#5404=CARTESIAN_POINT('',(0.0838755826773716,-0.0428130032015219,1.38777878078145E-17));
#5405=CARTESIAN_POINT('',(0.08806210461104,-0.0385328856981015,1.4210854715202E-17));
#5406=CARTESIAN_POINT('',(0.0879282678560441,-0.0389105975408946,1.4210854715202E-17));
#5407=CARTESIAN_POINT('',(0.0876402226673421,-0.039736855874549,1.4210854715202E-17));
#5408=CARTESIAN_POINT('',(0.0868023800799689,-0.0413015633448297,1.4210854715202E-17));
#5409=CARTESIAN_POINT('',(0.0853245179047641,-0.0423946734179812,1.4210854715202E-17));
#5410=CARTESIAN_POINT('',(0.0838743690272766,-0.0428694816507348,1.4210854715202E-17));
#5411=CARTESIAN_POINT('',(0.0816019091114363,-0.0431792880175733,1.4210854715202E-17));
#5412=CARTESIAN_POINT('',(0.0800277633954555,-0.0431795161100646,1.4210854715202E-17));
#5413=CARTESIAN_POINT('',(0.079229759449253,-0.0432043846093031,1.4210854715202E-17));
#5414=CARTESIAN_POINT('',(0.0838755809845264,-0.0428130035855417,0.));
#5415=CARTESIAN_POINT('',(0.0838754955626133,-0.0428126037353496,0.0025));
#5416=CARTESIAN_POINT('',(0.0838754955626133,-0.0428126037353496,0.00166666666666667));
#5417=CARTESIAN_POINT('',(0.0838754955626133,-0.0428126037353496,0.000833333333333333));
#5418=CARTESIAN_POINT('',(0.0838754955626133,-0.0428126037353496,-1.4036071248254E-19));
#5419=CARTESIAN_POINT('',(0.0807898284345347,-0.0286632258294771,0.00125));
#5420=CARTESIAN_POINT('',(0.0807898284345347,-0.0286632258294771,1.43114686768087E-17));
#5421=CARTESIAN_POINT('',(0.0816398607931942,-0.0431212321989793,1.06374695401488E-17));
#5422=CARTESIAN_POINT('',(0.08163979947362,-0.0431201890645834,4.91529991632104E-20));
#5423=CARTESIAN_POINT('',(0.08163979947362,-0.0431201890645834,0.000833333333333333));
#5424=CARTESIAN_POINT('',(0.08163979947362,-0.0431201890645834,0.00166666666666667));
#5425=CARTESIAN_POINT('',(0.08163979947362,-0.0431201890645834,0.0025));
#5426=CARTESIAN_POINT('',(0.0803251038536839,-0.0243977617773672,0.002));
#5427=CARTESIAN_POINT('',(0.0803251038536839,-0.0243977617773672,1.43114686768087E-17));
#5428=CARTESIAN_POINT('',(0.081340090879115,-0.0431409555684066,7.105427357601E-18));
#5429=CARTESIAN_POINT('',(0.0813400889242776,-0.0431409194696622,0.));
#5430=CARTESIAN_POINT('',(0.0813400889242776,-0.0431409194696622,0.000833333333333337));
#5431=CARTESIAN_POINT('',(0.0813400889242776,-0.0431409194696622,0.00166666666666667));
#5432=CARTESIAN_POINT('',(0.0813400889242776,-0.0431409194696622,0.00250000000000001));
#5433=CARTESIAN_POINT('',(0.0580717551608934,-0.0325954928366098,0.002));
#5434=CARTESIAN_POINT('',(0.0580717551608934,-0.0325954928366098,1.43114686768087E-17));
#5435=CARTESIAN_POINT('',(0.0562061868890346,-0.0429859645107503,1.78893358460109E-18));
#5436=CARTESIAN_POINT('',(0.0568405685643933,-0.0430802605817958,3.60202871455414E-18));
#5437=CARTESIAN_POINT('',(0.0562061549957049,-0.0429861478270106,0.));
#5438=CARTESIAN_POINT('',(0.0562061549957049,-0.0429861478270106,0.000833333333333333));
#5439=CARTESIAN_POINT('',(0.0562061549957049,-0.0429861478270106,0.00166666666666667));
#5440=CARTESIAN_POINT('',(0.0562061549957049,-0.0429861478270106,0.0025));
#5441=CARTESIAN_POINT('',(0.0568405685643933,-0.0430802605817958,0.0025));
#5442=CARTESIAN_POINT('',(0.0576611849600386,-0.0346137861069747,0.00125));
#5443=CARTESIAN_POINT('',(0.0576611849600386,-0.0346137861069747,-7.15573433840433E-18));
#5444=CARTESIAN_POINT('',(0.0551553563918932,-0.0427330258329504,5.03069808033288E-20));
#5445=CARTESIAN_POINT('',(0.0551552523140045,-0.0427333630600614,0.));
#5446=CARTESIAN_POINT('',(0.0551552523140045,-0.0427333630600614,0.000833333333333333));
#5447=CARTESIAN_POINT('',(0.0551552523140045,-0.0427333630600614,0.00166666666666667));
#5448=CARTESIAN_POINT('',(0.0551552523140045,-0.0427333630600614,0.0025));
#5449=CARTESIAN_POINT('',(0.0551553559131634,-0.0427330267322747,1.45283091113058E-17));
#5450=CARTESIAN_POINT('',(0.0551553559131634,-0.0427330267322747,0.0025));
#5451=CARTESIAN_POINT('',(0.0545539433009059,-0.0425477734072377,1.45283091113058E-17));
#5452=CARTESIAN_POINT('',(0.0545539433009059,-0.0425477734072377,0.0025));
#5453=CARTESIAN_POINT('',(0.0539575886554326,-0.0422876977954827,1.45283091113058E-17));
#5454=CARTESIAN_POINT('',(0.0539575886554326,-0.0422876977954827,0.0025));
#5455=CARTESIAN_POINT('',(0.0533900052596647,-0.0418514437258403,1.45283091113058E-17));
#5456=CARTESIAN_POINT('',(0.0533900052596647,-0.0418514437258403,0.0025));
#5457=CARTESIAN_POINT('',(0.050878774784487,-0.0384169133277421,1.4210854715202E-17));
#5458=CARTESIAN_POINT('',(0.0511197757335855,-0.0389260160869532,1.4210854715202E-17));
#5459=CARTESIAN_POINT('',(0.0516396154993881,-0.0400425024913368,1.4210854715202E-17));
#5460=CARTESIAN_POINT('',(0.0532863355171724,-0.0419950000011166,1.4210854715202E-17));
#5461=CARTESIAN_POINT('',(0.0551102952271066,-0.0427903851459607,1.4210854715202E-17));
#5462=CARTESIAN_POINT('',(0.0568246161363337,-0.0431169424812243,1.4210854715202E-17));
#5463=CARTESIAN_POINT('',(0.0578918529541974,-0.0431697603138548,1.4210854715202E-17));
#5464=CARTESIAN_POINT('',(0.0584144009372157,-0.043196914970797,1.4210854715202E-17));
#5465=CARTESIAN_POINT('',(0.0533900052573961,-0.0418514437284707,1.42611616960053E-17));
#5466=CARTESIAN_POINT('',(0.0533900052552884,-0.0418514437312247,0.0025));
#5467=CARTESIAN_POINT('',(0.0533900052558153,-0.0418514437316144,0.0025));
#5468=CARTESIAN_POINT('',(0.0533900052558153,-0.0418514437316144,1.56125112837913E-17));
#5469=CARTESIAN_POINT('',(0.0527451579078309,-0.0413744923553145,0.0025));
#5470=CARTESIAN_POINT('',(0.0527451579078309,-0.0413744923553145,1.56125112837913E-17));
#5471=CARTESIAN_POINT('',(0.0521945301652648,-0.0407414362695581,0.0025));
#5472=CARTESIAN_POINT('',(0.0521945301652648,-0.0407414362695581,1.56125112837913E-17));
#5473=CARTESIAN_POINT('',(0.0517199837913798,-0.0399908543879545,0.0025));
#5474=CARTESIAN_POINT('',(0.0517199837913798,-0.0399908543879545,1.56125112837913E-17));
#5475=CARTESIAN_POINT('',(0.0533900052566057,-0.0418514437300425,1.42611616960053E-17));
#5476=CARTESIAN_POINT('',(0.0527150062731435,-0.0413521911624859,1.42611616960053E-17));
#5477=CARTESIAN_POINT('',(0.0521683295027483,-0.0406999951298679,1.39784017694211E-17));
#5478=CARTESIAN_POINT('',(0.0517199837913718,-0.0399908543879418,1.39784017694211E-17));
#5479=CARTESIAN_POINT('',(0.0517199837913637,-0.0399908543879291,5.03069808033288E-20));
#5480=CARTESIAN_POINT('',(0.0517199837913637,-0.0399908543879291,0.0025));
#5481=CARTESIAN_POINT('',(0.0517199837916359,-0.039990854387105,1.06251812903579E-17));
#5482=CARTESIAN_POINT('',(0.0517199837916359,-0.039990854387105,0.0025));
#5483=CARTESIAN_POINT('',(0.0514289248640363,-0.0395459719008517,1.06251812903579E-17));
#5484=CARTESIAN_POINT('',(0.0514289248640363,-0.0395459719008517,0.0025));
#5485=CARTESIAN_POINT('',(0.0512180151506742,-0.0391283693544489,1.06251812903579E-17));
#5486=CARTESIAN_POINT('',(0.0512180151506742,-0.0391283693544489,0.0025));
#5487=CARTESIAN_POINT('',(0.0510213132883193,-0.0387172638547763,1.06251812903579E-17));
#5488=CARTESIAN_POINT('',(0.0510213132883193,-0.0387172638547763,0.0025));
#5489=CARTESIAN_POINT('',(0.050878774784487,-0.0384169133277421,1.4210854715202E-17));
#5490=CARTESIAN_POINT('',(0.0511197757335855,-0.0389260160869532,1.4210854715202E-17));
#5491=CARTESIAN_POINT('',(0.0516396154993881,-0.0400425024913368,1.4210854715202E-17));
#5492=CARTESIAN_POINT('',(0.0532863355171724,-0.0419950000011166,1.4210854715202E-17));
#5493=CARTESIAN_POINT('',(0.0551102952271066,-0.0427903851459607,1.4210854715202E-17));
#5494=CARTESIAN_POINT('',(0.0568246161363337,-0.0431169424812243,1.4210854715202E-17));
#5495=CARTESIAN_POINT('',(0.0578918529541974,-0.0431697603138548,1.4210854715202E-17));
#5496=CARTESIAN_POINT('',(0.0584144009372157,-0.043196914970797,1.4210854715202E-17));
#5497=CARTESIAN_POINT('',(0.051021311282487,-0.0387172648649699,7.15573433840433E-18));
#5498=CARTESIAN_POINT('',(0.0510213133040799,-0.0387172638851514,0.0025));
#5499=CARTESIAN_POINT('',(0.0688906845667762,-0.030056400296946,0.002));
#5500=CARTESIAN_POINT('',(0.0688906845667762,-0.030056400296946,0.));
#5501=CARTESIAN_POINT('',(0.0508787747819547,-0.0384169133222967,7.105427357601E-18));
#5502=CARTESIAN_POINT('',(0.0508788183192203,-0.0384168931137857,0.));
#5503=CARTESIAN_POINT('',(0.0508788183192203,-0.0384168931137857,0.00083333333333333));
#5504=CARTESIAN_POINT('',(0.0508788183192203,-0.0384168931137857,0.00166666666666666));
#5505=CARTESIAN_POINT('',(0.0508788183192203,-0.0384168931137857,0.00249999999999999));
#5506=CARTESIAN_POINT('',(0.0508787747862436,-0.0384169133584851,0.0025));
#5507=CARTESIAN_POINT('',(0.0508787747862436,-0.0384169133584851,1.47451495458029E-17));
#5508=CARTESIAN_POINT('',(0.0507769251272498,-0.0381979020127724,0.0025));
#5509=CARTESIAN_POINT('',(0.0507769251272498,-0.0381979020127724,1.47451495458029E-17));
#5510=CARTESIAN_POINT('',(0.0506181760009267,-0.0378422183509839,0.0025));
#5511=CARTESIAN_POINT('',(0.0506181760009267,-0.0378422183509839,1.30104260698261E-17));
#5512=CARTESIAN_POINT('',(0.0504176905041495,-0.0373677108573204,0.0025));
#5513=CARTESIAN_POINT('',(0.0504176905041495,-0.0373677108573204,1.38777878078145E-17));
#5514=CARTESIAN_POINT('',(0.0503042736713843,-0.0370932674755132,0.0025));
#5515=CARTESIAN_POINT('',(0.0503042736713843,-0.0370932674755132,1.51788304147971E-17));
#5516=CARTESIAN_POINT('',(0.050204627571388,-0.0368480675365177,0.0025));
#5517=CARTESIAN_POINT('',(0.050204627571388,-0.0368480675365177,1.43114686768087E-17));
#5518=CARTESIAN_POINT('',(0.0501524023730682,-0.0367178063048019,0.0025));
#5519=CARTESIAN_POINT('',(0.0501524023730682,-0.0367178063048019,1.56125112837913E-17));
#5520=CARTESIAN_POINT('',(0.0500673319331267,-0.0365041908141588,0.0025));
#5521=CARTESIAN_POINT('',(0.0500673319331267,-0.0365041908141588,1.43114686768087E-17));
#5522=CARTESIAN_POINT('',(0.0499038114425894,-0.0360885723884051,0.0025));
#5523=CARTESIAN_POINT('',(0.0499038114425894,-0.0360885723884051,1.43114686768087E-17));
#5524=CARTESIAN_POINT('',(0.0497304767263303,-0.0356410384854463,0.0025));
#5525=CARTESIAN_POINT('',(0.0497304767263303,-0.0356410384854463,1.34441069388203E-17));
#5526=CARTESIAN_POINT('',(0.0496010722033876,-0.0353042924531312,0.0025));
#5527=CARTESIAN_POINT('',(0.0496010722033876,-0.0353042924531312,1.43114686768087E-17));
#5528=CARTESIAN_POINT('',(0.0508787747716444,-0.0384169133270919,1.4210854715202E-17));
#5529=CARTESIAN_POINT('',(0.0507769251136189,-0.0381979019825491,1.4210854715202E-17));
#5530=CARTESIAN_POINT('',(0.0506181759880094,-0.0378422183210046,1.4210854715202E-17));
#5531=CARTESIAN_POINT('',(0.0504176904949814,-0.0373677108354477,1.4210854715202E-17));
#5532=CARTESIAN_POINT('',(0.0503042736616661,-0.0370932674517443,1.4210854715202E-17));
#5533=CARTESIAN_POINT('',(0.0502046275650325,-0.0368480675207761,1.4210854715202E-17));
#5534=CARTESIAN_POINT('',(0.0501524023694034,-0.0367178062956027,1.4210854715202E-17));
#5535=CARTESIAN_POINT('',(0.050067331928986,-0.0365041908037049,1.4210854715202E-17));
#5536=CARTESIAN_POINT('',(0.0499038114408677,-0.0360885723839057,1.4210854715202E-17));
#5537=CARTESIAN_POINT('',(0.0497304767264894,-0.0356410384858358,1.4210854715202E-17));
#5538=CARTESIAN_POINT('',(0.0496010722054043,-0.0353042924583793,1.4210854715202E-17));
#5539=CARTESIAN_POINT('',(0.0496010722054043,-0.0353042924583793,1.4210854715202E-17));
#5540=CARTESIAN_POINT('',(0.0496010722054043,-0.0353042924583793,0.0025));
#5541=CARTESIAN_POINT('',(0.050225868179727,-0.036826362633871,0.0025));
#5542=CARTESIAN_POINT('',(0.050225868179727,-0.036826362633871,1.4210854715202E-17));
#5543=CARTESIAN_POINT('',(0.0495729615749673,-0.0352358119400008,1.4210854715202E-17));
#5544=CARTESIAN_POINT('',(0.0495729615749673,-0.0352358119400008,0.0025));
#5545=CARTESIAN_POINT('',(0.0470331118071824,-0.0286076910729502,0.0025));
#5546=CARTESIAN_POINT('',(0.0470331118071824,-0.0286076910729502,1.4210854715202E-17));
#5547=CARTESIAN_POINT('',(0.0489499926632456,-0.0336100806484577,1.4210854715202E-17));
#5548=CARTESIAN_POINT('',(0.0489499926632456,-0.0336100806484577,0.0025));
#5549=CARTESIAN_POINT('',(0.0489499926651341,-0.0336100806533678,0.0025));
#5550=CARTESIAN_POINT('',(0.0489499926651341,-0.0336100806533678,1.47451495458029E-17));
#5551=CARTESIAN_POINT('',(0.0487737753857302,-0.0331519028372713,0.0025));
#5552=CARTESIAN_POINT('',(0.0487737753857302,-0.0331519028372713,1.47451495458029E-17));
#5553=CARTESIAN_POINT('',(0.0484870467428389,-0.0324067593066505,0.0025));
#5554=CARTESIAN_POINT('',(0.0484870467428389,-0.0324067593066505,1.21430643318376E-17));
#5555=CARTESIAN_POINT('',(0.0481487895549456,-0.0315282422029023,0.0025));
#5556=CARTESIAN_POINT('',(0.0481487895549456,-0.0315282422029023,1.73472347597681E-17));
#5557=CARTESIAN_POINT('',(0.0479806104239335,-0.0310915488462946,0.0025));
#5558=CARTESIAN_POINT('',(0.0479806104239335,-0.0310915488462946,1.38777878078145E-17));
#5559=CARTESIAN_POINT('',(0.0479055771486126,-0.0308967355393522,0.0025));
#5560=CARTESIAN_POINT('',(0.0479055771486126,-0.0308967355393522,1.51788304147971E-17));
#5561=CARTESIAN_POINT('',(0.0477877741460293,-0.0305908873408664,0.0025));
#5562=CARTESIAN_POINT('',(0.0477877741460293,-0.0305908873408664,1.43114686768087E-17));
#5563=CARTESIAN_POINT('',(0.0476510409257399,-0.0302358830790787,0.0025));
#5564=CARTESIAN_POINT('',(0.0476510409257399,-0.0302358830790787,1.64798730217797E-17));
#5565=CARTESIAN_POINT('',(0.0474852624715888,-0.0298054596458497,0.0025));
#5566=CARTESIAN_POINT('',(0.0474852624715888,-0.0298054596458497,1.43114686768087E-17));
#5567=CARTESIAN_POINT('',(0.0472354541800408,-0.0291568434411186,0.0025));
#5568=CARTESIAN_POINT('',(0.0472354541800408,-0.0291568434411186,1.51788304147971E-17));
#5569=CARTESIAN_POINT('',(0.046960574336892,-0.0284430875454262,0.0025));
#5570=CARTESIAN_POINT('',(0.046960574336892,-0.0284430875454262,1.47451495458029E-17));
#5571=CARTESIAN_POINT('',(0.0466834169634491,-0.0277233449889656,0.0025));
#5572=CARTESIAN_POINT('',(0.0466834169634491,-0.0277233449889656,1.51788304147971E-17));
#5573=CARTESIAN_POINT('',(0.0464975883467776,-0.0272406970001954,0.0025));
#5574=CARTESIAN_POINT('',(0.0464975883467776,-0.0272406970001954,1.51788304147971E-17));
#5575=CARTESIAN_POINT('',(0.0463766329778517,-0.0269264894200975,0.0025));
#5576=CARTESIAN_POINT('',(0.0463766329778517,-0.0269264894200975,1.47451495458029E-17));
#5577=CARTESIAN_POINT('',(0.0463106883871043,-0.0267551532988071,0.0025));
#5578=CARTESIAN_POINT('',(0.0463106883871043,-0.0267551532988071,1.47451495458029E-17));
#5579=CARTESIAN_POINT('',(0.0462684355005761,-0.0266453577728902,0.0025));
#5580=CARTESIAN_POINT('',(0.0462684355005761,-0.0266453577728902,1.57364201035039E-17));
#5581=CARTESIAN_POINT('',(0.0462363165393931,-0.026561877682096,0.0025));
#5582=CARTESIAN_POINT('',(0.0462363165393931,-0.026561877682096,1.53233907044618E-17));
#5583=CARTESIAN_POINT('',(0.046231850776584,-0.0265502731337179,0.0025));
#5584=CARTESIAN_POINT('',(0.046231850776584,-0.0265502731337179,1.47451495458029E-17));
#5585=CARTESIAN_POINT('',(0.0461571850254811,-0.0263561756969089,0.0025));
#5586=CARTESIAN_POINT('',(0.0461571850254811,-0.0263561756969089,1.59016318631207E-17));
#5587=CARTESIAN_POINT('',(0.0460596252735744,-0.0261025015471152,0.0025));
#5588=CARTESIAN_POINT('',(0.0460596252735744,-0.0261025015471152,1.6094378916007E-17));
#5589=CARTESIAN_POINT('',(0.0459156421190651,-0.0257279667085786,0.0025));
#5590=CARTESIAN_POINT('',(0.0459156421190651,-0.0257279667085786,1.56125112837913E-17));
#5591=CARTESIAN_POINT('',(0.0457167342611365,-0.0252101658149709,0.0025));
#5592=CARTESIAN_POINT('',(0.0457167342611365,-0.0252101658149709,1.43114686768087E-17));
#5593=CARTESIAN_POINT('',(0.0455494744178861,-0.0247741391166383,0.0025));
#5594=CARTESIAN_POINT('',(0.0455494744178861,-0.0247741391166383,1.47451495458029E-17));
#5595=CARTESIAN_POINT('',(0.0454343748139832,-0.0244733958282988,0.0025));
#5596=CARTESIAN_POINT('',(0.0454343748139832,-0.0244733958282988,1.43114686768087E-17));
#5597=CARTESIAN_POINT('',(0.0453763336337853,-0.0243215422013066,0.0025));
#5598=CARTESIAN_POINT('',(0.0453763336337853,-0.0243215422013066,1.51788304147971E-17));
#5599=CARTESIAN_POINT('',(0.0452648339635335,-0.0240293490044546,0.0025));
#5600=CARTESIAN_POINT('',(0.0452648339635335,-0.0240293490044546,1.47451495458029E-17));
#5601=CARTESIAN_POINT('',(0.045148175192979,-0.0237227152290996,0.0025));
#5602=CARTESIAN_POINT('',(0.045148175192979,-0.0237227152290996,1.56125112837913E-17));
#5603=CARTESIAN_POINT('',(0.0449595238441494,-0.0232251587793349,0.0025));
#5604=CARTESIAN_POINT('',(0.0449595238441494,-0.0232251587793349,1.47451495458029E-17));
#5605=CARTESIAN_POINT('',(0.0447389935429202,-0.0226395199268339,0.0025));
#5606=CARTESIAN_POINT('',(0.0447389935429202,-0.0226395199268339,1.43114686768087E-17));
#5607=CARTESIAN_POINT('',(0.0445885920207425,-0.0222367054197679,0.0025));
#5608=CARTESIAN_POINT('',(0.0445885920207425,-0.0222367054197679,1.51788304147971E-17));
#5609=CARTESIAN_POINT('',(0.0444932620338538,-0.0219795701909464,0.0025));
#5610=CARTESIAN_POINT('',(0.0444932620338538,-0.0219795701909464,1.51788304147971E-17));
#5611=CARTESIAN_POINT('',(0.0489499926632456,-0.0336100806484577,1.4210854715202E-17));
#5612=CARTESIAN_POINT('',(0.0487737753840381,-0.0331519028328736,1.4210854715202E-17));
#5613=CARTESIAN_POINT('',(0.0485367480470793,-0.0325359175977465,1.4210854715202E-17));
#5614=CARTESIAN_POINT('',(0.0482253183462546,-0.0317270027516481,1.4210854715202E-17));
#5615=CARTESIAN_POINT('',(0.0480929197777156,-0.0313831709205916,1.4210854715202E-17));
#5616=CARTESIAN_POINT('',(0.0479805746541364,-0.0310914559684007,1.4210854715202E-17));
#5617=CARTESIAN_POINT('',(0.0479055867170649,-0.0308967603842711,1.4210854715202E-17));
#5618=CARTESIAN_POINT('',(0.047787771638914,-0.0305908808310286,1.4210854715202E-17));
#5619=CARTESIAN_POINT('',(0.0475826777378269,-0.030058389834164,1.4210854715202E-17));
#5620=CARTESIAN_POINT('',(0.0472904305003494,-0.0292995955334071,1.4210854715202E-17));
#5621=CARTESIAN_POINT('',(0.0469605742435046,-0.0284430873029419,1.4210854715202E-17));
#5622=CARTESIAN_POINT('',(0.0466834169904257,-0.0277233450590124,1.4210854715202E-17));
#5623=CARTESIAN_POINT('',(0.0464975883447534,-0.0272406969949407,1.4210854715202E-17));
#5624=CARTESIAN_POINT('',(0.0463766329796853,-0.0269264894248604,1.4210854715202E-17));
#5625=CARTESIAN_POINT('',(0.0463106883880824,-0.0267551533013485,1.4210854715202E-17));
#5626=CARTESIAN_POINT('',(0.0462684355016518,-0.0266453577756857,1.4210854715202E-17));
#5627=CARTESIAN_POINT('',(0.0462363165387673,-0.0265618776804688,1.4210854715202E-17));
#5628=CARTESIAN_POINT('',(0.0462318507786422,-0.0265502731390681,1.4210854715202E-17));
#5629=CARTESIAN_POINT('',(0.0461571850304981,-0.0263561757099516,1.4210854715202E-17));
#5630=CARTESIAN_POINT('',(0.046059625276948,-0.026102501555889,1.4210854715202E-17));
#5631=CARTESIAN_POINT('',(0.0459156421224102,-0.0257279667172831,1.4210854715202E-17));
#5632=CARTESIAN_POINT('',(0.045716734264116,-0.0252101658227312,1.4210854715202E-17));
#5633=CARTESIAN_POINT('',(0.0455494744212648,-0.02477413912546,1.4210854715202E-17));
#5634=CARTESIAN_POINT('',(0.045434374815783,-0.0244733958329995,1.4210854715202E-17));
#5635=CARTESIAN_POINT('',(0.0453763336373698,-0.0243215422106931,1.4210854715202E-17));
#5636=CARTESIAN_POINT('',(0.0452648339687017,-0.0240293490180144,1.4210854715202E-17));
#5637=CARTESIAN_POINT('',(0.0451481751969186,-0.0237227152394759,1.4210854715202E-17));
#5638=CARTESIAN_POINT('',(0.044959523848923,-0.0232251587919637,1.4210854715202E-17));
#5639=CARTESIAN_POINT('',(0.0447389935469913,-0.0226395199376829,1.4210854715202E-17));
#5640=CARTESIAN_POINT('',(0.0445885920253479,-0.0222367054321347,1.4210854715202E-17));
#5641=CARTESIAN_POINT('',(0.0444932620393978,-0.0219795702059,1.4210854715202E-17));
#5642=CARTESIAN_POINT('',(0.0444932620393977,-0.0219795702059001,1.4210854715202E-17));
#5643=CARTESIAN_POINT('',(0.0444932620393977,-0.0219795702059001,0.0025));
#5644=CARTESIAN_POINT('',(0.0444932620384662,-0.0219795702033877,0.0025));
#5645=CARTESIAN_POINT('',(0.0444932620384662,-0.0219795702033877,1.47451495458029E-17));
#5646=CARTESIAN_POINT('',(0.0443528662954402,-0.0216008783281378,0.0025));
#5647=CARTESIAN_POINT('',(0.0443528662954402,-0.0216008783281378,1.38777878078145E-17));
#5648=CARTESIAN_POINT('',(0.0441535346845931,-0.0210574154251307,0.0025));
#5649=CARTESIAN_POINT('',(0.0441535346845931,-0.0210574154251307,1.43114686768087E-17));
#5650=CARTESIAN_POINT('',(0.0439082100018412,-0.020375798892319,0.0025));
#5651=CARTESIAN_POINT('',(0.0439082100018412,-0.020375798892319,1.56125112837913E-17));
#5652=CARTESIAN_POINT('',(0.0437385883070255,-0.0198983851255241,0.0025));
#5653=CARTESIAN_POINT('',(0.0437385883070255,-0.0198983851255241,1.38777878078145E-17));
#5654=CARTESIAN_POINT('',(0.0435377213044214,-0.0193231679689168,0.0025));
#5655=CARTESIAN_POINT('',(0.0435377213044214,-0.0193231679689168,1.47451495458029E-17));
#5656=CARTESIAN_POINT('',(0.0432954576292192,-0.0186150370781116,0.0025));
#5657=CARTESIAN_POINT('',(0.0432954576292192,-0.0186150370781116,1.51788304147971E-17));
#5658=CARTESIAN_POINT('',(0.0431236082842703,-0.0180968965005998,0.0025));
#5659=CARTESIAN_POINT('',(0.0431236082842703,-0.0180968965005998,1.51788304147971E-17));
#5660=CARTESIAN_POINT('',(0.0430155197324974,-0.0177631418105642,0.0025));
#5661=CARTESIAN_POINT('',(0.0430155197324974,-0.0177631418105642,1.51788304147971E-17));
#5662=CARTESIAN_POINT('',(0.0444932620393978,-0.0219795702059,1.4210854715202E-17));
#5663=CARTESIAN_POINT('',(0.0443528662962634,-0.0216008783303752,1.4210854715202E-17));
#5664=CARTESIAN_POINT('',(0.0441535346852812,-0.0210574154270265,1.4210854715202E-17));
#5665=CARTESIAN_POINT('',(0.0439082100023223,-0.0203757988936645,1.4210854715202E-17));
#5666=CARTESIAN_POINT('',(0.0437385883074543,-0.0198983851267433,1.4210854715202E-17));
#5667=CARTESIAN_POINT('',(0.0435377213047629,-0.0193231679699062,1.4210854715202E-17));
#5668=CARTESIAN_POINT('',(0.0432954576293877,-0.0186150370786186,1.4210854715202E-17));
#5669=CARTESIAN_POINT('',(0.0431236082843523,-0.0180968965008523,1.4210854715202E-17));
#5670=CARTESIAN_POINT('',(0.0430155197325208,-0.0177631418106365,1.4210854715202E-17));
#5671=CARTESIAN_POINT('',(0.0430155197323958,-0.0177631418106774,1.42611616960053E-17));
#5672=CARTESIAN_POINT('',(0.0430155197322709,-0.0177631418107182,0.0025));
#5673=CARTESIAN_POINT('',(0.0430155197320257,-0.0177631418108143,0.0025));
#5674=CARTESIAN_POINT('',(0.0430155197320257,-0.0177631418108143,1.47451495458029E-17));
#5675=CARTESIAN_POINT('',(0.0427929563347145,-0.0170759130395832,0.0025));
#5676=CARTESIAN_POINT('',(0.0427929563347145,-0.0170759130395832,1.47451495458029E-17));
#5677=CARTESIAN_POINT('',(0.042365797106441,-0.0156856817360385,0.0025));
#5678=CARTESIAN_POINT('',(0.042365797106441,-0.0156856817360385,1.47451495458029E-17));
#5679=CARTESIAN_POINT('',(0.0415367236505701,-0.0124921293604282,0.0025));
#5680=CARTESIAN_POINT('',(0.0415367236505701,-0.0124921293604282,1.47451495458029E-17));
#5681=CARTESIAN_POINT('',(0.0405738061521105,-0.00758085873820204,0.0025));
#5682=CARTESIAN_POINT('',(0.0405738061521105,-0.00758085873820204,1.43114686768087E-17));
#5683=CARTESIAN_POINT('',(0.0400593012468545,-0.00262594649458231,0.0025));
#5684=CARTESIAN_POINT('',(0.0400593012468545,-0.00262594649458231,1.56125112837913E-17));
#5685=CARTESIAN_POINT('',(0.0400204527001706,0.000651446011521965,0.0025));
#5686=CARTESIAN_POINT('',(0.0400204527001706,0.000651446011521965,1.47451495458029E-17));
#5687=CARTESIAN_POINT('',(0.0400872537331742,0.00209845337999709,0.0025));
#5688=CARTESIAN_POINT('',(0.0400872537331742,0.00209845337999709,1.47451495458029E-17));
#5689=CARTESIAN_POINT('',(0.0401221123455948,0.00281732327055095,0.0025));
#5690=CARTESIAN_POINT('',(0.0401221123455948,0.00281732327055095,1.47451495458029E-17));
#5691=CARTESIAN_POINT('',(0.0430155197322107,-0.0177631418107459,1.42611616960053E-17));
#5692=CARTESIAN_POINT('',(0.0424782921120484,-0.0161042963683419,1.42611616960053E-17));
#5693=CARTESIAN_POINT('',(0.0415641065127677,-0.0127448224556471,1.49816354474356E-17));
#5694=CARTESIAN_POINT('',(0.0406060589977079,-0.00760304967864161,1.42947512461134E-17));
#5695=CARTESIAN_POINT('',(0.0401106818167946,-0.00326935484784383,1.40574698025045E-17));
#5696=CARTESIAN_POINT('',(0.0400065257732007,0.00020727861404567,1.49229310791052E-17));
#5697=CARTESIAN_POINT('',(0.0400799197805922,0.00194720933093656,1.44120826384153E-17));
#5698=CARTESIAN_POINT('',(0.0401221123456954,0.00281732327262535,1.44120826384153E-17));
#5699=CARTESIAN_POINT('',(0.0401221123457959,0.00281732327469975,3.57786716920216E-18));
#5700=CARTESIAN_POINT('',(0.040122112345796,0.00281732327469974,0.0025));
#5701=CARTESIAN_POINT('',(0.043608520386037,0.0747155886319995,0.0025));
#5702=CARTESIAN_POINT('',(0.043608520386037,0.0747155886319995,1.4210854715202E-17));
#5703=CARTESIAN_POINT('',(0.0417388008606971,0.0361573966404217,1.42443927024042E-17));
#5704=CARTESIAN_POINT('',(0.0417388008606971,0.0361573966404218,0.0025));
#5705=CARTESIAN_POINT('',(0.0425602190220847,0.0522836646877991,0.0025));
#5706=CARTESIAN_POINT('',(0.0425602190220394,0.0522836646876548,1.4210854715202E-17));
#5707=CARTESIAN_POINT('',(0.0415379672912843,0.0361688810922738,1.42443927024042E-17));
#5708=CARTESIAN_POINT('',(0.0415379672912843,0.0361688810922738,0.0025));
#5709=CARTESIAN_POINT('',(0.0418789089996098,0.0431999334342872,0.0025));
#5710=CARTESIAN_POINT('',(0.0418789089996098,0.0431999334342872,1.4210854715202E-17));
#5711=CARTESIAN_POINT('',(0.0425602190220847,0.0522836646877991,0.0025));
#5712=CARTESIAN_POINT('',(0.0425602190220847,0.0522836646877991,1.4210854715202E-17));
#5713=CARTESIAN_POINT('',(0.0287380937046903,0.043936203957615,1.4210854715202E-17));
#5714=CARTESIAN_POINT('',(0.0287380937046903,0.043936203957615,0.0025));
#5715=CARTESIAN_POINT('',(0.0417388008606971,0.0361573966404218,0.0025));
#5716=CARTESIAN_POINT('',(0.0417388008606971,0.0361573966404218,1.4210854715202E-17));
#5717=CARTESIAN_POINT('',(0.0281623472921004,0.0294336968899863,1.4210854715202E-17));
#5718=CARTESIAN_POINT('',(0.0281623472921004,0.0294336968899863,0.0025));
#5719=CARTESIAN_POINT('',(0.0407734688676949,0.0210379930814995,0.0025));
#5720=CARTESIAN_POINT('',(0.0407734688676949,0.0210379930814995,1.4210854715202E-17));
#5721=CARTESIAN_POINT('',(0.027877973130637,0.0130859858173061,1.4210854715202E-17));
#5722=CARTESIAN_POINT('',(0.027877973130637,0.0130859858173061,0.0025));
#5723=CARTESIAN_POINT('',(0.040122112345796,0.00590181243657964,0.0025));
#5724=CARTESIAN_POINT('',(0.040122112345796,0.00590181243657964,1.4210854715202E-17));
#5725=CARTESIAN_POINT('',(0.0281664930277257,-0.00175288932155048,1.4210854715202E-17));
#5726=CARTESIAN_POINT('',(0.0281664930277257,-0.00175288932155048,0.0025));
#5727=CARTESIAN_POINT('',(0.0407734688676949,-0.00827940848991025,0.0025));
#5728=CARTESIAN_POINT('',(0.0407734688676949,-0.00827940848991025,1.4210854715202E-17));
#5729=CARTESIAN_POINT('',(0.0307686773715438,-0.0183509247314241,1.4210854715202E-17));
#5730=CARTESIAN_POINT('',(0.0307686773715438,-0.0183509247314241,0.0025));
#5731=CARTESIAN_POINT('',(0.0444932620393979,-0.0219795702059006,0.0025));
#5732=CARTESIAN_POINT('',(0.0444932620393979,-0.0219795702059006,1.4210854715202E-17));
#5733=CARTESIAN_POINT('',(0.0359395642055922,-0.0333094221754755,1.4210854715202E-17));
#5734=CARTESIAN_POINT('',(0.0359395642055922,-0.0333094221754755,0.0025));
#5735=CARTESIAN_POINT('',(0.049572961574967,-0.0352358119399998,0.0025));
#5736=CARTESIAN_POINT('',(0.049572961574967,-0.0352358119399998,1.4210854715202E-17));
#5737=CARTESIAN_POINT('',(0.0574356016646726,-0.0465388819732206,1.4210854715202E-17));
#5738=CARTESIAN_POINT('',(0.0574356016646726,-0.0465388819732206,0.0025));
#5739=CARTESIAN_POINT('',(0.06980749623042,-0.0404245898511011,0.0025));
#5740=CARTESIAN_POINT('',(0.06980749623042,-0.0404245898511011,1.4210854715202E-17));
#5741=CARTESIAN_POINT('',(0.0819223732784383,-0.0470335305689457,1.4210854715202E-17));
#5742=CARTESIAN_POINT('',(0.0819223732784383,-0.0470335305689457,0.0025));
#5743=CARTESIAN_POINT('',(0.0890587238702555,-0.0352358119399998,0.0025));
#5744=CARTESIAN_POINT('',(0.0890587238702555,-0.0352358119399998,1.4210854715202E-17));
#5745=CARTESIAN_POINT('',(0.102435391536345,-0.0318923965054327,1.4210854715202E-17));
#5746=CARTESIAN_POINT('',(0.102435391536345,-0.0318923965054327,0.0025));
#5747=CARTESIAN_POINT('',(0.0928515750015604,-0.0219795702059006,0.0025));
#5748=CARTESIAN_POINT('',(0.0928515750015604,-0.0219795702059006,1.4210854715202E-17));
#5749=CARTESIAN_POINT('',(0.106145338108563,-0.0183203999349227,1.4210854715202E-17));
#5750=CARTESIAN_POINT('',(0.106145338108563,-0.0183203999349227,0.0025));
#5751=CARTESIAN_POINT('',(0.0962310250104259,-0.00827940848991024,0.0025));
#5752=CARTESIAN_POINT('',(0.0962310250104259,-0.00827940848991024,1.4210854715202E-17));
#5753=CARTESIAN_POINT('',(0.10991718900649,-0.00484370936461608,1.4210854715202E-17));
#5754=CARTESIAN_POINT('',(0.10991718900649,-0.00484370936461608,0.0025));
#5755=CARTESIAN_POINT('',(0.100098704286193,0.00529100677368809,0.0025));
#5756=CARTESIAN_POINT('',(0.100098704286193,0.00529100677368809,1.4210854715202E-17));
#5757=CARTESIAN_POINT('',(0.112997081138723,0.0110135051770801,1.4210854715202E-17));
#5758=CARTESIAN_POINT('',(0.112997081138723,0.0110135051770801,0.0025));
#5759=CARTESIAN_POINT('',(0.100831016283423,0.0210379610298989,0.0025));
#5760=CARTESIAN_POINT('',(0.100831016283423,0.0210379610298989,1.4210854715202E-17));
#5761=CARTESIAN_POINT('',(0.113928840902172,0.0298100667899178,1.4210854715202E-17));
#5762=CARTESIAN_POINT('',(0.113928840902172,0.0298100667899178,0.0025));
#5763=CARTESIAN_POINT('',(0.0997830621599375,0.0367670627640589,0.0025));
#5764=CARTESIAN_POINT('',(0.0997830621599375,0.0367670627640589,1.4210854715202E-17));
#5765=CARTESIAN_POINT('',(0.11250857372803,0.046071051400059,1.4210854715202E-17));
#5766=CARTESIAN_POINT('',(0.11250857372803,0.046071051400059,0.0025));
#5767=CARTESIAN_POINT('',(0.0980883274286862,0.0524396733761801,0.0025));
#5768=CARTESIAN_POINT('',(0.0980883274286862,0.0524396733761801,1.4210854715202E-17));
#5769=CARTESIAN_POINT('',(0.104779985538593,0.0667128846808798,1.4210854715202E-17));
#5770=CARTESIAN_POINT('',(0.104779985538593,0.0667128846808798,0.0025));
#5771=CARTESIAN_POINT('',(0.0846833178090345,0.0674295142306001,0.0025));
#5772=CARTESIAN_POINT('',(0.0846833178090345,0.0674295142306001,1.4210854715202E-17));
#5773=CARTESIAN_POINT('',(0.0711091345952188,0.0166570314751768,1.4210854715202E-17));
#5774=CARTESIAN_POINT('',(0.081340090881693,-0.0431409555647585,3.52756018839884E-18));
#5775=CARTESIAN_POINT('',(0.0794474615163563,-0.0432278143206228,3.52756018839884E-18));
#5776=CARTESIAN_POINT('',(0.0775535222498695,-0.0432162506750278,1.48457635074095E-17));
#5777=CARTESIAN_POINT('',(0.0756597409364545,-0.0432165551926426,1.48457635074095E-17));
#5778=CARTESIAN_POINT('',(0.0635092414522229,-0.0432201293380074,9.05699126807491E-18));
#5779=CARTESIAN_POINT('',(0.0623973058383805,-0.0432201864694716,9.05699126807491E-18));
#5780=CARTESIAN_POINT('',(0.060172714979414,-0.0432546113658021,1.69890143619789E-17));
#5781=CARTESIAN_POINT('',(0.0579512599436173,-0.0431395262534011,1.44120826384153E-17));
#5782=CARTESIAN_POINT('',(0.0568405685663421,-0.0430802605818998,1.44120826384153E-17));
#5783=CARTESIAN_POINT('',(0.0814869663389518,-0.0431342149848446,0.0025));
#5784=CARTESIAN_POINT('',(0.0814869663389518,-0.0431342149848446,0.));
#5785=CARTESIAN_POINT('',(0.0794347898499289,-0.0432283958635285,0.0025));
#5786=CARTESIAN_POINT('',(0.0794347898499289,-0.0432283958635285,-8.67361737988404E-19));
#5787=CARTESIAN_POINT('',(0.0753253225312178,-0.043208160873839,0.0025));
#5788=CARTESIAN_POINT('',(0.0753253225312178,-0.043208160873839,1.73472347597681E-18));
#5789=CARTESIAN_POINT('',(0.0691630818513931,-0.0432286088181743,0.0025));
#5790=CARTESIAN_POINT('',(0.0691630818513931,-0.0432286088181743,4.33680868994202E-19));
#5791=CARTESIAN_POINT('',(0.0640277822836827,-0.043205521274375,0.0025));
#5792=CARTESIAN_POINT('',(0.0640277822836827,-0.043205521274375,1.30104260698261E-18));
#5793=CARTESIAN_POINT('',(0.0599187947008572,-0.0432445954290227,0.0025));
#5794=CARTESIAN_POINT('',(0.0599187947008572,-0.0432445954290227,1.73472347597681E-18));
#5795=CARTESIAN_POINT('',(0.0578666449233413,-0.0431350112584184,0.0025));
#5796=CARTESIAN_POINT('',(0.0578666449233413,-0.0431350112584184,8.67361737988404E-19));
#5797=CARTESIAN_POINT('',(0.056840568566342,-0.0430802605818997,0.0025));
#5798=CARTESIAN_POINT('',(0.056840568566342,-0.0430802605818997,1.30104260698261E-18));
#5799=CARTESIAN_POINT('',(0.,0.,0.));
#5800=CARTESIAN_POINT('',(0.0489046693234325,-0.0394349843263627,0.0158924021268641));
#5801=CARTESIAN_POINT('',(0.0489046693234325,-0.0347864814221429,0.0238646008081174));
#5802=CARTESIAN_POINT('',(0.0489046693234325,-0.035068330692735,0.0238809504749749));
#5803=CARTESIAN_POINT('',(0.0489046693234325,-0.0356143412680488,0.023818022618902));
#5804=CARTESIAN_POINT('',(0.0489046693234325,-0.0366922869132641,0.0235336451467732));
#5805=CARTESIAN_POINT('',(0.0489046693234325,-0.0379033613099378,0.0228650178363194));
#5806=CARTESIAN_POINT('',(0.0489046693234325,-0.0392061268905576,0.021834226507125));
#5807=CARTESIAN_POINT('',(0.0489046693234325,-0.0407556821018026,0.0202994734346469));
#5808=CARTESIAN_POINT('',(0.0489046693234325,-0.0422490230065097,0.0179511847372895));
#5809=CARTESIAN_POINT('',(0.0489046693234325,-0.0434621416374299,0.0161090195181331));
#5810=CARTESIAN_POINT('',(0.0489046693234325,-0.0440834872424583,0.0151947280392081));
#5811=CARTESIAN_POINT('',(0.0489046693234325,-0.034786481410265,0.0238646008074283));
#5812=CARTESIAN_POINT('',(0.0489046693234325,-0.0440834872424603,0.0151947280392051));
#5813=CARTESIAN_POINT('',(0.0489046693234325,-0.0352803510431449,0.0158817577175796));
#5814=CARTESIAN_POINT('',(0.0489046693234325,-0.0357742206760247,0.00789891462773084));
#5815=CARTESIAN_POINT('',(0.0489046693234325,-0.0388153721396128,0.00789891462773085));
#5816=CARTESIAN_POINT('',(0.0489046693234325,-0.0418565236032009,0.00789891462773085));
#5817=CARTESIAN_POINT('',(0.0489046693234325,-0.0429700054228306,0.0115468213334679));
#5818=CARTESIAN_POINT('',(0.0889046693234324,-0.0394349843263627,0.0158924021268641));
#5819=CARTESIAN_POINT('',(0.0889046693234324,-0.0347864814221429,0.0238646008081174));
#5820=CARTESIAN_POINT('',(0.0889046693234324,-0.035068330692735,0.0238809504749749));
#5821=CARTESIAN_POINT('',(0.0889046693234324,-0.0356143412680488,0.023818022618902));
#5822=CARTESIAN_POINT('',(0.0889046693234324,-0.0366922869132641,0.0235336451467732));
#5823=CARTESIAN_POINT('',(0.0889046693234324,-0.0379033613099378,0.0228650178363194));
#5824=CARTESIAN_POINT('',(0.0889046693234324,-0.0392061268905576,0.021834226507125));
#5825=CARTESIAN_POINT('',(0.0889046693234324,-0.0407556821018026,0.0202994734346469));
#5826=CARTESIAN_POINT('',(0.0889046693234324,-0.0422490230065097,0.0179511847372895));
#5827=CARTESIAN_POINT('',(0.0889046693234324,-0.0434621416374299,0.0161090195181331));
#5828=CARTESIAN_POINT('',(0.0889046693234324,-0.0440834872424583,0.0151947280392081));
#5829=CARTESIAN_POINT('',(0.0889046693234324,-0.034786481410265,0.0238646008074283));
#5830=CARTESIAN_POINT('',(0.0889046693234324,-0.0440834872424603,0.0151947280392051));
#5831=CARTESIAN_POINT('',(0.0889046693234324,-0.0429700054228306,0.0115468213334679));
#5832=CARTESIAN_POINT('',(0.0889046693234324,-0.0418565236032009,0.00789891462773085));
#5833=CARTESIAN_POINT('',(0.0889046693234324,-0.0388153721396128,0.00789891462773085));
#5834=CARTESIAN_POINT('',(0.0889046693234324,-0.0357742206760247,0.00789891462773084));
#5835=CARTESIAN_POINT('',(0.0889046693234324,-0.0352803510431449,0.0158817577175796));
#5836=CARTESIAN_POINT('',(0.0889046693234324,-0.0352803510431449,0.0158817577175796));
#5837=CARTESIAN_POINT('',(0.0889046693234324,-0.034786481410265,0.0238646008074283));
#5838=CARTESIAN_POINT('',(0.0889046693234324,-0.0357742206760247,0.00789891462773084));
#5839=CARTESIAN_POINT('',(0.0889046693234324,-0.0388153721396128,0.00789891462773085));
#5840=CARTESIAN_POINT('',(0.0567769184708595,-0.0385149978101254,0.00789891462773085));
#5841=CARTESIAN_POINT('',(0.0549222142612763,-0.0385149978101254,0.00789891462773085));
#5842=CARTESIAN_POINT('',(0.0823957398533821,-0.0385126993060112,0.00789891462773085));
#5843=CARTESIAN_POINT('',(0.0805422654154706,-0.0385126993060112,0.00789891462773085));
#5844=CARTESIAN_POINT('',(0.0889046693234324,-0.0418565236032009,0.00789891462773085));
#5845=CARTESIAN_POINT('',(0.0889046693234324,-0.0429700054228306,0.0115468213334679));
#5846=CARTESIAN_POINT('',(0.0889046693234324,-0.0440834872424603,0.0151947280392051));
#5847=CARTESIAN_POINT('',(0.0489046693234325,-0.0440834872424583,0.0151947280392081));
#5848=CARTESIAN_POINT('',(0.0889046693234325,-0.0440834872424583,0.0151947280392081));
#5849=CARTESIAN_POINT('',(0.0489046693234325,-0.0436518590428739,0.0158298560287683));
#5850=CARTESIAN_POINT('',(0.0889046693234325,-0.0436518590428739,0.0158298560287683));
#5851=CARTESIAN_POINT('',(0.0489046693234325,-0.0428084627991294,0.0171112287024952));
#5852=CARTESIAN_POINT('',(0.0889046693234325,-0.0428084627991294,0.0171112287024952));
#5853=CARTESIAN_POINT('',(0.0489046693234325,-0.0416597706927933,0.0188711778484328));
#5854=CARTESIAN_POINT('',(0.0889046693234325,-0.0416597706927933,0.0188711778484328));
#5855=CARTESIAN_POINT('',(0.0489046693234325,-0.0407530716553129,0.0201908087239456));
#5856=CARTESIAN_POINT('',(0.0889046693234325,-0.0407530716553129,0.0201908087239456));
#5857=CARTESIAN_POINT('',(0.0489046693234325,-0.0398205274424245,0.0212648340316157));
#5858=CARTESIAN_POINT('',(0.0889046693234325,-0.0398205274424245,0.0212648340316157));
#5859=CARTESIAN_POINT('',(0.0489046693234325,-0.038403934904479,0.022513588307242));
#5860=CARTESIAN_POINT('',(0.0889046693234325,-0.038403934904479,0.022513588307242));
#5861=CARTESIAN_POINT('',(0.0489046693234325,-0.0368139336543456,0.0235251259677157));
#5862=CARTESIAN_POINT('',(0.0889046693234325,-0.0368139336543456,0.0235251259677157));
#5863=CARTESIAN_POINT('',(0.0489046693234325,-0.0355967629668309,0.0238228716416171));
#5864=CARTESIAN_POINT('',(0.0889046693234325,-0.0355967629668309,0.0238228716416171));
#5865=CARTESIAN_POINT('',(0.0489046693234325,-0.0350063697502924,0.023877318008119));
#5866=CARTESIAN_POINT('',(0.0889046693234325,-0.0350063697502924,0.023877318008119));
#5867=CARTESIAN_POINT('',(0.0489046693234325,-0.0348620928266128,0.0238689869158802));
#5868=CARTESIAN_POINT('',(0.0889046693234325,-0.0348620928266128,0.0238689869158802));
#5869=CARTESIAN_POINT('',(0.0489046693234325,-0.0347864814340209,0.0238646008088063));
#5870=CARTESIAN_POINT('',(0.0889046693234325,-0.0347864814340209,0.0238646008088063));
#5871=CARTESIAN_POINT('',(0.0593189727223141,-0.0375631659324492,0.0230605201967323));
#5872=CARTESIAN_POINT('',(0.0594438827787359,-0.0385294033475007,0.0223783342421774));
#5873=CARTESIAN_POINT('',(0.0592447499831385,-0.0394092075383004,0.021629600418004));
#5874=CARTESIAN_POINT('',(0.0587676833386588,-0.0401649851588805,0.0208755616814791));
#5875=CARTESIAN_POINT('',(0.0580384180241333,-0.0407499260552096,0.0201609924596036));
#5876=CARTESIAN_POINT('',(0.056941139142584,-0.0410806762754685,0.0196997601314756));
#5877=CARTESIAN_POINT('',(0.0557528129693727,-0.0408692228119142,0.019998041627687));
#5878=CARTESIAN_POINT('',(0.054950087989477,-0.0403321096617583,0.0206862421473392));
#5879=CARTESIAN_POINT('',(0.054406785925015,-0.0396191961239805,0.0214324748441151));
#5880=CARTESIAN_POINT('',(0.0541337147535829,-0.038766390252355,0.0221884897754576));
#5881=CARTESIAN_POINT('',(0.0541657948940517,-0.0378247881416989,0.0228907098791435));
#5882=CARTESIAN_POINT('',(0.054588856785271,-0.0368555977713208,0.0234412560879376));
#5883=CARTESIAN_POINT('',(0.0554676001468027,-0.0360750864507219,0.0236999819138338));
#5884=CARTESIAN_POINT('',(0.0566169104373868,-0.0357477290864942,0.0237698030782809));
#5885=CARTESIAN_POINT('',(0.0577948621404762,-0.0359378355321215,0.0237311931817084));
#5886=CARTESIAN_POINT('',(0.0587716197579483,-0.0366150320949037,0.0235384404040024));
#5887=CARTESIAN_POINT('',(0.0593189727223141,-0.0375631659324492,0.0230605201967323));
#5888=CARTESIAN_POINT('',(0.0594438827787359,-0.0385294033475007,0.0223783342421774));
#5889=CARTESIAN_POINT('',(0.0592447499831385,-0.0394092075383004,0.021629600418004));
#5890=CARTESIAN_POINT('',(0.0593898756367327,-0.0385149978101254,0.0223672429305743));
#5891=CARTESIAN_POINT('',(0.0849366622133878,-0.0375612393393335,0.0230616923276574));
#5892=CARTESIAN_POINT('',(0.0850615479273336,-0.0385271018021417,0.0223801074503357));
#5893=CARTESIAN_POINT('',(0.0848625091459964,-0.0394065492881668,0.0216320129382939));
#5894=CARTESIAN_POINT('',(0.0843856076471878,-0.0401620998127705,0.0208786766234905));
#5895=CARTESIAN_POINT('',(0.083656444778243,-0.0407468864707099,0.0201649624662384));
#5896=CARTESIAN_POINT('',(0.082559645185785,-0.0410773344921008,0.0197044301338277));
#5897=CARTESIAN_POINT('',(0.0813720508338228,-0.0408659645951994,0.0200024267909141));
#5898=CARTESIAN_POINT('',(0.0805695703944998,-0.0403290005421972,0.0206897964600982));
#5899=CARTESIAN_POINT('',(0.0800264825810465,-0.0396161908568918,0.021435312587503));
#5900=CARTESIAN_POINT('',(0.079753634750801,-0.0387636689533804,0.0221906916783721));
#5901=CARTESIAN_POINT('',(0.079785836935973,-0.0378224283899112,0.0228922629570834));
#5902=CARTESIAN_POINT('',(0.0802089218293111,-0.0368536776688758,0.0234420952621597));
#5903=CARTESIAN_POINT('',(0.0810873493682244,-0.036073729414497,0.0237003321723944));
#5904=CARTESIAN_POINT('',(0.0822360374671771,-0.0357466941713638,0.0237700300450893));
#5905=CARTESIAN_POINT('',(0.0834132772724055,-0.0359367512588363,0.0237314589614518));
#5906=CARTESIAN_POINT('',(0.0843894976394529,-0.0366135489072695,0.0235389871573716));
#5907=CARTESIAN_POINT('',(0.0849366622133878,-0.0375612393393335,0.0230616923276574));
#5908=CARTESIAN_POINT('',(0.0850615479273336,-0.0385271018021417,0.0223801074503357));
#5909=CARTESIAN_POINT('',(0.0848625091459964,-0.0394065492881668,0.0216320129382939));
#5910=CARTESIAN_POINT('',(0.0850075605114531,-0.0385126993060112,0.0223690225112156));
#5911=CARTESIAN_POINT('',(0.0823957398533821,-0.0385126993060112,0.00789891462773085));
#5912=CARTESIAN_POINT('',(0.0567769184708595,-0.0385149978101254,0.00789891462773085));
#5913=CARTESIAN_POINT('',(0.,0.,0.));
#5914=CARTESIAN_POINT('',(0.0842316604048969,0.0534364506602287,0.0162663608789444));
#5915=CARTESIAN_POINT('',(0.0842316604048969,0.0534364506602287,0.0180531227961182));
#5916=CARTESIAN_POINT('',(0.0842316604048969,0.050917137414217,0.0171537939459085));
#5917=CARTESIAN_POINT('',(0.0842316604048969,0.0559557639062405,0.0189524516463279));
#5918=CARTESIAN_POINT('',(0.0842316604048969,0.0556065235286951,0.0162663608789444));
#5919=CARTESIAN_POINT('',(0.0842316604048969,0.0552572831511498,0.0135802701115608));
#5920=CARTESIAN_POINT('',(0.0842316604048969,0.0535544864833355,0.0135802701115608));
#5921=CARTESIAN_POINT('',(0.0842316604048969,0.0518516898155212,0.0135802701115608));
#5922=CARTESIAN_POINT('',(0.0842316604048969,0.0513844136148692,0.0153670320287347));
#5923=CARTESIAN_POINT('',(0.0932316604048969,0.0534364506602287,0.0180531227961182));
#5924=CARTESIAN_POINT('',(0.0932316604048969,0.050917137414217,0.0171537939459085));
#5925=CARTESIAN_POINT('',(0.0932316604048969,0.050917137414217,0.0171537939459085));
#5926=CARTESIAN_POINT('',(0.0932316604048969,0.0534364506602287,0.0180531227961182));
#5927=CARTESIAN_POINT('',(0.0932316604048969,0.0559557639062405,0.0189524516463279));
#5928=CARTESIAN_POINT('',(0.0932316604048969,0.0559557639062405,0.0189524516463279));
#5929=CARTESIAN_POINT('',(0.0932316604048969,0.0513844136148692,0.0153670320287347));
#5930=CARTESIAN_POINT('',(0.0932316604048969,0.0518516898155212,0.0135802701115608));
#5931=CARTESIAN_POINT('',(0.0932316604048969,0.0518516898155212,0.0135802701115608));
#5932=CARTESIAN_POINT('',(0.0932316604048969,0.0513844136148692,0.0153670320287347));
#5933=CARTESIAN_POINT('',(0.0932316604048969,0.0535544864833355,0.0135802701115608));
#5934=CARTESIAN_POINT('',(0.0932316604048969,0.0552572831511498,0.0135802701115608));
#5935=CARTESIAN_POINT('',(0.0932316604048969,0.0552572831511498,0.0135802701115608));
#5936=CARTESIAN_POINT('',(0.0932316604048969,0.0535544864833355,0.0135802701115608));
#5937=CARTESIAN_POINT('',(0.0932316604048969,0.0556065235286951,0.0162663608789444));
#5938=CARTESIAN_POINT('',(0.0932316604048969,0.0556065235286951,0.0162663608789444));
#5939=CARTESIAN_POINT('',(0.0932316604048969,0.0534364506602287,0.0162663608789444));
#5940=CARTESIAN_POINT('',(0.,0.,0.));
#5941=CARTESIAN_POINT('',(0.106013971490856,-0.0121709400467862,0.00249999999999998));
#5942=CARTESIAN_POINT('',(0.106013971490856,-0.0121709400467862,0.0269412440852057));
#5943=CARTESIAN_POINT('',(0.106140957661542,-0.00969582221461187,0.00249999999999998));
#5944=CARTESIAN_POINT('',(0.106140957661542,-0.00969582221461187,0.0269412440852057));
#5945=CARTESIAN_POINT('',(0.106303456104495,-0.00572224870681492,0.00249999999999997));
#5946=CARTESIAN_POINT('',(0.106303456104495,-0.00572224870681492,0.0269412440852056));
#5947=CARTESIAN_POINT('',(0.106423646967622,0.00137956629527137,0.00249999999999996));
#5948=CARTESIAN_POINT('',(0.106423646967622,0.00137956629527137,0.0269412440852056));
#5949=CARTESIAN_POINT('',(0.106454846611119,0.00791986410661193,0.00249999999999998));
#5950=CARTESIAN_POINT('',(0.106454846611119,0.00791986410661193,0.0269412440852057));
#5951=CARTESIAN_POINT('',(0.106421350721768,0.0160581225027659,0.00249999999999998));
#5952=CARTESIAN_POINT('',(0.106421350721768,0.0160581225027659,0.0269412440852057));
#5953=CARTESIAN_POINT('',(0.106268865162534,0.0254735217474644,0.00249999999999998));
#5954=CARTESIAN_POINT('',(0.106268865162534,0.0254735217474644,0.0269412440852057));
#5955=CARTESIAN_POINT('',(0.105918034301818,0.0354814126504022,0.00249999999999996));
#5956=CARTESIAN_POINT('',(0.105918034301818,0.0354814126504022,0.0269412440852056));
#5957=CARTESIAN_POINT('',(0.105297094755311,0.0455071944647482,0.00249999999999997));
#5958=CARTESIAN_POINT('',(0.105297094755311,0.0455071944647482,0.0269412440852056));
#5959=CARTESIAN_POINT('',(0.10433174676523,0.0549399321060919,0.00249999999999998));
#5960=CARTESIAN_POINT('',(0.10433174676523,0.0549399321060919,0.0269412440852057));
#5961=CARTESIAN_POINT('',(0.102948778612542,0.0631834127655437,0.00249999999999997));
#5962=CARTESIAN_POINT('',(0.102948778612542,0.0631834127655437,0.0269412440852056));
#5963=CARTESIAN_POINT('',(0.101386433658822,0.068554670779273,0.00249999999999996));
#5964=CARTESIAN_POINT('',(0.101386433658822,0.068554670779273,0.0269412440852056));
#5965=CARTESIAN_POINT('',(0.0998542667019015,0.0716578053214156,0.00249999999999998));
#5966=CARTESIAN_POINT('',(0.0998542667019015,0.0716578053214156,0.0269412440852057));
#5967=CARTESIAN_POINT('',(0.0981216545675767,0.0738611889487543,0.00249999999999998));
#5968=CARTESIAN_POINT('',(0.0981216545675767,0.0738611889487543,0.0269412440852057));
#5969=CARTESIAN_POINT('',(0.0955952000454117,0.0752064814073913,0.00249999999999998));
#5970=CARTESIAN_POINT('',(0.0955952000454117,0.0752064814073913,0.0269412440852057));
#5971=CARTESIAN_POINT('',(0.0926442266305703,0.0754654474122214,0.00249999999999996));
#5972=CARTESIAN_POINT('',(0.0926442266305703,0.0754654474122214,0.0269412440852056));
#5973=CARTESIAN_POINT('',(0.0900514401045589,0.0755077619579982,0.00249999999999998));
#5974=CARTESIAN_POINT('',(0.0900514401045589,0.0755077619579982,0.0269412440852057));
#5975=CARTESIAN_POINT('',(0.0873227501581725,0.0755737754821511,0.00249999999999996));
#5976=CARTESIAN_POINT('',(0.0873227501581725,0.0755737754821511,0.0269412440852056));
#5977=CARTESIAN_POINT('',(0.0838655801951706,0.075447863849302,0.00249999999999998));
#5978=CARTESIAN_POINT('',(0.0838655801951706,0.075447863849302,0.0269412440852057));
#5979=CARTESIAN_POINT('',(0.0809344587230437,0.0742712585509826,0.00249999999999996));
#5980=CARTESIAN_POINT('',(0.0809344587230437,0.0742712585509826,0.0269412440852056));
#5981=CARTESIAN_POINT('',(0.0792643254999939,0.0722340287107366,0.00249999999999997));
#5982=CARTESIAN_POINT('',(0.0792643254999939,0.0722340287107366,0.0269412440852056));
#5983=CARTESIAN_POINT('',(0.0781472239328947,0.0693338610635449,0.00249999999999998));
#5984=CARTESIAN_POINT('',(0.0781472239328947,0.0693338610635449,0.0269412440852057));
#5985=CARTESIAN_POINT('',(0.0777762364312121,0.0641406213366442,0.00249999999999998));
#5986=CARTESIAN_POINT('',(0.0777762364312121,0.0641406213366442,0.0269412440852057));
#5987=CARTESIAN_POINT('',(0.0782832267787531,0.0565019742514081,0.00249999999999998));
#5988=CARTESIAN_POINT('',(0.0782832267787531,0.0565019742514081,0.0269412440852057));
#5989=CARTESIAN_POINT('',(0.0791929698031974,0.0483578990252924,0.00249999999999996));
#5990=CARTESIAN_POINT('',(0.0791929698031974,0.0483578990252924,0.0269412440852056));
#5991=CARTESIAN_POINT('',(0.079899113197786,0.0406904948668997,0.00249999999999998));
#5992=CARTESIAN_POINT('',(0.079899113197786,0.0406904948668997,0.0269412440852056));
#5993=CARTESIAN_POINT('',(0.0798468550677393,0.0354715952805843,0.00249999999999998));
#5994=CARTESIAN_POINT('',(0.0798468550677393,0.0354715952805843,0.0269412440852057));
#5995=CARTESIAN_POINT('',(0.0790980717869948,0.0325125861353727,0.00249999999999998));
#5996=CARTESIAN_POINT('',(0.0790980717869948,0.0325125861353727,0.0269412440852057));
#5997=CARTESIAN_POINT('',(0.0778623574617078,0.0304218601445153,0.00249999999999998));
#5998=CARTESIAN_POINT('',(0.0778623574617078,0.0304218601445153,0.0269412440852057));
#5999=CARTESIAN_POINT('',(0.076154591946248,0.0293744474975837,0.00249999999999998));
#6000=CARTESIAN_POINT('',(0.076154591946248,0.0293744474975837,0.0269412440852057));
#6001=CARTESIAN_POINT('',(0.0744206363162746,0.0289306478230792,0.00249999999999998));
#6002=CARTESIAN_POINT('',(0.0744206363162746,0.0289306478230792,0.0269412440852057));
#6003=CARTESIAN_POINT('',(0.0728443362511371,0.0287292549814577,0.00249999999999997));
#6004=CARTESIAN_POINT('',(0.0728443362511371,0.0287292549814577,0.0269412440852056));
#6005=CARTESIAN_POINT('',(0.0715534959531915,0.0287498723512195,0.00249999999999996));
#6006=CARTESIAN_POINT('',(0.0715534959531915,0.0287498723512195,0.0269412440852056));
#6007=CARTESIAN_POINT('',(0.0701888872393139,0.028933790142402,0.00249999999999998));
#6008=CARTESIAN_POINT('',(0.0701888872393139,0.028933790142402,0.0269412440852057));
#6009=CARTESIAN_POINT('',(0.0686686415540755,0.0291945855934848,0.00249999999999998));
#6010=CARTESIAN_POINT('',(0.0686686415540755,0.0291945855934848,0.0269412440852057));
#6011=CARTESIAN_POINT('',(0.0666300627250399,0.0297184491447174,0.00249999999999998));
#6012=CARTESIAN_POINT('',(0.0666300627250399,0.0297184491447174,0.0269412440852057));
#6013=CARTESIAN_POINT('',(0.064836525552659,0.0308729378120494,0.00249999999999998));
#6014=CARTESIAN_POINT('',(0.064836525552659,0.0308729378120494,0.0269412440852057));
#6015=CARTESIAN_POINT('',(0.0639060206189298,0.0327292236029461,0.00249999999999998));
#6016=CARTESIAN_POINT('',(0.0639060206189298,0.0327292236029461,0.0269412440852057));
#6017=CARTESIAN_POINT('',(0.0636514094107061,0.0345679959481678,0.00249999999999998));
#6018=CARTESIAN_POINT('',(0.0636514094107061,0.0345679959481678,0.0269412440852057));
#6019=CARTESIAN_POINT('',(0.0635856919997767,0.0356387947547986,0.00249999999999998));
#6020=CARTESIAN_POINT('',(0.0635856919997767,0.0356387947547986,0.0269412440852057));
#6021=CARTESIAN_POINT('',(0.0635856920027726,0.0356387947059825,0.0236850785909838));
#6022=CARTESIAN_POINT('',(0.0636128400942548,0.0351964440016867,0.0237489153291265));
#6023=CARTESIAN_POINT('',(0.0636944579867058,0.0342796819128591,0.023790986593654));
#6024=CARTESIAN_POINT('',(0.0639274960900056,0.0330077843914916,0.0234346382196938));
#6025=CARTESIAN_POINT('',(0.0643544875112177,0.0317880126275654,0.0230403324997648));
#6026=CARTESIAN_POINT('',(0.0648739885160305,0.031074462146021,0.0228189794455059));
#6027=CARTESIAN_POINT('',(0.0651944462348444,0.0307694076810544,0.0227232824935731));
#6028=CARTESIAN_POINT('',(0.0635856920027726,0.0356387947059824,0.0236850785909838));
#6029=CARTESIAN_POINT('',(0.065192798753088,0.030767832068905,0.0227227882176201));
#6030=CARTESIAN_POINT('',(0.0635856920027726,0.0356387947059824,0.0294));
#6031=CARTESIAN_POINT('',(0.0635856920027726,0.0356387947059824,0.0262028808306664));
#6032=CARTESIAN_POINT('',(0.0635856920027726,0.0356387947059825,0.0262028808306663));
#6033=CARTESIAN_POINT('',(0.0636496844608237,0.0345961022976761,0.0263092057626486));
#6034=CARTESIAN_POINT('',(0.0637684053866715,0.0335341643102162,0.0262107232207588));
#6035=CARTESIAN_POINT('',(0.0640929809423556,0.0325716362319635,0.0259087746281575));
#6036=CARTESIAN_POINT('',(0.0640935589694365,0.0325718136866232,0.0259088302963359));
#6037=CARTESIAN_POINT('',(0.0641348953952831,0.0324514494780085,0.0264084590501752));
#6038=CARTESIAN_POINT('',(0.0641204327981807,0.0324915579314604,0.0262419698707105));
#6039=CARTESIAN_POINT('',(0.0641064548687107,0.0325316756562312,0.0260754422073189));
#6040=CARTESIAN_POINT('',(0.0640929250619474,0.0325718019527979,0.0259088789615346));
#6041=CARTESIAN_POINT('',(0.0641356681015941,0.0324514647618154,0.0264083956085626));
#6042=CARTESIAN_POINT('',(0.0641349691926055,0.0324512448310464,0.0264084796545621));
#6043=CARTESIAN_POINT('',(0.0642544370005399,0.032119968319597,0.0265350689772468));
#6044=CARTESIAN_POINT('',(0.06455687598478,0.0314626741856997,0.0267173564322323));
#6045=CARTESIAN_POINT('',(0.0652928797362995,0.0306072954776023,0.0267826304216313));
#6046=CARTESIAN_POINT('',(0.0662349203440055,0.0299998514388291,0.0267363435958849));
#6047=CARTESIAN_POINT('',(0.0676132757118303,0.0294472979407148,0.0266424086921653));
#6048=CARTESIAN_POINT('',(0.06940187569018,0.0290496820995028,0.0265347666328896));
#6049=CARTESIAN_POINT('',(0.0715644782381436,0.0287086904055295,0.0264244033711389));
#6050=CARTESIAN_POINT('',(0.0738045969067332,0.028789455232132,0.0264506373972505));
#6051=CARTESIAN_POINT('',(0.0759901365168454,0.0292776968140758,0.0266090781326492));
#6052=CARTESIAN_POINT('',(0.0778955048109869,0.0305161056169585,0.0268542335526104));
#6053=CARTESIAN_POINT('',(0.0786925590819512,0.031799530718897,0.0266575453061155));
#6054=CARTESIAN_POINT('',(0.0789681105309228,0.0324515388640476,0.0264083672889052));
#6055=CARTESIAN_POINT('',(0.0789683114561994,0.0324514647618154,0.0264083956085626));
#6056=CARTESIAN_POINT('',(0.0790176406322847,0.032571827995555,0.0259087708586467));
#6057=CARTESIAN_POINT('',(0.0790015437459509,0.0325316991446896,0.0260753447072609));
#6058=CARTESIAN_POINT('',(0.0789850330580151,0.0324915796401596,0.0262418797595316));
#6059=CARTESIAN_POINT('',(0.0789680814669423,0.0324514700940682,0.0264083734745154));
#6060=CARTESIAN_POINT('',(0.0790182913701391,0.0325718136773024,0.0259088302934119));
#6061=CARTESIAN_POINT('',(0.0790177187608084,0.0325720227795549,0.0259088958860388));
#6062=CARTESIAN_POINT('',(0.0794518897417512,0.0336544834202151,0.0262484312961653));
#6063=CARTESIAN_POINT('',(0.0798345331722933,0.0361069121860712,0.0264032461125406));
#6064=CARTESIAN_POINT('',(0.0798485795463897,0.0395157684305416,0.0250986905696721));
#6065=CARTESIAN_POINT('',(0.0797222710592641,0.0420072592982752,0.0234092467616413));
#6066=CARTESIAN_POINT('',(0.0795782704511961,0.043964235670731,0.0220249816128209));
#6067=CARTESIAN_POINT('',(0.0794515765809825,0.0454447513265237,0.0210035156124537));
#6068=CARTESIAN_POINT('',(0.0793064984909623,0.046981928784327,0.0200824740826788));
#6069=CARTESIAN_POINT('',(0.0791368172584235,0.0486651984287142,0.0193857054923285));
#6070=CARTESIAN_POINT('',(0.0789456910381988,0.0504904720034423,0.0195206008382371));
#6071=CARTESIAN_POINT('',(0.0787731881518187,0.0521282996169895,0.0202121674107174));
#6072=CARTESIAN_POINT('',(0.0786046581386974,0.0537590187541262,0.0209173723361831));
#6073=CARTESIAN_POINT('',(0.0784370009624738,0.0554571058839615,0.0214331945962522));
#6074=CARTESIAN_POINT('',(0.078279688894686,0.0571854186831627,0.0217090476315253));
#6075=CARTESIAN_POINT('',(0.0780923853876747,0.0595396492084406,0.0218613282207948));
#6076=CARTESIAN_POINT('',(0.0779608482584347,0.0618795766198293,0.02170983867725));
#6077=CARTESIAN_POINT('',(0.0779246069263309,0.0641842891252768,0.0211857129724882));
#6078=CARTESIAN_POINT('',(0.0779579896445457,0.0658447985948643,0.020543311411853));
#6079=CARTESIAN_POINT('',(0.0780593413154115,0.0673382389895982,0.0195477835914314));
#6080=CARTESIAN_POINT('',(0.0781874039514109,0.0683873307535212,0.0180870536947777));
#6081=CARTESIAN_POINT('',(0.0783023699394571,0.0690809614443292,0.0164701248970126));
#6082=CARTESIAN_POINT('',(0.0784096906611943,0.0696127474055917,0.0150897151847286));
#6083=CARTESIAN_POINT('',(0.0785432020564677,0.0701523351327077,0.0140613758268479));
#6084=CARTESIAN_POINT('',(0.0787508520010069,0.0708721478585018,0.0131086288222908));
#6085=CARTESIAN_POINT('',(0.0792540544557061,0.0721377064546585,0.0123829857212299));
#6086=CARTESIAN_POINT('',(0.0803287665766105,0.0735773735768448,0.0120462839801491));
#6087=CARTESIAN_POINT('',(0.0818218303388106,0.0746084886408204,0.0118816850469889));
#6088=CARTESIAN_POINT('',(0.0835335478245811,0.0751926980550443,0.0118069250338134));
#6089=CARTESIAN_POINT('',(0.085890118389691,0.0755615210002998,0.011761454471395));
#6090=CARTESIAN_POINT('',(0.088293907573829,0.0755471751071931,0.0117635210813505));
#6091=CARTESIAN_POINT('',(0.0906834861118036,0.0754982839700247,0.0117693705928942));
#6092=CARTESIAN_POINT('',(0.0924766642559312,0.075457988708474,0.0117742640767044));
#6093=CARTESIAN_POINT('',(0.0942629683504906,0.0753098287231017,0.0117923516960601));
#6094=CARTESIAN_POINT('',(0.0960211284560264,0.0748980738314015,0.0118441116050953));
#6095=CARTESIAN_POINT('',(0.0976366015450771,0.0740720858542186,0.0119606442597434));
#6096=CARTESIAN_POINT('',(0.0989468259539326,0.0728667211250279,0.0121949577063408));
#6097=CARTESIAN_POINT('',(0.0997833052045587,0.0716590234632477,0.0126118318471222));
#6098=CARTESIAN_POINT('',(0.100272373211789,0.0707732781400604,0.0132727398504685));
#6099=CARTESIAN_POINT('',(0.10063411901522,0.0700406105618857,0.0141743529059685));
#6100=CARTESIAN_POINT('',(0.100898762773877,0.0694336985583331,0.0155281970066261));
#6101=CARTESIAN_POINT('',(0.101157292030602,0.0687966027457801,0.0171980665567897));
#6102=CARTESIAN_POINT('',(0.101465994204848,0.0679687441830427,0.0187959471672654));
#6103=CARTESIAN_POINT('',(0.101883005066873,0.0667085778652953,0.0200469008277437));
#6104=CARTESIAN_POINT('',(0.102328657539309,0.065145917528066,0.0208508783937829));
#6105=CARTESIAN_POINT('',(0.102883330433392,0.062899166348024,0.0215524350761568));
#6106=CARTESIAN_POINT('',(0.103472872239648,0.0599805655765247,0.0218915179020144));
#6107=CARTESIAN_POINT('',(0.103949702150363,0.0570165575730417,0.0217350938435134));
#6108=CARTESIAN_POINT('',(0.104271894637211,0.0546955389842855,0.0212400951628756));
#6109=CARTESIAN_POINT('',(0.10448619618916,0.0529970627495768,0.0206034983799275));
#6110=CARTESIAN_POINT('',(0.104677028383499,0.0513434834754785,0.0198556175679259));
#6111=CARTESIAN_POINT('',(0.104830220165021,0.0498975406021154,0.0194144533629852));
#6112=CARTESIAN_POINT('',(0.104956139571241,0.0486180887239228,0.0194991592764791));
#6113=CARTESIAN_POINT('',(0.105067900397173,0.0474253452050912,0.0198733407560135));
#6114=CARTESIAN_POINT('',(0.105189596279384,0.0460350854296761,0.0206235535097427));
#6115=CARTESIAN_POINT('',(0.105315086868157,0.0444809835250724,0.0216598461157665));
#6116=CARTESIAN_POINT('',(0.10542957958176,0.0429492319490721,0.0227460410371901));
#6117=CARTESIAN_POINT('',(0.105536102756379,0.0414081192574044,0.0238153194358073));
#6118=CARTESIAN_POINT('',(0.10563716472762,0.0398245950813527,0.0248079370468414));
#6119=CARTESIAN_POINT('',(0.105735856354196,0.0381420175495972,0.025640138839949));
#6120=CARTESIAN_POINT('',(0.105865916293017,0.0357078384644968,0.0263497029137561));
#6121=CARTESIAN_POINT('',(0.105953416507407,0.0337849122757143,0.0262893837783026));
#6122=CARTESIAN_POINT('',(0.106003222413758,0.0325718136865849,0.0259088302963239));
#6123=CARTESIAN_POINT('',(0.106003222426625,0.03257181365966,0.0259088303666447));
#6124=CARTESIAN_POINT('',(0.10600814606917,0.0324514647438836,0.0264083956819537));
#6125=CARTESIAN_POINT('',(0.106006510673808,0.032491581062121,0.0262418738559625));
#6126=CARTESIAN_POINT('',(0.106004869460127,0.0325316973675389,0.0260753520842278));
#6127=CARTESIAN_POINT('',(0.106003222414865,0.0325718136596326,0.0259088303667584));
#6128=CARTESIAN_POINT('',(0.106008146074885,0.0324514647441349,0.0264083956819537));
#6129=CARTESIAN_POINT('',(0.106008146064357,0.0324514647167432,0.0264083956257808));
#6130=CARTESIAN_POINT('',(0.106026200777272,0.0320085818354329,0.0265776522158215));
#6131=CARTESIAN_POINT('',(0.106062247282817,0.0310892182711328,0.0268091680639494));
#6132=CARTESIAN_POINT('',(0.106113287467082,0.0296683473735182,0.0267407777071258));
#6133=CARTESIAN_POINT('',(0.106157818776933,0.0283116975668147,0.0263102831263522));
#6134=CARTESIAN_POINT('',(0.106196407752553,0.0270302885956425,0.0257171316934321));
#6135=CARTESIAN_POINT('',(0.1062324213595,0.0257236350848512,0.0251836502924088));
#6136=CARTESIAN_POINT('',(0.106266414932516,0.0243641418774749,0.024830504909417));
#6137=CARTESIAN_POINT('',(0.106298305383822,0.0229391853410724,0.024781808395751));
#6138=CARTESIAN_POINT('',(0.106334542103952,0.0211138993805461,0.0251760341194383));
#6139=CARTESIAN_POINT('',(0.106363572039993,0.0193469250228248,0.0259216571695308));
#6140=CARTESIAN_POINT('',(0.106387720567316,0.0175330559642453,0.0264204697778622));
#6141=CARTESIAN_POINT('',(0.106404003527895,0.0160778067066366,0.0265160831574864));
#6142=CARTESIAN_POINT('',(0.106417047462884,0.014646969572688,0.0263504017962005));
#6143=CARTESIAN_POINT('',(0.106430568617952,0.0127812895088173,0.0259465663047294));
#6144=CARTESIAN_POINT('',(0.106441527272949,0.0104671834339081,0.0252964343602999));
#6145=CARTESIAN_POINT('',(0.106445849604591,0.0076583360233632,0.0248668461221805));
#6146=CARTESIAN_POINT('',(0.106440438251301,0.00528336613206892,0.0249330349489483));
#6147=CARTESIAN_POINT('',(0.106429713863673,0.0033778005189859,0.0251206531761506));
#6148=CARTESIAN_POINT('',(0.106418187898169,0.00195834276548663,0.0253113682569322));
#6149=CARTESIAN_POINT('',(0.106402801062773,0.000543445759423624,0.0255415668209184));
#6150=CARTESIAN_POINT('',(0.10638304729455,-0.000873920059200052,0.0257506456089457));
#6151=CARTESIAN_POINT('',(0.106358426929311,-0.00228858644182874,0.0259852230639163));
#6152=CARTESIAN_POINT('',(0.106329676318014,-0.00365644344096074,0.0264807916722257));
#6153=CARTESIAN_POINT('',(0.10629300305105,-0.00511858860265448,0.0265063909509705));
#6154=CARTESIAN_POINT('',(0.106249792132769,-0.00656830578984139,0.0261401604096886));
#6155=CARTESIAN_POINT('',(0.106201898267773,-0.00795424905272622,0.0256531342491913));
#6156=CARTESIAN_POINT('',(0.106129042851974,-0.00980377223440387,0.0249773171613168));
#6157=CARTESIAN_POINT('',(0.106063936436146,-0.0111970490900046,0.024499558363765));
#6158=CARTESIAN_POINT('',(0.106013982526699,-0.0121707249431852,0.0243279039343286));
#6159=CARTESIAN_POINT('',(0.106013971490679,-0.0121709400502219,0.024329127288406));
#6160=CARTESIAN_POINT('',(0.106013971490679,-0.0121709400502219,0.024329127288406));
#6161=CARTESIAN_POINT('',(0.106013971490679,-0.0121709400502219,0.0218002431852866));
#6162=CARTESIAN_POINT('',(0.106086879019041,0.0303985878771617,0.024255511341041));
#6163=CARTESIAN_POINT('',(0.106103441458762,0.0299384559754239,0.0242189651305913));
#6164=CARTESIAN_POINT('',(0.106133126795851,0.0290758394737278,0.0239201767320799));
#6165=CARTESIAN_POINT('',(0.106186158933637,0.0274044974312774,0.0231347670347862));
#6166=CARTESIAN_POINT('',(0.106246157491762,0.0252630981423505,0.0223616428735298));
#6167=CARTESIAN_POINT('',(0.10631092103299,0.0224083340108597,0.0222259139910596));
#6168=CARTESIAN_POINT('',(0.10634949738441,0.0202351799147896,0.0228860285723305));
#6169=CARTESIAN_POINT('',(0.106374882896661,0.0185156618697022,0.023524318262896));
#6170=CARTESIAN_POINT('',(0.106391480370486,0.0172153736308273,0.0239418717534103));
#6171=CARTESIAN_POINT('',(0.106406293911514,0.0158423456653051,0.024021454158263));
#6172=CARTESIAN_POINT('',(0.106422248184727,0.0140404028292524,0.0236812911845137));
#6173=CARTESIAN_POINT('',(0.106435954480574,0.0118351142356835,0.023080281979651));
#6174=CARTESIAN_POINT('',(0.106444631553099,0.00916442497616,0.022515822472704));
#6175=CARTESIAN_POINT('',(0.106444358264016,0.00646237468234287,0.0223681235329493));
#6176=CARTESIAN_POINT('',(0.106435363012363,0.0041877212193824,0.0225138854437158));
#6177=CARTESIAN_POINT('',(0.106421785875589,0.00235997480011245,0.0227303828535187));
#6178=CARTESIAN_POINT('',(0.106408132891826,0.000997473131591455,0.0229309873432412));
#6179=CARTESIAN_POINT('',(0.106390684415769,-0.000360044764277023,0.0231569085495481));
#6180=CARTESIAN_POINT('',(0.106368736423245,-0.00172824626349066,0.0233399417339533));
#6181=CARTESIAN_POINT('',(0.106342624949655,-0.0030673120379876,0.023618598726677));
#6182=CARTESIAN_POINT('',(0.106311372733956,-0.00441256589111275,0.0241150764838543));
#6183=CARTESIAN_POINT('',(0.106275246749678,-0.00573473700704272,0.0237711338061409));
#6184=CARTESIAN_POINT('',(0.106221757092017,-0.00743148208269012,0.0231958558494691));
#6185=CARTESIAN_POINT('',(0.106141668084455,-0.00953831338808793,0.0223964457694358));
#6186=CARTESIAN_POINT('',(0.106060252680926,-0.011268861398387,0.0219185479168335));
#6187=CARTESIAN_POINT('',(0.106013972366505,-0.012170922979305,0.0218001128379061));
#6188=CARTESIAN_POINT('',(0.106086879019221,0.0303985879118243,0.0242555114079632));
#6189=CARTESIAN_POINT('',(0.106086879019223,0.0303985879117715,0.0242555114079632));
#6190=CARTESIAN_POINT('',(0.10608244870337,0.0305216693957661,0.0237446032698039));
#6191=CARTESIAN_POINT('',(0.106077967413291,0.0306447507780038,0.0232336955542542));
#6192=CARTESIAN_POINT('',(0.106073434506723,0.0307678320570998,0.0227227882666233));
#6193=CARTESIAN_POINT('',(0.106073434516806,0.0307678317833003,0.0227227882005662));
#6194=CARTESIAN_POINT('',(0.102357573609789,0.0649971452183462,0.0180750636431803));
#6195=CARTESIAN_POINT('',(0.102526685464894,0.0643524025030693,0.0184754936859438));
#6196=CARTESIAN_POINT('',(0.102871859673761,0.0629217548290893,0.018968313824761));
#6197=CARTESIAN_POINT('',(0.103326197862432,0.0606968787237825,0.0193021823040186));
#6198=CARTESIAN_POINT('',(0.103726136721754,0.0584248015172244,0.0193221220613894));
#6199=CARTESIAN_POINT('',(0.104071320609102,0.0561694957769544,0.0190718600955397));
#6200=CARTESIAN_POINT('',(0.104361175931053,0.0540199955064646,0.0183463652552421));
#6201=CARTESIAN_POINT('',(0.104612107738168,0.0519390629424572,0.0173688875528459));
#6202=CARTESIAN_POINT('',(0.104856327229457,0.0496709080844455,0.0168290669120229));
#6203=CARTESIAN_POINT('',(0.105077244086982,0.0473480852099462,0.017161146169874));
#6204=CARTESIAN_POINT('',(0.105254232632933,0.0452626759051732,0.0181593321645138));
#6205=CARTESIAN_POINT('',(0.105403983861537,0.0433130932654052,0.0194188809215513));
#6206=CARTESIAN_POINT('',(0.105535391857995,0.0414286630922983,0.0207646029385117));
#6207=CARTESIAN_POINT('',(0.105656512037077,0.0395153384191289,0.0220750852937636));
#6208=CARTESIAN_POINT('',(0.105752025109092,0.0378469726577681,0.0230460726430536));
#6209=CARTESIAN_POINT('',(0.105828903220645,0.0363835716578432,0.0235664569358836));
#6210=CARTESIAN_POINT('',(0.10588507829407,0.0352464483998015,0.0237650706203109));
#6211=CARTESIAN_POINT('',(0.105939119004428,0.0340785225037413,0.023748495580545));
#6212=CARTESIAN_POINT('',(0.105986937105668,0.0329755401413656,0.0234188124664854));
#6213=CARTESIAN_POINT('',(0.106031863007264,0.0318716450644087,0.0230680469240648));
#6214=CARTESIAN_POINT('',(0.10605988309561,0.0311357913375432,0.0228382183913669));
#6215=CARTESIAN_POINT('',(0.106073434516046,0.0307678318039571,0.0227227881345051));
#6216=CARTESIAN_POINT('',(0.102357230269876,0.0649979157704428,0.0180764493574947));
#6217=CARTESIAN_POINT('',(0.102357385314324,0.0649978630653692,0.0180764493574947));
#6218=CARTESIAN_POINT('',(0.102357230269876,0.0649979157704428,0.0025));
#6219=CARTESIAN_POINT('',(0.102196944459428,0.0655937988971817,0.0025));
#6220=CARTESIAN_POINT('',(0.102250919585634,0.0653985026057938,0.0025));
#6221=CARTESIAN_POINT('',(0.102304392231783,0.0651998864497841,0.0025));
#6222=CARTESIAN_POINT('',(0.102357362397873,0.0649979504291527,0.0025));
#6223=CARTESIAN_POINT('',(0.102196810337928,0.0655937618292742,0.0025));
#6224=CARTESIAN_POINT('',(0.10219685003171,0.0655941405564136,0.017605893865272));
#6225=CARTESIAN_POINT('',(0.102196810337928,0.0655937618292743,0.017605893865272));
#6226=CARTESIAN_POINT('',(0.0779070003288788,0.0307680431663995,0.0227228544399254));
#6227=CARTESIAN_POINT('',(0.0781838451640622,0.0310719136662639,0.0228181797254842));
#6228=CARTESIAN_POINT('',(0.0786545024119921,0.0317262343421604,0.0230239107325055));
#6229=CARTESIAN_POINT('',(0.0791504430555134,0.0328366209710921,0.0233700480694321));
#6230=CARTESIAN_POINT('',(0.0794697675021553,0.0339964566035528,0.0237421516506302));
#6231=CARTESIAN_POINT('',(0.0796747447432677,0.0352567889232456,0.0237715600008813));
#6232=CARTESIAN_POINT('',(0.0797822705334769,0.0364959241946713,0.023541239909107));
#6233=CARTESIAN_POINT('',(0.079843300945567,0.0380615890041533,0.0229455168485387));
#6234=CARTESIAN_POINT('',(0.0798147197107535,0.0405797854927131,0.0214176704404539));
#6235=CARTESIAN_POINT('',(0.0796427395147595,0.0432569604034264,0.0193970415922724));
#6236=CARTESIAN_POINT('',(0.0793916939557893,0.0461209067797714,0.0176739279662071));
#6237=CARTESIAN_POINT('',(0.0791532868948298,0.048516764941065,0.016849563047498));
#6238=CARTESIAN_POINT('',(0.0788865890872115,0.0510493876544858,0.017039664142157));
#6239=CARTESIAN_POINT('',(0.0786413860970864,0.053388473194082,0.0180427489349821));
#6240=CARTESIAN_POINT('',(0.0784072621639105,0.0557470211282555,0.0190021894215522));
#6241=CARTESIAN_POINT('',(0.0781889457944604,0.058234358873873,0.0193225868221381));
#6242=CARTESIAN_POINT('',(0.0780132700366873,0.0608240984176836,0.0193073363890746));
#6243=CARTESIAN_POINT('',(0.0779355343198284,0.0629755846291683,0.0189513739922613));
#6244=CARTESIAN_POINT('',(0.0779319714958758,0.06461746852133,0.0183435677615554));
#6245=CARTESIAN_POINT('',(0.0779622661628514,0.0657361384954308,0.0176154107691442));
#6246=CARTESIAN_POINT('',(0.0779963806649435,0.0663774967664156,0.0164515022570372));
#6247=CARTESIAN_POINT('',(0.0780293626388848,0.0668671794169583,0.0152502064736512));
#6248=CARTESIAN_POINT('',(0.0780701869166518,0.0673538600063776,0.0140389581698622));
#6249=CARTESIAN_POINT('',(0.0781512463197293,0.0681211129658816,0.012489914626847));
#6250=CARTESIAN_POINT('',(0.0783511080743487,0.0695732329630114,0.0108088675502801));
#6251=CARTESIAN_POINT('',(0.0790605880516729,0.0719605057618654,0.00979244322926345));
#6252=CARTESIAN_POINT('',(0.0807040731303399,0.0740518716052696,0.00942789124831802));
#6253=CARTESIAN_POINT('',(0.0831254431504921,0.0751591434237009,0.00929155442461181));
#6254=CARTESIAN_POINT('',(0.0857231386575533,0.0755338366621081,0.00924734750855995));
#6255=CARTESIAN_POINT('',(0.0883051423970706,0.0755543751929562,0.00924499754799763));
#6256=CARTESIAN_POINT('',(0.0908913194046099,0.0754931914778456,0.00925215683224058));
#6257=CARTESIAN_POINT('',(0.0934829998060818,0.0754314104390212,0.00925942173858946));
#6258=CARTESIAN_POINT('',(0.0960530738701509,0.0749729499942324,0.00931371426841751));
#6259=CARTESIAN_POINT('',(0.0983262440983036,0.0736372935087785,0.00948537814896429));
#6260=CARTESIAN_POINT('',(0.0996558248367557,0.0719122478404537,0.00984299059608691));
#6261=CARTESIAN_POINT('',(0.100424902177983,0.0704941530571956,0.0104342718735726));
#6262=CARTESIAN_POINT('',(0.10105054194643,0.0691119570862447,0.0113059562482358));
#6263=CARTESIAN_POINT('',(0.101536154747959,0.0677690493020348,0.0129606802331262));
#6264=CARTESIAN_POINT('',(0.101788418260835,0.0669862154847142,0.0149723636417894));
#6265=CARTESIAN_POINT('',(0.101988127022255,0.0663287043577217,0.0165560020622293));
#6266=CARTESIAN_POINT('',(0.102111921788642,0.0659013787545268,0.0172924153099326));
#6267=CARTESIAN_POINT('',(0.102196395776714,0.0655957839994799,0.017607963227089));
#6268=CARTESIAN_POINT('',(0.077907254837515,0.030767832068905,0.0227227882176201));
#6269=CARTESIAN_POINT('',(0.0779068274572838,0.0307678534281846,0.0227226995525026));
#6270=CARTESIAN_POINT('',(0.0777941337948359,0.0306441705092701,0.0232361042318573));
#6271=CARTESIAN_POINT('',(0.0776714437159769,0.0305210391414247,0.0237472194399104));
#6272=CARTESIAN_POINT('',(0.0775354485779264,0.0303986418779143,0.0242552873960841));
#6273=CARTESIAN_POINT('',(0.0775363337986583,0.0303985879269939,0.0242555113449949));
#6274=CARTESIAN_POINT('',(0.0656426376015623,0.0304001215962035,0.0242556331573943));
#6275=CARTESIAN_POINT('',(0.0660745429074516,0.0300916814889283,0.0242311351565364));
#6276=CARTESIAN_POINT('',(0.0670148785250959,0.0296510233804558,0.0241061603424557));
#6277=CARTESIAN_POINT('',(0.0685311519006166,0.0292276153908025,0.0239561519970335));
#6278=CARTESIAN_POINT('',(0.0700569525826869,0.0289493401203423,0.0238434256452415));
#6279=CARTESIAN_POINT('',(0.0715939890871873,0.0287395937265907,0.0237544552412228));
#6280=CARTESIAN_POINT('',(0.0731790393054093,0.0287564850176175,0.0237614267292415));
#6281=CARTESIAN_POINT('',(0.0747471475831801,0.0289789837999316,0.0238567942241459));
#6282=CARTESIAN_POINT('',(0.0762572258169402,0.0294664787974459,0.0240484163693993));
#6283=CARTESIAN_POINT('',(0.0771396884709919,0.0300423685562469,0.0242272184536219));
#6284=CARTESIAN_POINT('',(0.0775359092634017,0.0303990565495189,0.0242555485655597));
#6285=CARTESIAN_POINT('',(0.0656415354403983,0.0303985879269938,0.0242555113449949));
#6286=CARTESIAN_POINT('',(0.0656444701821604,0.0303988135881141,0.0242545746313773));
#6287=CARTESIAN_POINT('',(0.0654739203130815,0.0305204780611283,0.0237495484700861));
#6288=CARTESIAN_POINT('',(0.0653266433428677,0.0306436935191888,0.0232380842089498));
#6289=CARTESIAN_POINT('',(0.065195913427789,0.0307680117292213,0.0227220424521751));
#6290=CARTESIAN_POINT('',(0.0653083143227512,0.0527266685136097,0.0269236687493668));
#6291=CARTESIAN_POINT('',(0.0653083143227512,0.0527266685136097,0.0025));
#6292=CARTESIAN_POINT('',(0.065213529608413,0.0555461504849828,0.0269236687493668));
#6293=CARTESIAN_POINT('',(0.065213529608413,0.0555461504849828,0.0025));
#6294=CARTESIAN_POINT('',(0.0648481288663731,0.0609633472256762,0.0269236687493667));
#6295=CARTESIAN_POINT('',(0.0648481288663731,0.0609633472256762,0.00249999999999998));
#6296=CARTESIAN_POINT('',(0.0635184951177966,0.0677655178221539,0.0269236687493668));
#6297=CARTESIAN_POINT('',(0.0635184951177966,0.0677655178221539,0.00250000000000001));
#6298=CARTESIAN_POINT('',(0.0611246365412109,0.072528021882862,0.0269236687493668));
#6299=CARTESIAN_POINT('',(0.0611246365412109,0.072528021882862,0.0025));
#6300=CARTESIAN_POINT('',(0.0574854562552063,0.0747395723602012,0.0269236687493667));
#6301=CARTESIAN_POINT('',(0.0574854562552063,0.0747395723602012,0.00249999999999997));
#6302=CARTESIAN_POINT('',(0.053898712696102,0.0753601302311398,0.0269236687493667));
#6303=CARTESIAN_POINT('',(0.053898712696102,0.0753601302311398,0.00249999999999998));
#6304=CARTESIAN_POINT('',(0.0509456398703826,0.0755653013849861,0.0269236687493668));
#6305=CARTESIAN_POINT('',(0.0509456398703826,0.0755653013849861,0.0025));
#6306=CARTESIAN_POINT('',(0.0487568595587702,0.0757020294190851,0.0269236687493668));
#6307=CARTESIAN_POINT('',(0.0487568595587702,0.0757020294190851,0.0025));
#6308=CARTESIAN_POINT('',(0.0466343906047743,0.0757990081278985,0.0269236687493668));
#6309=CARTESIAN_POINT('',(0.0466343906047743,0.0757990081278985,0.00250000000000002));
#6310=CARTESIAN_POINT('',(0.0445846737145951,0.0756373393489961,0.0269236687493668));
#6311=CARTESIAN_POINT('',(0.0445846737145951,0.0756373393489961,0.00250000000000001));
#6312=CARTESIAN_POINT('',(0.0426215316214229,0.0750421639925011,0.0269236687493668));
#6313=CARTESIAN_POINT('',(0.0426215316214229,0.0750421639925011,0.00250000000000001));
#6314=CARTESIAN_POINT('',(0.0407601182591497,0.073846341311682,0.0269236687493668));
#6315=CARTESIAN_POINT('',(0.0407601182591497,0.073846341311682,0.00249999999999999));
#6316=CARTESIAN_POINT('',(0.0390142155733161,0.0718675704385741,0.0269236687493668));
#6317=CARTESIAN_POINT('',(0.0390142155733161,0.0718675704385741,0.00250000000000002));
#6318=CARTESIAN_POINT('',(0.0373975713906714,0.0689390820499009,0.0269236687493668));
#6319=CARTESIAN_POINT('',(0.0373975713906714,0.0689390820499009,0.00249999999999999));
#6320=CARTESIAN_POINT('',(0.0359135539221947,0.065144157406606,0.0269236687493668));
#6321=CARTESIAN_POINT('',(0.0359135539221947,0.065144157406606,0.00250000000000002));
#6322=CARTESIAN_POINT('',(0.0341138636948514,0.0590961680727398,0.0269236687493668));
#6323=CARTESIAN_POINT('',(0.0341138636948514,0.0590961680727398,0.0025));
#6324=CARTESIAN_POINT('',(0.0322062488368131,0.0499418921643761,0.0269236687493668));
#6325=CARTESIAN_POINT('',(0.0322062488368131,0.0499418921643761,0.00250000000000001));
#6326=CARTESIAN_POINT('',(0.0299074576093816,0.0330766695191414,0.0269236687493668));
#6327=CARTESIAN_POINT('',(0.0299074576093816,0.0330766695191414,0.00249999999999999));
#6328=CARTESIAN_POINT('',(0.0284922582442948,0.0100283736981726,0.0269236687493668));
#6329=CARTESIAN_POINT('',(0.0284922582442948,0.0100283736981726,0.0025));
#6330=CARTESIAN_POINT('',(0.0290124718853239,-0.00581663513593631,0.0269236687493668));
#6331=CARTESIAN_POINT('',(0.0290124718853239,-0.00581663513593631,0.0025));
#6332=CARTESIAN_POINT('',(0.0297099091040091,-0.0119183508351217,0.0269236687493668));
#6333=CARTESIAN_POINT('',(0.0297099091040091,-0.0119183508351217,0.0025));
#6334=CARTESIAN_POINT('',(0.0653083143227512,0.0527266685136077,0.0294));
#6335=CARTESIAN_POINT('',(0.0653083143227512,0.0527266685136077,0.0204660954345512));
#6336=CARTESIAN_POINT('',(0.0653083143227512,0.0527266685136077,0.0177551761465792));
#6337=CARTESIAN_POINT('',(0.0653083143227513,0.0527266685136078,0.0204660954345513));
#6338=CARTESIAN_POINT('',(0.0652775787988725,0.053640932549344,0.0208505139230713));
#6339=CARTESIAN_POINT('',(0.0651967727202121,0.0554914742189159,0.021517911025366));
#6340=CARTESIAN_POINT('',(0.0649872931100151,0.0584219515022542,0.0218494608441232));
#6341=CARTESIAN_POINT('',(0.0646551939892441,0.0614285205344937,0.0217743609719224));
#6342=CARTESIAN_POINT('',(0.064246522111902,0.0638799539253159,0.0213004209723693));
#6343=CARTESIAN_POINT('',(0.0638406871523031,0.0656898417965542,0.0205978580625847));
#6344=CARTESIAN_POINT('',(0.0634935170816241,0.0669659234079668,0.0198249969696231));
#6345=CARTESIAN_POINT('',(0.0631671917202703,0.0679658038334253,0.0187423422604698));
#6346=CARTESIAN_POINT('',(0.062895893864808,0.0686886784418164,0.0174267801234619));
#6347=CARTESIAN_POINT('',(0.0626657778455858,0.0692410419295677,0.0160426096958677));
#6348=CARTESIAN_POINT('',(0.0624109375862462,0.0697970636089843,0.0146666910227033));
#6349=CARTESIAN_POINT('',(0.0620205103223239,0.0705613748487829,0.01339705996347));
#6350=CARTESIAN_POINT('',(0.0613093399448271,0.0716817793411387,0.0126104076133727));
#6351=CARTESIAN_POINT('',(0.0603277086723164,0.0727759557219955,0.0122306677031264));
#6352=CARTESIAN_POINT('',(0.0591304046152765,0.073685346648693,0.0120314864788556));
#6353=CARTESIAN_POINT('',(0.0578031155279145,0.0743649329706243,0.011919745297739));
#6354=CARTESIAN_POINT('',(0.0558948333608414,0.075006990898287,0.0118295436579062));
#6355=CARTESIAN_POINT('',(0.0534477751790763,0.0754049693864205,0.0117810935504618));
#6356=CARTESIAN_POINT('',(0.0504852980808986,0.075585639284076,0.0117590521246374));
#6357=CARTESIAN_POINT('',(0.0475226009641851,0.0757989390667747,0.0117334133538803));
#6358=CARTESIAN_POINT('',(0.0445354474050786,0.075722234531541,0.011743893909723));
#6359=CARTESIAN_POINT('',(0.0421756881523247,0.0748365835115048,0.0118453763217892));
#6360=CARTESIAN_POINT('',(0.0406165857039031,0.0736238096336233,0.0120383773887015));
#6361=CARTESIAN_POINT('',(0.039618426683605,0.0725421515733795,0.0122908035359444));
#6362=CARTESIAN_POINT('',(0.0387925240451163,0.0713800250676687,0.0127608615993141));
#6363=CARTESIAN_POINT('',(0.0381843948637934,0.0703344400283422,0.0136851369282699));
#6364=CARTESIAN_POINT('',(0.0378361245269794,0.0696635815283107,0.0149802223349495));
#6365=CARTESIAN_POINT('',(0.0375710223804955,0.0691229188630294,0.0163494848331911));
#6366=CARTESIAN_POINT('',(0.0373091688493058,0.0685584020159903,0.0177082525317297));
#6367=CARTESIAN_POINT('',(0.0369769504444689,0.0677978739916911,0.0189674656308171));
#6368=CARTESIAN_POINT('',(0.0365600033256117,0.0667644285952321,0.0199727138230159));
#6369=CARTESIAN_POINT('',(0.035948611752907,0.0651039103654465,0.0209059968334203));
#6370=CARTESIAN_POINT('',(0.0352100085206386,0.0628061210560589,0.021570395565984));
#6371=CARTESIAN_POINT('',(0.0344290756504621,0.0599616156591318,0.0218598389513917));
#6372=CARTESIAN_POINT('',(0.0337335295590416,0.0570572351104532,0.0217490297335014));
#6373=CARTESIAN_POINT('',(0.0332333631518697,0.0546972128571234,0.0212590739709021));
#6374=CARTESIAN_POINT('',(0.0328729221448735,0.0528564343185508,0.0205305836884105));
#6375=CARTESIAN_POINT('',(0.032621369676169,0.0515043397625938,0.0199353188230706));
#6376=CARTESIAN_POINT('',(0.0323705512038957,0.0500876813200753,0.0194554226178966));
#6377=CARTESIAN_POINT('',(0.0321178029164922,0.0485809278304612,0.0194488465915446));
#6378=CARTESIAN_POINT('',(0.0318945243160616,0.0471774234979098,0.0199952593581571));
#6379=CARTESIAN_POINT('',(0.0316990966410005,0.0458911008241031,0.0207245884410435));
#6380=CARTESIAN_POINT('',(0.0315193852908484,0.0446562997571451,0.0215424907721283));
#6381=CARTESIAN_POINT('',(0.0312934868351055,0.0430376241207891,0.0226801987507197));
#6382=CARTESIAN_POINT('',(0.0310284090381376,0.0410154413986679,0.0241034498981157));
#6383=CARTESIAN_POINT('',(0.0307187049363072,0.0384471641136608,0.0255975490490043));
#6384=CARTESIAN_POINT('',(0.0303990765226792,0.0355251807233888,0.0263947408763827));
#6385=CARTESIAN_POINT('',(0.0302041989825524,0.0335306565527722,0.0262096228025954));
#6386=CARTESIAN_POINT('',(0.0301154302984891,0.0325718138196292,0.0259088303380604));
#6387=CARTESIAN_POINT('',(0.0301154307690427,0.0325718137174469,0.0259088303060054));
#6388=CARTESIAN_POINT('',(0.0301098733768899,0.0325116392195589,0.0261586129509872));
#6389=CARTESIAN_POINT('',(0.0301043155084401,0.0324514647618154,0.0264083956085626));
#6390=CARTESIAN_POINT('',(0.0301043145973115,0.0324514648303914,0.02640839558237));
#6391=CARTESIAN_POINT('',(0.0300655940609287,0.0320312545710664,0.026568987378667));
#6392=CARTESIAN_POINT('',(0.0299880844006789,0.0311698589038359,0.0267925776234189));
#6393=CARTESIAN_POINT('',(0.0298335849640295,0.0293551170983959,0.0267522308185864));
#6394=CARTESIAN_POINT('',(0.0296718398563557,0.0272848964647468,0.0258317542105982));
#6395=CARTESIAN_POINT('',(0.029525631160602,0.0252013406517454,0.0249527990657914));
#6396=CARTESIAN_POINT('',(0.0294109656087916,0.0233944976895102,0.0247639119276056));
#6397=CARTESIAN_POINT('',(0.0293050587172636,0.0215953515289291,0.025002026734882));
#6398=CARTESIAN_POINT('',(0.0291919760230554,0.0194309052362283,0.0259007406574838));
#6399=CARTESIAN_POINT('',(0.0290761780165776,0.0167890135263737,0.0266540013211929));
#6400=CARTESIAN_POINT('',(0.0289776439503224,0.0139324527207294,0.0262611010222698));
#6401=CARTESIAN_POINT('',(0.0289079222880058,0.0110780489036614,0.0254539202473011));
#6402=CARTESIAN_POINT('',(0.0288673301329029,0.00821445753008605,0.0249013436984156));
#6403=CARTESIAN_POINT('',(0.028858191235833,0.00531653813197118,0.0249053429429826));
#6404=CARTESIAN_POINT('',(0.0288796753555071,0.00288637202993037,0.0251724148972411));
#6405=CARTESIAN_POINT('',(0.0289162799731865,0.000936946277438199,0.0254731671509641));
#6406=CARTESIAN_POINT('',(0.0289540600584541,-0.000526009997245963,0.0257136040741102));
#6407=CARTESIAN_POINT('',(0.0290024633962992,-0.00198287187693596,0.025892118125296));
#6408=CARTESIAN_POINT('',(0.0290639371931402,-0.00347052102125007,0.0264343605674941));
#6409=CARTESIAN_POINT('',(0.0291365236484624,-0.00491884890630764,0.0265316567088785));
#6410=CARTESIAN_POINT('',(0.0292202117009865,-0.00633040430105729,0.0262132911930005));
#6411=CARTESIAN_POINT('',(0.0293168439534445,-0.0077274317788294,0.0257368100248846));
#6412=CARTESIAN_POINT('',(0.0294656446257322,-0.00958486662374421,0.0250550265526371));
#6413=CARTESIAN_POINT('',(0.0296025150997021,-0.0109787653527437,0.0245711552258409));
#6414=CARTESIAN_POINT('',(0.0297098845998528,-0.0119181364516442,0.0243764472088622));
#6415=CARTESIAN_POINT('',(0.0297099091022895,-0.0119183508200773,0.0243774949792716));
#6416=CARTESIAN_POINT('',(0.0297099091022895,-0.0119183508200773,0.0243774949792716));
#6417=CARTESIAN_POINT('',(0.0297099088640828,-0.0119183487360432,0.0218367491183876));
#6418=CARTESIAN_POINT('',(0.0292276585799712,-0.00640999729450254,0.023541043677167));
#6419=CARTESIAN_POINT('',(0.0293459927419631,-0.00823652292597123,0.0229299432207463));
#6420=CARTESIAN_POINT('',(0.0294912350412903,-0.0100052220143331,0.0221395589049528));
#6421=CARTESIAN_POINT('',(0.0297099088648765,-0.0119183487430061,0.0218367491172855));
#6422=CARTESIAN_POINT('',(0.0292276585754562,-0.00640999728778242,0.0235410436795128));
#6423=CARTESIAN_POINT('',(0.0292276585689797,-0.00640999732777562,0.02995));
#6424=CARTESIAN_POINT('',(0.0292276585689797,-0.00640999732777562,0.0025));
#6425=CARTESIAN_POINT('',(0.0651245253076923,0.0336284604618228,0.0025));
#6426=CARTESIAN_POINT('',(0.0655267953759575,0.0476186952543305,0.0025));
#6427=CARTESIAN_POINT('',(0.0665051308317357,0.0749676992581542,0.0025));
#6428=CARTESIAN_POINT('',(0.0498205195668832,0.0754744117372181,0.0025));
#6429=CARTESIAN_POINT('',(0.0318203962363374,0.0773902124008179,0.0025));
#6430=CARTESIAN_POINT('',(0.0270264922342917,0.00984000264890853,0.0025));
#6431=CARTESIAN_POINT('',(0.0297972618025919,-0.012654410675168,0.0025));
#6432=CARTESIAN_POINT('',(0.0288866785817542,0.00265135682530576,0.0025));
#6433=CARTESIAN_POINT('',(0.0288866785817542,0.00265135682530576,0.02995));
#6434=CARTESIAN_POINT('',(0.0288866785452749,0.00265135682395494,0.022699160448901));
#6435=CARTESIAN_POINT('',(0.028882226244328,0.00913683831665176,0.022581137387135));
#6436=CARTESIAN_POINT('',(0.0288560725764747,0.00698528450751138,0.0222966924437582));
#6437=CARTESIAN_POINT('',(0.0288558489738651,0.0048030352314425,0.0224261525215769));
#6438=CARTESIAN_POINT('',(0.0288866785088112,0.00265135682152754,0.0226991604425107));
#6439=CARTESIAN_POINT('',(0.0288822262225712,0.0091368382995997,0.0225811373871348));
#6440=CARTESIAN_POINT('',(0.0288822263913294,0.00913683906361301,0.02995));
#6441=CARTESIAN_POINT('',(0.0288822263913294,0.00913683906361301,0.0025));
#6442=CARTESIAN_POINT('',(0.0651245253076923,0.0336284604618228,0.0025));
#6443=CARTESIAN_POINT('',(0.0655267953759575,0.0476186952543305,0.0025));
#6444=CARTESIAN_POINT('',(0.0665051308317357,0.0749676992581542,0.0025));
#6445=CARTESIAN_POINT('',(0.0498205195668832,0.0754744117372181,0.0025));
#6446=CARTESIAN_POINT('',(0.0318203962363374,0.0773902124008179,0.0025));
#6447=CARTESIAN_POINT('',(0.0270264922342917,0.00984000264890853,0.0025));
#6448=CARTESIAN_POINT('',(0.0297972618025919,-0.012654410675168,0.0025));
#6449=CARTESIAN_POINT('',(0.0290602135755595,0.0162602389245529,0.0025));
#6450=CARTESIAN_POINT('',(0.0290602135755595,0.0162602389245529,0.02995));
#6451=CARTESIAN_POINT('',(0.0290602136294583,0.0162602389173104,0.0239837231809357));
#6452=CARTESIAN_POINT('',(0.0296601075949377,0.0270812098803125,0.0230405349750573));
#6453=CARTESIAN_POINT('',(0.0295960911774481,0.0262100054376077,0.0227069646625515));
#6454=CARTESIAN_POINT('',(0.0294727716839471,0.0244299761981594,0.0222235511919915));
#6455=CARTESIAN_POINT('',(0.0293034141865953,0.0215991957842934,0.0223768423339189));
#6456=CARTESIAN_POINT('',(0.0291929909189952,0.0194211494508194,0.0232046968309233));
#6457=CARTESIAN_POINT('',(0.0291147547532206,0.0176579210086249,0.0238123044361333));
#6458=CARTESIAN_POINT('',(0.0290782219038428,0.0167419393984203,0.0239856389404763));
#6459=CARTESIAN_POINT('',(0.0290602136918715,0.0162602391378192,0.0239837244971451));
#6460=CARTESIAN_POINT('',(0.0296601073780737,0.0270812098962469,0.0230405349750572));
#6461=CARTESIAN_POINT('',(0.0296601075485388,0.0270812111408487,0.02995));
#6462=CARTESIAN_POINT('',(0.0296601075485388,0.0270812111408487,0.0025));
#6463=CARTESIAN_POINT('',(0.0651245253076923,0.0336284604618228,0.0025));
#6464=CARTESIAN_POINT('',(0.0655267953759575,0.0476186952543305,0.0025));
#6465=CARTESIAN_POINT('',(0.0665051308317357,0.0749676992581542,0.0025));
#6466=CARTESIAN_POINT('',(0.0498205195668832,0.0754744117372181,0.0025));
#6467=CARTESIAN_POINT('',(0.0318203962363374,0.0773902124008179,0.0025));
#6468=CARTESIAN_POINT('',(0.0270264922342917,0.00984000264890853,0.0025));
#6469=CARTESIAN_POINT('',(0.0297972618025919,-0.012654410675168,0.0025));
#6470=CARTESIAN_POINT('',(0.0300108131873862,0.031415921188874,0.0025));
#6471=CARTESIAN_POINT('',(0.0300108131873862,0.031415921188874,0.02995));
#6472=CARTESIAN_POINT('',(0.0300108129170431,0.0314159213527556,0.0229260957081515));
#6473=CARTESIAN_POINT('',(0.0313400094624078,0.0433610349848698,0.0194082027663931));
#6474=CARTESIAN_POINT('',(0.031216615971749,0.0424560262072458,0.0200214229932366));
#6475=CARTESIAN_POINT('',(0.0310435862179488,0.0411255877508019,0.0209876124848689));
#6476=CARTESIAN_POINT('',(0.0308221640938621,0.0393011208006687,0.0221984442309002));
#6477=CARTESIAN_POINT('',(0.0306581803485796,0.0378833508200297,0.0230119310696482));
#6478=CARTESIAN_POINT('',(0.0304861814252601,0.0363164194225353,0.0236227951109846));
#6479=CARTESIAN_POINT('',(0.0303408689977986,0.0349103929519765,0.0237944354370707));
#6480=CARTESIAN_POINT('',(0.0302307995422466,0.0337931180571209,0.0236737744322813));
#6481=CARTESIAN_POINT('',(0.0301300558283757,0.0327386688813797,0.0233400439879726));
#6482=CARTESIAN_POINT('',(0.0300575855396434,0.0319447329850358,0.0230919723325449));
#6483=CARTESIAN_POINT('',(0.0300108126407145,0.0314159214489662,0.0229260952407041));
#6484=CARTESIAN_POINT('',(0.0313400096752851,0.043361034955812,0.0194082027663998));
#6485=CARTESIAN_POINT('',(0.031340010465344,0.0433610375695821,0.02995));
#6486=CARTESIAN_POINT('',(0.0313400104653375,0.0433610375695865,0.0025));
#6487=CARTESIAN_POINT('',(0.0651245253076923,0.0336284604618228,0.0025));
#6488=CARTESIAN_POINT('',(0.0655267953759575,0.0476186952543305,0.0025));
#6489=CARTESIAN_POINT('',(0.0665051308317357,0.0749676992581542,0.0025));
#6490=CARTESIAN_POINT('',(0.0498205195668832,0.0754744117372181,0.0025));
#6491=CARTESIAN_POINT('',(0.0318203962363374,0.0773902124008179,0.0025));
#6492=CARTESIAN_POINT('',(0.0270264922342917,0.00984000264890853,0.0025));
#6493=CARTESIAN_POINT('',(0.0297972618025919,-0.012654410675168,0.0025));
#6494=CARTESIAN_POINT('',(0.0314736967729422,0.044325373405177,0.0025));
#6495=CARTESIAN_POINT('',(0.0314736967729422,0.044325373405177,0.02995));
#6496=CARTESIAN_POINT('',(0.031473696093282,0.0443253761678188,0.0187754428129038));
#6497=CARTESIAN_POINT('',(0.0356084862720337,0.0640274945399114,0.018551388073294));
#6498=CARTESIAN_POINT('',(0.0353567348220735,0.0632397733109298,0.0188564681753298));
#6499=CARTESIAN_POINT('',(0.0348735531743804,0.0616150347756059,0.019218278988263));
#6500=CARTESIAN_POINT('',(0.0342091465061517,0.0590695324553924,0.0193585396839166));
#6501=CARTESIAN_POINT('',(0.0337201298928524,0.0569644496263141,0.0191817033159594));
#6502=CARTESIAN_POINT('',(0.0333595300470356,0.0552877387077175,0.018789255067978));
#6503=CARTESIAN_POINT('',(0.0330302741992797,0.053677954002494,0.0181859423916448));
#6504=CARTESIAN_POINT('',(0.0326573466351902,0.051727566088941,0.0172623788113846));
#6505=CARTESIAN_POINT('',(0.0322044343853859,0.0491349142584392,0.0167810240671601));
#6506=CARTESIAN_POINT('',(0.0317981416892256,0.0465741529883717,0.0174403696381587));
#6507=CARTESIAN_POINT('',(0.0315778062280459,0.045064029795615,0.0183099769173416));
#6508=CARTESIAN_POINT('',(0.0314736976025873,0.0443253774642321,0.0187754452238509));
#6509=CARTESIAN_POINT('',(0.0356084382283349,0.0640275192302824,0.018551412182746));
#6510=CARTESIAN_POINT('',(0.0356085072144215,0.0640275600663772,0.018551412182746));
#6511=CARTESIAN_POINT('',(0.0356085072144215,0.0640275600663772,0.0025));
#6512=CARTESIAN_POINT('',(0.0384065557789377,0.070711603788247,0.0025));
#6513=CARTESIAN_POINT('',(0.0377944472177141,0.0696586169757707,0.0025));
#6514=CARTESIAN_POINT('',(0.0367836397652377,0.0674633066191084,0.00249999999999999));
#6515=CARTESIAN_POINT('',(0.0359775559396561,0.0651822956485375,0.0025));
#6516=CARTESIAN_POINT('',(0.0356085072144229,0.0640275600663816,0.0025));
#6517=CARTESIAN_POINT('',(0.0384069034824168,0.0707114016627229,0.0025));
#6518=CARTESIAN_POINT('',(0.0384071322955062,0.0707125954747411,0.0103637518131443));
#6519=CARTESIAN_POINT('',(0.0384071322955133,0.0707125954747532,0.0103632408325278));
#6520=CARTESIAN_POINT('',(0.0653083143227512,0.0527266685136078,0.0177551761465793));
#6521=CARTESIAN_POINT('',(0.0652764312425762,0.0536750679509339,0.0181429092949515));
#6522=CARTESIAN_POINT('',(0.0652147982815755,0.0550784386130926,0.018795414143781));
#6523=CARTESIAN_POINT('',(0.0650836558168634,0.0570753046991342,0.0191722730998684));
#6524=CARTESIAN_POINT('',(0.0649561100581681,0.0586095340440953,0.0193096682146929));
#6525=CARTESIAN_POINT('',(0.0647929346737871,0.0601771795688242,0.0193062500403007));
#6526=CARTESIAN_POINT('',(0.0645936721822918,0.0617208323822796,0.0191610221205791));
#6527=CARTESIAN_POINT('',(0.0643518042639062,0.0632444240555805,0.0188513682529218));
#6528=CARTESIAN_POINT('',(0.0641160270883839,0.0644551967913122,0.0184094684814027));
#6529=CARTESIAN_POINT('',(0.0639168978589461,0.0653392522807984,0.0178821042560755));
#6530=CARTESIAN_POINT('',(0.0637833665381323,0.0658817044654028,0.0173106731011207));
#6531=CARTESIAN_POINT('',(0.0636806471598996,0.0662724255753082,0.0166339590820431));
#6532=CARTESIAN_POINT('',(0.0635619217303127,0.0667024113353976,0.0156804482928635));
#6533=CARTESIAN_POINT('',(0.0634235513802064,0.0671716043173355,0.014455804355887));
#6534=CARTESIAN_POINT('',(0.0632118451434235,0.0678316580408657,0.0130269883626357));
#6535=CARTESIAN_POINT('',(0.0628893083020694,0.0687242444575813,0.0117565207685345));
#6536=CARTESIAN_POINT('',(0.0622266412096605,0.0702591345166724,0.0104354927161716));
#6537=CARTESIAN_POINT('',(0.0608702075290135,0.0724719656345122,0.00967668106893064));
#6538=CARTESIAN_POINT('',(0.0582466692313795,0.0743216558744635,0.00939598455083072));
#6539=CARTESIAN_POINT('',(0.0552096777477052,0.0751809523495296,0.00928864429246778));
#6540=CARTESIAN_POINT('',(0.0520764491899356,0.0755095581809658,0.00925014945922407));
#6541=CARTESIAN_POINT('',(0.0489359603602455,0.0756871654312462,0.00922929119640685));
#6542=CARTESIAN_POINT('',(0.0457973210246128,0.0758551048661374,0.00920981714079164));
#6543=CARTESIAN_POINT('',(0.0426519260104845,0.0752039354365144,0.00928547255062463));
#6544=CARTESIAN_POINT('',(0.0400783738127435,0.0732806808287555,0.00952356929393291));
#6545=CARTESIAN_POINT('',(0.0388997239450639,0.0715598575664415,0.00995700430250636));
#6546=CARTESIAN_POINT('',(0.0384071322995412,0.0707125954816813,0.010363240829206));
#6547=CARTESIAN_POINT('',(0.0656316224612102,0.0338676726074481,0.0248820239831788));
#6548=CARTESIAN_POINT('',(0.0651318296383862,0.0338820647668295,0.0261906196068062));
#6549=CARTESIAN_POINT('',(0.0651272812443683,0.0337241138558306,0.026171427546068));
#6550=CARTESIAN_POINT('',(0.0651998872044047,0.0335699423603837,0.0261466617111637));
#6551=CARTESIAN_POINT('',(0.0653248364952951,0.0334728531916165,0.0261293427537086));
#6552=CARTESIAN_POINT('',(0.0651318303519356,0.0338820895248312,0.0261904156795808));
#6553=CARTESIAN_POINT('',(0.0653248265998552,0.0334728608808549,0.0261292282567458));
#6554=CARTESIAN_POINT('',(0.0651318303519356,0.0338820895248312,0.0236626774895355));
#6555=CARTESIAN_POINT('',(0.0651318303519356,0.0338820895248314,0.023662677489532));
#6556=CARTESIAN_POINT('',(0.0653248327828628,0.0334728560763123,0.0235685880116411));
#6557=CARTESIAN_POINT('',(0.0651994783043219,0.0335702619778341,0.0235954151801));
#6558=CARTESIAN_POINT('',(0.0651272722475349,0.0337238634944794,0.0236334215478825));
#6559=CARTESIAN_POINT('',(0.0651318298008815,0.0338820704087235,0.0236627805254011));
#6560=CARTESIAN_POINT('',(0.0653248265998552,0.0334728608808549,0.0235685416758273));
#6561=CARTESIAN_POINT('',(0.0653248265998552,0.0334728608808549,0.0261292282567458));
#6562=CARTESIAN_POINT('',(0.106513314733588,-0.0121965589058028,0.0230095531292054));
#6563=CARTESIAN_POINT('',(0.106424395555399,-0.012688588762663,0.0242564545415857));
#6564=CARTESIAN_POINT('',(0.106184076974934,-0.0126451586122756,0.0242605870705578));
#6565=CARTESIAN_POINT('',(0.106001557554979,-0.0124108821897721,0.024285565352418));
#6566=CARTESIAN_POINT('',(0.106013982572765,-0.0121707249520248,0.0243279039327702));
#6567=CARTESIAN_POINT('',(0.106424395556214,-0.0126885887625054,0.0242564545904012));
#6568=CARTESIAN_POINT('',(0.106424398394356,-0.0126885892754118,0.02995));
#6569=CARTESIAN_POINT('',(0.106424397404994,-0.0126885890966206,0.0217481660260052));
#6570=CARTESIAN_POINT('',(0.106013972366691,-0.0121709229810376,0.0218001128376786));
#6571=CARTESIAN_POINT('',(0.106001593944839,-0.0124120326941781,0.0217684566309679));
#6572=CARTESIAN_POINT('',(0.106184760432607,-0.0126452830559961,0.0217511079775144));
#6573=CARTESIAN_POINT('',(0.106424397404934,-0.0126885890966093,0.021748166026006));
#6574=CARTESIAN_POINT('',(0.107162954760224,-0.0123139573766183,0.013369688746588));
#6575=CARTESIAN_POINT('',(0.107662287109624,-0.0123397876852803,0.0243000589285511));
#6576=CARTESIAN_POINT('',(0.107647649719645,-0.0126227468408554,0.0242568527173624));
#6577=CARTESIAN_POINT('',(0.107356123829721,-0.0128569623509769,0.0242428867484068));
#6578=CARTESIAN_POINT('',(0.10707404167638,-0.0128059883345075,0.024246589686503));
#6579=CARTESIAN_POINT('',(0.107662277854166,-0.0123399659878043,0.0243012297745938));
#6580=CARTESIAN_POINT('',(0.107074041676482,-0.0128059883345314,0.0242465896865012));
#6581=CARTESIAN_POINT('',(0.107662277854166,-0.0123399659878043,0.0025));
#6582=CARTESIAN_POINT('',(0.107662277854166,-0.0123399659878006,0.0025));
#6583=CARTESIAN_POINT('',(0.107162954760224,-0.0123139573766183,0.0025));
#6584=CARTESIAN_POINT('',(0.107074038420992,-0.0128059877462274,0.0025));
#6585=CARTESIAN_POINT('',(0.107074038420992,-0.0128059877462274,0.0025));
#6586=CARTESIAN_POINT('',(0.0304181447219539,-0.0117462283824961,0.0230892435774217));
#6587=CARTESIAN_POINT('',(0.0309134804392084,-0.011678092284564,0.0244293184972645));
#6588=CARTESIAN_POINT('',(0.0309408645497416,-0.0118771692561545,0.0243830080652629));
#6589=CARTESIAN_POINT('',(0.0308381416662069,-0.0120866391310949,0.0243425529547831));
#6590=CARTESIAN_POINT('',(0.0306576529105815,-0.0121851313644661,0.0243253779298503));
#6591=CARTESIAN_POINT('',(0.0309135031447805,-0.0116782575583527,0.0244300423732139));
#6592=CARTESIAN_POINT('',(0.030657560979965,-0.0121851815182634,0.0243266316243334));
#6593=CARTESIAN_POINT('',(0.0309135031447807,-0.0116782575583537,0.0218775921224615));
#6594=CARTESIAN_POINT('',(0.0309135031447807,-0.011678257558354,0.021877592122463));
#6595=CARTESIAN_POINT('',(0.030657568517443,-0.012185177406717,0.021798252811687));
#6596=CARTESIAN_POINT('',(0.0308371115571267,-0.0120872460442063,0.0218109525462118));
#6597=CARTESIAN_POINT('',(0.0309409139141555,-0.0118779958362945,0.0218413354804625));
#6598=CARTESIAN_POINT('',(0.0309135019444328,-0.0116782488110097,0.0218775429569795));
#6599=CARTESIAN_POINT('',(0.030657560979965,-0.0121851815182634,0.0217983910758588));
#6600=CARTESIAN_POINT('',(0.030657560979965,-0.0121851815182634,0.02995));
#6601=CARTESIAN_POINT('',(0.0302066745358966,-0.0118615696262447,0.0133801473525818));
#6602=CARTESIAN_POINT('',(0.0304461721880276,-0.0123004783578264,0.0243061739690699));
#6603=CARTESIAN_POINT('',(0.0303012432799168,-0.0123795611618832,0.0242936467447325));
#6604=CARTESIAN_POINT('',(0.0299337378614756,-0.0123791305799111,0.0242927987131605));
#6605=CARTESIAN_POINT('',(0.0297282248380135,-0.0120792065712734,0.0243430614212836));
#6606=CARTESIAN_POINT('',(0.0297098846439361,-0.0119181364296361,0.0243764472134239));
#6607=CARTESIAN_POINT('',(0.0304460907939078,-0.012300522762012,0.0243073959454022));
#6608=CARTESIAN_POINT('',(0.0304460907939078,-0.012300522762012,0.02995));
#6609=CARTESIAN_POINT('',(0.0304460907939078,-0.012300522762012,0.0217842365001618));
#6610=CARTESIAN_POINT('',(0.0297099088640849,-0.0119183487358675,0.0218367491184154));
#6611=CARTESIAN_POINT('',(0.0297284245567707,-0.0120803442405033,0.0218111084622821));
#6612=CARTESIAN_POINT('',(0.0299344297135558,-0.0123790689037865,0.0217742076434008));
#6613=CARTESIAN_POINT('',(0.0303013860102642,-0.0123794521101962,0.021774880923693));
#6614=CARTESIAN_POINT('',(0.0304460993530318,-0.0123005180935387,0.0217840614441005));
#6615=CARTESIAN_POINT('',(0.0637993403427766,0.0561912095594799,0.00249999999999998));
#6616=CARTESIAN_POINT('',(0.0637993403427766,0.0561912095594799,0.0269422045310073));
#6617=CARTESIAN_POINT('',(0.0636892296514559,0.0587369667568844,0.00249999999999998));
#6618=CARTESIAN_POINT('',(0.0636892296514559,0.0587369667568844,0.0269422045310073));
#6619=CARTESIAN_POINT('',(0.0633473065693504,0.0625124486168073,0.00249999999999998));
#6620=CARTESIAN_POINT('',(0.0633473065693504,0.0625124486168073,0.0269422045310073));
#6621=CARTESIAN_POINT('',(0.0623124503430128,0.066847330623659,0.00249999999999998));
#6622=CARTESIAN_POINT('',(0.0623124503430128,0.066847330623659,0.0269422045310073));
#6623=CARTESIAN_POINT('',(0.06119813969694,0.0696094011202627,0.00249999999999998));
#6624=CARTESIAN_POINT('',(0.06119813969694,0.0696094011202627,0.0269422045310073));
#6625=CARTESIAN_POINT('',(0.0596672082614257,0.0716886020043547,0.00249999999999998));
#6626=CARTESIAN_POINT('',(0.0596672082614257,0.0716886020043547,0.0269422045310073));
#6627=CARTESIAN_POINT('',(0.0570953620581273,0.0735285694067651,0.00249999999999998));
#6628=CARTESIAN_POINT('',(0.0570953620581273,0.0735285694067651,0.0269422045310073));
#6629=CARTESIAN_POINT('',(0.0539543028778864,0.0742886432053654,0.00249999999999996));
#6630=CARTESIAN_POINT('',(0.0539543028778864,0.0742886432053654,0.0269422045310073));
#6631=CARTESIAN_POINT('',(0.0506650671328992,0.0745305235991909,0.00249999999999997));
#6632=CARTESIAN_POINT('',(0.0506650671328992,0.0745305235991909,0.0269422045310073));
#6633=CARTESIAN_POINT('',(0.0482374924166386,0.0746318776588925,0.00249999999999998));
#6634=CARTESIAN_POINT('',(0.0482374924166386,0.0746318776588925,0.0269422045310073));
#6635=CARTESIAN_POINT('',(0.0459013182437572,0.0745534700625189,0.00249999999999998));
#6636=CARTESIAN_POINT('',(0.0459013182437572,0.0745534700625189,0.0269422045310073));
#6637=CARTESIAN_POINT('',(0.0429380599419806,0.0739046288230884,0.00249999999999998));
#6638=CARTESIAN_POINT('',(0.0429380599419806,0.0739046288230884,0.0269422045310073));
#6639=CARTESIAN_POINT('',(0.0395921950695937,0.0715665714665575,0.00249999999999998));
#6640=CARTESIAN_POINT('',(0.0395921950695937,0.0715665714665575,0.0269422045310073));
#6641=CARTESIAN_POINT('',(0.0363737179488155,0.0646652228531041,0.00249999999999997));
#6642=CARTESIAN_POINT('',(0.0363737179488155,0.0646652228531041,0.0269422045310073));
#6643=CARTESIAN_POINT('',(0.0338837726456004,0.0547954760649882,0.00249999999999997));
#6644=CARTESIAN_POINT('',(0.0338837726456004,0.0547954760649882,0.0269422045310073));
#6645=CARTESIAN_POINT('',(0.0320520055286168,0.0431006259222878,0.00249999999999997));
#6646=CARTESIAN_POINT('',(0.0320520055286168,0.0431006259222878,0.0269422045310073));
#6647=CARTESIAN_POINT('',(0.0308084615222048,0.0307267629434182,0.00249999999999996));
#6648=CARTESIAN_POINT('',(0.0308084615222048,0.0307267629434182,0.0269422045310073));
#6649=CARTESIAN_POINT('',(0.0302040488171318,0.0207943379428792,0.00249999999999998));
#6650=CARTESIAN_POINT('',(0.0302040488171318,0.0207943379428792,0.0269422045310073));
#6651=CARTESIAN_POINT('',(0.0299447443007398,0.0136601751672377,0.00249999999999998));
#6652=CARTESIAN_POINT('',(0.0299447443007398,0.0136601751672377,0.0269422045310073));
#6653=CARTESIAN_POINT('',(0.029822829357462,0.00719594188795529,0.00249999999999998));
#6654=CARTESIAN_POINT('',(0.029822829357462,0.00719594188795529,0.0269422045310073));
#6655=CARTESIAN_POINT('',(0.0299029169875814,0.000268915545754942,0.00249999999999998));
#6656=CARTESIAN_POINT('',(0.0299029169875814,0.000268915545754942,0.0269422045310073));
#6657=CARTESIAN_POINT('',(0.0302910709439348,-0.00646097205282451,0.00249999999999998));
#6658=CARTESIAN_POINT('',(0.0302910709439348,-0.00646097205282451,0.0269422045310073));
#6659=CARTESIAN_POINT('',(0.0306913193090787,-0.01005902408027,0.00249999999999998));
#6660=CARTESIAN_POINT('',(0.0306913193090787,-0.01005902408027,0.0269422045310073));
#6661=CARTESIAN_POINT('',(0.0309135031512071,-0.0116782576051882,0.00249999999999998));
#6662=CARTESIAN_POINT('',(0.0309135031512071,-0.0116782576051882,0.0269422045310073));
#6663=CARTESIAN_POINT('',(0.0637993403427766,0.0561912095594799,0.0294));
#6664=CARTESIAN_POINT('',(0.0637993403427766,0.0561912095594799,0.0189934907581873));
#6665=CARTESIAN_POINT('',(0.0637993403427766,0.0561912095594799,0.0215350484051608));
#6666=CARTESIAN_POINT('',(0.0381102634463375,0.0681694982530721,0.0125715189547837));
#6667=CARTESIAN_POINT('',(0.038365816358005,0.0686933190370205,0.0117895618835934));
#6668=CARTESIAN_POINT('',(0.0390570332015697,0.0700381098251108,0.0105195914060142));
#6669=CARTESIAN_POINT('',(0.0407810196262987,0.0723181196555968,0.00972986181255628));
#6670=CARTESIAN_POINT('',(0.0432044365418116,0.0739593375696738,0.0094485995087955));
#6671=CARTESIAN_POINT('',(0.0460571898683877,0.074610955532535,0.00936156529590909));
#6672=CARTESIAN_POINT('',(0.0489558636101559,0.0746125573136926,0.00936122162011688));
#6673=CARTESIAN_POINT('',(0.0518347300003557,0.0744748368124917,0.00937959882355476));
#6674=CARTESIAN_POINT('',(0.0547054356288687,0.0741262757606798,0.00942811297116031));
#6675=CARTESIAN_POINT('',(0.0575059230586275,0.0732494022826724,0.00956397440463993));
#6676=CARTESIAN_POINT('',(0.0594761261898999,0.0718295078922699,0.00987556252524293));
#6677=CARTESIAN_POINT('',(0.0606312574643354,0.0703796488063637,0.0104880139728748));
#6678=CARTESIAN_POINT('',(0.0614759001261342,0.0689057240841137,0.011474667608686));
#6679=CARTESIAN_POINT('',(0.0619122542985546,0.0677840415244928,0.0130430768500462));
#6680=CARTESIAN_POINT('',(0.0621719382546472,0.0670359743932012,0.0148114243089994));
#6681=CARTESIAN_POINT('',(0.0623377162408747,0.0665082303120093,0.0161589303670167));
#6682=CARTESIAN_POINT('',(0.0624936734324394,0.0659710652017464,0.0172447460089486));
#6683=CARTESIAN_POINT('',(0.0626721190286379,0.0652777254451846,0.0179205626530896));
#6684=CARTESIAN_POINT('',(0.0628640838340624,0.0644541292243021,0.0184044370374929));
#6685=CARTESIAN_POINT('',(0.0630875077709236,0.0633287676808939,0.0188231818336635));
#6686=CARTESIAN_POINT('',(0.0633829270100666,0.0614592813660465,0.0192263828099936));
#6687=CARTESIAN_POINT('',(0.0636430214290146,0.0590504598117408,0.0193739571753992));
#6688=CARTESIAN_POINT('',(0.063758125894072,0.0571440868701956,0.0191943863303047));
#6689=CARTESIAN_POINT('',(0.0637993403427766,0.0561912095594799,0.0189934907581873));
#6690=CARTESIAN_POINT('',(0.038110893696132,0.0681693905934004,0.0125716528147933));
#6691=CARTESIAN_POINT('',(0.0381109589891776,0.0681709238275615,0.0125716528147933));
#6692=CARTESIAN_POINT('',(0.038110893696132,0.0681693905934005,0.0025));
#6693=CARTESIAN_POINT('',(0.0366358523367115,0.0645778606816723,0.0025));
#6694=CARTESIAN_POINT('',(0.0370647013570847,0.0658008448326589,0.0025));
#6695=CARTESIAN_POINT('',(0.0375416830430028,0.0670040697689799,0.0025));
#6696=CARTESIAN_POINT('',(0.0381103421946426,0.0681696596667115,0.0025));
#6697=CARTESIAN_POINT('',(0.0366358523360467,0.0645778606797766,0.0025));
#6698=CARTESIAN_POINT('',(0.0366358523360467,0.0645778606797766,0.0183099761047108));
#6699=CARTESIAN_POINT('',(0.0366356447842233,0.0645777606618631,0.0183099761047108));
#6700=CARTESIAN_POINT('',(0.0308920215065279,0.0307678328886928,0.0227227884749045));
#6701=CARTESIAN_POINT('',(0.0309213511817999,0.0311302316334455,0.0228364742920329));
#6702=CARTESIAN_POINT('',(0.0309813344989571,0.0318554760111694,0.023063545846317));
#6703=CARTESIAN_POINT('',(0.0310749261387042,0.0329396273673555,0.0234060673161218));
#6704=CARTESIAN_POINT('',(0.0311735553951958,0.0340356193279314,0.0237406155345824));
#6705=CARTESIAN_POINT('',(0.0313171586463586,0.0355645853223813,0.0237797696254639));
#6706=CARTESIAN_POINT('',(0.0315027198445966,0.037414287996283,0.023284912850451));
#6707=CARTESIAN_POINT('',(0.0317161930107215,0.0393850762796348,0.0221575162902824));
#6708=CARTESIAN_POINT('',(0.0319343559866145,0.0412661101229038,0.0208802439318267));
#6709=CARTESIAN_POINT('',(0.0321635105891998,0.0431136361968731,0.019559236100573));
#6710=CARTESIAN_POINT('',(0.0324146653965441,0.0450067563047258,0.0183127474519133));
#6711=CARTESIAN_POINT('',(0.0327026853808116,0.0470299727655932,0.0172831246599041));
#6712=CARTESIAN_POINT('',(0.0330481855857838,0.0492682622312149,0.0168272314043856));
#6713=CARTESIAN_POINT('',(0.0334258245984425,0.0515037246958859,0.0172115611504732));
#6714=CARTESIAN_POINT('',(0.0338124045376416,0.0536002994319267,0.0181422178295676));
#6715=CARTESIAN_POINT('',(0.0342382343918792,0.0557160263103305,0.0189722028567746));
#6716=CARTESIAN_POINT('',(0.03472926158155,0.057927376946437,0.0192884478135686));
#6717=CARTESIAN_POINT('',(0.0352939646223422,0.0602016518780345,0.0193337360418904));
#6718=CARTESIAN_POINT('',(0.0359319516959673,0.0624646527862598,0.0190647290687579));
#6719=CARTESIAN_POINT('',(0.0363958035014425,0.063893276226739,0.0186493053606447));
#6720=CARTESIAN_POINT('',(0.0366357336571879,0.0645775222291821,0.0183095586558173));
#6721=CARTESIAN_POINT('',(0.0308920215117392,0.030767832953126,0.022722788269479));
#6722=CARTESIAN_POINT('',(0.0308920215117098,0.0307678325289997,0.0227227881673912));
#6723=CARTESIAN_POINT('',(0.0308820603087498,0.0306447514718058,0.0232336945339118));
#6724=CARTESIAN_POINT('',(0.0308721731448326,0.0305216696649196,0.0237446021527739));
#6725=CARTESIAN_POINT('',(0.0308623596678692,0.0303985879567861,0.0242555112213282));
#6726=CARTESIAN_POINT('',(0.0308623597295655,0.0303985887305875,0.0242555114088206));
#6727=CARTESIAN_POINT('',(0.0308137192391231,0.0297808050949395,0.0241386085212692));
#6728=CARTESIAN_POINT('',(0.0308294691968171,0.0299834034441386,0.024195364137423));
#6729=CARTESIAN_POINT('',(0.0308456080339003,0.0301884871261516,0.024238823989888));
#6730=CARTESIAN_POINT('',(0.0308623597263816,0.0303985886906542,0.0242555114056489));
#6731=CARTESIAN_POINT('',(0.0308136844588696,0.0297801624491846,0.0241409122039845));
#6732=CARTESIAN_POINT('',(0.0308136710644486,0.0297801853958352,0.0241409122039845));
#6733=CARTESIAN_POINT('',(0.0308136844588684,0.0297801624492183,0.0025));
#6734=CARTESIAN_POINT('',(0.0307341398303592,0.028734694298703,0.0025));
#6735=CARTESIAN_POINT('',(0.0307601418933617,0.0290841254631257,0.0025));
#6736=CARTESIAN_POINT('',(0.0307866517405096,0.0294326152375756,0.0025));
#6737=CARTESIAN_POINT('',(0.0308136693718029,0.0297801636220529,0.0025));
#6738=CARTESIAN_POINT('',(0.0307341423192182,0.0287346941135007,0.0025));
#6739=CARTESIAN_POINT('',(0.0307341423192182,0.0287346941135007,0.02995));
#6740=CARTESIAN_POINT('',(0.0307341423192182,0.0287346941135007,0.0237523917787908));
#6741=CARTESIAN_POINT('',(0.0299821493025124,0.0144367938542665,0.0237424018943697));
#6742=CARTESIAN_POINT('',(0.0300005523678912,0.0150427920822739,0.0238726485599012));
#6743=CARTESIAN_POINT('',(0.0300308917422258,0.0159527295338498,0.0240495262019864));
#6744=CARTESIAN_POINT('',(0.0300783047510939,0.0172047263091827,0.0239113806369691));
#6745=CARTESIAN_POINT('',(0.0301267122850269,0.0183917572761226,0.0235771669795669));
#6746=CARTESIAN_POINT('',(0.0301916597254067,0.0198401505980186,0.023025764537315));
#6747=CARTESIAN_POINT('',(0.0302794566335617,0.0215953982397289,0.0224617036682461));
#6748=CARTESIAN_POINT('',(0.0303816819045138,0.0234403480636309,0.0222494703079504));
#6749=CARTESIAN_POINT('',(0.0304938866181511,0.0252790257889236,0.0224491409262058));
#6750=CARTESIAN_POINT('',(0.0306113836680704,0.0270453128041847,0.0229773913056395));
#6751=CARTESIAN_POINT('',(0.0306919342240709,0.0281675125120607,0.0235078595782951));
#6752=CARTESIAN_POINT('',(0.030734146683579,0.02873478639616,0.0237521766295372));
#6753=CARTESIAN_POINT('',(0.0299822028933346,0.0144367914489499,0.023742405512846));
#6754=CARTESIAN_POINT('',(0.0299821517675991,0.0144368750270985,0.023742405512846));
#6755=CARTESIAN_POINT('',(0.0299822028933344,0.0144367914489503,0.0025));
#6756=CARTESIAN_POINT('',(0.0299099878253496,0.0116038249169175,0.0025));
#6757=CARTESIAN_POINT('',(0.029928921039697,0.0125317799067401,0.0025));
#6758=CARTESIAN_POINT('',(0.0299529748575525,0.0134761026268085,0.0025));
#6759=CARTESIAN_POINT('',(0.0299821492789161,0.0144367930771227,0.0025));
#6760=CARTESIAN_POINT('',(0.0299099878253496,0.0116038249169175,0.0025));
#6761=CARTESIAN_POINT('',(0.0299099878253496,0.0116038249169175,0.0230517948411023));
#6762=CARTESIAN_POINT('',(0.0299099661798301,0.0116037861503019,0.0230517948411023));
#6763=CARTESIAN_POINT('',(0.0299660735870721,0.000100423741920058,0.0230769658029465));
#6764=CARTESIAN_POINT('',(0.0298993225998841,0.00201671326471031,0.0227732420213215));
#6765=CARTESIAN_POINT('',(0.0298498858847987,0.00489147307478242,0.0223537004406007));
#6766=CARTESIAN_POINT('',(0.0298615065007476,0.00872629792880692,0.0224536695300389));
#6767=CARTESIAN_POINT('',(0.0298904152637143,0.0106445208557957,0.0228246016822386));
#6768=CARTESIAN_POINT('',(0.029909986262997,0.0116037483423324,0.0230519526431632));
#6769=CARTESIAN_POINT('',(0.0299660755468877,0.000100489304202611,0.0230773789719483));
#6770=CARTESIAN_POINT('',(0.0299660755468877,0.000100489304202607,0.02995));
#6771=CARTESIAN_POINT('',(0.0299660755468878,0.000100489304202605,0.0025));
#6772=CARTESIAN_POINT('',(0.030961044584514,-0.0120196538046002,0.0025));
#6773=CARTESIAN_POINT('',(0.0301233473484815,-0.00609151098392906,0.0025));
#6774=CARTESIAN_POINT('',(0.0287935380001034,0.0143172772532234,0.0025));
#6775=CARTESIAN_POINT('',(0.0344202969349533,0.0745159110847253,0.0025));
#6776=CARTESIAN_POINT('',(0.0496477984977272,0.0747812271788155,0.0025));
#6777=CARTESIAN_POINT('',(0.0637477997840995,0.0734249848125149,0.0025));
#6778=CARTESIAN_POINT('',(0.0641774797216083,0.0475918824495901,0.0025));
#6779=CARTESIAN_POINT('',(0.0630408816652777,0.0340671860690127,0.0025));
#6780=CARTESIAN_POINT('',(0.0653011034967004,0.0299002174407309,0.0025));
#6781=CARTESIAN_POINT('',(0.0702138568443351,0.0288475805779211,0.0025));
#6782=CARTESIAN_POINT('',(0.0738125513925476,0.0285589771707325,0.0025));
#6783=CARTESIAN_POINT('',(0.0842531930741782,0.0316062159830676,0.0025));
#6784=CARTESIAN_POINT('',(0.0721681199804248,0.0763488313879016,0.0025));
#6785=CARTESIAN_POINT('',(0.0905064653811303,0.0753375932191458,0.0025));
#6786=CARTESIAN_POINT('',(0.105426057505726,0.0757241640472761,0.0025));
#6787=CARTESIAN_POINT('',(0.106798370627657,0.00900686910863925,0.0025));
#6788=CARTESIAN_POINT('',(0.106276338784271,-0.0071871607407346,0.0025));
#6789=CARTESIAN_POINT('',(0.105991145829194,-0.0126102948561311,0.0025));
#6790=CARTESIAN_POINT('',(0.0301301210318954,-0.00342970948964094,0.0025));
#6791=CARTESIAN_POINT('',(0.0301301210318954,-0.00342970948964094,0.02995));
#6792=CARTESIAN_POINT('',(0.0301301210318954,-0.00342970948964094,0.0237599423332833));
#6793=CARTESIAN_POINT('',(0.0309135019477077,-0.0116782488343012,0.0218775429569851));
#6794=CARTESIAN_POINT('',(0.0308166941161371,-0.0109727312609915,0.0220054297724811));
#6795=CARTESIAN_POINT('',(0.0306457054247418,-0.00959906176983566,0.0223929186876187));
#6796=CARTESIAN_POINT('',(0.0304722056148186,-0.00791716043574077,0.0230056759679247));
#6797=CARTESIAN_POINT('',(0.0303521992612458,-0.00656760864431497,0.0234946245502038));
#6798=CARTESIAN_POINT('',(0.0302705579449285,-0.00554668792268252,0.0238229215768923));
#6799=CARTESIAN_POINT('',(0.0301946967240174,-0.00448138455582239,0.0240717476895461));
#6800=CARTESIAN_POINT('',(0.0301504073815592,-0.00377446496397039,0.0238612341300567));
#6801=CARTESIAN_POINT('',(0.0301301214361674,-0.00342974661692277,0.0237598158049454));
#6802=CARTESIAN_POINT('',(0.0309134804689307,-0.0116780922952749,0.0244293184997883));
#6803=CARTESIAN_POINT('',(0.0307826925868491,-0.0107249214739801,0.0246510505884111));
#6804=CARTESIAN_POINT('',(0.0306167376614566,-0.00934327751060737,0.0251442158949937));
#6805=CARTESIAN_POINT('',(0.0304337895752826,-0.00750467941607192,0.0258171112753324));
#6806=CARTESIAN_POINT('',(0.0303125954286845,-0.00610415086078772,0.026281295164257));
#6807=CARTESIAN_POINT('',(0.0302059848430041,-0.0046652159110942,0.0265523656847077));
#6808=CARTESIAN_POINT('',(0.0301198967528517,-0.0032925553949526,0.0263701708153166));
#6809=CARTESIAN_POINT('',(0.0300488377858793,-0.00194930624629061,0.0258913352222126));
#6810=CARTESIAN_POINT('',(0.0299888456205723,-0.000571206154916197,0.0257186429356093));
#6811=CARTESIAN_POINT('',(0.0299412609816508,0.000802198777442367,0.0254957405951986));
#6812=CARTESIAN_POINT('',(0.0298927879461074,0.00263455066031345,0.0252083568126401));
#6813=CARTESIAN_POINT('',(0.0298585675152303,0.00492583357427931,0.0249402298379684));
#6814=CARTESIAN_POINT('',(0.0298545825559706,0.00767685396450252,0.0248722474462557));
#6815=CARTESIAN_POINT('',(0.0298838202484372,0.0104363594426796,0.0252905494803271));
#6816=CARTESIAN_POINT('',(0.0299326258590834,0.012726079210412,0.0259306346992418));
#6817=CARTESIAN_POINT('',(0.0299850547815518,0.0145670499104275,0.0263358695116691));
#6818=CARTESIAN_POINT('',(0.0300318149783258,0.015979164794619,0.0265096519820948));
#6819=CARTESIAN_POINT('',(0.0300860514301174,0.0174149499761967,0.0264406405166454));
#6820=CARTESIAN_POINT('',(0.0301626779491526,0.0192299829368186,0.0259670961521145));
#6821=CARTESIAN_POINT('',(0.0302471503189296,0.0209818096712964,0.0252255586733491));
#6822=CARTESIAN_POINT('',(0.0303477545724054,0.0228361047721419,0.0247908082651243));
#6823=CARTESIAN_POINT('',(0.0304596413720013,0.0247463274691765,0.0248232035229223));
#6824=CARTESIAN_POINT('',(0.0306059411146527,0.0269932310479488,0.0256630602326989));
#6825=CARTESIAN_POINT('',(0.0307621630338098,0.0291406561102072,0.0267079351343074));
#6826=CARTESIAN_POINT('',(0.0309155631573426,0.0310711525759129,0.0268133696457535));
#6827=CARTESIAN_POINT('',(0.030994141323844,0.0320028291995779,0.0265798507056803));
#6828=CARTESIAN_POINT('',(0.0310329551390985,0.0324514659010663,0.0264083951731749));
#6829=CARTESIAN_POINT('',(0.0310329551326219,0.0324514658262055,0.0264083949631558));
#6830=CARTESIAN_POINT('',(0.0310433914879558,0.032571813803951,0.0259088297675085));
#6831=CARTESIAN_POINT('',(0.0310399045253104,0.0325316975639038,0.0260753512689339));
#6832=CARTESIAN_POINT('',(0.0310364257224061,0.0324915812850811,0.0262418729315038));
#6833=CARTESIAN_POINT('',(0.0310329550583316,0.0324514649675059,0.0264083947547461));
#6834=CARTESIAN_POINT('',(0.0310433914879597,0.0325718138039962,0.0259088297675085));
#6835=CARTESIAN_POINT('',(0.0310433914740097,0.0325718136435065,0.0259088302828243));
#6836=CARTESIAN_POINT('',(0.0311179445910112,0.0334295202095712,0.0261778959821422));
#6837=CARTESIAN_POINT('',(0.0312793998356098,0.0352000120358356,0.0263806792421382));
#6838=CARTESIAN_POINT('',(0.0315468094782206,0.0378465025212893,0.0258171474735733));
#6839=CARTESIAN_POINT('',(0.031810733806216,0.040225560970324,0.0246011300156809));
#6840=CARTESIAN_POINT('',(0.0320756385604237,0.0424273379604862,0.023122945595081));
#6841=CARTESIAN_POINT('',(0.0323569693687349,0.0445895212147686,0.0215735170428317));
#6842=CARTESIAN_POINT('',(0.0326176338734418,0.0464414647187061,0.0203617900406539));
#6843=CARTESIAN_POINT('',(0.0328603624995247,0.0480544811807574,0.0196249016897368));
#6844=CARTESIAN_POINT('',(0.033067881273573,0.0493678147698528,0.0193879755515031));
#6845=CARTESIAN_POINT('',(0.0332856996546953,0.0506758116412993,0.0196249391069926));
#6846=CARTESIAN_POINT('',(0.0335745755646549,0.0523239326107182,0.0202802540039137));
#6847=CARTESIAN_POINT('',(0.0339546012445953,0.0543422635331678,0.0211910289380112));
#6848=CARTESIAN_POINT('',(0.0345028526774162,0.0569531092774243,0.0217148066731187));
#6849=CARTESIAN_POINT('',(0.0351299679094831,0.0595828490066418,0.0218586656478716));
#6850=CARTESIAN_POINT('',(0.0358373230697098,0.0621640128347274,0.0216612152705873));
#6851=CARTESIAN_POINT('',(0.0366536186741053,0.0647070148356351,0.0210691373218347));
#6852=CARTESIAN_POINT('',(0.03741022718232,0.0666498476995733,0.0201228042438429));
#6853=CARTESIAN_POINT('',(0.0379606582457074,0.0678690165329974,0.0188628303217961));
#6854=CARTESIAN_POINT('',(0.0384021914091957,0.0687631549801286,0.0173555660005845));
#6855=CARTESIAN_POINT('',(0.0387324018480554,0.0693667774582816,0.0156393645528256));
#6856=CARTESIAN_POINT('',(0.0391879947929575,0.0701207443658264,0.0140561458252322));
#6857=CARTESIAN_POINT('',(0.0397605365820103,0.0709649522157359,0.0130409336076084));
#6858=CARTESIAN_POINT('',(0.0406163796180199,0.0719796042420721,0.0124980146156407));
#6859=CARTESIAN_POINT('',(0.0419904701817106,0.0732046240910166,0.0121097654259619));
#6860=CARTESIAN_POINT('',(0.0441345872129807,0.0742733293387674,0.0119346274529256));
#6861=CARTESIAN_POINT('',(0.0469264882557286,0.0746491706946594,0.0118794010048831));
#6862=CARTESIAN_POINT('',(0.0497425493202366,0.0745744429534866,0.0118903079776542));
#6863=CARTESIAN_POINT('',(0.0525377120457714,0.0744215770425787,0.0119129355737182));
#6864=CARTESIAN_POINT('',(0.0548647333745268,0.0740569549570938,0.0119683159468371));
#6865=CARTESIAN_POINT('',(0.0566581174505484,0.0734881853117368,0.0120753563268664));
#6866=CARTESIAN_POINT('',(0.0579242571079078,0.0728916887743371,0.0122112807759618));
#6867=CARTESIAN_POINT('',(0.0590705491787454,0.0721067164076225,0.012456514111706));
#6868=CARTESIAN_POINT('',(0.0600392499979639,0.0711505956776894,0.0129130089546764));
#6869=CARTESIAN_POINT('',(0.060691400076861,0.0702548768298032,0.0138342840985251));
#6870=CARTESIAN_POINT('',(0.0610586551451186,0.0696331954894575,0.0150520143706648));
#6871=CARTESIAN_POINT('',(0.0613272466547494,0.0691231691758704,0.0163477583027466));
#6872=CARTESIAN_POINT('',(0.0615785824203304,0.0685907997029226,0.0176327595816514));
#6873=CARTESIAN_POINT('',(0.0618719751991668,0.0678897210518875,0.0188438496840686));
#6874=CARTESIAN_POINT('',(0.0623275537871618,0.0666176193444841,0.0201603677167977));
#6875=CARTESIAN_POINT('',(0.0628936981190493,0.064487552832799,0.0211556154716536));
#6876=CARTESIAN_POINT('',(0.0633504165625422,0.0617803697842342,0.0217218749281377));
#6877=CARTESIAN_POINT('',(0.0636495484899536,0.0589581872162587,0.0218650914040429));
#6878=CARTESIAN_POINT('',(0.0637595565746256,0.0571110095616013,0.0216968179214874));
#6879=CARTESIAN_POINT('',(0.0637993403427766,0.0561912095594799,0.0215350484051608));
#6880=CARTESIAN_POINT('',(0.107662277855152,-0.0123399659688711,0.00249999999999996));
#6881=CARTESIAN_POINT('',(0.107662277855152,-0.012339965968871,0.0269252346819192));
#6882=CARTESIAN_POINT('',(0.107905448421888,-0.00767148601637171,0.00249999999999996));
#6883=CARTESIAN_POINT('',(0.107905448421888,-0.00767148601637168,0.0269252346819192));
#6884=CARTESIAN_POINT('',(0.108229052667983,0.00354185952686572,0.00250000000000001));
#6885=CARTESIAN_POINT('',(0.108229052667983,0.00354185952686575,0.0269252346819193));
#6886=CARTESIAN_POINT('',(0.108029285757377,0.0232647792758651,0.00249999999999997));
#6887=CARTESIAN_POINT('',(0.108029285757377,0.0232647792758652,0.0269252346819192));
#6888=CARTESIAN_POINT('',(0.106947470572245,0.0431672438790672,0.00250000000000001));
#6889=CARTESIAN_POINT('',(0.106947470572245,0.0431672438790672,0.0269252346819193));
#6890=CARTESIAN_POINT('',(0.104786425437879,0.0605157506042214,0.00249999999999997));
#6891=CARTESIAN_POINT('',(0.104786425437879,0.0605157506042214,0.0269252346819192));
#6892=CARTESIAN_POINT('',(0.101922827386703,0.070598027124102,0.00250000000000001));
#6893=CARTESIAN_POINT('',(0.101922827386703,0.070598027124102,0.0269252346819193));
#6894=CARTESIAN_POINT('',(0.0988941665394779,0.0746207540349952,0.00249999999999997));
#6895=CARTESIAN_POINT('',(0.0988941665394778,0.0746207540349952,0.0269252346819192));
#6896=CARTESIAN_POINT('',(0.0962584558050702,0.0761000775138208,0.00249999999999997));
#6897=CARTESIAN_POINT('',(0.0962584558050702,0.0761000775138208,0.0269252346819192));
#6898=CARTESIAN_POINT('',(0.0932705396599032,0.0766005132832133,0.00249999999999995));
#6899=CARTESIAN_POINT('',(0.0932705396599032,0.0766005132832134,0.0269252346819192));
#6900=CARTESIAN_POINT('',(0.0888106375934697,0.0767328637851811,0.00250000000000003));
#6901=CARTESIAN_POINT('',(0.0888106375934697,0.0767328637851811,0.0269252346819193));
#6902=CARTESIAN_POINT('',(0.0837486947819288,0.076913799944014,0.00250000000000003));
#6903=CARTESIAN_POINT('',(0.0837486947819288,0.076913799944014,0.0269252346819193));
#6904=CARTESIAN_POINT('',(0.0797030575259327,0.0751248738469298,0.00249999999999995));
#6905=CARTESIAN_POINT('',(0.0797030575259326,0.0751248738469298,0.0269252346819192));
#6906=CARTESIAN_POINT('',(0.0775895400688939,0.0723016094731768,0.00249999999999997));
#6907=CARTESIAN_POINT('',(0.0775895400688939,0.0723016094731769,0.0269252346819192));
#6908=CARTESIAN_POINT('',(0.0767082537125919,0.0676328902618129,0.00249999999999997));
#6909=CARTESIAN_POINT('',(0.0767082537125918,0.067632890261813,0.0269252346819192));
#6910=CARTESIAN_POINT('',(0.0766721644507544,0.0617419442622158,0.00249999999999995));
#6911=CARTESIAN_POINT('',(0.0766721644507544,0.0617419442622158,0.0269252346819192));
#6912=CARTESIAN_POINT('',(0.0771628297540984,0.055154647332995,0.00250000000000001));
#6913=CARTESIAN_POINT('',(0.0771628297540984,0.055154647332995,0.0269252346819193));
#6914=CARTESIAN_POINT('',(0.0778432195376888,0.0484232125851727,0.00249999999999995));
#6915=CARTESIAN_POINT('',(0.0778432195376888,0.0484232125851727,0.0269252346819192));
#6916=CARTESIAN_POINT('',(0.0783820624589698,0.0420918563155011,0.00250000000000001));
#6917=CARTESIAN_POINT('',(0.0783820624589698,0.0420918563155011,0.0269252346819193));
#6918=CARTESIAN_POINT('',(0.0784333768783839,0.0376073467395015,0.00249999999999995));
#6919=CARTESIAN_POINT('',(0.0784333768783839,0.0376073467395016,0.0269252346819192));
#6920=CARTESIAN_POINT('',(0.0780739516823396,0.034762343017874,0.00249999999999997));
#6921=CARTESIAN_POINT('',(0.0780739516823396,0.034762343017874,0.0269252346819192));
#6922=CARTESIAN_POINT('',(0.0773763981695309,0.0325223866739911,0.00249999999999997));
#6923=CARTESIAN_POINT('',(0.0773763981695309,0.0325223866739911,0.0269252346819192));
#6924=CARTESIAN_POINT('',(0.0759533700695717,0.0308019042083086,0.00250000000000003));
#6925=CARTESIAN_POINT('',(0.0759533700695716,0.0308019042083086,0.0269252346819193));
#6926=CARTESIAN_POINT('',(0.0742833244594862,0.0300514141071489,0.00249999999999995));
#6927=CARTESIAN_POINT('',(0.0742833244594861,0.0300514141071489,0.0269252346819192));
#6928=CARTESIAN_POINT('',(0.0730773714173983,0.0297695478947118,0.00250000000000001));
#6929=CARTESIAN_POINT('',(0.0730773714173983,0.0297695478947118,0.0269252346819193));
#6930=CARTESIAN_POINT('',(0.0720486551407149,0.0296127610056401,0.00249999999999995));
#6931=CARTESIAN_POINT('',(0.0720486551407149,0.0296127610056401,0.0269252346819192));
#6932=CARTESIAN_POINT('',(0.0709423899307303,0.0297057074337029,0.00250000000000001));
#6933=CARTESIAN_POINT('',(0.0709423899307303,0.0297057074337029,0.0269252346819193));
#6934=CARTESIAN_POINT('',(0.069278867794929,0.0305482825724688,0.00249999999999995));
#6935=CARTESIAN_POINT('',(0.0692788677949289,0.0305482825724688,0.0269252346819192));
#6936=CARTESIAN_POINT('',(0.0672999474373555,0.0319368135933335,0.00250000000000001));
#6937=CARTESIAN_POINT('',(0.0672999474373555,0.0319368135933336,0.0269252346819193));
#6938=CARTESIAN_POINT('',(0.0659620931304221,0.0329776609640954,0.00249999999999996));
#6939=CARTESIAN_POINT('',(0.0659620931304221,0.0329776609640954,0.0269252346819192));
#6940=CARTESIAN_POINT('',(0.0653248265475787,0.0334728609214774,0.00249999999999997));
#6941=CARTESIAN_POINT('',(0.0653248265475787,0.0334728609214774,0.0269252346819192));
#6942=CARTESIAN_POINT('',(0.0651245253076923,0.0336284604618228,0.0025));
#6943=CARTESIAN_POINT('',(0.0668856215270135,0.0322610866601239,0.0025));
#6944=CARTESIAN_POINT('',(0.0702649724996098,0.0295950684505475,0.0025));
#6945=CARTESIAN_POINT('',(0.0732074118362439,0.0295805283069335,0.0025));
#6946=CARTESIAN_POINT('',(0.0824982125677767,0.0328483442738962,0.0025));
#6947=CARTESIAN_POINT('',(0.07081417247142,0.0776978712736974,0.0025));
#6948=CARTESIAN_POINT('',(0.0909609543933641,0.0765642508669651,0.0025));
#6949=CARTESIAN_POINT('',(0.107806133996441,0.0763812376092785,0.0025));
#6950=CARTESIAN_POINT('',(0.108901629436556,0.010430165566504,0.0025));
#6951=CARTESIAN_POINT('',(0.107632100682489,-0.0129068369141257,0.0025));
#6952=CARTESIAN_POINT('',(0.107810324050779,-0.00913431770099056,0.0025));
#6953=CARTESIAN_POINT('',(0.10748727116117,0.0324514653925818,0.026408395369696));
#6954=CARTESIAN_POINT('',(0.107510423417647,0.03202762856425,0.0265703731322284));
#6955=CARTESIAN_POINT('',(0.107556522567849,0.0311574714181211,0.0267955308473281));
#6956=CARTESIAN_POINT('',(0.107624184735936,0.029788379721321,0.0267578723342788));
#6957=CARTESIAN_POINT('',(0.10768413644294,0.0284845224747459,0.0263775991175081));
#6958=CARTESIAN_POINT('',(0.107737463184471,0.0272417010234494,0.0258175285839446));
#6959=CARTESIAN_POINT('',(0.107787365390044,0.0259938689336484,0.0252826582521592));
#6960=CARTESIAN_POINT('',(0.107835981994888,0.0246806181234038,0.0248913475191267));
#6961=CARTESIAN_POINT('',(0.107882204545517,0.0233185799399615,0.0247642196129207));
#6962=CARTESIAN_POINT('',(0.107938115842026,0.021506270411701,0.0250304317331426));
#6963=CARTESIAN_POINT('',(0.107995738363393,0.0193270418437063,0.0259475763977265));
#6964=CARTESIAN_POINT('',(0.108051873981849,0.0166564565635308,0.0266620002105203));
#6965=CARTESIAN_POINT('',(0.108095668590696,0.0137788522733749,0.0262217160421885));
#6966=CARTESIAN_POINT('',(0.108122256419977,0.0109087671381645,0.0254074298179865));
#6967=CARTESIAN_POINT('',(0.108132276371205,0.00802380949124707,0.0248843265107326));
#6968=CARTESIAN_POINT('',(0.108126248760582,0.00558724315119092,0.0249139209316133));
#6969=CARTESIAN_POINT('',(0.108112348154796,0.00362785160765786,0.0250913511046775));
#6970=CARTESIAN_POINT('',(0.108097276948242,0.00215444727338092,0.0252816191793658));
#6971=CARTESIAN_POINT('',(0.10807742717437,0.000677767928543412,0.0255193551139564));
#6972=CARTESIAN_POINT('',(0.108052714313004,-0.000797545289724552,0.025741059437038));
#6973=CARTESIAN_POINT('',(0.108022982090261,-0.00227393175037489,0.0259784651770578));
#6974=CARTESIAN_POINT('',(0.107987381481104,-0.00377359537287804,0.0265124363232828));
#6975=CARTESIAN_POINT('',(0.107947385986087,-0.00522865155496695,0.0264840989420172));
#6976=CARTESIAN_POINT('',(0.107902722966375,-0.00665640965621832,0.0261124095884205));
#6977=CARTESIAN_POINT('',(0.1078527359584,-0.00807361941483267,0.0256094185111927));
#6978=CARTESIAN_POINT('',(0.107778078982253,-0.0099615128676633,0.0249201411461829));
#6979=CARTESIAN_POINT('',(0.107712250576522,-0.0113805577974317,0.0244465277332143));
#6980=CARTESIAN_POINT('',(0.1076622871417,-0.0123397876810024,0.0243000589292043));
#6981=CARTESIAN_POINT('',(0.107487271163862,0.0324514653477403,0.0264083952537312));
#6982=CARTESIAN_POINT('',(0.107487271163548,0.0324514651169832,0.0264083951967575));
#6983=CARTESIAN_POINT('',(0.107485079795492,0.0324915814006588,0.0262418735142317));
#6984=CARTESIAN_POINT('',(0.107482881966143,0.0325316974233435,0.0260753518525843));
#6985=CARTESIAN_POINT('',(0.107480677603063,0.032571813667966,0.0259088303321666));
#6986=CARTESIAN_POINT('',(0.107480677568158,0.0325718142678735,0.0259088304786762));
#6987=CARTESIAN_POINT('',(0.0772264963598124,0.0325712900374882,0.0259086660257002));
#6988=CARTESIAN_POINT('',(0.0778064701476317,0.03360777377865,0.026233814781325));
#6989=CARTESIAN_POINT('',(0.078346073228552,0.0360777526972997,0.0264241365925188));
#6990=CARTESIAN_POINT('',(0.0784167838731921,0.0395374873189729,0.0250866897567605));
#6991=CARTESIAN_POINT('',(0.0783226600018809,0.0420505237892139,0.02337977570382));
#6992=CARTESIAN_POINT('',(0.078196749015999,0.0440315418362777,0.0219773158967113));
#6993=CARTESIAN_POINT('',(0.0780824040543226,0.0455315259116525,0.0209467874330018));
#6994=CARTESIAN_POINT('',(0.0779491177218731,0.0470909267419142,0.020019223673363));
#6995=CARTESIAN_POINT('',(0.0777901394191863,0.0488167839643873,0.0193551619352153));
#6996=CARTESIAN_POINT('',(0.0776137470460743,0.0506546213597086,0.0195771936862589));
#6997=CARTESIAN_POINT('',(0.0774534946022228,0.0523163384664967,0.0202952961072599));
#6998=CARTESIAN_POINT('',(0.077295669734554,0.0539905750257685,0.021002090684539));
#6999=CARTESIAN_POINT('',(0.0771414478835405,0.0557151610091112,0.0214901343536159));
#7000=CARTESIAN_POINT('',(0.0769965247080907,0.0574940826435884,0.021744346941559));
#7001=CARTESIAN_POINT('',(0.0768267500872504,0.0599347348787868,0.0218574916128026));
#7002=CARTESIAN_POINT('',(0.0767170840841129,0.0623701420441325,0.0216495626375823));
#7003=CARTESIAN_POINT('',(0.0767094244308421,0.064740535834477,0.0210064839813633));
#7004=CARTESIAN_POINT('',(0.0767663314461209,0.066426102181702,0.0202423802785643));
#7005=CARTESIAN_POINT('',(0.0768773939851359,0.0678178811525736,0.0190089980955777));
#7006=CARTESIAN_POINT('',(0.0769886959817445,0.0687193631722937,0.0173948863134642));
#7007=CARTESIAN_POINT('',(0.0770732784796992,0.0692689144720186,0.0159516723324902));
#7008=CARTESIAN_POINT('',(0.0771609695093067,0.0697529261536866,0.0148186287894053));
#7009=CARTESIAN_POINT('',(0.0772477134535369,0.0701790622609222,0.0140072470222267));
#7010=CARTESIAN_POINT('',(0.0773880561437765,0.0707709932156626,0.0132624591395857));
#7011=CARTESIAN_POINT('',(0.0776841887500403,0.0717802609217968,0.0125440315774012));
#7012=CARTESIAN_POINT('',(0.0782982378225885,0.0732004866971012,0.0121005712560431));
#7013=CARTESIAN_POINT('',(0.0794892182705858,0.0746892435571981,0.0118669333485948));
#7014=CARTESIAN_POINT('',(0.081074304761274,0.0757491689241493,0.0117389669113803));
#7015=CARTESIAN_POINT('',(0.0828636043253559,0.0763694260955742,0.0116670582046398));
#7016=CARTESIAN_POINT('',(0.0853617973007399,0.0767741066867897,0.0116186811907723));
#7017=CARTESIAN_POINT('',(0.0878660000019385,0.0767716567610188,0.0116188096758659));
#7018=CARTESIAN_POINT('',(0.0903682679151616,0.0766886065272159,0.0116288722656004));
#7019=CARTESIAN_POINT('',(0.092246555623972,0.0766229992783622,0.0116367536476839));
#7020=CARTESIAN_POINT('',(0.0941198672035002,0.0764640467782157,0.0116556798927786));
#7021=CARTESIAN_POINT('',(0.0959690630624189,0.0760843470935077,0.0117003986093889));
#7022=CARTESIAN_POINT('',(0.0976906120371352,0.0753264939940622,0.011788197877039));
#7023=CARTESIAN_POINT('',(0.0991665770471445,0.0741410402407884,0.0119442688603316));
#7024=CARTESIAN_POINT('',(0.100325811394337,0.0726797130168454,0.0122257915783396));
#7025=CARTESIAN_POINT('',(0.101065459603883,0.0713718812798272,0.012758877202997));
#7026=CARTESIAN_POINT('',(0.101487304841089,0.0704879627473331,0.0135712461613997));
#7027=CARTESIAN_POINT('',(0.101779757227977,0.0698233375908747,0.0145983148418757));
#7028=CARTESIAN_POINT('',(0.102015897066472,0.0692380182160444,0.0160493950663426));
#7029=CARTESIAN_POINT('',(0.102278532144267,0.0685446242588363,0.0177899681987916));
#7030=CARTESIAN_POINT('',(0.102635329343644,0.0675222785566345,0.0193636316120141));
#7031=CARTESIAN_POINT('',(0.103098432199263,0.0660232359950408,0.020464283015246));
#7032=CARTESIAN_POINT('',(0.10371220872596,0.0637461902763168,0.0213728397176411));
#7033=CARTESIAN_POINT('',(0.104388767731899,0.0607200139069724,0.0218688849801953));
#7034=CARTESIAN_POINT('',(0.104949938329751,0.0576127453084202,0.021798242864424));
#7035=CARTESIAN_POINT('',(0.105332160746223,0.0551907113320072,0.0213772029206763));
#7036=CARTESIAN_POINT('',(0.105591034387628,0.0534007910715051,0.0207756157435941));
#7037=CARTESIAN_POINT('',(0.10582008688816,0.0516845987102031,0.0199995857947043));
#7038=CARTESIAN_POINT('',(0.106006534409731,0.0501752382488847,0.0194732174084907));
#7039=CARTESIAN_POINT('',(0.106154026762207,0.0489035098822783,0.0194534843437199));
#7040=CARTESIAN_POINT('',(0.106292635787073,0.047656642743615,0.0197597993205979));
#7041=CARTESIAN_POINT('',(0.106440254385336,0.0462458271596827,0.0204952535779428));
#7042=CARTESIAN_POINT('',(0.106596119952141,0.0446499899154862,0.0215409579881114));
#7043=CARTESIAN_POINT('',(0.106738375752476,0.0430922224859779,0.0226452801002441));
#7044=CARTESIAN_POINT('',(0.106872251563101,0.0415251882389987,0.0237370185862928));
#7045=CARTESIAN_POINT('',(0.107000971442445,0.0399122045917046,0.0247577391211794));
#7046=CARTESIAN_POINT('',(0.107128300197741,0.0381968992141803,0.0256198686894645));
#7047=CARTESIAN_POINT('',(0.107296362793597,0.0357472595398978,0.0263518791668202));
#7048=CARTESIAN_POINT('',(0.107413175442296,0.0338002560827203,0.0262941970577332));
#7049=CARTESIAN_POINT('',(0.107480677566336,0.0325718143363373,0.0259088305001536));
#7050=CARTESIAN_POINT('',(0.0772254684590377,0.0325718136773024,0.0259088302934119));
#7051=CARTESIAN_POINT('',(0.0772267670398703,0.0325717738279793,0.0259089957066727));
#7052=CARTESIAN_POINT('',(0.0772043123684625,0.0325316359219309,0.0260756071431233));
#7053=CARTESIAN_POINT('',(0.0771812644190885,0.0324915167216594,0.0262421409326403));
#7054=CARTESIAN_POINT('',(0.0771575861189539,0.0324514173959405,0.0264085922231156));
#7055=CARTESIAN_POINT('',(0.0771561237638413,0.0324514647618154,0.0264083956085626));
#7056=CARTESIAN_POINT('',(0.0666484076355404,0.0324514503514406,0.0264084011241023));
#7057=CARTESIAN_POINT('',(0.0674478477849439,0.0318434059379346,0.0266407757433837));
#7058=CARTESIAN_POINT('',(0.0686837054860454,0.0309260918950937,0.026807675402496));
#7059=CARTESIAN_POINT('',(0.0702601558075463,0.0300341176586174,0.0267380382401668));
#7060=CARTESIAN_POINT('',(0.0712284764940398,0.029704668766428,0.0266851844049017));
#7061=CARTESIAN_POINT('',(0.0720088064559322,0.0296299609970177,0.0266708057049967));
#7062=CARTESIAN_POINT('',(0.0727705883954168,0.0297152089996692,0.0266868142839042));
#7063=CARTESIAN_POINT('',(0.073780224373094,0.0299185036583529,0.0267193179102607));
#7064=CARTESIAN_POINT('',(0.0749947838931105,0.0303319281647761,0.0267710121686945));
#7065=CARTESIAN_POINT('',(0.0762797494837018,0.0312177330921536,0.0267635282547595));
#7066=CARTESIAN_POINT('',(0.0769071226858035,0.0320273597809304,0.02657042539853));
#7067=CARTESIAN_POINT('',(0.0771572663247631,0.0324508758889358,0.0264086206231181));
#7068=CARTESIAN_POINT('',(0.0666484202424899,0.0324514647618154,0.0264083956085626));
#7069=CARTESIAN_POINT('',(0.066648391395923,0.0324514627053256,0.0264084042355991));
#7070=CARTESIAN_POINT('',(0.0665956590751735,0.0324915702860773,0.0262419186786909));
#7071=CARTESIAN_POINT('',(0.066543053350976,0.0325316869532838,0.0260753953135383));
#7072=CARTESIAN_POINT('',(0.0664905575264648,0.0325718115470662,0.0259088391359684));
#7073=CARTESIAN_POINT('',(0.066490566179765,0.0325718096070319,0.0259088316601286));
#7074=CARTESIAN_POINT('',(0.0653248364695287,0.0334728532114255,0.0261293427536417));
#7075=CARTESIAN_POINT('',(0.0657149369431475,0.0331697183136915,0.0260752689525646));
#7076=CARTESIAN_POINT('',(0.0661026843904888,0.0328682779278161,0.0260018322174303));
#7077=CARTESIAN_POINT('',(0.0664905683910847,0.0325718032428173,0.0259088270200757));
#7078=CARTESIAN_POINT('',(0.0653248327569088,0.0334728560964026,0.0235685880116022));
#7079=CARTESIAN_POINT('',(0.0659294534266308,0.0330030242546443,0.0234391886859851));
#7080=CARTESIAN_POINT('',(0.0671308196875269,0.03207026393046,0.0231239069627382));
#7081=CARTESIAN_POINT('',(0.0683718274051817,0.0311782384913492,0.0228515342193747));
#7082=CARTESIAN_POINT('',(0.0690200575795441,0.0307677795592234,0.0227227717451403));
#7083=CARTESIAN_POINT('',(0.0690200941005545,0.030767832068905,0.0227227882176201));
#7084=CARTESIAN_POINT('',(0.0696347728860118,0.0303986554416831,0.0242552310906344));
#7085=CARTESIAN_POINT('',(0.0694183633090857,0.0305206624617577,0.0237487830251283));
#7086=CARTESIAN_POINT('',(0.0692156619945663,0.0306439217024701,0.0232371370259));
#7087=CARTESIAN_POINT('',(0.0690199890272893,0.0307678229666892,0.0227228260006888));
#7088=CARTESIAN_POINT('',(0.0696340789617307,0.0303985879269939,0.0242555113449949));
#7089=CARTESIAN_POINT('',(0.0696342761732328,0.0303989354940165,0.0242555389507187));
#7090=CARTESIAN_POINT('',(0.0700413389850798,0.0301694153514923,0.0242373092052474));
#7091=CARTESIAN_POINT('',(0.0706679311040763,0.0298568197126139,0.0241651640848847));
#7092=CARTESIAN_POINT('',(0.071573121703849,0.0296518188698084,0.0241034827016477));
#7093=CARTESIAN_POINT('',(0.0725184913314343,0.029653848366881,0.0241040811457209));
#7094=CARTESIAN_POINT('',(0.0736663787126735,0.029880540056254,0.024172155013935));
#7095=CARTESIAN_POINT('',(0.0745512841407974,0.0301876862246267,0.024238760377906));
#7096=CARTESIAN_POINT('',(0.0749701678791525,0.0303989608935907,0.0242555409680425));
#7097=CARTESIAN_POINT('',(0.0749703571810635,0.0303985879269939,0.0242555113449949));
#7098=CARTESIAN_POINT('',(0.0755958049093355,0.0307678701436011,0.0227226301704746));
#7099=CARTESIAN_POINT('',(0.0754125699821286,0.0306424310939094,0.0232433245044272));
#7100=CARTESIAN_POINT('',(0.0752081557224261,0.0305189625245481,0.0237558394242306));
#7101=CARTESIAN_POINT('',(0.0749695931285252,0.0303986710440071,0.024255166328368));
#7102=CARTESIAN_POINT('',(0.0755962800933635,0.030767832068905,0.0227227882176201));
#7103=CARTESIAN_POINT('',(0.0755960996843273,0.0307680719555161,0.022722863470925));
#7104=CARTESIAN_POINT('',(0.0762594947784395,0.0312222854580712,0.0228653518798245));
#7105=CARTESIAN_POINT('',(0.0770603039121796,0.0321280881511168,0.0231300488144082));
#7106=CARTESIAN_POINT('',(0.0776959907598244,0.0335315375600537,0.0236224038881706));
#7107=CARTESIAN_POINT('',(0.0780245250836023,0.034694602179137,0.0237916674297694));
#7108=CARTESIAN_POINT('',(0.0782194827811494,0.0358949546024511,0.0236797113451475));
#7109=CARTESIAN_POINT('',(0.0783601990526329,0.0374360900822864,0.0232458253789545));
#7110=CARTESIAN_POINT('',(0.0784020741033706,0.0392190791572544,0.0222742629081891));
#7111=CARTESIAN_POINT('',(0.0783587642950674,0.0411963605568713,0.0209290088890698));
#7112=CARTESIAN_POINT('',(0.0782581742588143,0.0431513201639052,0.0195311196806263));
#7113=CARTESIAN_POINT('',(0.0781149322442826,0.0451534613892532,0.0182205142600646));
#7114=CARTESIAN_POINT('',(0.0779307341736308,0.0473140108767968,0.0171613317983013));
#7115=CARTESIAN_POINT('',(0.0777047681653948,0.0497163362163975,0.0168225981125427));
#7116=CARTESIAN_POINT('',(0.0774790833723996,0.0520450736972536,0.0174058875275238));
#7117=CARTESIAN_POINT('',(0.0773048170829473,0.0538895750504514,0.018278038709049));
#7118=CARTESIAN_POINT('',(0.0771697239757719,0.0554027482077054,0.018821943139741));
#7119=CARTESIAN_POINT('',(0.0770383131802366,0.0569611691034236,0.0191726656781671));
#7120=CARTESIAN_POINT('',(0.0768880718940878,0.0589676145748071,0.0193537607476404));
#7121=CARTESIAN_POINT('',(0.0767756433331081,0.0610517115067669,0.0192562183740092));
#7122=CARTESIAN_POINT('',(0.0767256642031946,0.0626698293897084,0.0189792190199669));
#7123=CARTESIAN_POINT('',(0.0767104070711307,0.0638716740670492,0.0186416982524266));
#7124=CARTESIAN_POINT('',(0.0767188929601314,0.0648195452116415,0.0182201353951141));
#7125=CARTESIAN_POINT('',(0.0767370626353157,0.0655054378858168,0.0177285303614055));
#7126=CARTESIAN_POINT('',(0.0767573210508431,0.0660410460877785,0.0170918118579987));
#7127=CARTESIAN_POINT('',(0.0767814664010262,0.0665049330180063,0.0161552614378623));
#7128=CARTESIAN_POINT('',(0.0768115964181801,0.0669696378203603,0.0149845435077917));
#7129=CARTESIAN_POINT('',(0.0768495767287028,0.0674521493129014,0.0138218818272167));
#7130=CARTESIAN_POINT('',(0.0769237930533199,0.0682228513053849,0.0123469771913139));
#7131=CARTESIAN_POINT('',(0.0771106217874154,0.0696972873131271,0.0107281992773744));
#7132=CARTESIAN_POINT('',(0.0776980747580693,0.0720699253133862,0.00976388952886492));
#7133=CARTESIAN_POINT('',(0.0789966598797165,0.0743096417442911,0.00938539327260645));
#7134=CARTESIAN_POINT('',(0.081125304841601,0.0758530418878928,0.00921129462490994));
#7135=CARTESIAN_POINT('',(0.0836176688707536,0.0765612482411749,0.00912677637294263));
#7136=CARTESIAN_POINT('',(0.0861899093613893,0.0767828704180137,0.00909880608068946));
#7137=CARTESIAN_POINT('',(0.0887595892301568,0.0767447157065565,0.00910363984426527));
#7138=CARTESIAN_POINT('',(0.091334116002212,0.0766634221167659,0.00911381905460673));
#7139=CARTESIAN_POINT('',(0.0938933232848861,0.0765213373844144,0.00913129336476546));
#7140=CARTESIAN_POINT('',(0.096442239065581,0.0759987125974295,0.00919430938248132));
#7141=CARTESIAN_POINT('',(0.0986985771282245,0.0746801718679591,0.00934256678666221));
#7142=CARTESIAN_POINT('',(0.100363170448296,0.0727015041617514,0.0096369227112259));
#7143=CARTESIAN_POINT('',(0.101540228630806,0.0704717883542642,0.0103215753732919));
#7144=CARTESIAN_POINT('',(0.102054882397111,0.0691459054305206,0.0113446358391112));
#7145=CARTESIAN_POINT('',(0.102253723897459,0.0686013663231276,0.0119933663977143));
#7146=CARTESIAN_POINT('',(0.102253723897448,0.0686013663231568,0.0119933663976715));
#7147=CARTESIAN_POINT('',(0.102253723897448,0.0686013663231581,0.0119989464278977));
#7148=CARTESIAN_POINT('',(0.102254055700277,0.068596379780826,0.0025));
#7149=CARTESIAN_POINT('',(0.102255369300021,0.0685968592213232,0.0025));
#7150=CARTESIAN_POINT('',(0.102738985726672,0.0672718180116159,0.0025));
#7151=CARTESIAN_POINT('',(0.103135951057856,0.0659203428947052,0.0025));
#7152=CARTESIAN_POINT('',(0.103488305714745,0.0645552587816443,0.0025));
#7153=CARTESIAN_POINT('',(0.103487473552652,0.0645550439702908,0.0025));
#7154=CARTESIAN_POINT('',(0.103488476544045,0.0645545969431065,0.0183212005365035));
#7155=CARTESIAN_POINT('',(0.103488476544046,0.0645545969431059,0.0183212824032746));
#7156=CARTESIAN_POINT('',(0.10348847654061,0.0645545969572163,0.018321282402882));
#7157=CARTESIAN_POINT('',(0.103661743003344,0.0638833002850293,0.0186499795792812));
#7158=CARTESIAN_POINT('',(0.104001039286864,0.0624707051989458,0.0190634871880086));
#7159=CARTESIAN_POINT('',(0.104466893019649,0.0602412850922486,0.0193285855048651));
#7160=CARTESIAN_POINT('',(0.104873551462636,0.0580357459683586,0.0192959152916617));
#7161=CARTESIAN_POINT('',(0.105240718612631,0.0558002326708118,0.0189935410613128));
#7162=CARTESIAN_POINT('',(0.105553158914076,0.0536809011726572,0.0181815041533084));
#7163=CARTESIAN_POINT('',(0.105830145151919,0.0516182567535272,0.0172509311594902));
#7164=CARTESIAN_POINT('',(0.106106017753539,0.04935499604673,0.0168240520516138));
#7165=CARTESIAN_POINT('',(0.106354655380906,0.0470916714890703,0.0172576019236512));
#7166=CARTESIAN_POINT('',(0.106558182061103,0.0450576807181319,0.0182830417493924));
#7167=CARTESIAN_POINT('',(0.106733699286781,0.0431528066638293,0.0195309693655275));
#7168=CARTESIAN_POINT('',(0.106891322464001,0.0412996740150841,0.0208549435916322));
#7169=CARTESIAN_POINT('',(0.107038892237143,0.0394208080503669,0.0221400595467877));
#7170=CARTESIAN_POINT('',(0.107158432635422,0.0377656575520337,0.0230823152952138));
#7171=CARTESIAN_POINT('',(0.107254054230792,0.0363456063989175,0.0235760381942519));
#7172=CARTESIAN_POINT('',(0.107326953805827,0.0352067381095424,0.0237670141623278));
#7173=CARTESIAN_POINT('',(0.107396536520999,0.034058925176677,0.0237449712284633));
#7174=CARTESIAN_POINT('',(0.107460115065931,0.0329523085816633,0.0234107689424019));
#7175=CARTESIAN_POINT('',(0.107519513038971,0.0318623593805932,0.023065369502657));
#7176=CARTESIAN_POINT('',(0.107557183540428,0.0311324252614491,0.0228371624409342));
#7177=CARTESIAN_POINT('',(0.107575483761063,0.0307678324959476,0.022722788351585));
#7178=CARTESIAN_POINT('',(0.107575483759903,0.0307678324934247,0.0227227883507936));
#7179=CARTESIAN_POINT('',(0.107593842174105,0.0303985879515607,0.0242555112465534));
#7180=CARTESIAN_POINT('',(0.107587780966794,0.0305216694808307,0.0237446029204572));
#7181=CARTESIAN_POINT('',(0.107581661670837,0.0306447508509433,0.0232336952514837));
#7182=CARTESIAN_POINT('',(0.107575483782845,0.0307678320619993,0.0227227882462856));
#7183=CARTESIAN_POINT('',(0.107593842174147,0.0303985879507091,0.0242555112465534));
#7184=CARTESIAN_POINT('',(0.107593842174494,0.0303985879436709,0.0242555113462517));
#7185=CARTESIAN_POINT('',(0.107629520152036,0.0296740953114983,0.0241979681822124));
#7186=CARTESIAN_POINT('',(0.107689280974667,0.0283862363830854,0.0235836537083333));
#7187=CARTESIAN_POINT('',(0.107771034703277,0.0264375866000927,0.0227420648785741));
#7188=CARTESIAN_POINT('',(0.107848985682196,0.02433963475614,0.0222778591795119));
#7189=CARTESIAN_POINT('',(0.107917810797496,0.0222057306280979,0.022320323233281));
#7190=CARTESIAN_POINT('',(0.107974918957749,0.0201366079239609,0.0229028235488013));
#7191=CARTESIAN_POINT('',(0.108013979456367,0.0184590074803063,0.0235606716571215));
#7192=CARTESIAN_POINT('',(0.108041711784669,0.0170811982274593,0.023948760739996));
#7193=CARTESIAN_POINT('',(0.108061522530584,0.0159724137990059,0.0240129798855503));
#7194=CARTESIAN_POINT('',(0.108078202097465,0.0149014508644751,0.0238477140413527));
#7195=CARTESIAN_POINT('',(0.108097108468895,0.0134927284608476,0.0235334742103137));
#7196=CARTESIAN_POINT('',(0.108114946234802,0.0117433546566971,0.0230665178773672));
#7197=CARTESIAN_POINT('',(0.108127480035996,0.00963307583192946,0.0226123797769813));
#7198=CARTESIAN_POINT('',(0.108130940437711,0.00750357160692953,0.022401919444814));
#7199=CARTESIAN_POINT('',(0.10812501443681,0.00535623367375389,0.0224256908122111));
#7200=CARTESIAN_POINT('',(0.108109255964852,0.0031913164377451,0.0226135233126129));
#7201=CARTESIAN_POINT('',(0.108083731550713,0.0010474804010946,0.0229232399839087));
#7202=CARTESIAN_POINT('',(0.108048118176586,-0.00109281822408862,0.0232571292063933));
#7203=CARTESIAN_POINT('',(0.108017264034708,-0.00251797615583838,0.0234892759588971));
#7204=CARTESIAN_POINT('',(0.108000346775023,-0.00321627413171835,0.0236955688559815));
#7205=CARTESIAN_POINT('',(0.108000344843327,-0.00321634960366626,0.0236953131468522));
#7206=CARTESIAN_POINT('',(0.108000344843328,-0.0032163496036392,0.02995));
#7207=CARTESIAN_POINT('',(0.108000344843331,-0.0032163496036425,0.0025));
#7208=CARTESIAN_POINT('',(0.0651245253076923,0.0336284604618228,0.0025));
#7209=CARTESIAN_POINT('',(0.0668856215270135,0.0322610866601239,0.0025));
#7210=CARTESIAN_POINT('',(0.0702649724996098,0.0295950684505475,0.0025));
#7211=CARTESIAN_POINT('',(0.0732074118362439,0.0295805283069335,0.0025));
#7212=CARTESIAN_POINT('',(0.0824982125677767,0.0328483442738962,0.0025));
#7213=CARTESIAN_POINT('',(0.07081417247142,0.0776978712736974,0.0025));
#7214=CARTESIAN_POINT('',(0.0909609543933641,0.0765642508669651,0.0025));
#7215=CARTESIAN_POINT('',(0.107806133996441,0.0763812376092785,0.0025));
#7216=CARTESIAN_POINT('',(0.108901629436556,0.010430165566504,0.0025));
#7217=CARTESIAN_POINT('',(0.107632100682489,-0.0129068369141257,0.0025));
#7218=CARTESIAN_POINT('',(0.10784168653691,-0.00833919931298777,0.0025));
#7219=CARTESIAN_POINT('',(0.10784168653691,-0.00833919931298838,0.02995));
#7220=CARTESIAN_POINT('',(0.10784168653691,-0.00833919931298838,0.0228529543695511));
#7221=CARTESIAN_POINT('',(0.107810324050781,-0.00913431770096428,0.0225747253570972));
#7222=CARTESIAN_POINT('',(0.107829858016615,-0.0088697403295809,0.0226674683612485));
#7223=CARTESIAN_POINT('',(0.107840320366234,-0.00860449329114654,0.0227602113653999));
#7224=CARTESIAN_POINT('',(0.10784168653691,-0.00833919931298832,0.0228529543695512));
#7225=CARTESIAN_POINT('',(0.10781032405078,-0.00913431770096428,0.0225747253570972));
#7226=CARTESIAN_POINT('',(0.107810324050779,-0.00913431770099055,0.02995));
#7227=CARTESIAN_POINT('',(0.106811623255842,-0.0127585658851284,0.02995));
#7228=CARTESIAN_POINT('',(0.107074041676481,-0.0128059883351181,0.0242465896864587));
#7229=CARTESIAN_POINT('',(0.106857486419671,-0.0127668539607658,0.0242494325498473));
#7230=CARTESIAN_POINT('',(0.106640937862104,-0.0127277207964733,0.0242527309932632));
#7231=CARTESIAN_POINT('',(0.106424395555546,-0.0126885887624016,0.0242564545416109));
#7232=CARTESIAN_POINT('',(0.0670905312485,-0.00558044374118026,0.0025));
#7233=CARTESIAN_POINT('',(0.106933822360006,-0.0127806488655109,0.0025));
#7234=CARTESIAN_POINT('',(0.106933822360006,-0.0127806488655109,0.0275));
#7235=CARTESIAN_POINT('',(0.106933822717224,-0.0127806480161364,0.0217424653956656));
#7236=CARTESIAN_POINT('',(0.106933822637256,-0.0127806484584965,0.0217424653947886));
#7237=CARTESIAN_POINT('',(0.106764012245651,-0.0127499614941999,0.021744180348521));
#7238=CARTESIAN_POINT('',(0.106594203790497,-0.0127192753369625,0.0217460813877011));
#7239=CARTESIAN_POINT('',(0.106424397404954,-0.0126885890966138,0.0217481660260057));
#7240=CARTESIAN_POINT('',(0.0303791531935529,-0.0123370322398842,0.02995));
#7241=CARTESIAN_POINT('',(0.0306575685172424,-0.0121851774069104,0.0217982528116619));
#7242=CARTESIAN_POINT('',(0.0305870919540171,-0.0122236171255729,0.0217932679507387));
#7243=CARTESIAN_POINT('',(0.0305166024183074,-0.0122620639200891,0.0217885339052647));
#7244=CARTESIAN_POINT('',(0.0304460993528532,-0.0123005180937445,0.0217840614440766));
#7245=CARTESIAN_POINT('',(0.0306576528810438,-0.0121851313933051,0.0243253779248214));
#7246=CARTESIAN_POINT('',(0.0305871804022886,-0.0122235688841932,0.0243186752151045));
#7247=CARTESIAN_POINT('',(0.0305166873546022,-0.0122620175936633,0.0243122664011329));
#7248=CARTESIAN_POINT('',(0.0304461721646992,-0.0123004783803029,0.0243061739655095));
#7249=CARTESIAN_POINT('',(0.0651307266208693,0.0338438264160792,0.0263275711535414));
#7250=CARTESIAN_POINT('',(0.0651307266208693,0.0338438264160792,0.0214071047648069));
#7251=CARTESIAN_POINT('',(0.0651923730101839,0.0359809253621164,0.0263275711535414));
#7252=CARTESIAN_POINT('',(0.0651923730101839,0.0359809253621164,0.0214071047648069));
#7253=CARTESIAN_POINT('',(0.0652584589588533,0.038196638122964,0.0263275711535414));
#7254=CARTESIAN_POINT('',(0.0652584589588533,0.038196638122964,0.0214071047648069));
#7255=CARTESIAN_POINT('',(0.0653090637289012,0.0404421109869924,0.0263275711535414));
#7256=CARTESIAN_POINT('',(0.0653090637289012,0.0404421109869924,0.0214071047648069));
#7257=CARTESIAN_POINT('',(0.0653090637289013,0.0404421109869927,0.0294));
#7258=CARTESIAN_POINT('',(0.0653090637289012,0.0404421109869927,0.0214362774904318));
#7259=CARTESIAN_POINT('',(0.0653090637289013,0.0404421109869927,0.0244102817995302));
#7260=CARTESIAN_POINT('',(0.0651318298008315,0.0338820704088503,0.0236627805254196));
#7261=CARTESIAN_POINT('',(0.0651658612108812,0.0350618392705436,0.0238817141170014));
#7262=CARTESIAN_POINT('',(0.065235868717718,0.037458525162959,0.0234125737942976));
#7263=CARTESIAN_POINT('',(0.0652869465479563,0.039460710822669,0.0220997624388929));
#7264=CARTESIAN_POINT('',(0.0653090637289012,0.0404421109869926,0.0214362774904318));
#7265=CARTESIAN_POINT('',(0.0651318296377747,0.0338820647669086,0.0261906196068125));
#7266=CARTESIAN_POINT('',(0.0651652792189982,0.0350416633350119,0.0263315183582592));
#7267=CARTESIAN_POINT('',(0.0652337232413021,0.0373808381196752,0.026063185151203));
#7268=CARTESIAN_POINT('',(0.0652867392529541,0.0394515125731387,0.0250106703469028));
#7269=CARTESIAN_POINT('',(0.0653090637289013,0.0404421109869926,0.0244102817995212));
#7270=CARTESIAN_POINT('',(0.0750509425997734,0.0458605922758579,0.0306));
#7271=CARTESIAN_POINT('',(0.0750509425997734,0.0576643757522106,0.0306));
#7272=CARTESIAN_POINT('',(0.0750509425997734,0.0576643757522106,0.0217292241600443));
#7273=CARTESIAN_POINT('',(0.0750509425997734,0.0576643773979341,0.019218223072376));
#7274=CARTESIAN_POINT('',(0.0750509425997734,0.0576643773960092,0.0192182230721815));
#7275=CARTESIAN_POINT('',(0.0750509425997734,0.0571301041842353,0.0191642036768746));
#7276=CARTESIAN_POINT('',(0.0750509425997734,0.0560744068810191,0.0190095940178848));
#7277=CARTESIAN_POINT('',(0.0750509425997734,0.0540433381256234,0.0183869585527933));
#7278=CARTESIAN_POINT('',(0.0750509425997733,0.0521247854903836,0.0174084857243267));
#7279=CARTESIAN_POINT('',(0.0750509425997734,0.0500116174537878,0.0169344771045653));
#7280=CARTESIAN_POINT('',(0.0750509425997734,0.0483975730195638,0.0169717944613095));
#7281=CARTESIAN_POINT('',(0.0750509425997734,0.0468268073260856,0.0174144632298406));
#7282=CARTESIAN_POINT('',(0.0750509425997734,0.0449078218966789,0.0183527566869356));
#7283=CARTESIAN_POINT('',(0.0750509425997734,0.0426713467691809,0.0198657855862928));
#7284=CARTESIAN_POINT('',(0.0750509425997734,0.0400551206631401,0.0217384870553936));
#7285=CARTESIAN_POINT('',(0.0750509425997734,0.0373001463844735,0.023441390015557));
#7286=CARTESIAN_POINT('',(0.0750509425997734,0.0351286239574301,0.0238485897283232));
#7287=CARTESIAN_POINT('',(0.0750509425997734,0.0340568087995069,0.0236917409847304));
#7288=CARTESIAN_POINT('',(0.0750509425997734,0.0340568087995053,0.0236917409847302));
#7289=CARTESIAN_POINT('',(0.0750509425997734,0.0340568087995053,0.0306));
#7290=CARTESIAN_POINT('',(0.0750509425997734,0.0340568087995053,0.0262097850560899));
#7291=CARTESIAN_POINT('',(0.0750509425997734,0.0576642382704036,0.0217308131399325));
#7292=CARTESIAN_POINT('',(0.0750509425997734,0.0565869342543819,0.0216376030138641));
#7293=CARTESIAN_POINT('',(0.0750509425997734,0.0550063196346151,0.0213619063834308));
#7294=CARTESIAN_POINT('',(0.0750509425997734,0.0529967260573161,0.0205941302075267));
#7295=CARTESIAN_POINT('',(0.0750509425997734,0.0515189059765353,0.0199375908856859));
#7296=CARTESIAN_POINT('',(0.0750509425997734,0.049970634633426,0.0194144402226673));
#7297=CARTESIAN_POINT('',(0.0750509425997734,0.0483266693054543,0.0194979371073627));
#7298=CARTESIAN_POINT('',(0.0750509425997734,0.0468370954376674,0.0201686114712032));
#7299=CARTESIAN_POINT('',(0.0750509425997734,0.0454689595422303,0.0209917777416906));
#7300=CARTESIAN_POINT('',(0.0750509425997734,0.0441446275214298,0.0218987195644975));
#7301=CARTESIAN_POINT('',(0.0750509425997734,0.042397762678342,0.0231345805971171));
#7302=CARTESIAN_POINT('',(0.0750509425997734,0.0401959574589447,0.0246513354968036));
#7303=CARTESIAN_POINT('',(0.0750509425997734,0.0372914720655479,0.0260621039499261));
#7304=CARTESIAN_POINT('',(0.0750509425997734,0.0351303373349673,0.0263148964746977));
#7305=CARTESIAN_POINT('',(0.0750509425997734,0.0340568087994366,0.0262097850560831));
#7306=CARTESIAN_POINT('',(0.0712341219186783,0.0340568087995053,0.0306));
#7307=CARTESIAN_POINT('',(0.0750509425997734,0.0340568087995053,0.0262097850560899));
#7308=CARTESIAN_POINT('',(0.0674173012375832,0.0340568087995053,0.0262097850560899));
#7309=CARTESIAN_POINT('',(0.0750509425997734,0.0340568087995053,0.0236917409847302));
#7310=CARTESIAN_POINT('',(0.0674173012375832,0.0340568087995053,0.0236917409847302));
#7311=CARTESIAN_POINT('',(0.0674173012375832,0.0340568087995053,0.0306));
#7312=CARTESIAN_POINT('',(0.0674173012375832,0.0458605922758579,0.0306));
#7313=CARTESIAN_POINT('',(0.0674173012375832,0.0576642382704036,0.0217308131399325));
#7314=CARTESIAN_POINT('',(0.0674173012375832,0.0565869342543819,0.0216376030138641));
#7315=CARTESIAN_POINT('',(0.0674173012375832,0.0550063196346151,0.0213619063834308));
#7316=CARTESIAN_POINT('',(0.0674173012375832,0.0529967260573161,0.0205941302075268));
#7317=CARTESIAN_POINT('',(0.0674173012375832,0.0515189059765352,0.0199375908856858));
#7318=CARTESIAN_POINT('',(0.0674173012375832,0.0499706346334259,0.0194144402226673));
#7319=CARTESIAN_POINT('',(0.0674173012375832,0.0483266693054543,0.0194979371073627));
#7320=CARTESIAN_POINT('',(0.0674173012375832,0.0468370954376673,0.0201686114712032));
#7321=CARTESIAN_POINT('',(0.0674173012375832,0.0454689595422303,0.0209917777416906));
#7322=CARTESIAN_POINT('',(0.0674173012375832,0.0441446275214298,0.0218987195644975));
#7323=CARTESIAN_POINT('',(0.0674173012375832,0.042397762678342,0.0231345805971171));
#7324=CARTESIAN_POINT('',(0.0674173012375832,0.0401959574589447,0.0246513354968036));
#7325=CARTESIAN_POINT('',(0.0674173012375832,0.0372914720655479,0.0260621039499261));
#7326=CARTESIAN_POINT('',(0.0674173012375832,0.0351303373349673,0.0263148964746977));
#7327=CARTESIAN_POINT('',(0.0674173012375832,0.0340568087994366,0.0262097850560831));
#7328=CARTESIAN_POINT('',(0.0674173012375832,0.0576643757522106,0.0217292241600443));
#7329=CARTESIAN_POINT('',(0.0674173012375832,0.0576643773960092,0.0192182230721815));
#7330=CARTESIAN_POINT('',(0.0674173012375832,0.0571301041842353,0.0191642036768746));
#7331=CARTESIAN_POINT('',(0.0674173012375832,0.0560744068810191,0.0190095940178848));
#7332=CARTESIAN_POINT('',(0.0674173012375832,0.0540433381256233,0.0183869585527933));
#7333=CARTESIAN_POINT('',(0.0674173012375832,0.0521247854903836,0.0174084857243267));
#7334=CARTESIAN_POINT('',(0.0674173012375832,0.0500116174537877,0.0169344771045653));
#7335=CARTESIAN_POINT('',(0.0674173012375832,0.0483975730195638,0.0169717944613095));
#7336=CARTESIAN_POINT('',(0.0674173012375832,0.0468268073260855,0.0174144632298406));
#7337=CARTESIAN_POINT('',(0.0674173012375832,0.0449078218966788,0.0183527566869357));
#7338=CARTESIAN_POINT('',(0.0674173012375832,0.0426713467691808,0.0198657855862928));
#7339=CARTESIAN_POINT('',(0.0674173012375832,0.0400551206631401,0.0217384870553936));
#7340=CARTESIAN_POINT('',(0.0674173012375832,0.0373001463844735,0.023441390015557));
#7341=CARTESIAN_POINT('',(0.0674173012375832,0.0351286239574301,0.0238485897283232));
#7342=CARTESIAN_POINT('',(0.0674173012375832,0.0340568087995069,0.0236917409847304));
#7343=CARTESIAN_POINT('',(0.0674173012375832,0.0576643773979341,0.019218223072376));
#7344=CARTESIAN_POINT('',(0.0674173012375832,0.0576643757522106,0.0306));
#7345=CARTESIAN_POINT('',(0.0712341219186783,0.0576643757522106,0.0306));
#7346=CARTESIAN_POINT('',(0.0750509425997734,0.0576643757522112,0.01921822290598));
#7347=CARTESIAN_POINT('',(0.0750509425997734,0.0576643757522106,0.0217308250345721));
#7348=CARTESIAN_POINT('',(0.103431052868039,0.0307678320714407,0.0227227882184157));
#7349=CARTESIAN_POINT('',(0.113116512797824,0.0307678320714407,0.0227227882184157));
#7350=CARTESIAN_POINT('',(0.103431052868039,0.0311055815180724,0.0228287414600576));
#7351=CARTESIAN_POINT('',(0.113116512797824,0.0311055815180724,0.0228287414600576));
#7352=CARTESIAN_POINT('',(0.103431052868039,0.0316128939891456,0.0229878999353593));
#7353=CARTESIAN_POINT('',(0.113116512797824,0.0316128939891456,0.0229878999353593));
#7354=CARTESIAN_POINT('',(0.103431052868039,0.0322865574764676,0.0231991968055735));
#7355=CARTESIAN_POINT('',(0.113116512797824,0.0322865574764676,0.0231991968055735));
#7356=CARTESIAN_POINT('',(0.103431052868039,0.0327133322019568,0.0233331621917913));
#7357=CARTESIAN_POINT('',(0.113116512797824,0.0327133322019568,0.0233331621917913));
#7358=CARTESIAN_POINT('',(0.103431052868039,0.0330416781972972,0.0234359921642738));
#7359=CARTESIAN_POINT('',(0.113116512797824,0.0330416781972972,0.0234359921642738));
#7360=CARTESIAN_POINT('',(0.103431052868039,0.0333237044918626,0.0235249942539091));
#7361=CARTESIAN_POINT('',(0.113116512797824,0.0333237044918626,0.0235249942539091));
#7362=CARTESIAN_POINT('',(0.103431052868039,0.0334692580122085,0.0235686681776329));
#7363=CARTESIAN_POINT('',(0.113116512797824,0.0334692580122085,0.0235686681776329));
#7364=CARTESIAN_POINT('',(0.103431052868039,0.0337012663604897,0.0236284109058723));
#7365=CARTESIAN_POINT('',(0.113116512797824,0.0337012663604897,0.0236284109058723));
#7366=CARTESIAN_POINT('',(0.103431052868039,0.0339861739562307,0.0236849562996976));
#7367=CARTESIAN_POINT('',(0.113116512797824,0.0339861739562307,0.0236849562996976));
#7368=CARTESIAN_POINT('',(0.103431052868039,0.0347016369697553,0.0237749133233958));
#7369=CARTESIAN_POINT('',(0.113116512797824,0.0347016369697553,0.0237749133233958));
#7370=CARTESIAN_POINT('',(0.103431052868039,0.0358721720626407,0.0237185682580405));
#7371=CARTESIAN_POINT('',(0.113116512797824,0.0358721720626407,0.0237185682580405));
#7372=CARTESIAN_POINT('',(0.103431052868039,0.0375972646330679,0.0231829122639297));
#7373=CARTESIAN_POINT('',(0.113116512797824,0.0375972646330679,0.0231829122639297));
#7374=CARTESIAN_POINT('',(0.103431052868039,0.0396684596845046,0.0219927716738025));
#7375=CARTESIAN_POINT('',(0.113116512797824,0.0396684596845046,0.0219927716738025));
#7376=CARTESIAN_POINT('',(0.103431052868039,0.0419263328084714,0.0204066595880346));
#7377=CARTESIAN_POINT('',(0.113116512797824,0.0419263328084714,0.0204066595880346));
#7378=CARTESIAN_POINT('',(0.103431052868039,0.0438541119464024,0.019046525245523));
#7379=CARTESIAN_POINT('',(0.113116512797824,0.0438541119464024,0.019046525245523));
#7380=CARTESIAN_POINT('',(0.103431052868039,0.0454513516167286,0.0180890442805056));
#7381=CARTESIAN_POINT('',(0.113116512797824,0.0454513516167286,0.0180890442805056));
#7382=CARTESIAN_POINT('',(0.103431052868039,0.046699674826624,0.0174808493619886));
#7383=CARTESIAN_POINT('',(0.113116512797824,0.046699674826624,0.0174808493619886));
#7384=CARTESIAN_POINT('',(0.103431052868039,0.0480989890889932,0.0170317455794105));
#7385=CARTESIAN_POINT('',(0.113116512797824,0.0480989890889932,0.0170317455794105));
#7386=CARTESIAN_POINT('',(0.103431052868039,0.0495919250072952,0.0169183230573271));
#7387=CARTESIAN_POINT('',(0.113116512797824,0.0495919250072952,0.0169183230573271));
#7388=CARTESIAN_POINT('',(0.103431052868039,0.0509118479109521,0.0171169960737567));
#7389=CARTESIAN_POINT('',(0.113116512797824,0.0509118479109521,0.0171169960737567));
#7390=CARTESIAN_POINT('',(0.103431052868039,0.0524187009655726,0.0175925533429816));
#7391=CARTESIAN_POINT('',(0.113116512797824,0.0524187009655726,0.0175925533429816));
#7392=CARTESIAN_POINT('',(0.103431052868039,0.0536295527733641,0.0181510921589144));
#7393=CARTESIAN_POINT('',(0.113116512797824,0.0536295527733641,0.0181510921589144));
#7394=CARTESIAN_POINT('',(0.103431052868039,0.0548036125729348,0.0186131190439104));
#7395=CARTESIAN_POINT('',(0.113116512797824,0.0548036125729348,0.0186131190439104));
#7396=CARTESIAN_POINT('',(0.103431052868039,0.0559874526475685,0.0189868015156731));
#7397=CARTESIAN_POINT('',(0.113116512797824,0.0559874526475685,0.0189868015156731));
#7398=CARTESIAN_POINT('',(0.103431052868039,0.0578675649600326,0.0192987977022439));
#7399=CARTESIAN_POINT('',(0.113116512797824,0.0578675649600326,0.0192987977022439));
#7400=CARTESIAN_POINT('',(0.103431052868039,0.0604447141940645,0.0193328400455004));
#7401=CARTESIAN_POINT('',(0.113116512797824,0.0604447141940645,0.0193328400455004));
#7402=CARTESIAN_POINT('',(0.103431052868039,0.0629097461946226,0.0189813052295178));
#7403=CARTESIAN_POINT('',(0.113116512797824,0.0629097461946226,0.0189813052295178));
#7404=CARTESIAN_POINT('',(0.103431052868039,0.0642065627831025,0.0185080593600837));
#7405=CARTESIAN_POINT('',(0.113116512797824,0.0642065627831025,0.0185080593600837));
#7406=CARTESIAN_POINT('',(0.103431052868039,0.0647000453781472,0.0182473295594329));
#7407=CARTESIAN_POINT('',(0.113116512797824,0.0647000453781472,0.0182473295594329));
#7408=CARTESIAN_POINT('',(0.109541869300624,0.0457501769759755,0.0179539535921202));
#7409=CARTESIAN_POINT('',(0.109982449161441,0.046504523728243,0.0175664716028132));
#7410=CARTESIAN_POINT('',(0.110543981877747,0.0477119569511065,0.0170658380061947));
#7411=CARTESIAN_POINT('',(0.111065577636399,0.049569556549287,0.0169181510311492));
#7412=CARTESIAN_POINT('',(0.111372549823043,0.0514522892191521,0.0171903564133357));
#7413=CARTESIAN_POINT('',(0.111379537053604,0.0532151566536051,0.0179701352792206));
#7414=CARTESIAN_POINT('',(0.111133412146776,0.054962083997018,0.0186890581673274));
#7415=CARTESIAN_POINT('',(0.110804685821182,0.0562988458162673,0.0190429859706543));
#7416=CARTESIAN_POINT('',(0.110314909467419,0.0576479932192411,0.019234548033585));
#7417=CARTESIAN_POINT('',(0.109479434350303,0.0593501401511159,0.0193367125663591));
#7418=CARTESIAN_POINT('',(0.108086546883407,0.0613131907345361,0.0192394419875189));
#7419=CARTESIAN_POINT('',(0.105966404405921,0.063233993963783,0.0188642553225824));
#7420=CARTESIAN_POINT('',(0.104348330232588,0.0641713227020991,0.0185089507858827));
#7421=CARTESIAN_POINT('',(0.103488476543512,0.0645545969433441,0.0183212824031579));
#7422=CARTESIAN_POINT('',(0.10954191555723,0.0457502561756873,0.0179541603727627));
#7423=CARTESIAN_POINT('',(0.111612779593879,0.0307678320701729,0.0227227882180179));
#7424=CARTESIAN_POINT('',(0.111937734230318,0.0314086011494226,0.0229237998311161));
#7425=CARTESIAN_POINT('',(0.112341331918466,0.0323962795838421,0.0232221342810773));
#7426=CARTESIAN_POINT('',(0.112719864705378,0.0337729997946391,0.0236847278275144));
#7427=CARTESIAN_POINT('',(0.112924512085639,0.0348564199586429,0.0237817372346632));
#7428=CARTESIAN_POINT('',(0.113037980904287,0.0359651527679819,0.0236614083390154));
#7429=CARTESIAN_POINT('',(0.113064316200117,0.0373894158912963,0.0232545201558584));
#7430=CARTESIAN_POINT('',(0.112899570700859,0.039023108135401,0.0223884164959133));
#7431=CARTESIAN_POINT('',(0.112452940298287,0.0408325866617291,0.0211835538709358));
#7432=CARTESIAN_POINT('',(0.111550189752262,0.0430976971224255,0.0195682453427392));
#7433=CARTESIAN_POINT('',(0.110485566144935,0.0447251127393436,0.0184804918169943));
#7434=CARTESIAN_POINT('',(0.109541970980373,0.0457501959666227,0.0179539438372965));
#7435=CARTESIAN_POINT('',(0.111612779593879,0.030767832068905,0.0227227882176201));
#7436=CARTESIAN_POINT('',(0.111612779593879,0.030767832068905,0.0227227882176201));
#7437=CARTESIAN_POINT('',(0.0980883274286862,0.0524396733761801,0.0275));
#7438=CARTESIAN_POINT('',(0.0980883274286862,0.0524396733761801,0.0025));
#7439=CARTESIAN_POINT('',(0.10954191555723,0.0457502561756873,0.0025));
#7440=CARTESIAN_POINT('',(0.10954191555723,0.0457502561756873,0.0179541603727627));
#7441=CARTESIAN_POINT('',(0.0997830621599375,0.0367670627640589,0.0275));
#7442=CARTESIAN_POINT('',(0.0997830621599375,0.0367670627640589,0.0025));
#7443=CARTESIAN_POINT('',(0.110951489563979,0.029611700242059,0.0025));
#7444=CARTESIAN_POINT('',(0.110951489563979,0.029611700242059,0.0240908863350541));
#7445=CARTESIAN_POINT('',(0.110951489563979,0.029611700242059,0.0240908863350541));
#7446=CARTESIAN_POINT('',(0.110951587488445,0.0296118531052058,0.0240902017499217));
#7447=CARTESIAN_POINT('',(0.111113758582647,0.0298649850271902,0.0241699152631859));
#7448=CARTESIAN_POINT('',(0.111268781363239,0.0301256748412368,0.0242338350945621));
#7449=CARTESIAN_POINT('',(0.111418160429842,0.0303985879270009,0.0242555113449954));
#7450=CARTESIAN_POINT('',(0.111418160429838,0.0303985879269939,0.0242555113449949));
#7451=CARTESIAN_POINT('',(0.0997830621599375,0.0367670627640589,-0.0021798672052279));
#7452=CARTESIAN_POINT('',(0.100831016283423,0.0210379610298989,0.0275));
#7453=CARTESIAN_POINT('',(0.109961901423723,0.0114171544084618,0.023007733533466));
#7454=CARTESIAN_POINT('',(0.11058200191372,0.0120056774473714,0.0231439014425394));
#7455=CARTESIAN_POINT('',(0.111407046515792,0.0129573839273885,0.0233917222342811));
#7456=CARTESIAN_POINT('',(0.11231690167704,0.0143638659981667,0.0237350128290718));
#7457=CARTESIAN_POINT('',(0.11290698603306,0.0155010487927063,0.0239570202237428));
#7458=CARTESIAN_POINT('',(0.113387921054571,0.0167002890475899,0.0240231446696061));
#7459=CARTESIAN_POINT('',(0.113745618006403,0.0179291919244383,0.0237238299105897));
#7460=CARTESIAN_POINT('',(0.113974722607923,0.0191246252530408,0.0233023413799486));
#7461=CARTESIAN_POINT('',(0.114135823234591,0.0207411639546554,0.0227062986312443));
#7462=CARTESIAN_POINT('',(0.114055831436885,0.0228569577039201,0.0222000438615889));
#7463=CARTESIAN_POINT('',(0.113441014771709,0.0254093429674174,0.0224297466876726));
#7464=CARTESIAN_POINT('',(0.11241209479873,0.0276495281709117,0.0232169566608191));
#7465=CARTESIAN_POINT('',(0.111496797561787,0.0289680330575374,0.0238874535649103));
#7466=CARTESIAN_POINT('',(0.11095138196327,0.0296118272527151,0.0240901936086706));
#7467=CARTESIAN_POINT('',(0.109961859752482,0.0114171148589996,0.0230080942341972));
#7468=CARTESIAN_POINT('',(0.100831016283423,0.0210379610298989,0.0025));
#7469=CARTESIAN_POINT('',(0.109961859752482,0.0114171148589996,0.0025));
#7470=CARTESIAN_POINT('',(0.109961859752482,0.0114171148589996,0.0230080942341972));
#7471=CARTESIAN_POINT('',(0.100098704286193,0.00529100677368809,0.0275));
#7472=CARTESIAN_POINT('',(0.100098704286193,0.00529100677368809,0.0025));
#7473=CARTESIAN_POINT('',(0.108000384205504,-0.00321631305819215,0.0236955803557881));
#7474=CARTESIAN_POINT('',(0.108487833326625,-0.00276356565852246,0.0235618273892172));
#7475=CARTESIAN_POINT('',(0.109376033689559,-0.00178587695534267,0.0233432848105021));
#7476=CARTESIAN_POINT('',(0.110459007926611,-7.66849173709958E-5,0.0231156245077372));
#7477=CARTESIAN_POINT('',(0.111219368131989,0.00175891795640614,0.0228073245475039));
#7478=CARTESIAN_POINT('',(0.111662567370787,0.00373162036396702,0.0225591109767683));
#7479=CARTESIAN_POINT('',(0.111759579073034,0.00572837598646908,0.0224117418435942));
#7480=CARTESIAN_POINT('',(0.111421248053161,0.00842453097796033,0.0224175297084387));
#7481=CARTESIAN_POINT('',(0.110663849595839,0.0102869124950932,0.0227462262474368));
#7482=CARTESIAN_POINT('',(0.109961822824415,0.0114171743135205,0.0230077381389503));
#7483=CARTESIAN_POINT('',(0.0962310250104259,-0.00827940848991024,0.0275));
#7484=CARTESIAN_POINT('',(0.103230816387845,-0.0175429907576892,0.0235853158938285));
#7485=CARTESIAN_POINT('',(0.104002720503346,-0.0169597209582,0.0231005403921155));
#7486=CARTESIAN_POINT('',(0.105379738382716,-0.0156410045604685,0.0220432007453637));
#7487=CARTESIAN_POINT('',(0.106512152725814,-0.0137832715359004,0.0216864333625223));
#7488=CARTESIAN_POINT('',(0.106933822717223,-0.0127806480161399,0.0217424653938942));
#7489=CARTESIAN_POINT('',(0.10323121399172,-0.0175426903193314,0.0235863105043977));
#7490=CARTESIAN_POINT('',(0.0962310250104259,-0.00827940848991024,0.0025));
#7491=CARTESIAN_POINT('',(0.10323121399172,-0.0175426903193314,0.0025));
#7492=CARTESIAN_POINT('',(0.10323121399172,-0.0175426903193314,0.0235863105043977));
#7493=CARTESIAN_POINT('',(0.0928515750015604,-0.0219795702059006,0.0275));
#7494=CARTESIAN_POINT('',(0.0995486856573395,-0.0310664594236621,0.0226634186654981));
#7495=CARTESIAN_POINT('',(0.100069364682638,-0.0306827147817941,0.0225180540946309));
#7496=CARTESIAN_POINT('',(0.101025449124596,-0.0298426572564867,0.022211594284408));
#7497=CARTESIAN_POINT('',(0.102248034486643,-0.0283368288126733,0.0218031265863534));
#7498=CARTESIAN_POINT('',(0.103213977950161,-0.0266022126014578,0.0216646922960418));
#7499=CARTESIAN_POINT('',(0.103856214246178,-0.0247308492604936,0.0219629907039121));
#7500=CARTESIAN_POINT('',(0.104103818156044,-0.0231839335718828,0.0225219346149829));
#7501=CARTESIAN_POINT('',(0.104151605467696,-0.0219827695337769,0.0230513092275983));
#7502=CARTESIAN_POINT('',(0.104116286046761,-0.0210865973103985,0.0234569858368904));
#7503=CARTESIAN_POINT('',(0.104008629861558,-0.0201798012471539,0.0238255812994383));
#7504=CARTESIAN_POINT('',(0.103847254480063,-0.0193917252671457,0.0240705115044649));
#7505=CARTESIAN_POINT('',(0.103676081719138,-0.018763270141554,0.024167948313754));
#7506=CARTESIAN_POINT('',(0.103513113286696,-0.0182611296338956,0.0241927232695565));
#7507=CARTESIAN_POINT('',(0.103378514792611,-0.0178991938588594,0.0238735758488554));
#7508=CARTESIAN_POINT('',(0.103281884664107,-0.0176612467192629,0.0236836028045056));
#7509=CARTESIAN_POINT('',(0.103231449936207,-0.0175432423285944,0.0235855249833755));
#7510=CARTESIAN_POINT('',(0.0995486866178574,-0.0310664606418012,0.0226634188902037));
#7511=CARTESIAN_POINT('',(0.0928515750015604,-0.0219795702059006,0.0025));
#7512=CARTESIAN_POINT('',(0.0995486853813437,-0.0310664575307701,0.0025));
#7513=CARTESIAN_POINT('',(0.0995486853813437,-0.0310664575307701,0.0226634385750699));
#7514=CARTESIAN_POINT('',(0.0890587238702555,-0.0352358119399998,0.0275));
#7515=CARTESIAN_POINT('',(0.0808211523504612,-0.0429536629459542,0.0171320360596743));
#7516=CARTESIAN_POINT('',(0.0815373121667319,-0.0437180490038841,0.0159122651681322));
#7517=CARTESIAN_POINT('',(0.0827677667944537,-0.044744028774515,0.0141252294531877));
#7518=CARTESIAN_POINT('',(0.0850780713528409,-0.0458655028876869,0.0121398076117244));
#7519=CARTESIAN_POINT('',(0.0872022428542716,-0.0464526697573479,0.0111023732825978));
#7520=CARTESIAN_POINT('',(0.0896482684928281,-0.0465983407284584,0.0108470391968789));
#7521=CARTESIAN_POINT('',(0.0919959440963635,-0.0462105048119151,0.0115289391040944));
#7522=CARTESIAN_POINT('',(0.0939202171241899,-0.045483166869957,0.0128177729431184));
#7523=CARTESIAN_POINT('',(0.0954856015706011,-0.0445677100282784,0.0144326403220104));
#7524=CARTESIAN_POINT('',(0.0967509027113217,-0.0435473835711449,0.0161824533313299));
#7525=CARTESIAN_POINT('',(0.0978231530755771,-0.0424059686655907,0.0180228106224104));
#7526=CARTESIAN_POINT('',(0.098727704896851,-0.0411328017836154,0.0198413413602842));
#7527=CARTESIAN_POINT('',(0.099491322621131,-0.0396621033600681,0.0215629473217487));
#7528=CARTESIAN_POINT('',(0.0999934998903695,-0.0381813482687289,0.0228658389141908));
#7529=CARTESIAN_POINT('',(0.100260301794719,-0.036777662058558,0.0236381069308499));
#7530=CARTESIAN_POINT('',(0.100363291158526,-0.03559261539561,0.0239766009576938));
#7531=CARTESIAN_POINT('',(0.100335030876232,-0.0343766852681527,0.0238463766852503));
#7532=CARTESIAN_POINT('',(0.100137768349152,-0.0328535144309931,0.0233771542412867));
#7533=CARTESIAN_POINT('',(0.0998295000807687,-0.0317729789179283,0.0229310513663146));
#7534=CARTESIAN_POINT('',(0.0995486866794656,-0.0310664607968042,0.0226634184350153));
#7535=CARTESIAN_POINT('',(0.0808211523504612,-0.0429536629459568,0.0171320360596745));
#7536=CARTESIAN_POINT('',(0.0890587238702555,-0.0352358119399998,0.0025));
#7537=CARTESIAN_POINT('',(0.0808211523504611,-0.0429536629459566,0.0025));
#7538=CARTESIAN_POINT('',(0.0808211523504612,-0.0429536629459568,0.0171385256622478));
#7539=CARTESIAN_POINT('',(0.06980749623042,-0.0404245898511011,0.0275));
#7540=CARTESIAN_POINT('',(0.058612573441196,-0.0419642442256117,0.018641678780414));
#7541=CARTESIAN_POINT('',(0.0587594039435812,-0.0430318579475732,0.0170955360990589));
#7542=CARTESIAN_POINT('',(0.0592998406410114,-0.044885033885437,0.0139052443497923));
#7543=CARTESIAN_POINT('',(0.0605412257990148,-0.0470642653840517,0.00998446963111715));
#7544=CARTESIAN_POINT('',(0.0621751498021559,-0.0488323494498994,0.00705153171558354));
#7545=CARTESIAN_POINT('',(0.063843600518273,-0.0501139016785978,0.00513390922861718));
#7546=CARTESIAN_POINT('',(0.0660956561805694,-0.0512083722819908,0.00371863185882274));
#7547=CARTESIAN_POINT('',(0.0688236630259065,-0.051803419532982,0.00304922784327076));
#7548=CARTESIAN_POINT('',(0.0717116826427468,-0.0516836418139668,0.00317823118842894));
#7549=CARTESIAN_POINT('',(0.0743249032965725,-0.0508882209751918,0.00410799518622677));
#7550=CARTESIAN_POINT('',(0.0763835543962169,-0.0496984335871472,0.00572887007690381));
#7551=CARTESIAN_POINT('',(0.0778803632098373,-0.048402087944229,0.00774488556318512));
#7552=CARTESIAN_POINT('',(0.0789930791061375,-0.0470736364274099,0.0100012015604432));
#7553=CARTESIAN_POINT('',(0.0800803372531487,-0.0453142961539214,0.0131138965988077));
#7554=CARTESIAN_POINT('',(0.0805928707434611,-0.0439477880754945,0.0155456584917067));
#7555=CARTESIAN_POINT('',(0.0808211523504622,-0.0429536629459522,0.0171320360596729));
#7556=CARTESIAN_POINT('',(0.058612573441196,-0.0419642442256134,0.0186416787804116));
#7557=CARTESIAN_POINT('',(0.06980749623042,-0.0404245898511011,0.0025));
#7558=CARTESIAN_POINT('',(0.058612573441196,-0.0419642442256133,0.0025));
#7559=CARTESIAN_POINT('',(0.058612573441196,-0.0419642442256134,0.0186431083217659));
#7560=CARTESIAN_POINT('',(0.049572961574967,-0.0352358119399998,0.0275));
#7561=CARTESIAN_POINT('',(0.0387324215514809,-0.0321586241241346,0.0230855275266083));
#7562=CARTESIAN_POINT('',(0.0386271937837631,-0.0325293281226506,0.0232288105451912));
#7563=CARTESIAN_POINT('',(0.038455351880119,-0.0332782634095336,0.0235101522103213));
#7564=CARTESIAN_POINT('',(0.0383093204754304,-0.0344525683575111,0.0238677839100213));
#7565=CARTESIAN_POINT('',(0.0382908588816195,-0.0356970414481773,0.0239662461705188));
#7566=CARTESIAN_POINT('',(0.0384064530280205,-0.0368853600376136,0.0235907804571521));
#7567=CARTESIAN_POINT('',(0.0386159002378026,-0.0379336573370725,0.0229909800043431));
#7568=CARTESIAN_POINT('',(0.0389894377782119,-0.0391959283574859,0.0220008242758769));
#7569=CARTESIAN_POINT('',(0.0395795723294997,-0.0405316722634497,0.0205944399550521));
#7570=CARTESIAN_POINT('',(0.0404513185253742,-0.041916627457413,0.0187597857971483));
#7571=CARTESIAN_POINT('',(0.0418017048625823,-0.0435093767209624,0.0162836788933954));
#7572=CARTESIAN_POINT('',(0.0435360120607679,-0.0448955465022056,0.0138580773991849));
#7573=CARTESIAN_POINT('',(0.0459764305010973,-0.0459872593524372,0.0119239555274672));
#7574=CARTESIAN_POINT('',(0.0482232204534976,-0.0465130079633239,0.0109965428790959));
#7575=CARTESIAN_POINT('',(0.050746115812574,-0.0465345023281549,0.0109589727616385));
#7576=CARTESIAN_POINT('',(0.0530306979733194,-0.0460339181892317,0.01184096050406));
#7577=CARTESIAN_POINT('',(0.0548857490988903,-0.0452329427856545,0.0132618398422953));
#7578=CARTESIAN_POINT('',(0.0568759198860429,-0.0439471060802577,0.0155147423119636));
#7579=CARTESIAN_POINT('',(0.0579750030085569,-0.0428208166044074,0.0174011710131544));
#7580=CARTESIAN_POINT('',(0.0586125734411969,-0.0419642442256121,0.0186416787804135));
#7581=CARTESIAN_POINT('',(0.0387324212938361,-0.0321586245554611,0.0230855262213417));
#7582=CARTESIAN_POINT('',(0.049572961574967,-0.0352358119399998,0.0025));
#7583=CARTESIAN_POINT('',(0.0387324217735754,-0.0321586248269697,0.0025));
#7584=CARTESIAN_POINT('',(0.0387324217735753,-0.0321586248269697,0.0230855233257861));
#7585=CARTESIAN_POINT('',(0.0444932620393979,-0.0219795702059006,0.0275));
#7586=CARTESIAN_POINT('',(0.0336618098348878,-0.0175659462091827,0.0236043973001616));
#7587=CARTESIAN_POINT('',(0.0336070935315851,-0.0177002252108537,0.0237160249678267));
#7588=CARTESIAN_POINT('',(0.0335288114413515,-0.0179032052443332,0.0238803793982851));
#7589=CARTESIAN_POINT('',(0.0334302042837367,-0.0181809896398107,0.024105002669595));
#7590=CARTESIAN_POINT('',(0.0333166024267648,-0.0185236073813308,0.0241956533834118));
#7591=CARTESIAN_POINT('',(0.0331860399090555,-0.0189715720331948,0.0241427919639623));
#7592=CARTESIAN_POINT('',(0.0330182381934969,-0.0196680330787801,0.0239960990559833));
#7593=CARTESIAN_POINT('',(0.0328729016866421,-0.0205236001149045,0.0236967108964074));
#7594=CARTESIAN_POINT('',(0.0327647811841017,-0.0218677713886265,0.0231105040786481));
#7595=CARTESIAN_POINT('',(0.0328385990546742,-0.0235185845377528,0.0223541573507403));
#7596=CARTESIAN_POINT('',(0.0333038993476454,-0.0256163016073784,0.0217505718741538));
#7597=CARTESIAN_POINT('',(0.0341893955588241,-0.0276604304311252,0.0216803841238613));
#7598=CARTESIAN_POINT('',(0.0354238931509213,-0.0294681593153352,0.0220834966412684));
#7599=CARTESIAN_POINT('',(0.0369193183000901,-0.0309764118693523,0.02262006350091));
#7600=CARTESIAN_POINT('',(0.0381004672237127,-0.0318009697992621,0.0229472899478761));
#7601=CARTESIAN_POINT('',(0.0387324207602136,-0.0321586242534572,0.0230855291051103));
#7602=CARTESIAN_POINT('',(0.0336620614099257,-0.0175653288813747,0.0236052632314161));
#7603=CARTESIAN_POINT('',(0.0444932620393979,-0.0219795702059006,0.0025));
#7604=CARTESIAN_POINT('',(0.0336620614099257,-0.0175653288813747,0.0025));
#7605=CARTESIAN_POINT('',(0.0336620614099257,-0.0175653288813747,0.0236052632314161));
#7606=CARTESIAN_POINT('',(0.0846833178090345,0.0674295142306001,0.0275));
#7607=CARTESIAN_POINT('',(0.0846833178090345,0.0674295142306001,0.0025));
#7608=CARTESIAN_POINT('',(0.0881889477220444,0.0846864828621874,0.00249999999999997));
#7609=CARTESIAN_POINT('',(0.102253723897448,0.0686013663231228,0.011993366397716));
#7610=CARTESIAN_POINT('',(0.102230778287438,0.0689454060602174,0.0115834985153159));
#7611=CARTESIAN_POINT('',(0.102160042015216,0.0697165032277929,0.0108591208294187));
#7612=CARTESIAN_POINT('',(0.101840978446647,0.0716080260624682,0.00987807254724555));
#7613=CARTESIAN_POINT('',(0.101075681705893,0.0741209821620885,0.00938257635139059));
#7614=CARTESIAN_POINT('',(0.0996145148572887,0.0769409702424511,0.00910251786460716));
#7615=CARTESIAN_POINT('',(0.097697632997956,0.0794276451241752,0.0087215290159339));
#7616=CARTESIAN_POINT('',(0.0954367576123046,0.081476383865257,0.00769173445391131));
#7617=CARTESIAN_POINT('',(0.0930719559201659,0.0829924201093517,0.00619247155046102));
#7618=CARTESIAN_POINT('',(0.0905935427065591,0.0840904602710174,0.0045130662503889));
#7619=CARTESIAN_POINT('',(0.0889218991303261,0.0845375890189806,0.00326647758285021));
#7620=CARTESIAN_POINT('',(0.0881889477220453,0.0846864828621872,0.0025000000000008));
#7621=CARTESIAN_POINT('',(0.0555416942799125,0.0674278649001181,0.0275));
#7622=CARTESIAN_POINT('',(0.0700139892992615,0.0771713420245334,0.00904760779255673));
#7623=CARTESIAN_POINT('',(0.0692636725320129,0.0782858112714901,0.00889437976219297));
#7624=CARTESIAN_POINT('',(0.0679701839462887,0.0797906525778286,0.00860343906288167));
#7625=CARTESIAN_POINT('',(0.0660104218774182,0.081425497822,0.00763884734994476));
#7626=CARTESIAN_POINT('',(0.0640163167117894,0.0827583271188218,0.0064705582914645));
#7627=CARTESIAN_POINT('',(0.0613555303195865,0.0839982197959433,0.00476624519322792));
#7628=CARTESIAN_POINT('',(0.0591641420391307,0.0845283672774134,0.00331394937909017));
#7629=CARTESIAN_POINT('',(0.0580956667513118,0.0846864828621872,0.00250000000000069));
#7630=CARTESIAN_POINT('',(0.0700139892992615,0.0771713420114089,0.00904760779436121));
#7631=CARTESIAN_POINT('',(0.0580956667513111,0.0846864828621874,0.00249999999999997));
#7632=CARTESIAN_POINT('',(0.0555416942799125,0.0674278649001181,0.0025));
#7633=CARTESIAN_POINT('',(0.0700139892992615,0.0771713420114089,0.0025));
#7634=CARTESIAN_POINT('',(0.0700139892992615,0.0771713420114089,0.00904782136778487));
#7635=CARTESIAN_POINT('',(0.0846833178090345,0.0674295142306001,0.0275));
#7636=CARTESIAN_POINT('',(0.0811776878960246,0.0846864828621871,0.00250000000000167));
#7637=CARTESIAN_POINT('',(0.0802797347337898,0.0845040700912529,0.00343902673700551));
#7638=CARTESIAN_POINT('',(0.0782076148141256,0.0839180389225729,0.0048992568766479));
#7639=CARTESIAN_POINT('',(0.0757224531160047,0.0826619198043238,0.00657557289201782));
#7640=CARTESIAN_POINT('',(0.0738375855653418,0.0813409875329777,0.00769711864657993));
#7641=CARTESIAN_POINT('',(0.0719715335564828,0.0797276594246273,0.00861995317287139));
#7642=CARTESIAN_POINT('',(0.0707325186573227,0.0782533097306442,0.00889884838957921));
#7643=CARTESIAN_POINT('',(0.0700139893044289,0.07717134201919,0.00904760779329139));
#7644=CARTESIAN_POINT('',(0.0811776878960246,0.0846864828621874,0.00249999999999997));
#7645=CARTESIAN_POINT('',(0.0846833178090345,0.0674295142306001,0.0025));
#7646=CARTESIAN_POINT('',(0.0258530541930568,0.0322219936315672,0.0257990904605074));
#7647=CARTESIAN_POINT('',(0.116087199105664,0.0322219936315672,0.0257990904605074));
#7648=CARTESIAN_POINT('',(0.0258530541930568,0.0328320495073016,0.0259904672288823));
#7649=CARTESIAN_POINT('',(0.116087199105664,0.0328320495073016,0.0259904672288823));
#7650=CARTESIAN_POINT('',(0.0258530541930566,0.0340781621871968,0.0263072867306223));
#7651=CARTESIAN_POINT('',(0.116087199105664,0.0340781621871968,0.0263072867306223));
#7652=CARTESIAN_POINT('',(0.0258530541930563,0.0361019460493918,0.0262242981433986));
#7653=CARTESIAN_POINT('',(0.116087199105664,0.0361019460493918,0.0262242981433986));
#7654=CARTESIAN_POINT('',(0.0258530541930567,0.0382035792773052,0.0256451773371006));
#7655=CARTESIAN_POINT('',(0.116087199105664,0.0382035792773052,0.0256451773371006));
#7656=CARTESIAN_POINT('',(0.0258530541930562,0.0410564374822969,0.0241469998211783));
#7657=CARTESIAN_POINT('',(0.116087199105664,0.0410564374822969,0.0241469998211783));
#7658=CARTESIAN_POINT('',(0.0258530541930567,0.0445843346402352,0.0215223671328358));
#7659=CARTESIAN_POINT('',(0.116087199105664,0.0445843346402352,0.0215223671328358));
#7660=CARTESIAN_POINT('',(0.0258530541930567,0.0484009040614898,0.0191241305159391));
#7661=CARTESIAN_POINT('',(0.116087199105664,0.0484009040614898,0.0191241305159391));
#7662=CARTESIAN_POINT('',(0.0258530541930566,0.0513087219549283,0.0197201767375653));
#7663=CARTESIAN_POINT('',(0.116087199105664,0.0513087219549283,0.0197201767375653));
#7664=CARTESIAN_POINT('',(0.0258530541930568,0.054602218819138,0.0214456722103895));
#7665=CARTESIAN_POINT('',(0.116087199105664,0.054602218819138,0.0214456722103895));
#7666=CARTESIAN_POINT('',(0.0258530541930566,0.0589170886504432,0.0219340392560218));
#7667=CARTESIAN_POINT('',(0.116087199105664,0.0589170886504432,0.0219340392560218));
#7668=CARTESIAN_POINT('',(0.0258530541930568,0.0624321630798241,0.0216211172283204));
#7669=CARTESIAN_POINT('',(0.116087199105664,0.0624321630798241,0.0216211172283204));
#7670=CARTESIAN_POINT('',(0.0258530541930567,0.0648605418037561,0.0210027487925291));
#7671=CARTESIAN_POINT('',(0.116087199105664,0.0648605418037561,0.0210027487925291));
#7672=CARTESIAN_POINT('',(0.0258530541930567,0.0668756404742753,0.0199786718756299));
#7673=CARTESIAN_POINT('',(0.116087199105664,0.0668756404742753,0.0199786718756299));
#7674=CARTESIAN_POINT('',(0.0258530541930567,0.0681842269593014,0.0184843080347665));
#7675=CARTESIAN_POINT('',(0.116087199105664,0.0681842269593014,0.0184843080347665));
#7676=CARTESIAN_POINT('',(0.0258530541930567,0.0689918950564912,0.0167133553495955));
#7677=CARTESIAN_POINT('',(0.116087199105664,0.0689918950564912,0.0167133553495955));
#7678=CARTESIAN_POINT('',(0.0258530541930566,0.0696609815154746,0.0149448769244967));
#7679=CARTESIAN_POINT('',(0.116087199105664,0.0696609815154746,0.0149448769244967));
#7680=CARTESIAN_POINT('',(0.0258530541930567,0.0704965958114602,0.013417342510999));
#7681=CARTESIAN_POINT('',(0.116087199105664,0.0704965958114602,0.013417342510999));
#7682=CARTESIAN_POINT('',(0.0258530541930566,0.0718958639889066,0.0124517927026697));
#7683=CARTESIAN_POINT('',(0.116087199105664,0.0718958639889066,0.0124517927026697));
#7684=CARTESIAN_POINT('',(0.0258530541930567,0.0738208822090292,0.0119674302677258));
#7685=CARTESIAN_POINT('',(0.116087199105664,0.0738208822090292,0.0119674302677258));
#7686=CARTESIAN_POINT('',(0.0258530541930566,0.0767788777805482,0.0116160562925192));
#7687=CARTESIAN_POINT('',(0.116087199105664,0.0767788777805482,0.0116160562925192));
#7688=CARTESIAN_POINT('',(0.0258530541930567,0.0807310199595208,0.0111704956390905));
#7689=CARTESIAN_POINT('',(0.116087199105664,0.0807310199595208,0.0111704956390905));
#7690=CARTESIAN_POINT('',(0.0258530541930568,0.0842681004200843,0.00877206934680678));
#7691=CARTESIAN_POINT('',(0.116087199105664,0.0842681004200843,0.00877206934680678));
#7692=CARTESIAN_POINT('',(0.0258530541930562,0.0865218246922851,0.0054998042104156));
#7693=CARTESIAN_POINT('',(0.116087199105663,0.0865218246922851,0.0054998042104156));
#7694=CARTESIAN_POINT('',(0.0258530541930566,0.0870719419205181,0.00348494503627286));
#7695=CARTESIAN_POINT('',(0.116087199105664,0.0870719419205181,0.00348494503627286));
#7696=CARTESIAN_POINT('',(0.0258530541930567,0.0872232984385557,0.00249999999999274));
#7697=CARTESIAN_POINT('',(0.116087199105664,0.0872232984385557,0.00249999999999274));
#7698=CARTESIAN_POINT('',(0.0653083143227513,0.0527266685136077,0.0204660954345512));
#7699=CARTESIAN_POINT('',(0.0655038861523573,0.0522112812119172,0.0202493917255852));
#7700=CARTESIAN_POINT('',(0.0658614941020975,0.051179633125306,0.0197899608900676));
#7701=CARTESIAN_POINT('',(0.0662906786246299,0.0494884777127946,0.0193342515835303));
#7702=CARTESIAN_POINT('',(0.0665138915455623,0.0477267417123717,0.0197063651509841));
#7703=CARTESIAN_POINT('',(0.066499245627764,0.0461723698047512,0.0205470437553976));
#7704=CARTESIAN_POINT('',(0.0663426643868265,0.0447079598176917,0.0215026393844722));
#7705=CARTESIAN_POINT('',(0.0659924096921986,0.0428080787147057,0.0228442357031471));
#7706=CARTESIAN_POINT('',(0.0656083596921441,0.0414073945004028,0.0238252362772163));
#7707=CARTESIAN_POINT('',(0.0653090637289001,0.0404421109869889,0.0244102817995234));
#7708=CARTESIAN_POINT('',(0.1251,0.0325718136773024,0.0259088302934119));
#7709=CARTESIAN_POINT('',(0.1251,0.0325718136773024,0.0259088302934119));
#7710=CARTESIAN_POINT('',(0.114978546170279,0.0325718136773024,0.0259088302934119));
#7711=CARTESIAN_POINT('',(0.114978546170279,0.0325718137399044,0.0259088303130505));
#7712=CARTESIAN_POINT('',(0.115314741443672,0.0337895364237749,0.0262908343661974));
#7713=CARTESIAN_POINT('',(0.115610094449895,0.035787788443512,0.0263578181267919));
#7714=CARTESIAN_POINT('',(0.115506841880457,0.038303296488894,0.0255787793807446));
#7715=CARTESIAN_POINT('',(0.115145465186471,0.0406066329647685,0.0243891854953295));
#7716=CARTESIAN_POINT('',(0.114303565000646,0.0431785546799661,0.0225865560269086));
#7717=CARTESIAN_POINT('',(0.11320553209812,0.0451177259501895,0.0212071180567534));
#7718=CARTESIAN_POINT('',(0.112508862332001,0.0460706566497135,0.0206355971977523));
#7719=CARTESIAN_POINT('',(0.11250857372803,0.046071051400059,0.0206366071895838));
#7720=CARTESIAN_POINT('',(0.112508361317443,0.0460705704679646,0.0206356488856347));
#7721=CARTESIAN_POINT('',(0.112694099149048,0.0464910921434293,0.0203834376132237));
#7722=CARTESIAN_POINT('',(0.113032512537087,0.047354036063494,0.0199072758401462));
#7723=CARTESIAN_POINT('',(0.11345419073277,0.0488031734770701,0.0194008285789868));
#7724=CARTESIAN_POINT('',(0.1137416444249,0.0503714698043446,0.0195162855190152));
#7725=CARTESIAN_POINT('',(0.113862880670536,0.0518450198560729,0.020081583502104));
#7726=CARTESIAN_POINT('',(0.113851781819471,0.0532781251942913,0.0207119514254246));
#7727=CARTESIAN_POINT('',(0.113708448257775,0.0547386813010273,0.0212399061450263));
#7728=CARTESIAN_POINT('',(0.113406349332954,0.0562710574903473,0.021580378913534));
#7729=CARTESIAN_POINT('',(0.112802485207536,0.0582629218540082,0.0218175365122789));
#7730=CARTESIAN_POINT('',(0.111661383088231,0.0606643208400197,0.0218218815844136));
#7731=CARTESIAN_POINT('',(0.109765780058098,0.0631811953346336,0.0214693442321727));
#7732=CARTESIAN_POINT('',(0.107451326024912,0.065245469949152,0.0208273226531875));
#7733=CARTESIAN_POINT('',(0.105694979957732,0.0662839355938494,0.0202503854939907));
#7734=CARTESIAN_POINT('',(0.104779673012521,0.0667130311971755,0.0199337381163991));
#7735=CARTESIAN_POINT('',(0.104779985538593,0.0667128846808795,0.0199326361752623));
#7736=CARTESIAN_POINT('',(0.104780006131042,0.0667134623946003,0.0199334198865028));
#7737=CARTESIAN_POINT('',(0.104801593105623,0.0673193217446611,0.019486242717395));
#7738=CARTESIAN_POINT('',(0.104783751864031,0.0683001610801603,0.0183446695935334));
#7739=CARTESIAN_POINT('',(0.104733045191502,0.0690152161405756,0.0166124953462669));
#7740=CARTESIAN_POINT('',(0.10468050473027,0.0695665004600821,0.0152319433825233));
#7741=CARTESIAN_POINT('',(0.104624958653126,0.0700401867281306,0.0142242970626554));
#7742=CARTESIAN_POINT('',(0.104531902766237,0.0706901434900378,0.0133173475280013));
#7743=CARTESIAN_POINT('',(0.104365093757486,0.0715954980281671,0.0126700759998877));
#7744=CARTESIAN_POINT('',(0.104122427442256,0.0726153736145745,0.0122724432703294));
#7745=CARTESIAN_POINT('',(0.103713680924391,0.07399941177897,0.0119525375409536));
#7746=CARTESIAN_POINT('',(0.103048420666774,0.0757197629209904,0.011739098535746));
#7747=CARTESIAN_POINT('',(0.102042602137615,0.0776586304524392,0.0115218504480768));
#7748=CARTESIAN_POINT('',(0.100826696863715,0.0794872623443228,0.0112092695814677));
#7749=CARTESIAN_POINT('',(0.0994383771633078,0.0811461592244927,0.010676357015295));
#7750=CARTESIAN_POINT('',(0.0979713724732905,0.0825681369535962,0.00988875672910928));
#7751=CARTESIAN_POINT('',(0.0963990901352675,0.083812643979186,0.00890744654389541));
#7752=CARTESIAN_POINT('',(0.0942641916646696,0.0851875212327904,0.00744844865205879));
#7753=CARTESIAN_POINT('',(0.0920297818949736,0.0862157670474767,0.00584154376794565));
#7754=CARTESIAN_POINT('',(0.0897745346925425,0.0869091325994275,0.00405411933275051));
#7755=CARTESIAN_POINT('',(0.0887133382660327,0.0871370590231357,0.00306119871974857));
#7756=CARTESIAN_POINT('',(0.0882323625358179,0.087223298438555,0.00249999999999703));
#7757=CARTESIAN_POINT('',(0.0882323625358207,0.0872232984385558,0.00249999999999464));
#7758=CARTESIAN_POINT('',(0.1251,0.0872232984385545,0.0025));
#7759=CARTESIAN_POINT('',(0.0811342730822484,0.0872232984385558,0.00249999999999464));
#7760=CARTESIAN_POINT('',(0.0811342730822485,0.0872232984385551,0.0024999999999937));
#7761=CARTESIAN_POINT('',(0.0802960273520267,0.0870730001652518,0.00347805856113818));
#7762=CARTESIAN_POINT('',(0.0783563613870154,0.0866048490874707,0.00507132860569172));
#7763=CARTESIAN_POINT('',(0.0754005815562682,0.0853644399309921,0.00723927374188793));
#7764=CARTESIAN_POINT('',(0.0726230553549812,0.083639447990489,0.00916241026924903));
#7765=CARTESIAN_POINT('',(0.0708407481000106,0.0820680675293567,0.0102095514019477));
#7766=CARTESIAN_POINT('',(0.0699999292355276,0.0811695182969458,0.0106064370276912));
#7767=CARTESIAN_POINT('',(0.0699997903331731,0.081169369856094,0.0106058067065653));
#7768=CARTESIAN_POINT('',(0.0699996511168136,0.081169516338359,0.010606437892791));
#7769=CARTESIAN_POINT('',(0.0691141887732269,0.0821011348124423,0.0101949459788909));
#7770=CARTESIAN_POINT('',(0.0672691744418047,0.0836924568807157,0.0091263382144586));
#7771=CARTESIAN_POINT('',(0.0642607524023336,0.0854753164089488,0.00708843209398487));
#7772=CARTESIAN_POINT('',(0.0611506432643989,0.0866628162309788,0.00493613747605323));
#7773=CARTESIAN_POINT('',(0.0590330233834784,0.0870944727537425,0.00333832675622987));
#7774=CARTESIAN_POINT('',(0.0579924719046168,0.0872232984385549,0.0024999999999978));
#7775=CARTESIAN_POINT('',(0.0579924719046201,0.0872232984385558,0.00249999999999464));
#7776=CARTESIAN_POINT('',(0.1251,0.0872232984385545,0.0025));
#7777=CARTESIAN_POINT('',(0.0530909166552049,0.0872232984385558,0.00249999999999464));
#7778=CARTESIAN_POINT('',(0.053090916655205,0.0872232984385551,0.00249999999999369));
#7779=CARTESIAN_POINT('',(0.0519280229629384,0.0870793261514422,0.00343689251967121));
#7780=CARTESIAN_POINT('',(0.0495835239607883,0.0865838492479735,0.0051864609677028));
#7781=CARTESIAN_POINT('',(0.0460729059683966,0.0851220807426738,0.00760842945473883));
#7782=CARTESIAN_POINT('',(0.0433604375932408,0.083326639277419,0.00940666112064021));
#7783=CARTESIAN_POINT('',(0.041291192810023,0.0814385855572907,0.0105422076540035));
#7784=CARTESIAN_POINT('',(0.0398709206305577,0.0798324786324599,0.0111252697655117));
#7785=CARTESIAN_POINT('',(0.0385899765976828,0.0780193458722874,0.0114733628342816));
#7786=CARTESIAN_POINT('',(0.0375119725617589,0.0760561650130907,0.0117043487543169));
#7787=CARTESIAN_POINT('',(0.0368072886615655,0.0743454126471831,0.0119013418525176));
#7788=CARTESIAN_POINT('',(0.0363589521749363,0.072931566960992,0.0121867228682755));
#7789=CARTESIAN_POINT('',(0.0360915860728964,0.071891624182728,0.0125290444567584));
#7790=CARTESIAN_POINT('',(0.035897097000187,0.0709228171969827,0.0131033867970063));
#7791=CARTESIAN_POINT('',(0.0357835075982159,0.0701846518125836,0.0139703741676552));
#7792=CARTESIAN_POINT('',(0.0357205269869993,0.0696765973023062,0.0149755680810981));
#7793=CARTESIAN_POINT('',(0.035662613134629,0.0691041098308805,0.0163745126909034));
#7794=CARTESIAN_POINT('',(0.0356105440018611,0.0684164811706423,0.0181346981852119));
#7795=CARTESIAN_POINT('',(0.0355860543764119,0.0674577185680791,0.0193495884610798));
#7796=CARTESIAN_POINT('',(0.0356033415741786,0.0668555089600113,0.0198250079375985));
#7797=CARTESIAN_POINT('',(0.035603346958537,0.0668553214235012,0.0198247701910313));
#7798=CARTESIAN_POINT('',(0.0356034530894282,0.0668553720925803,0.0198251159851346));
#7799=CARTESIAN_POINT('',(0.0345933109629551,0.0663731141019838,0.0202058131542743));
#7800=CARTESIAN_POINT('',(0.0326831980922038,0.0652095448159439,0.0208624091095451));
#7801=CARTESIAN_POINT('',(0.0301465826754148,0.0628059782637375,0.0215646230647684));
#7802=CARTESIAN_POINT('',(0.0281825095010647,0.0599083251686109,0.0218720493586386));
#7803=CARTESIAN_POINT('',(0.0270874838791727,0.0571579930302629,0.0217490370470931));
#7804=CARTESIAN_POINT('',(0.026592609134077,0.0548785289604692,0.0212889690004368));
#7805=CARTESIAN_POINT('',(0.0264143389471374,0.0532369609309808,0.0207005895105568));
#7806=CARTESIAN_POINT('',(0.0263991940736751,0.0516274856123842,0.0199808558684038));
#7807=CARTESIAN_POINT('',(0.02655003899797,0.0499483396471035,0.0193913132897664));
#7808=CARTESIAN_POINT('',(0.026909582709521,0.0481869625148109,0.0195298790228481));
#7809=CARTESIAN_POINT('',(0.027400805620651,0.046651928713397,0.0202699531779914));
#7810=CARTESIAN_POINT('',(0.0280006356620244,0.0452474105455118,0.0211372685431306));
#7811=CARTESIAN_POINT('',(0.0284774866778193,0.0443677366639321,0.0217472586624508));
#7812=CARTESIAN_POINT('',(0.0287380328507124,0.0439363047233764,0.0220490811337234));
#7813=CARTESIAN_POINT('',(0.0287380937046903,0.043936203957615,0.022048884565064));
#7814=CARTESIAN_POINT('',(0.0287381542155829,0.0439363050884725,0.0220490808783083));
#7815=CARTESIAN_POINT('',(0.0282648454513378,0.0431452789388425,0.0226024693577121));
#7816=CARTESIAN_POINT('',(0.0274911945845079,0.0415319629425781,0.0237528839323992));
#7817=CARTESIAN_POINT('',(0.0267388263702554,0.0388775609460068,0.0254103489516702));
#7818=CARTESIAN_POINT('',(0.026476973413451,0.0357481762492712,0.0264048589356346));
#7819=CARTESIAN_POINT('',(0.0267733244583129,0.0335804768621848,0.026225251628663));
#7820=CARTESIAN_POINT('',(0.0270190241952184,0.032571813737644,0.0259088303123414));
#7821=CARTESIAN_POINT('',(0.0270190242099169,0.0325718136773024,0.0259088302934119));
#7822=CARTESIAN_POINT('',(0.1251,0.0325718136773024,0.0259088302934119));
#7823=CARTESIAN_POINT('',(0.0980883274286862,0.0524396733761801,0.0275));
#7824=CARTESIAN_POINT('',(0.11250857372803,0.046071051400059,0.0275));
#7825=CARTESIAN_POINT('',(0.11250857372803,0.046071051400059,0.0025));
#7826=CARTESIAN_POINT('',(0.0980883274286862,0.0524396733761801,0.0025));
#7827=CARTESIAN_POINT('',(0.104779985538593,0.0667128846808798,0.0025));
#7828=CARTESIAN_POINT('',(0.104779985538593,0.0667128846808798,0.0275));
#7829=CARTESIAN_POINT('',(0.0997830621599375,0.0367670627640589,0.0275));
#7830=CARTESIAN_POINT('',(0.0997830621599375,0.0367670627640589,0.00849445706303959));
#7831=CARTESIAN_POINT('',(0.114944805565348,0.0324514647618154,0.0264083956085626));
#7832=CARTESIAN_POINT('',(0.113928801117062,0.0298099858947281,0.0267024536022681));
#7833=CARTESIAN_POINT('',(0.114350879936245,0.0306681935741367,0.0268361972079585));
#7834=CARTESIAN_POINT('',(0.114696300831293,0.0315784073068105,0.0267420520615816));
#7835=CARTESIAN_POINT('',(0.114944805564109,0.032451464757463,0.0264083956102259));
#7836=CARTESIAN_POINT('',(0.113928840902173,0.0298100667899178,0.0267018089561191));
#7837=CARTESIAN_POINT('',(0.113928840902172,0.0298100667899178,0.0275));
#7838=CARTESIAN_POINT('',(0.113928840902172,0.0298100667899178,0.0025));
#7839=CARTESIAN_POINT('',(0.0997830621599375,0.0367670627640589,0.0025));
#7840=CARTESIAN_POINT('',(0.100831016283423,0.0210379610298989,0.0275));
#7841=CARTESIAN_POINT('',(0.112997064397506,0.0110134848593427,0.0254813029793604));
#7842=CARTESIAN_POINT('',(0.113541337695627,0.0116740336021886,0.0256384682935427));
#7843=CARTESIAN_POINT('',(0.114502109152829,0.0130531028827832,0.0260097028282628));
#7844=CARTESIAN_POINT('',(0.115432967770399,0.0149903353833946,0.0264301852550976));
#7845=CARTESIAN_POINT('',(0.115980367778846,0.0166152027630324,0.0265075823009744));
#7846=CARTESIAN_POINT('',(0.116293201197011,0.0178797533803208,0.0263372083692784));
#7847=CARTESIAN_POINT('',(0.116493454447274,0.0191164879827629,0.0259655056520279));
#7848=CARTESIAN_POINT('',(0.116628234190503,0.0207315974647071,0.0253698383997319));
#7849=CARTESIAN_POINT('',(0.116566439678295,0.0228178945884756,0.0246531045777211));
#7850=CARTESIAN_POINT('',(0.116049688544627,0.0254006810334336,0.0249771314219665));
#7851=CARTESIAN_POINT('',(0.115206069569766,0.0276490163778342,0.0260308276379742));
#7852=CARTESIAN_POINT('',(0.11441737050468,0.0290806240873703,0.026588790991851));
#7853=CARTESIAN_POINT('',(0.113928887477703,0.0298099972465669,0.0267024553713333));
#7854=CARTESIAN_POINT('',(0.112997081138723,0.0110135051770802,0.0254811596101773));
#7855=CARTESIAN_POINT('',(0.112997081138723,0.0110135051770801,0.0275));
#7856=CARTESIAN_POINT('',(0.112997081138723,0.0110135051770801,0.0025));
#7857=CARTESIAN_POINT('',(0.100831016283423,0.0210379610298989,0.0025));
#7858=CARTESIAN_POINT('',(0.100098704286193,0.00529100677368809,0.0275));
#7859=CARTESIAN_POINT('',(0.109917205108424,-0.0048436937639873,0.0264677949220722));
#7860=CARTESIAN_POINT('',(0.110440786113049,-0.00433644833475055,0.0265040618077802));
#7861=CARTESIAN_POINT('',(0.111154421688795,-0.0035273757214252,0.0264233755868669));
#7862=CARTESIAN_POINT('',(0.11196475264796,-0.00236960796918756,0.0260378318552333));
#7863=CARTESIAN_POINT('',(0.112506792129056,-0.00145691934329706,0.0258322124624787));
#7864=CARTESIAN_POINT('',(0.112983849943974,-0.000494679130813086,0.0257026425117071));
#7865=CARTESIAN_POINT('',(0.113521532298166,0.000836188802056118,0.0254916789507856));
#7866=CARTESIAN_POINT('',(0.113998680704324,0.00256544337111128,0.0252158046852005));
#7867=CARTESIAN_POINT('',(0.114252374966185,0.00469375355501092,0.0249742077436174));
#7868=CARTESIAN_POINT('',(0.114175661466237,0.00688386027287958,0.0248811015246267));
#7869=CARTESIAN_POINT('',(0.113768850178637,0.0090042240843713,0.0250404090756707));
#7870=CARTESIAN_POINT('',(0.113286345586033,0.0103615060779964,0.0253261768688368));
#7871=CARTESIAN_POINT('',(0.112997093619851,0.0110134770448282,0.0254813011200426));
#7872=CARTESIAN_POINT('',(0.10991718900649,-0.00484370936461616,0.0264682455661056));
#7873=CARTESIAN_POINT('',(0.10991718900649,-0.00484370936461608,0.0275));
#7874=CARTESIAN_POINT('',(0.10991718900649,-0.00484370936461608,0.0025));
#7875=CARTESIAN_POINT('',(0.100098704286193,0.00529100677368809,0.0025));
#7876=CARTESIAN_POINT('',(0.0962310250104259,-0.00827940848991024,0.0275));
#7877=CARTESIAN_POINT('',(0.106145361633625,-0.018320376698117,0.0266614427523892));
#7878=CARTESIAN_POINT('',(0.1066103370579,-0.0178612653074436,0.0266332925644407));
#7879=CARTESIAN_POINT('',(0.107467895991976,-0.0168735288249146,0.0263755610050581));
#7880=CARTESIAN_POINT('',(0.10818905135181,-0.0158016685869088,0.0253515393973341));
#7881=CARTESIAN_POINT('',(0.108726830380124,-0.0148538681179546,0.0246456761257489));
#7882=CARTESIAN_POINT('',(0.109130032083882,-0.0140273989965686,0.0242889114775265));
#7883=CARTESIAN_POINT('',(0.109498770732252,-0.0131170499668339,0.0242024924988318));
#7884=CARTESIAN_POINT('',(0.109898023475012,-0.0118913505058032,0.0243392805957745));
#7885=CARTESIAN_POINT('',(0.110229104324311,-0.0103530061817306,0.0247828431059044));
#7886=CARTESIAN_POINT('',(0.110378328665233,-0.00854294480791253,0.0254354125800694));
#7887=CARTESIAN_POINT('',(0.110294301892511,-0.00670888847161185,0.026107448803298));
#7888=CARTESIAN_POINT('',(0.11007717430203,-0.00548100745896092,0.0264222303595904));
#7889=CARTESIAN_POINT('',(0.109917181415336,-0.00484367912527173,0.026467795968685));
#7890=CARTESIAN_POINT('',(0.106145338108563,-0.0183203999349227,0.0266606753347977));
#7891=CARTESIAN_POINT('',(0.106145338108563,-0.0183203999349227,0.0275));
#7892=CARTESIAN_POINT('',(0.106145338108563,-0.0183203999349227,0.0025));
#7893=CARTESIAN_POINT('',(0.0962310250104259,-0.00827940848991024,0.0025));
#7894=CARTESIAN_POINT('',(0.0928515750015604,-0.0219795702059006,0.0275));
#7895=CARTESIAN_POINT('',(0.10243562010759,-0.031892175515455,0.0256591897112529));
#7896=CARTESIAN_POINT('',(0.10288308451768,-0.0314595426247343,0.0254985182972623));
#7897=CARTESIAN_POINT('',(0.103702250571475,-0.0305506853090529,0.0251390806543328));
#7898=CARTESIAN_POINT('',(0.104730912257806,-0.0290595110459611,0.0245728472607182));
#7899=CARTESIAN_POINT('',(0.10559290612636,-0.0273681365750194,0.0241483235409319));
#7900=CARTESIAN_POINT('',(0.106220266952098,-0.0255263620575816,0.0243177983248545));
#7901=CARTESIAN_POINT('',(0.106563017319964,-0.0237505007289176,0.0249872821211985));
#7902=CARTESIAN_POINT('',(0.106677116250654,-0.0220040982801837,0.025794208417779));
#7903=CARTESIAN_POINT('',(0.10656694427281,-0.0202019562898604,0.0264918879124808));
#7904=CARTESIAN_POINT('',(0.106317111970565,-0.0189444462447446,0.0266997106731576));
#7905=CARTESIAN_POINT('',(0.106145326085292,-0.0183203562546689,0.0266614414988535));
#7906=CARTESIAN_POINT('',(0.102435391536345,-0.0318923965054327,0.0256579580980309));
#7907=CARTESIAN_POINT('',(0.102435391536345,-0.0318923965054327,0.0275));
#7908=CARTESIAN_POINT('',(0.102435391536345,-0.0318923965054327,0.0025));
#7909=CARTESIAN_POINT('',(0.0928515750015604,-0.0219795702059006,0.0025));
#7910=CARTESIAN_POINT('',(0.0890587238702555,-0.0352358119399998,0.0275));
#7911=CARTESIAN_POINT('',(0.0819224471044315,-0.0470335752254103,0.0151580534662475));
#7912=CARTESIAN_POINT('',(0.0824393246918299,-0.0473462261430879,0.0146091923908516));
#7913=CARTESIAN_POINT('',(0.0835476599717618,-0.0479264798400976,0.0135788717264931));
#7914=CARTESIAN_POINT('',(0.0855465568406079,-0.0486320588070264,0.012326925111132));
#7915=CARTESIAN_POINT('',(0.0878726369630508,-0.0490457540495976,0.0116018322927308));
#7916=CARTESIAN_POINT('',(0.0903556818789424,-0.0490355685873842,0.0116195455189329));
#7917=CARTESIAN_POINT('',(0.0926705428359687,-0.0486047866967055,0.0123750706349062));
#7918=CARTESIAN_POINT('',(0.0946487573343912,-0.0478910074026711,0.0136419359591043));
#7919=CARTESIAN_POINT('',(0.0962961467015419,-0.0470169553861113,0.015193710426571));
#7920=CARTESIAN_POINT('',(0.098170355444866,-0.0456882982690623,0.0174972559497397));
#7921=CARTESIAN_POINT('',(0.100012569803349,-0.0438033060728332,0.0205416562856759));
#7922=CARTESIAN_POINT('',(0.101493447041114,-0.0414202202067519,0.0234488541965302));
#7923=CARTESIAN_POINT('',(0.102399570591596,-0.0389295035726574,0.0254054644382739));
#7924=CARTESIAN_POINT('',(0.102841918440827,-0.0366892524350554,0.0264005138201397));
#7925=CARTESIAN_POINT('',(0.102880162319778,-0.0341908908947185,0.0264657820685128));
#7926=CARTESIAN_POINT('',(0.10262270926188,-0.0326417390075242,0.0259375684853145));
#7927=CARTESIAN_POINT('',(0.102435289944389,-0.0318919900725195,0.0256591208406824));
#7928=CARTESIAN_POINT('',(0.0819223732784383,-0.0470335305689457,0.0151579585043472));
#7929=CARTESIAN_POINT('',(0.0819223732784383,-0.0470335305689457,0.0275));
#7930=CARTESIAN_POINT('',(0.0819223732784383,-0.0470335305689457,0.0025));
#7931=CARTESIAN_POINT('',(0.0890587238702555,-0.0352358119399998,0.0025));
#7932=CARTESIAN_POINT('',(0.06980749623042,-0.0404245898511011,0.0275));
#7933=CARTESIAN_POINT('',(0.0574356222323261,-0.0465389235904097,0.0160203226023079));
#7934=CARTESIAN_POINT('',(0.0578342604036981,-0.0473455366143828,0.0146256451264187));
#7935=CARTESIAN_POINT('',(0.0587800719082128,-0.0488781970750987,0.0118589413953972));
#7936=CARTESIAN_POINT('',(0.0609079349815683,-0.0511677811544493,0.00794511609800514));
#7937=CARTESIAN_POINT('',(0.0637831979056997,-0.053006958316064,0.00543706449973957));
#7938=CARTESIAN_POINT('',(0.0668147037587739,-0.0539703778542503,0.00437832554078899));
#7939=CARTESIAN_POINT('',(0.070109614240626,-0.0544007071822137,0.00395726096911329));
#7940=CARTESIAN_POINT('',(0.073458869520692,-0.0538959567497189,0.00442097317970919));
#7941=CARTESIAN_POINT('',(0.0762422439951342,-0.0526954756659284,0.00585866547143386));
#7942=CARTESIAN_POINT('',(0.0785139701963022,-0.0512622063746559,0.00785646456122223));
#7943=CARTESIAN_POINT('',(0.0804614186897347,-0.0493554731385436,0.0110037613965156));
#7944=CARTESIAN_POINT('',(0.0814893707944474,-0.0478272584158927,0.0137647357229455));
#7945=CARTESIAN_POINT('',(0.0819223353693211,-0.047033600059834,0.0151580098692138));
#7946=CARTESIAN_POINT('',(0.0574356016646726,-0.0465388819732206,0.0160202926541092));
#7947=CARTESIAN_POINT('',(0.0574356016646726,-0.0465388819732206,0.0275));
#7948=CARTESIAN_POINT('',(0.0574356016646726,-0.0465388819732206,0.0025));
#7949=CARTESIAN_POINT('',(0.06980749623042,-0.0404245898511011,0.0025));
#7950=CARTESIAN_POINT('',(0.049572961574967,-0.0352358119399998,0.0275));
#7951=CARTESIAN_POINT('',(0.0359397233425946,-0.0333082962717041,0.0261243300557828));
#7952=CARTESIAN_POINT('',(0.0358300123917782,-0.0340842772682695,0.0263344256150126));
#7953=CARTESIAN_POINT('',(0.0357394065542333,-0.0356995061261008,0.0265540143012586));
#7954=CARTESIAN_POINT('',(0.0360369107757432,-0.0380672902526207,0.0258881733857482));
#7955=CARTESIAN_POINT('',(0.0366207118755863,-0.0400363180465391,0.0245988358793757));
#7956=CARTESIAN_POINT('',(0.0373798814590562,-0.0417108428268595,0.0230242844713533));
#7957=CARTESIAN_POINT('',(0.038261060769719,-0.043143108380566,0.0213205417376911));
#7958=CARTESIAN_POINT('',(0.0396035073177022,-0.0448346091158871,0.0189212149171414));
#7959=CARTESIAN_POINT('',(0.0415618621492844,-0.0465998208511322,0.0159482384067907));
#7960=CARTESIAN_POINT('',(0.0443120555017691,-0.04809476828366,0.0132765036589442));
#7961=CARTESIAN_POINT('',(0.0471494799128388,-0.0488566186753147,0.0119324010806772));
#7962=CARTESIAN_POINT('',(0.0495711054152345,-0.0490782946746665,0.011545316948929));
#7963=CARTESIAN_POINT('',(0.0519927500052906,-0.0488580146882908,0.0119299884523013));
#7964=CARTESIAN_POINT('',(0.0548521097529981,-0.0480881941882541,0.013287824286748));
#7965=CARTESIAN_POINT('',(0.0564899680022276,-0.0471966783448901,0.0148830296430393));
#7966=CARTESIAN_POINT('',(0.0574355598396331,-0.0465389110674342,0.0160203442552036));
#7967=CARTESIAN_POINT('',(0.0359395642055922,-0.0333094221754755,0.0261200884627304));
#7968=CARTESIAN_POINT('',(0.0359395642055922,-0.0333094221754755,0.0275));
#7969=CARTESIAN_POINT('',(0.0359395642055922,-0.0333094221754755,0.0025));
#7970=CARTESIAN_POINT('',(0.049572961574967,-0.0352358119399998,0.0025));
#7971=CARTESIAN_POINT('',(0.0444932620393979,-0.0219795702059006,0.0275));
#7972=CARTESIAN_POINT('',(0.03076868751381,-0.0183508863643062,0.0266631898868834));
#7973=CARTESIAN_POINT('',(0.0305798379324411,-0.0190651619162058,0.02670121697961));
#7974=CARTESIAN_POINT('',(0.0303226724615659,-0.0205022245765855,0.0264129330134212));
#7975=CARTESIAN_POINT('',(0.0302620134290433,-0.022505275518138,0.0255680484317983));
#7976=CARTESIAN_POINT('',(0.0304693743313948,-0.0244849179790101,0.0246580011131525));
#7977=CARTESIAN_POINT('',(0.030998116966675,-0.0265654887008555,0.0240992061820201));
#7978=CARTESIAN_POINT('',(0.0318660256239788,-0.0285833218189894,0.0243959534891485));
#7979=CARTESIAN_POINT('',(0.0333296874423166,-0.0309338316412489,0.0252804659906063));
#7980=CARTESIAN_POINT('',(0.0347876559142728,-0.0324396740270305,0.0258892135514247));
#7981=CARTESIAN_POINT('',(0.0359389877427125,-0.0333089869402961,0.0261245170287044));
#7982=CARTESIAN_POINT('',(0.0307686773715438,-0.0183509247314241,0.0266624189758393));
#7983=CARTESIAN_POINT('',(0.0307686773715438,-0.0183509247314241,0.0275));
#7984=CARTESIAN_POINT('',(0.0307686773715438,-0.0183509247314241,0.0025));
#7985=CARTESIAN_POINT('',(0.0444932620393979,-0.0219795702059006,0.0025));
#7986=CARTESIAN_POINT('',(0.0407734688676949,-0.00827940848991025,0.0275));
#7987=CARTESIAN_POINT('',(0.0281664230939935,-0.00175302441112497,0.0259012930677739));
#7988=CARTESIAN_POINT('',(0.027810434236827,-0.0024406897037354,0.0260404627174572));
#7989=CARTESIAN_POINT('',(0.0273798408773124,-0.00345973814741233,0.0264747507409633));
#7990=CARTESIAN_POINT('',(0.0269413937066368,-0.00501112120043699,0.0264961213128362));
#7991=CARTESIAN_POINT('',(0.026651766864206,-0.00651656987597991,0.0261777206256751));
#7992=CARTESIAN_POINT('',(0.0265206434018229,-0.00838181233670963,0.0254951143111809));
#7993=CARTESIAN_POINT('',(0.0266743585279212,-0.0102071340196691,0.0248295500517398));
#7994=CARTESIAN_POINT('',(0.0269765726443964,-0.0116889295828481,0.024406733793857));
#7995=CARTESIAN_POINT('',(0.0273067989687898,-0.0128249950935338,0.0242043194388615));
#7996=CARTESIAN_POINT('',(0.0277415162082467,-0.0139521371804835,0.0242480728064764));
#7997=CARTESIAN_POINT('',(0.0284002188183338,-0.0152976137492014,0.0248404345274766));
#7998=CARTESIAN_POINT('',(0.0290352733361537,-0.0163149855993621,0.025932150316652));
#7999=CARTESIAN_POINT('',(0.0299515697947521,-0.0174924409478734,0.0265590035156821));
#8000=CARTESIAN_POINT('',(0.0304846545056638,-0.0180687823925882,0.0266481723714651));
#8001=CARTESIAN_POINT('',(0.0307686568235632,-0.0183509043195342,0.0266631908427539));
#8002=CARTESIAN_POINT('',(0.0281664930277257,-0.00175288932155047,0.0259021394593072));
#8003=CARTESIAN_POINT('',(0.0281664930277257,-0.00175288932155048,0.0275));
#8004=CARTESIAN_POINT('',(0.0281664930277257,-0.00175288932155048,0.0025));
#8005=CARTESIAN_POINT('',(0.0407734688676949,-0.00827940848991025,0.0025));
#8006=CARTESIAN_POINT('',(0.040122112345796,0.00590181243657964,0.0275));
#8007=CARTESIAN_POINT('',(0.0278777085795215,0.0130855349420267,0.0259985021757449));
#8008=CARTESIAN_POINT('',(0.0272212174958049,0.0119665688500194,0.0257266151950435));
#8009=CARTESIAN_POINT('',(0.0264879226383298,0.0102184363328166,0.0252198804359486));
#8010=CARTESIAN_POINT('',(0.0259832464479219,0.00761308581423491,0.0249097771328325));
#8011=CARTESIAN_POINT('',(0.0258492140625307,0.00501540248825753,0.0249174518414084));
#8012=CARTESIAN_POINT('',(0.026257969855614,0.00239221982931142,0.0252307240454914));
#8013=CARTESIAN_POINT('',(0.0271820449900542,-4.51430104003621E-5,0.0256425364964982));
#8014=CARTESIAN_POINT('',(0.027814121302421,-0.00120254421842366,0.0257898878668512));
#8015=CARTESIAN_POINT('',(0.0281665710581731,-0.00175301119329441,0.0259012903927617));
#8016=CARTESIAN_POINT('',(0.0278779731306369,0.0130859858173061,0.0259960076913669));
#8017=CARTESIAN_POINT('',(0.027877973130637,0.0130859858173061,0.0275));
#8018=CARTESIAN_POINT('',(0.027877973130637,0.0130859858173061,0.0025));
#8019=CARTESIAN_POINT('',(0.040122112345796,0.00590181243657964,0.0025));
#8020=CARTESIAN_POINT('',(0.0407734688676949,0.0210379930814995,0.0275));
#8021=CARTESIAN_POINT('',(0.0281623426054565,0.0294336898502022,0.0266305935091474));
#8022=CARTESIAN_POINT('',(0.0277517509808154,0.0288169426089405,0.0264916170950439));
#8023=CARTESIAN_POINT('',(0.0270665363630841,0.0275975764782364,0.0259950813181212));
#8024=CARTESIAN_POINT('',(0.0263006197299173,0.025683749561541,0.0251196549137676));
#8025=CARTESIAN_POINT('',(0.0257717266155238,0.0235258727849061,0.0246672502846605));
#8026=CARTESIAN_POINT('',(0.0255764456078498,0.021309490078157,0.0251136601135861));
#8027=CARTESIAN_POINT('',(0.0256799144882736,0.0192601643519575,0.0259464537676325));
#8028=CARTESIAN_POINT('',(0.026082783560151,0.0171167249311436,0.0265506806329537));
#8029=CARTESIAN_POINT('',(0.0268180325191779,0.0150037455524451,0.0264373225853769));
#8030=CARTESIAN_POINT('',(0.0274950076304502,0.0137069803523108,0.0261495011355924));
#8031=CARTESIAN_POINT('',(0.027878244206765,0.0130855462392747,0.0259985049207547));
#8032=CARTESIAN_POINT('',(0.0281623472921004,0.0294336968899863,0.0266305484219381));
#8033=CARTESIAN_POINT('',(0.0281623472921004,0.0294336968899863,0.0275));
#8034=CARTESIAN_POINT('',(0.0281623472921004,0.0294336968899863,0.0025));
#8035=CARTESIAN_POINT('',(0.0407734688676949,0.0210379930814995,0.0025));
#8036=CARTESIAN_POINT('',(0.0417388008606971,0.0361573966404218,0.0275));
#8037=CARTESIAN_POINT('',(0.0287380937046903,0.043936203957615,0.0275));
#8038=CARTESIAN_POINT('',(0.0287380937046903,0.043936203957615,0.0025));
#8039=CARTESIAN_POINT('',(0.0417388008606971,0.0361573966404218,0.0025));
#8040=CARTESIAN_POINT('',(0.0270488621696953,0.0324514647570572,0.026408395610381));
#8041=CARTESIAN_POINT('',(0.0273010697385073,0.0314517394950018,0.0267904607105782));
#8042=CARTESIAN_POINT('',(0.0276847138605647,0.0303981299552395,0.0268479184236239));
#8043=CARTESIAN_POINT('',(0.0281623513109966,0.029433688775062,0.0266305932668776));
#8044=CARTESIAN_POINT('',(0.0270488621696952,0.0324514647618155,0.0264083956085626));
#8045=CARTESIAN_POINT('',(0.0417388008606971,0.0361573966404218,0.0110251657774393));
#8046=CARTESIAN_POINT('',(0.0425602190220847,0.0522836646877991,0.0275));
#8047=CARTESIAN_POINT('',(0.0356033469585369,0.0668553214235018,0.0275));
#8048=CARTESIAN_POINT('',(0.0356033469585369,0.0668553214235018,0.0025));
#8049=CARTESIAN_POINT('',(0.0425602190220847,0.0522836646877991,0.0025));
#8050=CARTESIAN_POINT('',(0.0555416942799125,0.0674278649001181,0.0275));
#8051=CARTESIAN_POINT('',(0.0555416942799125,0.0674278649001181,0.0025));
#8052=CARTESIAN_POINT('',(0.0846833178090345,0.0674295142306001,0.0275));
#8053=CARTESIAN_POINT('',(0.0846833178090345,0.0674295142306001,0.0025));
#8054=CARTESIAN_POINT('',(0.0555416942799125,0.0674278649001181,0.0275));
#8055=CARTESIAN_POINT('',(0.0699997903331731,0.081169369856094,0.0275));
#8056=CARTESIAN_POINT('',(0.0699997903331731,0.081169369856094,0.0025));
#8057=CARTESIAN_POINT('',(0.0555416942799125,0.0674278649001181,0.0025));
#8058=CARTESIAN_POINT('',(0.0846833178090345,0.0674295142306001,0.0275));
#8059=CARTESIAN_POINT('',(0.0846833178090345,0.0674295142306001,0.0025));
#8060=CARTESIAN_POINT('',(0.1251,0.0300811722564654,0.0255730957938423));
#8061=CARTESIAN_POINT('',(0.111418160429838,0.0303985879269939,0.0242555113449949));
#8062=CARTESIAN_POINT('',(0.111612779593879,0.030767832068905,0.0227227882176201));
#8063=CARTESIAN_POINT('',(0.1251,0.0300811722564654,0.0255730957938423));
#8064=CARTESIAN_POINT('',(0.111418160429838,0.0303985879269939,0.0242555113449949));
#8065=CARTESIAN_POINT('',(0.1251,0.0300811722564654,0.0255730957938423));
#8066=CARTESIAN_POINT('',(0.111418160429838,0.0303985879269939,0.0242555113449949));
#8067=CARTESIAN_POINT('',(0.111612779593879,0.030767832068905,0.0227227882176201));
#8068=CARTESIAN_POINT('',(0.1251,0.0300811722564654,0.0255730957938423));
#8069=CARTESIAN_POINT('',(0.111418160429838,0.0303985879269939,0.0242555113449949));
#8070=CARTESIAN_POINT('',(0.111612779593879,0.030767832068905,0.0227227882176201));
#8071=CARTESIAN_POINT('',(0.0696020612924147,0.029605201971103,0.0240888285970338));
#8072=CARTESIAN_POINT('',(0.0750023748503795,0.029605201971103,0.0240888285970338));
#8073=CARTESIAN_POINT('',(0.0696020612924147,0.0299013251052703,0.0241828171430521));
#8074=CARTESIAN_POINT('',(0.0750023748503795,0.0299013251052703,0.0241828171430521));
#8075=CARTESIAN_POINT('',(0.0696020612924147,0.0301597875297279,0.024236544510919));
#8076=CARTESIAN_POINT('',(0.0750023748503795,0.0301597875297279,0.024236544510919));
#8077=CARTESIAN_POINT('',(0.0696020612924147,0.0304032920007834,0.0242558849682721));
#8078=CARTESIAN_POINT('',(0.0750023748503795,0.0304032920007834,0.0242558849682721));
#8079=CARTESIAN_POINT('',(0.0285598310187279,-0.0524256394267882,0.00239033829431884));
#8080=CARTESIAN_POINT('',(0.10740126203153,-0.0524256394267882,0.00239033829431884));
#8081=CARTESIAN_POINT('',(0.0285598310187279,-0.0512998253714808,0.00352099933565124));
#8082=CARTESIAN_POINT('',(0.10740126203153,-0.0512998253714808,0.00352099933565124));
#8083=CARTESIAN_POINT('',(0.0285598310187279,-0.0493099904520013,0.00616849158179827));
#8084=CARTESIAN_POINT('',(0.10740126203153,-0.0493099904520013,0.00616849158179827));
#8085=CARTESIAN_POINT('',(0.0285598310187279,-0.0457281811938652,0.0122944762771584));
#8086=CARTESIAN_POINT('',(0.10740126203153,-0.0457281811938652,0.0122944762771584));
#8087=CARTESIAN_POINT('',(0.0285598310187279,-0.0423529214621987,0.0185330218803001));
#8088=CARTESIAN_POINT('',(0.10740126203153,-0.0423529214621987,0.0185330218803001));
#8089=CARTESIAN_POINT('',(0.0285598310187279,-0.0394232678676283,0.0218321106921542));
#8090=CARTESIAN_POINT('',(0.10740126203153,-0.0394232678676283,0.0218321106921542));
#8091=CARTESIAN_POINT('',(0.0285598310187279,-0.0378502545809035,0.0230573355168131));
#8092=CARTESIAN_POINT('',(0.10740126203153,-0.0378502545809035,0.0230573355168131));
#8093=CARTESIAN_POINT('',(0.0285598310187279,-0.0367711753696178,0.0236344536309121));
#8094=CARTESIAN_POINT('',(0.10740126203153,-0.0367711753696178,0.0236344536309121));
#8095=CARTESIAN_POINT('',(0.0285598310187279,-0.0358115500134839,0.0239054596944221));
#8096=CARTESIAN_POINT('',(0.10740126203153,-0.0358115500134839,0.0239054596944221));
#8097=CARTESIAN_POINT('',(0.0285598310187279,-0.0349795399746968,0.0239370459568425));
#8098=CARTESIAN_POINT('',(0.10740126203153,-0.0349795399746968,0.0239370459568425));
#8099=CARTESIAN_POINT('',(0.0285598310187279,-0.0338807478359957,0.0237148070214968));
#8100=CARTESIAN_POINT('',(0.10740126203153,-0.0338807478359957,0.0237148070214968));
#8101=CARTESIAN_POINT('',(0.0285598310187279,-0.0325192533287464,0.0232353608835388));
#8102=CARTESIAN_POINT('',(0.10740126203153,-0.0325192533287464,0.0232353608835388));
#8103=CARTESIAN_POINT('',(0.0285598310187279,-0.0309927201149459,0.022622385950588));
#8104=CARTESIAN_POINT('',(0.10740126203153,-0.0309927201149459,0.022622385950588));
#8105=CARTESIAN_POINT('',(0.0285598310187279,-0.0295802895655323,0.0221246678989367));
#8106=CARTESIAN_POINT('',(0.10740126203153,-0.0295802895655323,0.0221246678989367));
#8107=CARTESIAN_POINT('',(0.0285598310187279,-0.0283269504221832,0.0218342999558539));
#8108=CARTESIAN_POINT('',(0.10740126203153,-0.0283269504221832,0.0218342999558539));
#8109=CARTESIAN_POINT('',(0.0285598310187279,-0.0273023955620807,0.0217141388226641));
#8110=CARTESIAN_POINT('',(0.10740126203153,-0.0273023955620807,0.0217141388226641));
#8111=CARTESIAN_POINT('',(0.0285598310187279,-0.0262860015838707,0.021736378220356));
#8112=CARTESIAN_POINT('',(0.10740126203153,-0.0262860015838707,0.021736378220356));
#8113=CARTESIAN_POINT('',(0.0285598310187279,-0.0250375782829956,0.0219146767507926));
#8114=CARTESIAN_POINT('',(0.10740126203153,-0.0250375782829956,0.0219146767507926));
#8115=CARTESIAN_POINT('',(0.0285598310187279,-0.0236424251955327,0.0223344422758697));
#8116=CARTESIAN_POINT('',(0.10740126203153,-0.0236424251955327,0.0223344422758697));
#8117=CARTESIAN_POINT('',(0.0285598310187279,-0.0222217100251902,0.0229400992642411));
#8118=CARTESIAN_POINT('',(0.10740126203153,-0.0222217100251902,0.0229400992642411));
#8119=CARTESIAN_POINT('',(0.0285598310187279,-0.0209995605708832,0.0234997023190019));
#8120=CARTESIAN_POINT('',(0.10740126203153,-0.0209995605708832,0.0234997023190019));
#8121=CARTESIAN_POINT('',(0.0285598310187279,-0.0199567445902691,0.0239082463247487));
#8122=CARTESIAN_POINT('',(0.10740126203153,-0.0199567445902691,0.0239082463247487));
#8123=CARTESIAN_POINT('',(0.0285598310187279,-0.0190454545872083,0.0241475085218593));
#8124=CARTESIAN_POINT('',(0.10740126203153,-0.0190454545872083,0.0241475085218593));
#8125=CARTESIAN_POINT('',(0.0285598310187279,-0.0185355273140784,0.0241801789418566));
#8126=CARTESIAN_POINT('',(0.10740126203153,-0.0185355273140784,0.0241801789418566));
#8127=CARTESIAN_POINT('',(0.0285598310187279,-0.0183176846215485,0.0241447358862));
#8128=CARTESIAN_POINT('',(0.10740126203153,-0.0183176846215485,0.0241447358862));
#8129=CARTESIAN_POINT('',(0.0285598310187279,-0.0182635993980644,0.0241319382950865));
#8130=CARTESIAN_POINT('',(0.10740126203153,-0.0182635993980644,0.0241319382950865));
#8131=CARTESIAN_POINT('',(0.0285598310187279,-0.0182145544218985,0.0241070970142752));
#8132=CARTESIAN_POINT('',(0.10740126203153,-0.0182145544218985,0.0241070970142752));
#8133=CARTESIAN_POINT('',(0.0285598310187279,-0.0178955598817309,0.0238925243194014));
#8134=CARTESIAN_POINT('',(0.10740126203153,-0.0178955598817309,0.0238925243194014));
#8135=CARTESIAN_POINT('',(0.0285598310187279,-0.0172060245786335,0.023284464969417));
#8136=CARTESIAN_POINT('',(0.10740126203153,-0.0172060245786335,0.023284464969417));
#8137=CARTESIAN_POINT('',(0.0285598310187279,-0.0160710171829404,0.0224306594425035));
#8138=CARTESIAN_POINT('',(0.10740126203153,-0.0160710171829404,0.0224306594425035));
#8139=CARTESIAN_POINT('',(0.0285598310187279,-0.0147275794152114,0.021894920051555));
#8140=CARTESIAN_POINT('',(0.10740126203153,-0.0147275794152114,0.021894920051555));
#8141=CARTESIAN_POINT('',(0.0285598310187279,-0.0135594564962982,0.0217037254208681));
#8142=CARTESIAN_POINT('',(0.10740126203153,-0.0135594564962982,0.0217037254208681));
#8143=CARTESIAN_POINT('',(0.0285598310187279,-0.0124641645881922,0.0217454947187727));
#8144=CARTESIAN_POINT('',(0.10740126203153,-0.0124641645881922,0.0217454947187727));
#8145=CARTESIAN_POINT('',(0.0285598310187279,-0.0111209616076899,0.0219591419715566));
#8146=CARTESIAN_POINT('',(0.10740126203153,-0.0111209616076899,0.0219591419715566));
#8147=CARTESIAN_POINT('',(0.0285598310187279,-0.00952511006021921,0.022422608922686));
#8148=CARTESIAN_POINT('',(0.10740126203153,-0.00952511006021921,0.022422608922686));
#8149=CARTESIAN_POINT('',(0.0285598310187279,-0.00773276737630962,0.0230720710480416));
#8150=CARTESIAN_POINT('',(0.10740126203153,-0.00773276737630962,0.0230720710480416));
#8151=CARTESIAN_POINT('',(0.0285598310187279,-0.00612191547591852,0.0236559255691643));
#8152=CARTESIAN_POINT('',(0.10740126203153,-0.00612191547591852,0.0236559255691643));
#8153=CARTESIAN_POINT('',(0.0285598310187279,-0.00493203070430988,0.0239807340774309));
#8154=CARTESIAN_POINT('',(0.10740126203153,-0.00493203070430988,0.0239807340774309));
#8155=CARTESIAN_POINT('',(0.0285598310187279,-0.00440725235393699,0.0239880210706625));
#8156=CARTESIAN_POINT('',(0.10740126203153,-0.00440725235393699,0.0239880210706625));
#8157=CARTESIAN_POINT('',(0.0285598310187279,-0.00394879420860336,0.0239200550164304));
#8158=CARTESIAN_POINT('',(0.10740126203153,-0.00394879420860336,0.0239200550164304));
#8159=CARTESIAN_POINT('',(0.0285598310187279,-0.00328359156310761,0.0237106840140552));
#8160=CARTESIAN_POINT('',(0.10740126203153,-0.00328359156310761,0.0237106840140552));
#8161=CARTESIAN_POINT('',(0.0285598310187279,-0.00224755091604056,0.0234308483691452));
#8162=CARTESIAN_POINT('',(0.10740126203153,-0.00224755091604056,0.0234308483691452));
#8163=CARTESIAN_POINT('',(0.0285598310187279,-0.0013828390741895,0.0233029346422591));
#8164=CARTESIAN_POINT('',(0.10740126203153,-0.0013828390741895,0.0233029346422591));
#8165=CARTESIAN_POINT('',(0.0285598310187279,-0.000473884770787008,0.0231697852585908));
#8166=CARTESIAN_POINT('',(0.10740126203153,-0.000473884770787008,0.0231697852585908));
#8167=CARTESIAN_POINT('',(0.0285598310187279,0.000735940396990121,0.0229742727992142));
#8168=CARTESIAN_POINT('',(0.10740126203153,0.000735940396990121,0.0229742727992142));
#8169=CARTESIAN_POINT('',(0.0285598310187279,0.00230822290774892,0.02273372224174));
#8170=CARTESIAN_POINT('',(0.10740126203153,0.00230822290774892,0.02273372224174));
#8171=CARTESIAN_POINT('',(0.0285598310187279,0.00408526116216625,0.0225265942696235));
#8172=CARTESIAN_POINT('',(0.10740126203153,0.00408526116216625,0.0225265942696235));
#8173=CARTESIAN_POINT('',(0.0285598310187279,0.00601537638055197,0.0224026308251925));
#8174=CARTESIAN_POINT('',(0.10740126203153,0.00601537638055197,0.0224026308251925));
#8175=CARTESIAN_POINT('',(0.0285598310187279,0.00805257259622884,0.0224339644023124));
#8176=CARTESIAN_POINT('',(0.10740126203153,0.00805257259622884,0.0224339644023124));
#8177=CARTESIAN_POINT('',(0.0285598310187279,0.0107739755706452,0.0227898488243283));
#8178=CARTESIAN_POINT('',(0.10740126203153,0.0107739755706452,0.0227898488243283));
#8179=CARTESIAN_POINT('',(0.0285598310187279,0.0130490350276825,0.0234277695516575));
#8180=CARTESIAN_POINT('',(0.10740126203153,0.0130490350276825,0.0234277695516575));
#8181=CARTESIAN_POINT('',(0.0285598310187279,0.0149095423721314,0.0238585971753168));
#8182=CARTESIAN_POINT('',(0.10740126203153,0.0149095423721314,0.0238585971753168));
#8183=CARTESIAN_POINT('',(0.0285598310187279,0.0160656894750387,0.024008061088549));
#8184=CARTESIAN_POINT('',(0.10740126203153,0.0160656894750387,0.024008061088549));
#8185=CARTESIAN_POINT('',(0.0285598310187279,0.0168907048518471,0.0239678721414609));
#8186=CARTESIAN_POINT('',(0.10740126203153,0.0168907048518471,0.0239678721414609));
#8187=CARTESIAN_POINT('',(0.0285598310187279,0.0179011305263808,0.0237300323230127));
#8188=CARTESIAN_POINT('',(0.10740126203153,0.0179011305263808,0.0237300323230127));
#8189=CARTESIAN_POINT('',(0.0285598310187279,0.0190624017356124,0.0233269636943631));
#8190=CARTESIAN_POINT('',(0.10740126203153,0.0190624017356124,0.0233269636943631));
#8191=CARTESIAN_POINT('',(0.0285598310187279,0.0203632107709745,0.0228418162347873));
#8192=CARTESIAN_POINT('',(0.10740126203153,0.0203632107709745,0.0228418162347873));
#8193=CARTESIAN_POINT('',(0.0285598310187279,0.0218869187554559,0.0224157335326974));
#8194=CARTESIAN_POINT('',(0.10740126203153,0.0218869187554559,0.0224157335326974));
#8195=CARTESIAN_POINT('',(0.0285598310187279,0.0235468195508605,0.0222662930366383));
#8196=CARTESIAN_POINT('',(0.10740126203153,0.0235468195508605,0.0222662930366383));
#8197=CARTESIAN_POINT('',(0.0285598310187279,0.0250828100606972,0.0224289057852712));
#8198=CARTESIAN_POINT('',(0.10740126203153,0.0250828100606972,0.0224289057852712));
#8199=CARTESIAN_POINT('',(0.0285598310187279,0.026557189388493,0.0228176184776499));
#8200=CARTESIAN_POINT('',(0.10740126203153,0.026557189388493,0.0228176184776499));
#8201=CARTESIAN_POINT('',(0.0285598310187279,0.0279310109526384,0.0233833467504266));
#8202=CARTESIAN_POINT('',(0.10740126203153,0.0279310109526384,0.0233833467504266));
#8203=CARTESIAN_POINT('',(0.0285598310187278,0.0290642725667171,0.0239093123880367));
#8204=CARTESIAN_POINT('',(0.10740126203153,0.0290642725667171,0.0239093123880367));
#8205=CARTESIAN_POINT('',(0.0285598310187279,0.0299548593913574,0.0242180674209189));
#8206=CARTESIAN_POINT('',(0.10740126203153,0.0299548593913574,0.0242180674209189));
#8207=CARTESIAN_POINT('',(0.0285598310187279,0.0304334975522964,0.0242582840584339));
#8208=CARTESIAN_POINT('',(0.10740126203153,0.0304334975522964,0.0242582840584339));
#8209=CARTESIAN_POINT('',(0.0285598310187279,0.0306747580349206,0.0242774462859488));
#8210=CARTESIAN_POINT('',(0.10740126203153,0.0306747580349206,0.0242774462859488));
#8211=CARTESIAN_POINT('',(0.0593298391488729,-0.0375619291800786,0.0232299168819918));
#8212=CARTESIAN_POINT('',(0.0594514455819438,-0.0385326849746518,0.0225411458591925));
#8213=CARTESIAN_POINT('',(0.0592539370735327,-0.0393973177820666,0.0217688286897508));
#8214=CARTESIAN_POINT('',(0.0587939404790885,-0.0401415349432953,0.0209886654183272));
#8215=CARTESIAN_POINT('',(0.058063328780953,-0.0407449376025253,0.0202781474768871));
#8216=CARTESIAN_POINT('',(0.0569596000258934,-0.0410874504997146,0.0198407529901374));
#8217=CARTESIAN_POINT('',(0.0557611636686615,-0.0408817396335469,0.0201062714157339));
#8218=CARTESIAN_POINT('',(0.054940406282983,-0.040330329818872,0.0207742348041498));
#8219=CARTESIAN_POINT('',(0.054405540855293,-0.039624409497688,0.0215418899098538));
#8220=CARTESIAN_POINT('',(0.0541308316629948,-0.038791792169724,0.022324835953119));
#8221=CARTESIAN_POINT('',(0.0541492610680127,-0.0378554962395769,0.0230423847925877));
#8222=CARTESIAN_POINT('',(0.0545657659797029,-0.0368724973251803,0.0235844214610685));
#8223=CARTESIAN_POINT('',(0.0554407888038814,-0.0360809871256633,0.0238289965246972));
#8224=CARTESIAN_POINT('',(0.0565981749879637,-0.0357420899285839,0.0238781110900921));
#8225=CARTESIAN_POINT('',(0.0577816163906496,-0.0359254979609054,0.0238556528276861));
#8226=CARTESIAN_POINT('',(0.0587692444264733,-0.0365984362443696,0.0236896103861855));
#8227=CARTESIAN_POINT('',(0.0593298391488729,-0.0375619291800786,0.0232299168819918));
#8228=CARTESIAN_POINT('',(0.0594514455819438,-0.0385326849746518,0.0225411458591925));
#8229=CARTESIAN_POINT('',(0.0592539370735327,-0.0393973177820666,0.0217688286897508));
#8230=CARTESIAN_POINT('',(0.0593982597583635,-0.0385149978101254,0.0225272215014188));
#8231=CARTESIAN_POINT('',(0.084947515077986,-0.0375599552567913,0.0232310760086865));
#8232=CARTESIAN_POINT('',(0.0850691210068639,-0.0385303785539573,0.0225429752514752));
#8233=CARTESIAN_POINT('',(0.0848716843409916,-0.0393947263634466,0.0217713280580673));
#8234=CARTESIAN_POINT('',(0.0844118195102545,-0.0401386917934766,0.0209918104049095));
#8235=CARTESIAN_POINT('',(0.0836814227944316,-0.0407418332218469,0.020281931574969));
#8236=CARTESIAN_POINT('',(0.0825782212221196,-0.0410840898936864,0.0198450732484401));
#8237=CARTESIAN_POINT('',(0.0813804728459042,-0.0408784892506992,0.0201103209002554));
#8238=CARTESIAN_POINT('',(0.0805600288845112,-0.0403273293682862,0.0207776596360501));
#8239=CARTESIAN_POINT('',(0.0800253477830139,-0.039621636712962,0.0215446885578516));
#8240=CARTESIAN_POINT('',(0.0797507647068304,-0.0387892673054546,0.0223269694811764));
#8241=CARTESIAN_POINT('',(0.0797692631987485,-0.0378532834421062,0.0230438328370313));
#8242=CARTESIAN_POINT('',(0.080185752028878,-0.0368706782250982,0.0235851817987375));
#8243=CARTESIAN_POINT('',(0.0810604371256276,-0.0360796852113217,0.0238292826478168));
#8244=CARTESIAN_POINT('',(0.0822171903995824,-0.0357410611679179,0.0238782639142194));
#8245=CARTESIAN_POINT('',(0.0833999629418487,-0.0359243867101946,0.0238558618109843));
#8246=CARTESIAN_POINT('',(0.0843870709313974,-0.0365969004342691,0.0236901421773577));
#8247=CARTESIAN_POINT('',(0.084947515077986,-0.0375599552567913,0.0232310760086865));
#8248=CARTESIAN_POINT('',(0.0850691210068639,-0.0385303785539573,0.0225429752514752));
#8249=CARTESIAN_POINT('',(0.0848716843409916,-0.0393947263634466,0.0217713280580673));
#8250=CARTESIAN_POINT('',(0.0850159472410722,-0.0385126993060112,0.0225290508454424));
#8251=CARTESIAN_POINT('',(0.0292276585754552,-0.00640999729479359,0.0235410436771671));
#8252=CARTESIAN_POINT('',(0.0290593836617345,-0.00744929257441787,0.0231933267829762));
#8253=CARTESIAN_POINT('',(0.0289998774753225,-0.00949601953097356,0.0223859198209621));
#8254=CARTESIAN_POINT('',(0.0296401806449796,-0.0121526272461979,0.021686428784176));
#8255=CARTESIAN_POINT('',(0.030608467411892,-0.014143812403873,0.021742271173764));
#8256=CARTESIAN_POINT('',(0.0318253606662932,-0.0159386597787595,0.0222855465994516));
#8257=CARTESIAN_POINT('',(0.0328759225668167,-0.0169633418389011,0.0231034461072183));
#8258=CARTESIAN_POINT('',(0.0336625022001618,-0.0175656664337897,0.0236041647198447));
#8259=CARTESIAN_POINT('',(0.0311614687212776,-0.00161533415566672,0.0233387426276133));
#8260=CARTESIAN_POINT('',(0.0307578149838916,-0.00219754851707007,0.0234297958803789));
#8261=CARTESIAN_POINT('',(0.0304160022364984,-0.00280229802400068,0.0235752164540968));
#8262=CARTESIAN_POINT('',(0.0301301068050741,-0.0034297407125263,0.0237598140678345));
#8263=CARTESIAN_POINT('',(0.0311614736070851,-0.00161532710857611,0.023338809347829));
#8264=CARTESIAN_POINT('',(0.0299661039227234,0.000100439620381497,0.0230769632862905));
#8265=CARTESIAN_POINT('',(0.0303126753899614,-0.000506275867828044,0.0231731251453737));
#8266=CARTESIAN_POINT('',(0.0307114173750397,-0.00107884834914831,0.0232548409397122));
#8267=CARTESIAN_POINT('',(0.0311614787558009,-0.00161533324598387,0.0233387424853469));
#8268=CARTESIAN_POINT('',(0.0309134160652465,0.013112939005138,0.0234265982835804));
#8269=CARTESIAN_POINT('',(0.0305392471830867,0.012635120794532,0.0233063145858597));
#8270=CARTESIAN_POINT('',(0.0302052965659496,0.0121327217905871,0.0231773272075554));
#8271=CARTESIAN_POINT('',(0.029909950047917,0.0116037572582004,0.0230519547563554));
#8272=CARTESIAN_POINT('',(0.0309134120385186,0.0131129338610032,0.0234266312360598));
#8273=CARTESIAN_POINT('',(0.0299822025105448,0.0144367920748516,0.0237424015119214));
#8274=CARTESIAN_POINT('',(0.0302649211573403,0.013974619779442,0.0236430671819622));
#8275=CARTESIAN_POINT('',(0.0305748131734899,0.0135342061135829,0.0235326460744615));
#8276=CARTESIAN_POINT('',(0.0309134079837276,0.0131129389058223,0.0234265982585791));
#8277=CARTESIAN_POINT('',(0.0311457410742931,0.0292437314309489,0.0239593162703169));
#8278=CARTESIAN_POINT('',(0.031002997005957,0.0290762509464956,0.0238959606803322));
#8279=CARTESIAN_POINT('',(0.0308660184872865,0.0289067069034603,0.0238262208207383));
#8280=CARTESIAN_POINT('',(0.0307341897594744,0.0287347559926334,0.0237521635351218));
#8281=CARTESIAN_POINT('',(0.0311453240346329,0.0292432420964009,0.0239615494421495));
#8282=CARTESIAN_POINT('',(0.0308133982510002,0.0297806527896245,0.0241385658516568));
#8283=CARTESIAN_POINT('',(0.0309206327256492,0.0295969258222893,0.0240870901605073));
#8284=CARTESIAN_POINT('',(0.0310309486097459,0.0294185026962,0.0240254276505219));
#8285=CARTESIAN_POINT('',(0.0311449435286145,0.0292438251212692,0.0239593517114978));
#8286=CARTESIAN_POINT('',(0.0288898047396427,0.0091771556985219,0.0225865187223272));
#8287=CARTESIAN_POINT('',(0.0283625199562841,0.0091771556985219,0.0225865187223272));
#8288=CARTESIAN_POINT('',(0.0288898047396427,0.00861095029777423,0.022510223480219));
#8289=CARTESIAN_POINT('',(0.0283625199562841,0.00861095029777423,0.022510223480219));
#8290=CARTESIAN_POINT('',(0.0288898047396427,0.00743773448466348,0.022413125012919));
#8291=CARTESIAN_POINT('',(0.0283625199562841,0.00743773448466348,0.022413125012919));
#8292=CARTESIAN_POINT('',(0.0288898047396427,0.00517622051292864,0.02242290496151));
#8293=CARTESIAN_POINT('',(0.0283625199562841,0.00517622051292864,0.02242290496151));
#8294=CARTESIAN_POINT('',(0.0288898047396427,0.00357979301699223,0.0225806403490859));
#8295=CARTESIAN_POINT('',(0.0283625199562841,0.00357979301699223,0.0225806403490859));
#8296=CARTESIAN_POINT('',(0.0288898047396427,0.00261706690252675,0.0227035242472367));
#8297=CARTESIAN_POINT('',(0.0283625199562841,0.00261706690252675,0.0227035242472367));
#8298=CARTESIAN_POINT('',(0.0288822261989585,0.00913683830639685,0.022581137387135));
#8299=CARTESIAN_POINT('',(0.028275434335949,0.00702857960012588,0.0223024162481231));
#8300=CARTESIAN_POINT('',(0.0282772374176931,0.00475793407547528,0.0224318750187938));
#8301=CARTESIAN_POINT('',(0.0288866785802963,0.00265135683034554,0.0226991604413919));
#8302=CARTESIAN_POINT('',(0.0296695385830578,0.0271487199436864,0.0230665884111831));
#8303=CARTESIAN_POINT('',(0.0280788086757333,0.0271487199436864,0.0230665884111831));
#8304=CARTESIAN_POINT('',(0.0296695385830578,0.026201256205566,0.0226980766509046));
#8305=CARTESIAN_POINT('',(0.0280788086757333,0.026201256205566,0.0226980766509046));
#8306=CARTESIAN_POINT('',(0.0296695385830578,0.0246897855942619,0.0222907171147425));
#8307=CARTESIAN_POINT('',(0.0280788086757333,0.0246897855942619,0.0222907171147425));
#8308=CARTESIAN_POINT('',(0.0296695385830578,0.0224906383225362,0.0223151284437715));
#8309=CARTESIAN_POINT('',(0.0280788086757333,0.0224906383225362,0.0223151284437715));
#8310=CARTESIAN_POINT('',(0.0296695385830578,0.0208175130454396,0.0226883008434791));
#8311=CARTESIAN_POINT('',(0.0280788086757333,0.0208175130454396,0.0226883008434791));
#8312=CARTESIAN_POINT('',(0.0296695385830578,0.0194324646121944,0.0231874826915963));
#8313=CARTESIAN_POINT('',(0.0280788086757333,0.0194324646121944,0.0231874826915963));
#8314=CARTESIAN_POINT('',(0.0296695385830578,0.0181988656411998,0.02363662158186));
#8315=CARTESIAN_POINT('',(0.0280788086757333,0.0181988656411998,0.02363662158186));
#8316=CARTESIAN_POINT('',(0.0296695385830578,0.017106421461972,0.023932002456667));
#8317=CARTESIAN_POINT('',(0.0280788086757333,0.017106421461972,0.023932002456667));
#8318=CARTESIAN_POINT('',(0.0296695385830578,0.0165379079241186,0.0239876546916634));
#8319=CARTESIAN_POINT('',(0.0280788086757333,0.0165379079241186,0.0239876546916634));
#8320=CARTESIAN_POINT('',(0.0296695385830578,0.0162144724383908,0.0239833258948235));
#8321=CARTESIAN_POINT('',(0.0280788086757333,0.0162144724383908,0.0239833258948235));
#8322=CARTESIAN_POINT('',(0.0296601071826869,0.0270812100024948,0.0230405349750573));
#8323=CARTESIAN_POINT('',(0.0292229787865732,0.0262773391449187,0.0227327456204215));
#8324=CARTESIAN_POINT('',(0.0286925849186555,0.0250002552342406,0.0223713719476832));
#8325=CARTESIAN_POINT('',(0.028264657520416,0.023101682440486,0.0222830482069488));
#8326=CARTESIAN_POINT('',(0.028113551263601,0.0216857028326662,0.0224707760745931));
#8327=CARTESIAN_POINT('',(0.0281211304215392,0.0202844762721222,0.0228683351747309));
#8328=CARTESIAN_POINT('',(0.028322632424708,0.0185089395495159,0.0235330233158671));
#8329=CARTESIAN_POINT('',(0.0286931568366801,0.0171601239539708,0.0239873009635495));
#8330=CARTESIAN_POINT('',(0.0290602135169237,0.0162602390683057,0.0239837244968688));
#8331=CARTESIAN_POINT('',(0.114167247744655,0.0303985879428288,0.0242555113462525));
#8332=CARTESIAN_POINT('',(0.107554636971937,0.0303985879428288,0.0242555113462525));
#8333=CARTESIAN_POINT('',(0.114167247744655,0.0300253232548096,0.0242258646249209));
#8334=CARTESIAN_POINT('',(0.107554636971937,0.0300253232548096,0.0242258646249209));
#8335=CARTESIAN_POINT('',(0.114167247744655,0.0293937332598164,0.0240485478153664));
#8336=CARTESIAN_POINT('',(0.107554636971937,0.0293937332598164,0.0240485478153664));
#8337=CARTESIAN_POINT('',(0.114167247744655,0.028286507775823,0.0235539891524313));
#8338=CARTESIAN_POINT('',(0.107554636971937,0.028286507775823,0.0235539891524313));
#8339=CARTESIAN_POINT('',(0.114167247744655,0.0272819655200704,0.0231026584003303));
#8340=CARTESIAN_POINT('',(0.107554636971937,0.0272819655200704,0.0231026584003303));
#8341=CARTESIAN_POINT('',(0.114167247744655,0.0261869194612361,0.0227142973401432));
#8342=CARTESIAN_POINT('',(0.107554636971937,0.0261869194612361,0.0227142973401432));
#8343=CARTESIAN_POINT('',(0.114167247744655,0.0246697998091487,0.022345410454138));
#8344=CARTESIAN_POINT('',(0.107554636971937,0.0246697998091487,0.022345410454138));
#8345=CARTESIAN_POINT('',(0.114167247744655,0.0230412834846375,0.0222527635220975));
#8346=CARTESIAN_POINT('',(0.107554636971937,0.0230412834846375,0.0222527635220975));
#8347=CARTESIAN_POINT('',(0.114167247744655,0.0213422021321314,0.022554530200418));
#8348=CARTESIAN_POINT('',(0.107554636971937,0.0213422021321314,0.022554530200418));
#8349=CARTESIAN_POINT('',(0.114167247744655,0.0202172434363682,0.0229040021225155));
#8350=CARTESIAN_POINT('',(0.107554636971937,0.0202172434363682,0.0229040021225155));
#8351=CARTESIAN_POINT('',(0.114167247744655,0.0192067012311741,0.0232703957933827));
#8352=CARTESIAN_POINT('',(0.107554636971937,0.0192067012311741,0.0232703957933827));
#8353=CARTESIAN_POINT('',(0.114167247744655,0.0182848094802405,0.0235999394665752));
#8354=CARTESIAN_POINT('',(0.107554636971937,0.0182848094802405,0.0235999394665752));
#8355=CARTESIAN_POINT('',(0.114167247744655,0.0174495054319601,0.0238460209807069));
#8356=CARTESIAN_POINT('',(0.107554636971937,0.0174495054319601,0.0238460209807069));
#8357=CARTESIAN_POINT('',(0.114167247744655,0.016714568230388,0.0239793255580626));
#8358=CARTESIAN_POINT('',(0.107554636971937,0.016714568230388,0.0239793255580626));
#8359=CARTESIAN_POINT('',(0.114167247744655,0.0160594284506242,0.0239958165449247));
#8360=CARTESIAN_POINT('',(0.107554636971937,0.0160594284506242,0.0239958165449247));
#8361=CARTESIAN_POINT('',(0.114167247744655,0.0151943321978574,0.0239010066527443));
#8362=CARTESIAN_POINT('',(0.107554636971937,0.0151943321978574,0.0239010066527443));
#8363=CARTESIAN_POINT('',(0.114167247744655,0.0141802082982674,0.0236928191827858));
#8364=CARTESIAN_POINT('',(0.107554636971937,0.0141802082982674,0.0236928191827858));
#8365=CARTESIAN_POINT('',(0.114167247744655,0.0126463889876078,0.0233121766414902));
#8366=CARTESIAN_POINT('',(0.107554636971937,0.0126463889876078,0.0233121766414902));
#8367=CARTESIAN_POINT('',(0.114167247744655,0.0108658189146027,0.0228490740939667));
#8368=CARTESIAN_POINT('',(0.107554636971937,0.0108658189146027,0.0228490740939667));
#8369=CARTESIAN_POINT('',(0.114167247744655,0.00882888741945635,0.0225179598072782));
#8370=CARTESIAN_POINT('',(0.107554636971937,0.00882888741945635,0.0225179598072782));
#8371=CARTESIAN_POINT('',(0.114167247744655,0.00669371818648839,0.0223761071728138));
#8372=CARTESIAN_POINT('',(0.107554636971937,0.00669371818648839,0.0223761071728138));
#8373=CARTESIAN_POINT('',(0.114167247744655,0.00415201208435106,0.0224965855278422));
#8374=CARTESIAN_POINT('',(0.107554636971937,0.00415201208435106,0.0224965855278422));
#8375=CARTESIAN_POINT('',(0.114167247744655,0.00189448762228464,0.0227925661278076));
#8376=CARTESIAN_POINT('',(0.107554636971937,0.00189448762228464,0.0227925661278076));
#8377=CARTESIAN_POINT('',(0.114167247744655,0.00039621416900971,0.0230295877297591));
#8378=CARTESIAN_POINT('',(0.107554636971937,0.00039621416900971,0.0230295877297591));
#8379=CARTESIAN_POINT('',(0.114167247744655,-0.000797799822335176,0.0232220372307891));
#8380=CARTESIAN_POINT('',(0.107554636971937,-0.000797799822335176,0.0232220372307891));
#8381=CARTESIAN_POINT('',(0.114167247744655,-0.00165297995651797,0.023333878370441));
#8382=CARTESIAN_POINT('',(0.107554636971937,-0.00165297995651797,0.023333878370441));
#8383=CARTESIAN_POINT('',(0.114167247744655,-0.00260787382532165,0.0235189516940949));
#8384=CARTESIAN_POINT('',(0.107554636971937,-0.00260787382532165,0.0235189516940949));
#8385=CARTESIAN_POINT('',(0.114167247744655,-0.00313345334054903,0.0236698660123736));
#8386=CARTESIAN_POINT('',(0.107554636971937,-0.00313345334054903,0.0236698660123736));
#8387=CARTESIAN_POINT('',(0.114167247744655,-0.0033404589326358,0.0237327861989137));
#8388=CARTESIAN_POINT('',(0.107554636971937,-0.0033404589326358,0.0237327861989137));
#8389=CARTESIAN_POINT('',(0.0654002607832141,0.0751814502517042,0.00928942888745272));
#8390=CARTESIAN_POINT('',(0.0306862069581876,0.0751814502517042,0.00928942888745272));
#8391=CARTESIAN_POINT('',(0.0654002607832141,0.0745792817244751,0.00936231077535939));
#8392=CARTESIAN_POINT('',(0.0306862069581876,0.0745792817244751,0.00936231077535939));
#8393=CARTESIAN_POINT('',(0.0654002607832141,0.073348636327875,0.00952547581264975));
#8394=CARTESIAN_POINT('',(0.0306862069581876,0.073348636327875,0.00952547581264975));
#8395=CARTESIAN_POINT('',(0.0654002607832141,0.0717725505022195,0.00989982227586348));
#8396=CARTESIAN_POINT('',(0.0306862069581876,0.0717725505022195,0.00989982227586348));
#8397=CARTESIAN_POINT('',(0.0654002607832141,0.0704970437697972,0.0104394574340379));
#8398=CARTESIAN_POINT('',(0.0306862069581876,0.0704970437697972,0.0104394574340379));
#8399=CARTESIAN_POINT('',(0.0654002607832142,0.0695470705474164,0.0110282356917635));
#8400=CARTESIAN_POINT('',(0.0306862069581877,0.0695470705474164,0.0110282356917635));
#8401=CARTESIAN_POINT('',(0.0654002607832142,0.068701677893562,0.0118240566627639));
#8402=CARTESIAN_POINT('',(0.0306862069581877,0.068701677893562,0.0118240566627639));
#8403=CARTESIAN_POINT('',(0.0654002607832141,0.0678922437559185,0.0129251364989741));
#8404=CARTESIAN_POINT('',(0.0306862069581876,0.0678922437559185,0.0129251364989741));
#8405=CARTESIAN_POINT('',(0.0654002607832142,0.0672434052772387,0.0142757526313685));
#8406=CARTESIAN_POINT('',(0.0306862069581877,0.0672434052772387,0.0142757526313685));
#8407=CARTESIAN_POINT('',(0.0654002607832142,0.0667010608402148,0.0156879528259993));
#8408=CARTESIAN_POINT('',(0.0306862069581877,0.0667010608402148,0.0156879528259993));
#8409=CARTESIAN_POINT('',(0.0654002607832141,0.0661933821093255,0.0168231406512583));
#8410=CARTESIAN_POINT('',(0.0306862069581876,0.0661933821093255,0.0168231406512583));
#8411=CARTESIAN_POINT('',(0.0654002607832142,0.0657552790568794,0.0174578767390568));
#8412=CARTESIAN_POINT('',(0.0306862069581877,0.0657552790568794,0.0174578767390568));
#8413=CARTESIAN_POINT('',(0.0654002607832142,0.0653871978255325,0.017810747676802));
#8414=CARTESIAN_POINT('',(0.0306862069581877,0.0653871978255325,0.017810747676802));
#8415=CARTESIAN_POINT('',(0.0654002607832142,0.0648586768710475,0.0181888040058201));
#8416=CARTESIAN_POINT('',(0.0306862069581877,0.0648586768710475,0.0181888040058201));
#8417=CARTESIAN_POINT('',(0.0654002607832141,0.0638951995438448,0.018646472211695));
#8418=CARTESIAN_POINT('',(0.0306862069581876,0.0638951995438448,0.018646472211695));
#8419=CARTESIAN_POINT('',(0.0654002607832142,0.0623759369432157,0.019056880406274));
#8420=CARTESIAN_POINT('',(0.0306862069581877,0.0623759369432157,0.019056880406274));
#8421=CARTESIAN_POINT('',(0.0654002607832142,0.0606442025461354,0.0192858092846383));
#8422=CARTESIAN_POINT('',(0.0306862069581877,0.0606442025461354,0.0192858092846383));
#8423=CARTESIAN_POINT('',(0.0654002607832142,0.0588444731252572,0.019325159535587));
#8424=CARTESIAN_POINT('',(0.0306862069581877,0.0588444731252572,0.019325159535587));
#8425=CARTESIAN_POINT('',(0.0654002607832142,0.057109617803043,0.019182801421336));
#8426=CARTESIAN_POINT('',(0.0306862069581877,0.057109617803043,0.019182801421336));
#8427=CARTESIAN_POINT('',(0.0654002607832142,0.0556139143462248,0.0188892741878642));
#8428=CARTESIAN_POINT('',(0.0306862069581877,0.0556139143462248,0.0188892741878642));
#8429=CARTESIAN_POINT('',(0.0654002607832142,0.0543954103739107,0.0184675213391104));
#8430=CARTESIAN_POINT('',(0.0306862069581877,0.0543954103739107,0.0184675213391104));
#8431=CARTESIAN_POINT('',(0.0654002607832142,0.0531474308533806,0.0179283168645697));
#8432=CARTESIAN_POINT('',(0.0306862069581877,0.0531474308533806,0.0179283168645697));
#8433=CARTESIAN_POINT('',(0.0654002607832142,0.0517678475963616,0.0173521381837741));
#8434=CARTESIAN_POINT('',(0.0306862069581877,0.0517678475963616,0.0173521381837741));
#8435=CARTESIAN_POINT('',(0.0654002607832142,0.0503316513101507,0.0169865225800076));
#8436=CARTESIAN_POINT('',(0.0306862069581877,0.0503316513101507,0.0169865225800076));
#8437=CARTESIAN_POINT('',(0.0654002607832141,0.0490071564001986,0.0169474449614307));
#8438=CARTESIAN_POINT('',(0.0306862069581876,0.0490071564001986,0.0169474449614307));
#8439=CARTESIAN_POINT('',(0.0654002607832142,0.0476026820486452,0.0171427514962837));
#8440=CARTESIAN_POINT('',(0.0306862069581877,0.0476026820486452,0.0171427514962837));
#8441=CARTESIAN_POINT('',(0.0654002607832141,0.0460381815925693,0.017755523549218));
#8442=CARTESIAN_POINT('',(0.0306862069581875,0.0460381815925693,0.017755523549218));
#8443=CARTESIAN_POINT('',(0.0654002607832142,0.0443475967821363,0.0187330445458704));
#8444=CARTESIAN_POINT('',(0.0306862069581877,0.0443475967821363,0.0187330445458704));
#8445=CARTESIAN_POINT('',(0.0654002607832142,0.0427040093793464,0.0198515135757926));
#8446=CARTESIAN_POINT('',(0.0306862069581877,0.0427040093793464,0.0198515135757926));
#8447=CARTESIAN_POINT('',(0.0654002607832141,0.0410963824864688,0.0209971229548354));
#8448=CARTESIAN_POINT('',(0.0306862069581876,0.0410963824864688,0.0209971229548354));
#8449=CARTESIAN_POINT('',(0.0654002607832141,0.0395221207299121,0.0220596394511444));
#8450=CARTESIAN_POINT('',(0.0306862069581876,0.0395221207299121,0.0220596394511444));
#8451=CARTESIAN_POINT('',(0.0654002607832142,0.0380572651858335,0.0229188270086499));
#8452=CARTESIAN_POINT('',(0.0306862069581877,0.0380572651858335,0.0229188270086499));
#8453=CARTESIAN_POINT('',(0.0654002607832142,0.0367735501797947,0.023457341796102));
#8454=CARTESIAN_POINT('',(0.0306862069581877,0.0367735501797947,0.023457341796102));
#8455=CARTESIAN_POINT('',(0.0654002607832142,0.0355815634109692,0.0237288793823204));
#8456=CARTESIAN_POINT('',(0.0306862069581877,0.0355815634109692,0.0237288793823204));
#8457=CARTESIAN_POINT('',(0.0654002607832142,0.0346755927051182,0.0237641951163927));
#8458=CARTESIAN_POINT('',(0.0306862069581877,0.0346755927051182,0.0237641951163927));
#8459=CARTESIAN_POINT('',(0.0654002607832142,0.0340836479448433,0.023700515694049));
#8460=CARTESIAN_POINT('',(0.0306862069581877,0.0340836479448433,0.023700515694049));
#8461=CARTESIAN_POINT('',(0.0654002607832141,0.0337580290345032,0.0236402600204565));
#8462=CARTESIAN_POINT('',(0.0306862069581876,0.0337580290345032,0.0236402600204565));
#8463=CARTESIAN_POINT('',(0.0654002607832142,0.0335150811547359,0.0235824505068236));
#8464=CARTESIAN_POINT('',(0.0306862069581877,0.0335150811547359,0.0235824505068236));
#8465=CARTESIAN_POINT('',(0.0654002607832142,0.0332942430646178,0.0235159289018943));
#8466=CARTESIAN_POINT('',(0.0306862069581877,0.0332942430646178,0.0235159289018943));
#8467=CARTESIAN_POINT('',(0.0654002607832142,0.0329024143002392,0.0233923000849267));
#8468=CARTESIAN_POINT('',(0.0306862069581877,0.0329024143002392,0.0233923000849267));
#8469=CARTESIAN_POINT('',(0.0654002607832142,0.0325434594464135,0.0232796363562353));
#8470=CARTESIAN_POINT('',(0.0306862069581877,0.0325434594464135,0.0232796363562353));
#8471=CARTESIAN_POINT('',(0.0654002607832142,0.0318481080063749,0.0230618935885343));
#8472=CARTESIAN_POINT('',(0.0306862069581877,0.0318481080063749,0.0230618935885343));
#8473=CARTESIAN_POINT('',(0.0654002607832142,0.0312434602823677,0.022871994534715));
#8474=CARTESIAN_POINT('',(0.0306862069581877,0.0312434602823677,0.022871994534715));
#8475=CARTESIAN_POINT('',(0.0654002607832142,0.0307678320688187,0.0227227882175931));
#8476=CARTESIAN_POINT('',(0.0306862069581877,0.0307678320688187,0.0227227882175931));
#8477=CARTESIAN_POINT('',(0.0635451599955559,0.0567311942577362,0.0190948360138814));
#8478=CARTESIAN_POINT('',(0.0636304734260821,0.0565501740007945,0.0190648379703022));
#8479=CARTESIAN_POINT('',(0.0637153062437525,0.0563701695806223,0.019031220983715));
#8480=CARTESIAN_POINT('',(0.0637993403427766,0.0561912095594799,0.0189934907581873));
#8481=CARTESIAN_POINT('',(0.0635451599955559,0.0567311942577362,0.0190948360138814));
#8482=CARTESIAN_POINT('',(0.0635451599955559,0.0567311942577362,0.0190948360138814));
#8483=CARTESIAN_POINT('',(0.0626369785225412,0.0559416285846109,0.018963991953271));
#8484=CARTESIAN_POINT('',(0.0608529404044716,0.0543877117545868,0.0185283804500701));
#8485=CARTESIAN_POINT('',(0.0587948591602018,0.0524010227610823,0.0175590038349428));
#8486=CARTESIAN_POINT('',(0.0572841117338819,0.0505901337425655,0.0170359526337087));
#8487=CARTESIAN_POINT('',(0.0563074900271826,0.0490819013371405,0.0169024593008705));
#8488=CARTESIAN_POINT('',(0.0556536338002028,0.0473866173109568,0.0171977842878795));
#8489=CARTESIAN_POINT('',(0.0555994534332875,0.0456993917300091,0.0179373579159895));
#8490=CARTESIAN_POINT('',(0.0560480772369343,0.0441910887117373,0.0188412342822443));
#8491=CARTESIAN_POINT('',(0.0570141342044354,0.0423636383674214,0.0200848227714091));
#8492=CARTESIAN_POINT('',(0.0586407768498409,0.0403336273584235,0.0215422261389209));
#8493=CARTESIAN_POINT('',(0.0609758730782663,0.0379997983695035,0.0230175781906727));
#8494=CARTESIAN_POINT('',(0.0626956207580121,0.03644351655332,0.0235689471655168));
#8495=CARTESIAN_POINT('',(0.0635856920027726,0.0356387947059824,0.0236850785909838));
#8496=CARTESIAN_POINT('',(0.0382344770513619,0.0652271314618572,0.01792195222461));
#8497=CARTESIAN_POINT('',(0.0376886443839478,0.0650447126926325,0.018055149648366));
#8498=CARTESIAN_POINT('',(0.0371557566996319,0.0648284098677317,0.0181849747978666));
#8499=CARTESIAN_POINT('',(0.0366355453436483,0.0645777127405698,0.0183094640574381));
#8500=CARTESIAN_POINT('',(0.0382344860998585,0.0652271344855527,0.0179219934464062));
#8501=CARTESIAN_POINT('',(0.038110894223883,0.0681694029985162,0.0125716611404105));
#8502=CARTESIAN_POINT('',(0.0380862966212656,0.0675912049342403,0.0134348324719579));
#8503=CARTESIAN_POINT('',(0.0380944557964114,0.0670185658679458,0.0148682630856114));
#8504=CARTESIAN_POINT('',(0.0381301888441759,0.0662545541770101,0.0167769353506542));
#8505=CARTESIAN_POINT('',(0.0381817248099951,0.0656420612714563,0.0176189852749541));
#8506=CARTESIAN_POINT('',(0.0382344887024278,0.0652271140182585,0.0179219649613871));
#8507=CARTESIAN_POINT('',(0.0380240527470488,0.0304067073267217,0.0226095020599284));
#8508=CARTESIAN_POINT('',(0.102636803447064,0.0304067073267217,0.0226095020599284));
#8509=CARTESIAN_POINT('',(0.0380240527470488,0.030722018668646,0.0227084163857297));
#8510=CARTESIAN_POINT('',(0.102636803447064,0.030722018668646,0.0227084163857297));
#8511=CARTESIAN_POINT('',(0.0380240527470488,0.0313518222631225,0.0229058860808394));
#8512=CARTESIAN_POINT('',(0.102636803447064,0.0313518222631225,0.0229058860808394));
#8513=CARTESIAN_POINT('',(0.0380240527470488,0.0321420580899458,0.0231540653592655));
#8514=CARTESIAN_POINT('',(0.102636803447064,0.0321420580899458,0.0231540653592655));
#8515=CARTESIAN_POINT('',(0.0380240527470488,0.0326939020559528,0.0233270135069698));
#8516=CARTESIAN_POINT('',(0.102636803447064,0.0326939020559528,0.0233270135069698));
#8517=CARTESIAN_POINT('',(0.0380240527470488,0.0330030228852034,0.02342368786002));
#8518=CARTESIAN_POINT('',(0.102636803447064,0.0330030228852034,0.02342368786002));
#8519=CARTESIAN_POINT('',(0.0380240527470488,0.0332568777102209,0.0235040862747899));
#8520=CARTESIAN_POINT('',(0.102636803447064,0.0332568777102209,0.0235040862747899));
#8521=CARTESIAN_POINT('',(0.0380240527470488,0.0334387328568782,0.023560189312215));
#8522=CARTESIAN_POINT('',(0.102636803447064,0.0334387328568782,0.023560189312215));
#8523=CARTESIAN_POINT('',(0.0380240527470488,0.0336201154108468,0.0236081310677901));
#8524=CARTESIAN_POINT('',(0.102636803447064,0.0336201154108468,0.0236081310677901));
#8525=CARTESIAN_POINT('',(0.0380240527470488,0.0340210283735411,0.0236968129305831));
#8526=CARTESIAN_POINT('',(0.102636803447064,0.0340210283735411,0.0236968129305831));
#8527=CARTESIAN_POINT('',(0.0380240527470488,0.0345621730909029,0.0237543113375123));
#8528=CARTESIAN_POINT('',(0.102636803447064,0.0345621730909029,0.0237543113375123));
#8529=CARTESIAN_POINT('',(0.0380240527470488,0.0355232671080622,0.0237370826544212));
#8530=CARTESIAN_POINT('',(0.102636803447064,0.0355232671080622,0.0237370826544212));
#8531=CARTESIAN_POINT('',(0.0380240527470488,0.0368177469103692,0.0234746720366492));
#8532=CARTESIAN_POINT('',(0.102636803447064,0.0368177469103692,0.0234746720366492));
#8533=CARTESIAN_POINT('',(0.0380240527470488,0.0385706808193488,0.022666251949616));
#8534=CARTESIAN_POINT('',(0.102636803447064,0.0385706808193488,0.022666251949616));
#8535=CARTESIAN_POINT('',(0.0380240527470488,0.0406177767372948,0.0213407550838087));
#8536=CARTESIAN_POINT('',(0.102636803447064,0.0406177767372948,0.0213407550838087));
#8537=CARTESIAN_POINT('',(0.0380240527470488,0.0427475317919235,0.0198161799506061));
#8538=CARTESIAN_POINT('',(0.102636803447064,0.0427475317919235,0.0198161799506061));
#8539=CARTESIAN_POINT('',(0.0380240527470488,0.0445628364897934,0.018587106945792));
#8540=CARTESIAN_POINT('',(0.102636803447064,0.0445628364897934,0.018587106945792));
#8541=CARTESIAN_POINT('',(0.0380240527470488,0.0460880579451228,0.0177635467188343));
#8542=CARTESIAN_POINT('',(0.102636803447064,0.0460880579451228,0.0177635467188343));
#8543=CARTESIAN_POINT('',(0.0380240527470488,0.0472989477279654,0.0172560859453659));
#8544=CARTESIAN_POINT('',(0.102636803447064,0.0472989477279654,0.0172560859453659));
#8545=CARTESIAN_POINT('',(0.0380240527470488,0.0486785854924283,0.0169518251940976));
#8546=CARTESIAN_POINT('',(0.102636803447064,0.0486785854924283,0.0169518251940976));
#8547=CARTESIAN_POINT('',(0.0380240527470488,0.05047550914376,0.0169655619689201));
#8548=CARTESIAN_POINT('',(0.102636803447064,0.05047550914376,0.0169655619689201));
#8549=CARTESIAN_POINT('',(0.0380240527470488,0.0522875393182394,0.0175358816764142));
#8550=CARTESIAN_POINT('',(0.102636803447064,0.0522875393182394,0.0175358816764142));
#8551=CARTESIAN_POINT('',(0.0380240527470488,0.0536909857209699,0.0181751176750922));
#8552=CARTESIAN_POINT('',(0.102636803447064,0.0536909857209699,0.0181751176750922));
#8553=CARTESIAN_POINT('',(0.0380240527470488,0.0547899563892204,0.018606820745545));
#8554=CARTESIAN_POINT('',(0.102636803447064,0.0547899563892204,0.018606820745545));
#8555=CARTESIAN_POINT('',(0.0380240527470488,0.0558897653579973,0.0189586832435988));
#8556=CARTESIAN_POINT('',(0.102636803447064,0.0558897653579973,0.0189586832435988));
#8557=CARTESIAN_POINT('',(0.0380240527470488,0.0576066875390636,0.0192658722069072));
#8558=CARTESIAN_POINT('',(0.102636803447064,0.0576066875390636,0.0192658722069072));
#8559=CARTESIAN_POINT('',(0.0380240527470488,0.0599905962073704,0.0193463227448391));
#8560=CARTESIAN_POINT('',(0.102636803447064,0.0599905962073704,0.0193463227448391));
#8561=CARTESIAN_POINT('',(0.0380240527470488,0.0623386994720353,0.0190923536841416));
#8562=CARTESIAN_POINT('',(0.102636803447064,0.0623386994720353,0.0190923536841416));
#8563=CARTESIAN_POINT('',(0.0380240527470488,0.0639867602686896,0.0186138567820508));
#8564=CARTESIAN_POINT('',(0.102636803447064,0.0639867602686896,0.0186138567820508));
#8565=CARTESIAN_POINT('',(0.0380240527470488,0.0649640984521155,0.0181192277794637));
#8566=CARTESIAN_POINT('',(0.102636803447064,0.0649640984521155,0.0181192277794637));
#8567=CARTESIAN_POINT('',(0.0380240527470488,0.0654617388041142,0.0177577502715375));
#8568=CARTESIAN_POINT('',(0.102636803447064,0.0654617388041142,0.0177577502715375));
#8569=CARTESIAN_POINT('',(0.0380240527470488,0.0658114785975829,0.0173790972813203));
#8570=CARTESIAN_POINT('',(0.102636803447064,0.0658114785975829,0.0173790972813203));
#8571=CARTESIAN_POINT('',(0.0380240527470488,0.0662768198588039,0.0166684978408297));
#8572=CARTESIAN_POINT('',(0.102636803447064,0.0662768198588039,0.0166684978408297));
#8573=CARTESIAN_POINT('',(0.0380240527470488,0.0667173601120189,0.0156299005998007));
#8574=CARTESIAN_POINT('',(0.102636803447064,0.0667173601120189,0.0156299005998007));
#8575=CARTESIAN_POINT('',(0.0380240527470488,0.0672186191254022,0.0143656148331582));
#8576=CARTESIAN_POINT('',(0.102636803447064,0.0672186191254022,0.0143656148331582));
#8577=CARTESIAN_POINT('',(0.0380240527470488,0.0676960702846702,0.0133254228589257));
#8578=CARTESIAN_POINT('',(0.102636803447064,0.0676960702846702,0.0133254228589257));
#8579=CARTESIAN_POINT('',(0.0380240527470488,0.0683480592003277,0.0122348123954787));
#8580=CARTESIAN_POINT('',(0.102636803447064,0.0683480592003277,0.0122348123954787));
#8581=CARTESIAN_POINT('',(0.0380240527470488,0.0693743433080991,0.0111271889025758));
#8582=CARTESIAN_POINT('',(0.102636803447064,0.0693743433080991,0.0111271889025758));
#8583=CARTESIAN_POINT('',(0.0380240527470488,0.0706493399226383,0.0103420335125188));
#8584=CARTESIAN_POINT('',(0.102636803447064,0.0706493399226383,0.0103420335125188));
#8585=CARTESIAN_POINT('',(0.0380240527470488,0.0719158576103712,0.00987247019713723));
#8586=CARTESIAN_POINT('',(0.102636803447064,0.0719158576103712,0.00987247019713723));
#8587=CARTESIAN_POINT('',(0.0380240527470488,0.0731665335002347,0.00957680750215719));
#8588=CARTESIAN_POINT('',(0.102636803447064,0.0731665335002347,0.00957680750215719));
#8589=CARTESIAN_POINT('',(0.0380240527470488,0.0748085549625473,0.00931819247046255));
#8590=CARTESIAN_POINT('',(0.102636803447064,0.0748085549625473,0.00931819247046255));
#8591=CARTESIAN_POINT('',(0.0380240527470488,0.0767948200778551,0.00911716914755387));
#8592=CARTESIAN_POINT('',(0.102636803447064,0.0767948200778551,0.00911716914755387));
#8593=CARTESIAN_POINT('',(0.0380240527470488,0.0789359231626472,0.00878736174333881));
#8594=CARTESIAN_POINT('',(0.102636803447064,0.0789359231626472,0.00878736174333881));
#8595=CARTESIAN_POINT('',(0.0380240527470488,0.0804596197090083,0.00824953509199832));
#8596=CARTESIAN_POINT('',(0.102636803447064,0.0804596197090083,0.00824953509199832));
#8597=CARTESIAN_POINT('',(0.0380240527470488,0.0822603428315807,0.00706492784198419));
#8598=CARTESIAN_POINT('',(0.102636803447064,0.0822603428315807,0.00706492784198419));
#8599=CARTESIAN_POINT('',(0.0380240527470488,0.0836477589824547,0.00532829972348415));
#8600=CARTESIAN_POINT('',(0.102636803447064,0.0836477589824547,0.00532829972348415));
#8601=CARTESIAN_POINT('',(0.0380240527470488,0.0844071320777922,0.00366542976553549));
#8602=CARTESIAN_POINT('',(0.102636803447064,0.0844071320777922,0.00366542976553549));
#8603=CARTESIAN_POINT('',(0.0380240527470488,0.0846085750858836,0.00290105462241072));
#8604=CARTESIAN_POINT('',(0.102636803447064,0.0846085750858836,0.00290105462241072));
#8605=CARTESIAN_POINT('',(0.0380240527470488,0.0846864828621872,0.00250000000000069));
#8606=CARTESIAN_POINT('',(0.102636803447064,0.0846864828621872,0.00250000000000069));
#8607=CARTESIAN_POINT('',(0.0653083143227513,0.0527266685136076,0.0177551761465791));
#8608=CARTESIAN_POINT('',(0.0654991802210021,0.0522236826772406,0.0175495409740499));
#8609=CARTESIAN_POINT('',(0.0658534197295848,0.0512063646328117,0.0171658866180883));
#8610=CARTESIAN_POINT('',(0.0662828619614581,0.0495205471018156,0.0168903347503144));
#8611=CARTESIAN_POINT('',(0.0665106496503007,0.0477943745052282,0.0170840581959189));
#8612=CARTESIAN_POINT('',(0.0665016656250509,0.046158923681568,0.0177075482357538));
#8613=CARTESIAN_POINT('',(0.0663333376145338,0.0446429738199398,0.0185521511353058));
#8614=CARTESIAN_POINT('',(0.0659749973948166,0.042737020374229,0.0198136082934427));
#8615=CARTESIAN_POINT('',(0.0655966443257054,0.0413696103286612,0.0208092327076049));
#8616=CARTESIAN_POINT('',(0.0653090637289012,0.0404421109869926,0.0214362774904318));
#8617=CARTESIAN_POINT('',(0.0529877218085139,0.0846864828621871,0.00250000000000167));
#8618=CARTESIAN_POINT('',(0.0522156981098317,0.0845722369081927,0.00308811674668475));
#8619=CARTESIAN_POINT('',(0.0506444131958681,0.0842338984398129,0.00417256635371231));
#8620=CARTESIAN_POINT('',(0.0482861546995389,0.083360567398915,0.00568431019337119));
#8621=CARTESIAN_POINT('',(0.0460544599033293,0.0821466603983345,0.00709052299136956));
#8622=CARTESIAN_POINT('',(0.0438954815011548,0.0805163691753007,0.00827638688923464));
#8623=CARTESIAN_POINT('',(0.0419367732827466,0.0784760537232864,0.00889884390841431));
#8624=CARTESIAN_POINT('',(0.0402873771139894,0.0760616939104226,0.00919015167808344));
#8625=CARTESIAN_POINT('',(0.0390701941853172,0.0734167924310419,0.00948189372147425));
#8626=CARTESIAN_POINT('',(0.038574816822492,0.0715873098084623,0.00994384178316529));
#8627=CARTESIAN_POINT('',(0.0384071322966536,0.0707125954807261,0.010363240829664));
#8628=CARTESIAN_POINT('',(0.0529877218085139,0.0846864828621874,0.00249999999999997));
#8629=CARTESIAN_POINT('',(0.0529877218085137,0.0846864828621874,0.0025));
#8630=CARTESIAN_POINT('',(0.0811776878960246,0.0846864828621874,0.0025));
#8631=CARTESIAN_POINT('',(0.106242433121929,0.0764516590438846,0.00913983378068649));
#8632=CARTESIAN_POINT('',(0.0777380017244759,0.0764516590438846,0.00913983378068649));
#8633=CARTESIAN_POINT('',(0.106242433121929,0.0758609871134401,0.0092100944600962));
#8634=CARTESIAN_POINT('',(0.0777380017244759,0.0758609871134401,0.0092100944600962));
#8635=CARTESIAN_POINT('',(0.106242433121929,0.0746379649475616,0.00934248129562394));
#8636=CARTESIAN_POINT('',(0.077738001724476,0.0746379649475616,0.00934248129562394));
#8637=CARTESIAN_POINT('',(0.106242433121929,0.0727317693000398,0.00964238464142503));
#8638=CARTESIAN_POINT('',(0.0777380017244759,0.0727317693000398,0.00964238464142503));
#8639=CARTESIAN_POINT('',(0.106242433121929,0.0711163149818631,0.0101150811338591));
#8640=CARTESIAN_POINT('',(0.077738001724476,0.0711163149818631,0.0101150811338591));
#8641=CARTESIAN_POINT('',(0.106242433121929,0.0697997333328251,0.0108455458628524));
#8642=CARTESIAN_POINT('',(0.0777380017244759,0.0697997333328251,0.0108455458628524));
#8643=CARTESIAN_POINT('',(0.106242433121929,0.0688984767941483,0.0116083379743474));
#8644=CARTESIAN_POINT('',(0.0777380017244759,0.0688984767941483,0.0116083379743474));
#8645=CARTESIAN_POINT('',(0.106242433121929,0.0682144305959958,0.0124589055073521));
#8646=CARTESIAN_POINT('',(0.0777380017244759,0.0682144305959958,0.0124589055073521));
#8647=CARTESIAN_POINT('',(0.106242433121929,0.0675529392616961,0.013578269193104));
#8648=CARTESIAN_POINT('',(0.0777380017244759,0.0675529392616961,0.013578269193104));
#8649=CARTESIAN_POINT('',(0.106242433121929,0.0670017213205626,0.0148955137329621));
#8650=CARTESIAN_POINT('',(0.0777380017244759,0.0670017213205626,0.0148955137329621));
#8651=CARTESIAN_POINT('',(0.106242433121929,0.0664838689704186,0.0162291234469242));
#8652=CARTESIAN_POINT('',(0.0777380017244758,0.0664838689704186,0.0162291234469242));
#8653=CARTESIAN_POINT('',(0.106242433121929,0.0659371051769443,0.0172335265338816));
#8654=CARTESIAN_POINT('',(0.0777380017244759,0.0659371051769443,0.0172335265338816));
#8655=CARTESIAN_POINT('',(0.106242433121929,0.0654512571367905,0.0178056108581279));
#8656=CARTESIAN_POINT('',(0.0777380017244758,0.0654512571367905,0.0178056108581279));
#8657=CARTESIAN_POINT('',(0.106242433121929,0.0645265175875535,0.0183847488761607));
#8658=CARTESIAN_POINT('',(0.0777380017244758,0.0645265175875535,0.0183847488761607));
#8659=CARTESIAN_POINT('',(0.106242433121929,0.0631274422649194,0.0188874077195656));
#8660=CARTESIAN_POINT('',(0.077738001724476,0.0631274422649194,0.0188874077195656));
#8661=CARTESIAN_POINT('',(0.106242433121929,0.0614385102649465,0.0192077649113414));
#8662=CARTESIAN_POINT('',(0.0777380017244759,0.0614385102649465,0.0192077649113414));
#8663=CARTESIAN_POINT('',(0.106242433121929,0.0596092940649838,0.019332758490665));
#8664=CARTESIAN_POINT('',(0.0777380017244758,0.0596092940649838,0.019332758490665));
#8665=CARTESIAN_POINT('',(0.106242433121929,0.0577935696782823,0.0192624830880217));
#8666=CARTESIAN_POINT('',(0.0777380017244759,0.0577935696782823,0.0192624830880217));
#8667=CARTESIAN_POINT('',(0.106242433121929,0.0561334010630492,0.0190159986279545));
#8668=CARTESIAN_POINT('',(0.0777380017244758,0.0561334010630492,0.0190159986279545));
#8669=CARTESIAN_POINT('',(0.106242433121929,0.0548270929647369,0.0186360915365618));
#8670=CARTESIAN_POINT('',(0.0777380017244759,0.0548270929647369,0.0186360915365618));
#8671=CARTESIAN_POINT('',(0.106242433121929,0.0535748581698932,0.0181185636801906));
#8672=CARTESIAN_POINT('',(0.0777380017244759,0.0535748581698932,0.0181185636801906));
#8673=CARTESIAN_POINT('',(0.106242433121929,0.0522291781438879,0.0175307941249065));
#8674=CARTESIAN_POINT('',(0.0777380017244758,0.0522291781438879,0.0175307941249065));
#8675=CARTESIAN_POINT('',(0.106242433121929,0.0505967180252633,0.0170018996241725));
#8676=CARTESIAN_POINT('',(0.0777380017244758,0.0505967180252633,0.0170018996241725));
#8677=CARTESIAN_POINT('',(0.106242433121929,0.0488793510559532,0.0169103558077564));
#8678=CARTESIAN_POINT('',(0.077738001724476,0.0488793510559532,0.0169103558077564));
#8679=CARTESIAN_POINT('',(0.106242433121929,0.0474638191078817,0.0172237232895982));
#8680=CARTESIAN_POINT('',(0.0777380017244759,0.0474638191078817,0.0172237232895982));
#8681=CARTESIAN_POINT('',(0.106242433121929,0.0461830958879311,0.0177010557427258));
#8682=CARTESIAN_POINT('',(0.0777380017244758,0.0461830958879311,0.0177010557427258));
#8683=CARTESIAN_POINT('',(0.106242433121929,0.0447197458854226,0.0184971724078702));
#8684=CARTESIAN_POINT('',(0.0777380017244759,0.0447197458854226,0.0184971724078702));
#8685=CARTESIAN_POINT('',(0.106242433121929,0.0430320730623022,0.0196198143500035));
#8686=CARTESIAN_POINT('',(0.0777380017244759,0.0430320730623022,0.0196198143500035));
#8687=CARTESIAN_POINT('',(0.106242433121929,0.0413827357469068,0.0207949710669237));
#8688=CARTESIAN_POINT('',(0.0777380017244759,0.0413827357469068,0.0207949710669237));
#8689=CARTESIAN_POINT('',(0.106242433121929,0.0397620605578259,0.0219051520177417));
#8690=CARTESIAN_POINT('',(0.0777380017244758,0.0397620605578259,0.0219051520177417));
#8691=CARTESIAN_POINT('',(0.106242433121929,0.0382435654467219,0.0228228457795442));
#8692=CARTESIAN_POINT('',(0.0777380017244759,0.0382435654467219,0.0228228457795442));
#8693=CARTESIAN_POINT('',(0.106242433121929,0.0369102094479255,0.0234139396031704));
#8694=CARTESIAN_POINT('',(0.0777380017244759,0.0369102094479255,0.0234139396031704));
#8695=CARTESIAN_POINT('',(0.106242433121929,0.0356849697301029,0.0237161823634961));
#8696=CARTESIAN_POINT('',(0.0777380017244759,0.0356849697301029,0.0237161823634961));
#8697=CARTESIAN_POINT('',(0.106242433121929,0.034746803870534,0.0237656151178344));
#8698=CARTESIAN_POINT('',(0.077738001724476,0.034746803870534,0.0237656151178344));
#8699=CARTESIAN_POINT('',(0.106242433121929,0.0340603772588555,0.0237018575486474));
#8700=CARTESIAN_POINT('',(0.0777380017244759,0.0340603772588555,0.0237018575486474));
#8701=CARTESIAN_POINT('',(0.106242433121929,0.0336238091646521,0.0236124288291827));
#8702=CARTESIAN_POINT('',(0.0777380017244759,0.0336238091646521,0.0236124288291827));
#8703=CARTESIAN_POINT('',(0.106242433121929,0.0333493657317535,0.0235337195760073));
#8704=CARTESIAN_POINT('',(0.077738001724476,0.0333493657317535,0.0235337195760073));
#8705=CARTESIAN_POINT('',(0.106242433121929,0.0328176905004583,0.0233652042831067));
#8706=CARTESIAN_POINT('',(0.0777380017244759,0.0328176905004583,0.0233652042831067));
#8707=CARTESIAN_POINT('',(0.106242433121929,0.0319963147025794,0.0231086433693118));
#8708=CARTESIAN_POINT('',(0.0777380017244759,0.0319963147025794,0.0231086433693118));
#8709=CARTESIAN_POINT('',(0.106242433121929,0.0312541162897767,0.0228753373633809));
#8710=CARTESIAN_POINT('',(0.0777380017244759,0.0312541162897767,0.0228753373633809));
#8711=CARTESIAN_POINT('',(0.106242433121929,0.0307678318039572,0.0227227881345051));
#8712=CARTESIAN_POINT('',(0.0777380017244759,0.0307678318039572,0.0227227881345051));
#8713=CARTESIAN_POINT('',(0.102134079771967,0.0650708463308948,0.0180283007110621));
#8714=CARTESIAN_POINT('',(0.102159583741725,0.0652595391542563,0.017905957178735));
#8715=CARTESIAN_POINT('',(0.10218053619223,0.0654383247149926,0.0177705597522033));
#8716=CARTESIAN_POINT('',(0.102197026846251,0.0655958285437169,0.0176079172308071));
#8717=CARTESIAN_POINT('',(0.102134173817766,0.0650715422203593,0.0180293936420446));
#8718=CARTESIAN_POINT('',(0.102357569690901,0.0649978003981266,0.0180746566547537));
#8719=CARTESIAN_POINT('',(0.102283429616811,0.0650230049479036,0.0180589970512689));
#8720=CARTESIAN_POINT('',(0.102209058988987,0.0650475555102835,0.0180434074519154));
#8721=CARTESIAN_POINT('',(0.102134453820752,0.0650714525351112,0.0180279075923408));
#8722=CARTESIAN_POINT('',(0.029061911890324,0.0313393686102119,0.02290208132934));
#8723=CARTESIAN_POINT('',(0.0313535967396089,0.0313393686102119,0.02290208132934));
#8724=CARTESIAN_POINT('',(0.029061911890324,0.0316084491784325,0.0229864928892706));
#8725=CARTESIAN_POINT('',(0.0313535967396089,0.0316084491784325,0.0229864928892706));
#8726=CARTESIAN_POINT('',(0.0290619118903239,0.0320106333245622,0.0231125985020121));
#8727=CARTESIAN_POINT('',(0.0313535967396089,0.0320106333245622,0.0231125985020121));
#8728=CARTESIAN_POINT('',(0.029061911890324,0.032552626433824,0.0232827864969859));
#8729=CARTESIAN_POINT('',(0.0313535967396089,0.032552626433824,0.0232827864969859));
#8730=CARTESIAN_POINT('',(0.029061911890324,0.032944749720384,0.0234053086248168));
#8731=CARTESIAN_POINT('',(0.0313535967396089,0.0329447497203841,0.0234053086248168));
#8732=CARTESIAN_POINT('',(0.029061911890324,0.0333170367527048,0.0235236229022724));
#8733=CARTESIAN_POINT('',(0.0313535967396089,0.0333170367527048,0.0235236229022724));
#8734=CARTESIAN_POINT('',(0.029061911890324,0.0334739659860551,0.0235695192807804));
#8735=CARTESIAN_POINT('',(0.0313535967396089,0.0334739659860551,0.0235695192807804));
#8736=CARTESIAN_POINT('',(0.029061911890324,0.0336577271330931,0.023617455476651));
#8737=CARTESIAN_POINT('',(0.0313535967396089,0.0336577271330931,0.023617455476651));
#8738=CARTESIAN_POINT('',(0.029061911890324,0.0338866019835968,0.0236665040841706));
#8739=CARTESIAN_POINT('',(0.0313535967396089,0.0338866019835968,0.0236665040841706));
#8740=CARTESIAN_POINT('',(0.029061911890324,0.0344435299079285,0.0237516829075228));
#8741=CARTESIAN_POINT('',(0.0313535967396089,0.0344435299079285,0.0237516829075228));
#8742=CARTESIAN_POINT('',(0.029061911890324,0.0353459391246901,0.0237658437045899));
#8743=CARTESIAN_POINT('',(0.0313535967396089,0.0353459391246901,0.0237658437045899));
#8744=CARTESIAN_POINT('',(0.029061911890324,0.0366787577935335,0.0234982099621248));
#8745=CARTESIAN_POINT('',(0.0313535967396089,0.0366787577935335,0.0234982099621248));
#8746=CARTESIAN_POINT('',(0.029061911890324,0.0381270415813407,0.0228924263502113));
#8747=CARTESIAN_POINT('',(0.0313535967396089,0.0381270415813407,0.0228924263502113));
#8748=CARTESIAN_POINT('',(0.029061911890324,0.0403842305546521,0.0215388715265519));
#8749=CARTESIAN_POINT('',(0.0313535967396089,0.0403842305546521,0.0215388715265519));
#8750=CARTESIAN_POINT('',(0.029061911890324,0.0422102201242661,0.0201843313672483));
#8751=CARTESIAN_POINT('',(0.0313535967396089,0.0422102201242661,0.0201843313672483));
#8752=CARTESIAN_POINT('',(0.029061911890324,0.0434491427065292,0.0193486354443069));
#8753=CARTESIAN_POINT('',(0.0313535967396089,0.0434491427065292,0.0193486354443069));
#8754=CARTESIAN_POINT('',(0.0313400093304582,0.0433610351946963,0.0194082027663931));
#8755=CARTESIAN_POINT('',(0.0307663286761052,0.0425329001509124,0.0199693345166723));
#8756=CARTESIAN_POINT('',(0.0300956036637638,0.0412606803037679,0.0208895023295137));
#8757=CARTESIAN_POINT('',(0.0294908247051991,0.039433347161749,0.0221161637023693));
#8758=CARTESIAN_POINT('',(0.0291864234682343,0.0379627351612127,0.0229747076565071));
#8759=CARTESIAN_POINT('',(0.0290527274165492,0.0363571828071104,0.023616543713313));
#8760=CARTESIAN_POINT('',(0.0291270295083456,0.0349125544056485,0.0237951369753738));
#8761=CARTESIAN_POINT('',(0.0293022181847534,0.0337929605870281,0.0236741510356288));
#8762=CARTESIAN_POINT('',(0.0295437337466921,0.0327169130542437,0.0233329139252852));
#8763=CARTESIAN_POINT('',(0.0298030632173506,0.0319297885106308,0.0230872845642377));
#8764=CARTESIAN_POINT('',(0.0300108130496029,0.0314159215296798,0.0229260952660222));
#8765=CARTESIAN_POINT('',(0.0288378230103162,0.0442037501001967,0.0188525532574084));
#8766=CARTESIAN_POINT('',(0.0356488679614659,0.0442037501001967,0.0188525532574084));
#8767=CARTESIAN_POINT('',(0.0288378230103162,0.0446305080706998,0.0185804028356957));
#8768=CARTESIAN_POINT('',(0.0356488679614659,0.0446305080706998,0.0185804028356957));
#8769=CARTESIAN_POINT('',(0.0288378230103162,0.0454970389737275,0.0180608845746504));
#8770=CARTESIAN_POINT('',(0.0356488679614659,0.0454970389737275,0.0180608845746504));
#8771=CARTESIAN_POINT('',(0.0288378230103162,0.0468503169780303,0.0174109832093032));
#8772=CARTESIAN_POINT('',(0.0356488679614659,0.0468503169780303,0.0174109832093032));
#8773=CARTESIAN_POINT('',(0.0288378230103162,0.0484124548576567,0.0169650169243481));
#8774=CARTESIAN_POINT('',(0.0356488679614659,0.0484124548576567,0.0169650169243481));
#8775=CARTESIAN_POINT('',(0.0288378230103162,0.0499977834648076,0.016943178585465));
#8776=CARTESIAN_POINT('',(0.0356488679614659,0.0499977834648076,0.016943178585465));
#8777=CARTESIAN_POINT('',(0.0288378230103162,0.0513591586704332,0.0172350211043837));
#8778=CARTESIAN_POINT('',(0.0356488679614659,0.0513591586704332,0.0172350211043837));
#8779=CARTESIAN_POINT('',(0.0288378230103162,0.0528884370724818,0.0177951684260949));
#8780=CARTESIAN_POINT('',(0.0356488679614659,0.0528884370724818,0.0177951684260949));
#8781=CARTESIAN_POINT('',(0.0288378230103162,0.0544627857700445,0.018527828741097));
#8782=CARTESIAN_POINT('',(0.0356488679614659,0.0544627857700445,0.018527828741097));
#8783=CARTESIAN_POINT('',(0.0288378230103162,0.0563976016192633,0.0191127251283537));
#8784=CARTESIAN_POINT('',(0.0356488679614659,0.0563976016192633,0.0191127251283537));
#8785=CARTESIAN_POINT('',(0.0288378230103162,0.0590923752641196,0.0193737431989408));
#8786=CARTESIAN_POINT('',(0.0356488679614659,0.0590923752641196,0.0193737431989408));
#8787=CARTESIAN_POINT('',(0.0288378230103162,0.06187635394666,0.0191943681829641));
#8788=CARTESIAN_POINT('',(0.0356488679614659,0.06187635394666,0.0191943681829641));
#8789=CARTESIAN_POINT('',(0.0288378230103162,0.0634761438879112,0.0187746291301657));
#8790=CARTESIAN_POINT('',(0.0356488679614659,0.0634761438879112,0.0187746291301657));
#8791=CARTESIAN_POINT('',(0.0288378230103162,0.0641202026538918,0.0185147397157565));
#8792=CARTESIAN_POINT('',(0.0356488679614659,0.0641202026538918,0.0185147397157565));
#8793=CARTESIAN_POINT('',(0.0356084327259263,0.064027515974527,0.0185513797717447));
#8794=CARTESIAN_POINT('',(0.0347802889477187,0.0635372953111319,0.0187412413143177));
#8795=CARTESIAN_POINT('',(0.0332498997441996,0.0624014886500179,0.0190670165806306));
#8796=CARTESIAN_POINT('',(0.0313061528711398,0.0601860563294012,0.0193384545042775));
#8797=CARTESIAN_POINT('',(0.0301327595309868,0.0580684788071327,0.0192964851048225));
#8798=CARTESIAN_POINT('',(0.0294709611819162,0.0562342385295598,0.0190314724098797));
#8799=CARTESIAN_POINT('',(0.0290298607049654,0.0544314747284879,0.0185374500794332));
#8800=CARTESIAN_POINT('',(0.0288655666346326,0.0526590152674873,0.0176678492190243));
#8801=CARTESIAN_POINT('',(0.02896791918804,0.0508047251196997,0.0170776321506519));
#8802=CARTESIAN_POINT('',(0.0292050853854465,0.0493462571846878,0.016912358003216));
#8803=CARTESIAN_POINT('',(0.0296010991989322,0.0479247368128837,0.0170793142765114));
#8804=CARTESIAN_POINT('',(0.0302904446184436,0.0461870243424144,0.017662125169903));
#8805=CARTESIAN_POINT('',(0.0309623080721963,0.0450377783176948,0.0183265194855541));
#8806=CARTESIAN_POINT('',(0.0314736943815618,0.044325376736558,0.0187754456824012));
#8807=CARTESIAN_POINT('',(0.0980883274286862,0.0524396733761801,0.0275));
#8808=CARTESIAN_POINT('',(0.102134173817766,0.0650715422203593,0.0180293936420446));
#8809=CARTESIAN_POINT('',(0.102134173817766,0.0650715422203593,0.0025));
#8810=CARTESIAN_POINT('',(0.0980883274286862,0.0524396733761801,0.0025));
#8811=CARTESIAN_POINT('',(0.0962310250104259,-0.00827940848991024,0.0275));
#8812=CARTESIAN_POINT('',(0.0962310250104259,-0.00827940848991024,0.0025));
#8813=CARTESIAN_POINT('',(0.0407734688676949,-0.00827940848991025,0.0275));
#8814=CARTESIAN_POINT('',(0.0407734688676949,-0.00827940848991025,0.0025));
#8815=CARTESIAN_POINT('',(0.0311614736070851,-0.0016153271085761,0.0025));
#8816=CARTESIAN_POINT('',(0.0311614736070851,-0.00161532710857611,0.023338809347829));
#8817=CARTESIAN_POINT('',(0.0407734688676949,-0.00827940848991025,0.0275));
#8818=CARTESIAN_POINT('',(0.0407734688676949,-0.00827940848991025,0.0025));
#8819=CARTESIAN_POINT('',(0.040122112345796,0.00590181243657964,0.0275));
#8820=CARTESIAN_POINT('',(0.040122112345796,0.00590181243657964,0.0025));
#8821=CARTESIAN_POINT('',(0.0309134120385186,0.0131129338610032,0.0025));
#8822=CARTESIAN_POINT('',(0.0309134120385186,0.0131129338610032,0.0234266312360598));
#8823=CARTESIAN_POINT('',(0.040122112345796,0.00590181243657964,0.0275));
#8824=CARTESIAN_POINT('',(0.040122112345796,0.00590181243657964,0.0025));
#8825=CARTESIAN_POINT('',(0.040122112345796,0.00590181243657964,0.0275));
#8826=CARTESIAN_POINT('',(0.040122112345796,0.00590181243657964,0.0025));
#8827=CARTESIAN_POINT('',(0.0407734688676949,0.0210379930814995,0.0275));
#8828=CARTESIAN_POINT('',(0.0407734688676949,0.0210379930814995,0.0025));
#8829=CARTESIAN_POINT('',(0.0311453240346329,0.0292432420964009,0.0025));
#8830=CARTESIAN_POINT('',(0.0311453240346329,0.0292432420964009,0.0239615494421495));
#8831=CARTESIAN_POINT('',(0.0407734688676949,0.0210379930814995,0.0275));
#8832=CARTESIAN_POINT('',(0.0407734688676949,0.0210379930814995,0.0025));
#8833=CARTESIAN_POINT('',(0.0407734688676949,0.0210379930814995,0.0275));
#8834=CARTESIAN_POINT('',(0.0407734688676949,0.0210379930814995,0.0025));
#8835=CARTESIAN_POINT('',(0.0417388008606971,0.0361573966404218,0.0275));
#8836=CARTESIAN_POINT('',(0.0417388008606971,0.0361573966404218,0.0025));
#8837=CARTESIAN_POINT('',(0.0417388008606971,0.0361573966404218,0.0275));
#8838=CARTESIAN_POINT('',(0.0417388008606971,0.0361573966404218,0.0025));
#8839=CARTESIAN_POINT('',(0.0425602190220847,0.0522836646877991,0.0275));
#8840=CARTESIAN_POINT('',(0.0425602190220847,0.0522836646877991,0.0025));
#8841=CARTESIAN_POINT('',(0.0382344860998585,0.0652271344855527,0.0025));
#8842=CARTESIAN_POINT('',(0.0382344860998585,0.0652271344855527,0.0179219934464062));
#8843=CARTESIAN_POINT('',(0.0425602190220847,0.0522836646877991,0.0275));
#8844=CARTESIAN_POINT('',(0.0425602190220847,0.0522836646877991,0.0025));
#8845=CARTESIAN_POINT('',(0.0555416942799125,0.0674278649001181,0.0275));
#8846=CARTESIAN_POINT('',(0.0555416942799125,0.0674278649001181,0.0025));
#8847=CARTESIAN_POINT('',(0.0555416942799125,0.0674278649001181,0.0275));
#8848=CARTESIAN_POINT('',(0.0555416942799125,0.0674278649001181,0.0025));
#8849=CARTESIAN_POINT('',(0.0846833178090345,0.0674295142306001,0.0275));
#8850=CARTESIAN_POINT('',(0.0846833178090345,0.0674295142306001,0.0025));
#8851=CARTESIAN_POINT('',(0.1251,0.0325116392195588,0.0261586129509873));
#8852=CARTESIAN_POINT('',(0.1251,0.0324514647618154,0.0264083956085626));
#8853=CARTESIAN_POINT('',(0.1251,0.0325116392195588,0.0261586129509873));
#8854=CARTESIAN_POINT('',(0.1251,0.0324514647618154,0.0264083956085626));
#8855=CARTESIAN_POINT('',(0.1251,0.0325116392195588,0.0261586129509873));
#8856=CARTESIAN_POINT('',(0.1251,0.0324514647618154,0.0264083956085626));
#8857=CARTESIAN_POINT('',(0.1251,0.0325718136773024,0.0259088302934119));
#8858=CARTESIAN_POINT('',(0.1251,0.0325116392195588,0.0261586129509873));
#8859=CARTESIAN_POINT('',(0.1251,0.0324514647618154,0.0264083956085626));
#8860=CARTESIAN_POINT('',(0.1251,0.0325718136773024,0.0259088302934119));
#8861=CARTESIAN_POINT('',(0.1251,0.0325116392195588,0.0261586129509873));
#8862=CARTESIAN_POINT('',(0.1251,0.0324514647618154,0.0264083956085626));
#8863=CARTESIAN_POINT('',(0.0665853545122911,0.0295854355945816,0.0266623673552182));
#8864=CARTESIAN_POINT('',(0.0772203194767262,0.0295854355945816,0.0266623673552182));
#8865=CARTESIAN_POINT('',(0.0665853545122911,0.0304469028635723,0.0268313356051084));
#8866=CARTESIAN_POINT('',(0.0772203194767262,0.0304469028635723,0.0268313356051084));
#8867=CARTESIAN_POINT('',(0.0665853545122911,0.0313876893790622,0.0268149387506183));
#8868=CARTESIAN_POINT('',(0.0772203194767262,0.0313876893790622,0.0268149387506183));
#8869=CARTESIAN_POINT('',(0.0665853545122911,0.0324514647571359,0.0264083956103509));
#8870=CARTESIAN_POINT('',(0.0772203194767262,0.0324514647571359,0.0264083956103509));
#8871=CARTESIAN_POINT('',(0.0250069188216225,-0.0548787844341755,0.00351317044991413));
#8872=CARTESIAN_POINT('',(0.117184923783923,-0.0548787844341755,0.00351317044991414));
#8873=CARTESIAN_POINT('',(0.0250069188216225,-0.0543820935141105,0.00395664177620046));
#8874=CARTESIAN_POINT('',(0.117184923783923,-0.0543820935141105,0.00395664177620047));
#8875=CARTESIAN_POINT('',(0.0250069188216225,-0.0534037191151062,0.0049428089604386));
#8876=CARTESIAN_POINT('',(0.117184923783923,-0.0534037191151062,0.00494280896043861));
#8877=CARTESIAN_POINT('',(0.0250069188216225,-0.0515220640860034,0.00741518759085103));
#8878=CARTESIAN_POINT('',(0.117184923783923,-0.0515220640860034,0.00741518759085104));
#8879=CARTESIAN_POINT('',(0.0250069188216225,-0.0492649006935599,0.0111471998570991));
#8880=CARTESIAN_POINT('',(0.117184923783923,-0.0492649006935599,0.0111471998570991));
#8881=CARTESIAN_POINT('',(0.0250069188216225,-0.0466030550064982,0.0159829847424361));
#8882=CARTESIAN_POINT('',(0.117184923783923,-0.0466030550064983,0.0159829847424361));
#8883=CARTESIAN_POINT('',(0.0250069188216225,-0.0438798718240108,0.0204829781195755));
#8884=CARTESIAN_POINT('',(0.117184923783923,-0.0438798718240108,0.0204829781195755));
#8885=CARTESIAN_POINT('',(0.0250069188216225,-0.0409807956798028,0.0239316374804961));
#8886=CARTESIAN_POINT('',(0.117184923783923,-0.0409807956798028,0.0239316374804961));
#8887=CARTESIAN_POINT('',(0.0250069188216225,-0.0379356178584287,0.0260834023387617));
#8888=CARTESIAN_POINT('',(0.117184923783923,-0.0379356178584288,0.0260834023387617));
#8889=CARTESIAN_POINT('',(0.0250069188216225,-0.0347827780510329,0.0266638815812041));
#8890=CARTESIAN_POINT('',(0.117184923783923,-0.0347827780510329,0.0266638815812042));
#8891=CARTESIAN_POINT('',(0.0250069188216225,-0.032105990866416,0.0257643449433839));
#8892=CARTESIAN_POINT('',(0.117184923783923,-0.032105990866416,0.0257643449433839));
#8893=CARTESIAN_POINT('',(0.0250069188216225,-0.0300143364138642,0.0249243098188924));
#8894=CARTESIAN_POINT('',(0.117184923783923,-0.0300143364138642,0.0249243098188924));
#8895=CARTESIAN_POINT('',(0.0250069188216225,-0.0284885535052587,0.0243972708197551));
#8896=CARTESIAN_POINT('',(0.117184923783923,-0.0284885535052587,0.0243972708197551));
#8897=CARTESIAN_POINT('',(0.0250069188216225,-0.0270285311974766,0.0241650263643666));
#8898=CARTESIAN_POINT('',(0.117184923783923,-0.0270285311974766,0.0241650263643666));
#8899=CARTESIAN_POINT('',(0.0250069188216225,-0.025180771168598,0.0243858943764229));
#8900=CARTESIAN_POINT('',(0.117184923783923,-0.025180771168598,0.0243858943764229));
#8901=CARTESIAN_POINT('',(0.0250069188216225,-0.0230163517913259,0.0253228746790652));
#8902=CARTESIAN_POINT('',(0.117184923783923,-0.0230163517913259,0.0253228746790652));
#8903=CARTESIAN_POINT('',(0.0250069188216225,-0.0208624871487246,0.0262913532047538));
#8904=CARTESIAN_POINT('',(0.117184923783923,-0.0208624871487246,0.0262913532047538));
#8905=CARTESIAN_POINT('',(0.0250069188216225,-0.0191882248241441,0.0266698680243349));
#8906=CARTESIAN_POINT('',(0.117184923783923,-0.0191882248241442,0.0266698680243349));
#8907=CARTESIAN_POINT('',(0.0250069188216225,-0.0180166267638942,0.026693661181718));
#8908=CARTESIAN_POINT('',(0.117184923783923,-0.0180166267638943,0.0266936611817181));
#8909=CARTESIAN_POINT('',(0.0250069188216225,-0.0169858594794477,0.0263545634149357));
#8910=CARTESIAN_POINT('',(0.117184923783923,-0.0169858594794477,0.0263545634149357));
#8911=CARTESIAN_POINT('',(0.0250069188216225,-0.015805429719569,0.0254185283972404));
#8912=CARTESIAN_POINT('',(0.117184923783923,-0.015805429719569,0.0254185283972404));
#8913=CARTESIAN_POINT('',(0.0250069188216225,-0.0146159344405278,0.0243160101285646));
#8914=CARTESIAN_POINT('',(0.117184923783923,-0.0146159344405278,0.0243160101285646));
#8915=CARTESIAN_POINT('',(0.0250069188216225,-0.0128065921597337,0.0241740228705134));
#8916=CARTESIAN_POINT('',(0.117184923783923,-0.0128065921597337,0.0241740228705134));
#8917=CARTESIAN_POINT('',(0.0250069188216225,-0.0106287814841176,0.024640608505357));
#8918=CARTESIAN_POINT('',(0.117184923783923,-0.0106287814841177,0.024640608505357));
#8919=CARTESIAN_POINT('',(0.0250069188216225,-0.00820084733869074,0.0255856711055589));
#8920=CARTESIAN_POINT('',(0.117184923783923,-0.00820084733869077,0.0255856711055589));
#8921=CARTESIAN_POINT('',(0.0250069188216225,-0.00602404153652482,0.0263101486860202));
#8922=CARTESIAN_POINT('',(0.117184923783923,-0.00602404153652485,0.0263101486860202));
#8923=CARTESIAN_POINT('',(0.0250069188216225,-0.00421452610264126,0.0266033465148314));
#8924=CARTESIAN_POINT('',(0.117184923783923,-0.00421452610264129,0.0266033465148314));
#8925=CARTESIAN_POINT('',(0.0250069188216225,-0.0029885233649906,0.0262388603779745));
#8926=CARTESIAN_POINT('',(0.117184923783923,-0.00298852336499063,0.0262388603779745));
#8927=CARTESIAN_POINT('',(0.0250069188216225,-0.0019822581064507,0.0259354000283996));
#8928=CARTESIAN_POINT('',(0.117184923783923,-0.00198225810645073,0.0259354000283997));
#8929=CARTESIAN_POINT('',(0.0250069188216225,-0.00123619144951565,0.0258057320771658));
#8930=CARTESIAN_POINT('',(0.117184923783923,-0.00123619144951568,0.0258057320771658));
#8931=CARTESIAN_POINT('',(0.0250069188216225,-0.000338241205460718,0.0256781817078841));
#8932=CARTESIAN_POINT('',(0.117184923783923,-0.000338241205460743,0.0256781817078841));
#8933=CARTESIAN_POINT('',(0.0250069188216225,0.000873555577633208,0.0254851989205071));
#8934=CARTESIAN_POINT('',(0.117184923783923,0.000873555577633183,0.0254851989205071));
#8935=CARTESIAN_POINT('',(0.0250069188216225,0.00238113381675764,0.0252481598550979));
#8936=CARTESIAN_POINT('',(0.117184923783923,0.00238113381675761,0.0252481598550979));
#8937=CARTESIAN_POINT('',(0.0250069188216225,0.00464808054908627,0.0249693982198797));
#8938=CARTESIAN_POINT('',(0.117184923783923,0.00464808054908624,0.0249693982198797));
#8939=CARTESIAN_POINT('',(0.0250069188216225,0.00778375419791604,0.0248105373933935));
#8940=CARTESIAN_POINT('',(0.117184923783923,0.00778375419791602,0.0248105373933935));
#8941=CARTESIAN_POINT('',(0.0250069188216225,0.0113107664609538,0.0255014680771412));
#8942=CARTESIAN_POINT('',(0.117184923783923,0.0113107664609538,0.0255014680771412));
#8943=CARTESIAN_POINT('',(0.0250069188216225,0.014526375709138,0.0264263644641622));
#8944=CARTESIAN_POINT('',(0.117184923783923,0.014526375709138,0.0264263644641622));
#8945=CARTESIAN_POINT('',(0.0250069188216225,0.0174781069672015,0.0265847759226283));
#8946=CARTESIAN_POINT('',(0.117184923783923,0.0174781069672015,0.0265847759226283));
#8947=CARTESIAN_POINT('',(0.0250069188216225,0.0201834010970619,0.0255593060619803));
#8948=CARTESIAN_POINT('',(0.117184923783923,0.0201834010970619,0.0255593060619804));
#8949=CARTESIAN_POINT('',(0.0250069188216225,0.0226591685970152,0.024706824320447));
#8950=CARTESIAN_POINT('',(0.117184923783923,0.0226591685970152,0.024706824320447));
#8951=CARTESIAN_POINT('',(0.0250069188216225,0.0249492411970827,0.0248650046365568));
#8952=CARTESIAN_POINT('',(0.117184923783923,0.0249492411970826,0.0248650046365568));
#8953=CARTESIAN_POINT('',(0.0250069188216225,0.026872845775293,0.0256499167358654));
#8954=CARTESIAN_POINT('',(0.117184923783923,0.026872845775293,0.0256499167358654));
#8955=CARTESIAN_POINT('',(0.0250069188216225,0.0285344531528939,0.0263989316104361));
#8956=CARTESIAN_POINT('',(0.117184923783923,0.0285344531528939,0.0263989316104361));
#8957=CARTESIAN_POINT('',(0.0250069188216225,0.0298884535444862,0.026779234586349));
#8958=CARTESIAN_POINT('',(0.117184923783923,0.0298884535444862,0.026779234586349));
#8959=CARTESIAN_POINT('',(0.0250069188216225,0.031139885916304,0.0267874926320788));
#8960=CARTESIAN_POINT('',(0.117184923783923,0.0311398859163039,0.0267874926320788));
#8961=CARTESIAN_POINT('',(0.0250069188216225,0.0322374863385759,0.0265077486517887));
#8962=CARTESIAN_POINT('',(0.117184923783923,0.0322374863385759,0.0265077486517887));
#8963=CARTESIAN_POINT('',(0.0250069188216225,0.0328180582461207,0.0262682945404689));
#8964=CARTESIAN_POINT('',(0.117184923783923,0.0328180582461207,0.0262682945404689));
#8965=CARTESIAN_POINT('',(0.0250069188216225,0.0331051461831627,0.026158578115223));
#8966=CARTESIAN_POINT('',(0.117184923783923,0.0331051461831626,0.0261585781152231));
#8967=CARTESIAN_POINT('',(0.0594538630729748,-0.0374511500220593,0.0260415337555694));
#8968=CARTESIAN_POINT('',(0.0596197816415938,-0.0385332887831614,0.0255485567281599));
#8969=CARTESIAN_POINT('',(0.059400145873191,-0.0395056817060473,0.0249320893344888));
#8970=CARTESIAN_POINT('',(0.058869100216582,-0.0403351172147141,0.0242835353255866));
#8971=CARTESIAN_POINT('',(0.0580413679950405,-0.0409658556153863,0.0237126109545018));
#8972=CARTESIAN_POINT('',(0.0569037881976356,-0.0412698850833466,0.023412123387947));
#8973=CARTESIAN_POINT('',(0.0557192530144037,-0.0410616065449953,0.0236197944871591));
#8974=CARTESIAN_POINT('',(0.0548285367221539,-0.0404808587921731,0.0241576272667935));
#8975=CARTESIAN_POINT('',(0.0542378688380558,-0.0396893630628562,0.0247983970122401));
#8976=CARTESIAN_POINT('',(0.0539504896841537,-0.0387364790252184,0.0254329197729317));
#8977=CARTESIAN_POINT('',(0.0540303422555233,-0.037672558688999,0.0259575905889664));
#8978=CARTESIAN_POINT('',(0.0545600349051239,-0.0366493753967148,0.026267668960325));
#8979=CARTESIAN_POINT('',(0.0554942471030962,-0.0359081281515136,0.026375467131188));
#8980=CARTESIAN_POINT('',(0.0566540426774171,-0.035611694477669,0.0263922781782712));
#8981=CARTESIAN_POINT('',(0.0578326384969259,-0.0358082997583782,0.026382749131617));
#8982=CARTESIAN_POINT('',(0.0588280820585759,-0.0364648384132314,0.0263033616184866));
#8983=CARTESIAN_POINT('',(0.0594538630729748,-0.0374511500220593,0.0260415337555694));
#8984=CARTESIAN_POINT('',(0.0596197816415938,-0.0385332887831614,0.0255485567281599));
#8985=CARTESIAN_POINT('',(0.059400145873191,-0.0395056817060473,0.0249320893344888));
#8986=CARTESIAN_POINT('',(0.0595555225854236,-0.0385149978101254,0.0255279750004497));
#8987=CARTESIAN_POINT('',(0.0850715209287837,-0.0374492418712225,0.0260421942894205));
#8988=CARTESIAN_POINT('',(0.0852374221109014,-0.0385309751777327,0.0255497979264882));
#8989=CARTESIAN_POINT('',(0.0850178670910083,-0.039503053253914,0.0249339301842305));
#8990=CARTESIAN_POINT('',(0.0844869662227023,-0.0403322164016681,0.0242859622123811));
#8991=CARTESIAN_POINT('',(0.0836594847307319,-0.0409626780131454,0.0237155959586492));
#8992=CARTESIAN_POINT('',(0.0825224200323367,-0.0412664832465106,0.0234154943096885));
#8993=CARTESIAN_POINT('',(0.0813385073096489,-0.0410582906620101,0.0236229645077362));
#8994=CARTESIAN_POINT('',(0.0804481296726365,-0.0404777673270788,0.0241602886053755));
#8995=CARTESIAN_POINT('',(0.0798576840261505,-0.0396865119209344,0.024800482495024));
#8996=CARTESIAN_POINT('',(0.0795704575073557,-0.0387339049714733,0.025434393404116));
#8997=CARTESIAN_POINT('',(0.079650402217129,-0.037670337184288,0.0259584509592531));
#8998=CARTESIAN_POINT('',(0.0801800066877773,-0.0366476525636072,0.0262680326731166));
#8999=CARTESIAN_POINT('',(0.0811138313840416,-0.0359068714528049,0.0263755916827029));
#9000=CARTESIAN_POINT('',(0.0822730519615478,-0.035610663131902,0.0263923403775796));
#9001=CARTESIAN_POINT('',(0.0834510458057448,-0.0358072047994262,0.0263828447643345));
#9002=CARTESIAN_POINT('',(0.084445991272991,-0.0364634103568642,0.0263036219432179));
#9003=CARTESIAN_POINT('',(0.0850715209287837,-0.0374492418712225,0.0260421942894205));
#9004=CARTESIAN_POINT('',(0.0852374221109014,-0.0385309751777327,0.0255497979264882));
#9005=CARTESIAN_POINT('',(0.0850178670910083,-0.039503053253914,0.0249339301842305));
#9006=CARTESIAN_POINT('',(0.0851731794105663,-0.0385126993060112,0.0255292193632673));
#9007=CARTESIAN_POINT('',(0.064291859974409,0.0751024081833992,0.0118185593195507));
#9008=CARTESIAN_POINT('',(0.0308450904690412,0.0751024081833992,0.0118185593195507));
#9009=CARTESIAN_POINT('',(0.064291859974409,0.0740197177292577,0.0119573125059616));
#9010=CARTESIAN_POINT('',(0.0308450904690412,0.0740197177292577,0.0119573125059616));
#9011=CARTESIAN_POINT('',(0.064291859974409,0.0724959031744812,0.0122169518698044));
#9012=CARTESIAN_POINT('',(0.0308450904690412,0.0724959031744812,0.0122169518698044));
#9013=CARTESIAN_POINT('',(0.064291859974409,0.0709804538991475,0.0130298373568654));
#9014=CARTESIAN_POINT('',(0.0308450904690412,0.0709804538991475,0.0130298373568654));
#9015=CARTESIAN_POINT('',(0.064291859974409,0.0701833874133017,0.013966289969329));
#9016=CARTESIAN_POINT('',(0.0308450904690412,0.0701833874133017,0.013966289969329));
#9017=CARTESIAN_POINT('',(0.064291859974409,0.0695995477004379,0.0151314115280341));
#9018=CARTESIAN_POINT('',(0.0308450904690412,0.0695995477004379,0.0151314115280341));
#9019=CARTESIAN_POINT('',(0.0642918599744091,0.0689278983882738,0.0168490707204052));
#9020=CARTESIAN_POINT('',(0.0308450904690412,0.0689278983882738,0.0168490707204052));
#9021=CARTESIAN_POINT('',(0.064291859974409,0.0681633070957201,0.0186128661350927));
#9022=CARTESIAN_POINT('',(0.0308450904690412,0.0681633070957201,0.0186128661350927));
#9023=CARTESIAN_POINT('',(0.064291859974409,0.0667486379838827,0.0199925604815648));
#9024=CARTESIAN_POINT('',(0.0308450904690412,0.0667486379838827,0.0199925604815648));
#9025=CARTESIAN_POINT('',(0.064291859974409,0.064843014220819,0.0210403330449142));
#9026=CARTESIAN_POINT('',(0.0308450904690412,0.064843014220819,0.0210403330449142));
#9027=CARTESIAN_POINT('',(0.0642918599744091,0.061821687742816,0.0217848189298564));
#9028=CARTESIAN_POINT('',(0.0308450904690412,0.061821687742816,0.0217848189298564));
#9029=CARTESIAN_POINT('',(0.064291859974409,0.0578698746835128,0.0218727505052736));
#9030=CARTESIAN_POINT('',(0.0308450904690412,0.0578698746835128,0.0218727505052736));
#9031=CARTESIAN_POINT('',(0.064291859974409,0.0543603414634014,0.0212328039323571));
#9032=CARTESIAN_POINT('',(0.0308450904690411,0.0543603414634014,0.0212328039323571));
#9033=CARTESIAN_POINT('',(0.064291859974409,0.0518555024540056,0.0200591713898675));
#9034=CARTESIAN_POINT('',(0.0308450904690412,0.0518555024540056,0.0200591713898675));
#9035=CARTESIAN_POINT('',(0.064291859974409,0.0500481957559425,0.0194029822086514));
#9036=CARTESIAN_POINT('',(0.0308450904690412,0.0500481957559425,0.0194029822086514));
#9037=CARTESIAN_POINT('',(0.064291859974409,0.0484997466070861,0.0194976727482939));
#9038=CARTESIAN_POINT('',(0.0308450904690412,0.0484997466070861,0.0194976727482939));
#9039=CARTESIAN_POINT('',(0.064291859974409,0.0467915806672234,0.0201350971773122));
#9040=CARTESIAN_POINT('',(0.0308450904690412,0.0467915806672234,0.0201350971773122));
#9041=CARTESIAN_POINT('',(0.064291859974409,0.0444173750572696,0.0216745201571429));
#9042=CARTESIAN_POINT('',(0.0308450904690412,0.0444173750572696,0.0216745201571429));
#9043=CARTESIAN_POINT('',(0.064291859974409,0.0413367536291924,0.0239213199302142));
#9044=CARTESIAN_POINT('',(0.0308450904690412,0.0413367536291924,0.0239213199302142));
#9045=CARTESIAN_POINT('',(0.064291859974409,0.0381794573682005,0.0257582666557685));
#9046=CARTESIAN_POINT('',(0.0308450904690412,0.0381794573682005,0.0257582666557685));
#9047=CARTESIAN_POINT('',(0.064291859974409,0.0356154076330149,0.0263056054889928));
#9048=CARTESIAN_POINT('',(0.0308450904690412,0.0356154076330149,0.0263056054889928));
#9049=CARTESIAN_POINT('',(0.064291859974409,0.0336756365341611,0.0262143537802589));
#9050=CARTESIAN_POINT('',(0.0308450904690412,0.0336756365341611,0.0262143537802589));
#9051=CARTESIAN_POINT('',(0.064291859974409,0.0327648413734497,0.0259693837905011));
#9052=CARTESIAN_POINT('',(0.0308450904690412,0.0327648413734497,0.0259693837905011));
#9053=CARTESIAN_POINT('',(0.064291859974409,0.0323163927422938,0.0258287038081807));
#9054=CARTESIAN_POINT('',(0.0308450904690412,0.0323163927422938,0.0258287038081807));
#9055=CARTESIAN_POINT('',(0.0635451599955559,0.0567311942577362,0.0216209090638384));
#9056=CARTESIAN_POINT('',(0.0626340671558814,0.055939097465837,0.0215080132140895));
#9057=CARTESIAN_POINT('',(0.0612797313284823,0.0547619096838528,0.0212630218620561));
#9058=CARTESIAN_POINT('',(0.0595866251587429,0.0531611267686617,0.0206668872523316));
#9059=CARTESIAN_POINT('',(0.0583882173261207,0.0519161958119013,0.0201158951763019));
#9060=CARTESIAN_POINT('',(0.0572781175506553,0.0505820172324781,0.0195851672424838));
#9061=CARTESIAN_POINT('',(0.0562863818522426,0.0490455959760009,0.0193559350181015));
#9062=CARTESIAN_POINT('',(0.0556594270961897,0.0473733918549336,0.0198759004797935));
#9063=CARTESIAN_POINT('',(0.0555968084063,0.0457858588274567,0.020784707580252));
#9064=CARTESIAN_POINT('',(0.0559971213109965,0.0443187261555094,0.0217745041261538));
#9065=CARTESIAN_POINT('',(0.0569219151578685,0.042498193658374,0.0230652221156038));
#9066=CARTESIAN_POINT('',(0.058546411332526,0.0404313348057926,0.0244846047670409));
#9067=CARTESIAN_POINT('',(0.0609491587455338,0.0380229087865639,0.0257383423021687));
#9068=CARTESIAN_POINT('',(0.0626945723799389,0.0364444644018712,0.0261207254654473));
#9069=CARTESIAN_POINT('',(0.0635856920027726,0.0356387947059825,0.0262028808306663));
#9070=CARTESIAN_POINT('',(0.0635451599955559,0.0567311942577362,0.0216209090638384));
#9071=CARTESIAN_POINT('',(0.0635451599955559,0.0567311942577362,0.0216209090638384));
#9072=CARTESIAN_POINT('',(0.0636301895455693,0.0565507763458538,0.0215951944874379));
#9073=CARTESIAN_POINT('',(0.0637150050989888,0.0563708109021086,0.0215666357309508));
#9074=CARTESIAN_POINT('',(0.0637993403427766,0.0561912095594799,0.0215350484051608));
#9075=CARTESIAN_POINT('',(0.106171649332804,0.0759232754507321,0.0117189498911663));
#9076=CARTESIAN_POINT('',(0.0777636444906259,0.0759232754507321,0.0117189498911663));
#9077=CARTESIAN_POINT('',(0.106171649332804,0.0748033167976133,0.0118499017871917));
#9078=CARTESIAN_POINT('',(0.0777636444906259,0.0748033167976133,0.0118499017871917));
#9079=CARTESIAN_POINT('',(0.106171649332804,0.0731866989933024,0.0120532468952704));
#9080=CARTESIAN_POINT('',(0.0777636444906259,0.0731866989933024,0.0120532468952704));
#9081=CARTESIAN_POINT('',(0.106171649332804,0.0714736079710317,0.0127049988915565));
#9082=CARTESIAN_POINT('',(0.0777636444906259,0.0714736079710317,0.0127049988915565));
#9083=CARTESIAN_POINT('',(0.106171649332804,0.0705119616537042,0.0134971209344906));
#9084=CARTESIAN_POINT('',(0.0777636444906259,0.0705119616537042,0.0134971209344906));
#9085=CARTESIAN_POINT('',(0.106171649332804,0.0698452178243407,0.0145851158464476));
#9086=CARTESIAN_POINT('',(0.0777636444906259,0.0698452178243407,0.0145851158464476));
#9087=CARTESIAN_POINT('',(0.106171649332804,0.0691405020647045,0.0162620575989996));
#9088=CARTESIAN_POINT('',(0.077763644490626,0.0691405020647045,0.0162620575989996));
#9089=CARTESIAN_POINT('',(0.106171649332804,0.0684527096584835,0.0180757872987048));
#9090=CARTESIAN_POINT('',(0.0777636444906259,0.0684527096584835,0.0180757872987048));
#9091=CARTESIAN_POINT('',(0.106171649332804,0.0672380282489151,0.0195986703489914));
#9092=CARTESIAN_POINT('',(0.0777636444906259,0.0672380282489151,0.0195986703489914));
#9093=CARTESIAN_POINT('',(0.106171649332804,0.0654950436627573,0.0207877863854051));
#9094=CARTESIAN_POINT('',(0.0777636444906259,0.0654950436627573,0.0207877863854051));
#9095=CARTESIAN_POINT('',(0.106171649332804,0.0625628184656222,0.0216828256956222));
#9096=CARTESIAN_POINT('',(0.0777636444906259,0.0625628184656222,0.0216828256956222));
#9097=CARTESIAN_POINT('',(0.106171649332804,0.0585827590045498,0.0219121405598573));
#9098=CARTESIAN_POINT('',(0.0777636444906259,0.0585827590045498,0.0219121405598573));
#9099=CARTESIAN_POINT('',(0.106171649332804,0.0548836348432325,0.0214014751644462));
#9100=CARTESIAN_POINT('',(0.0777636444906259,0.0548836348432325,0.0214014751644462));
#9101=CARTESIAN_POINT('',(0.106171649332804,0.052220636709571,0.0202465148961934));
#9102=CARTESIAN_POINT('',(0.0777636444906259,0.052220636709571,0.0202465148961934));
#9103=CARTESIAN_POINT('',(0.106171649332804,0.0503848292279282,0.0194846611309791));
#9104=CARTESIAN_POINT('',(0.0777636444906259,0.0503848292279282,0.0194846611309791));
#9105=CARTESIAN_POINT('',(0.106171649332804,0.0488552123523888,0.0194331647217102));
#9106=CARTESIAN_POINT('',(0.0777636444906259,0.0488552123523888,0.0194331647217102));
#9107=CARTESIAN_POINT('',(0.106171649332804,0.0471773783607296,0.0199251966067536));
#9108=CARTESIAN_POINT('',(0.0777636444906259,0.0471773783607296,0.0199251966067536));
#9109=CARTESIAN_POINT('',(0.106171649332804,0.0448150072811817,0.0213873722149985));
#9110=CARTESIAN_POINT('',(0.0777636444906259,0.0448150072811817,0.0213873722149985));
#9111=CARTESIAN_POINT('',(0.106171649332804,0.0417260603859094,0.0236471814056498));
#9112=CARTESIAN_POINT('',(0.0777636444906259,0.0417260603859094,0.0236471814056498));
#9113=CARTESIAN_POINT('',(0.106171649332804,0.0374768898122792,0.0262584229405094));
#9114=CARTESIAN_POINT('',(0.0777636444906259,0.0374768898122792,0.0262584229405094));
#9115=CARTESIAN_POINT('',(0.106171649332804,0.0343829295586541,0.0264769839959151));
#9116=CARTESIAN_POINT('',(0.0777636444906258,0.0343829295586541,0.0264769839959151));
#9117=CARTESIAN_POINT('',(0.106171649332804,0.0325718136865849,0.0259088302963239));
#9118=CARTESIAN_POINT('',(0.0777636444906259,0.0325718136865849,0.0259088302963239));
#9119=CARTESIAN_POINT('',(0.0711091345952188,0.0166570314751768,0.0025));
#9120=CARTESIAN_POINT('',(0.0711091345952188,0.0166570314751768,0.0025));
#9121=CARTESIAN_POINT('',(0.0711091345952188,0.0166570314751768,0.0025));
#9122=CARTESIAN_POINT('',(0.0711091345952188,0.0166570314751768,0.0025));
#9123=CARTESIAN_POINT('',(0.0711091345952188,0.0166570314751768,0.0025));
#9124=CARTESIAN_POINT('',(0.0711091345952188,0.0166570314751768,0.0025));
#9125=CARTESIAN_POINT('',(0.0635451599955559,0.0567311942577362,0.0262585315123618));
#9126=CARTESIAN_POINT('',(0.0635451599955559,0.0567311942577362,0.0168721165330631));
#9127=CARTESIAN_POINT('',(0.05958324400117,0.0532867363361391,0.0262585315123618));
#9128=CARTESIAN_POINT('',(0.05958324400117,0.0532867363361391,0.0168721165330631));
#9129=CARTESIAN_POINT('',(0.0516840307766258,0.0463973804201051,0.0262585315123618));
#9130=CARTESIAN_POINT('',(0.0516840307766258,0.0463973804201051,0.0168721165330631));
#9131=CARTESIAN_POINT('',(0.0596191557584051,0.0392249777142401,0.0262585315123618));
#9132=CARTESIAN_POINT('',(0.0596191557584051,0.0392249777142401,0.0168721165330631));
#9133=CARTESIAN_POINT('',(0.0635856920027726,0.0356387947059824,0.0262585315123618));
#9134=CARTESIAN_POINT('',(0.0635856920027726,0.0356387947059824,0.0168721165330631));
#9135=CARTESIAN_POINT('',(0.0635451599955559,0.0567311942577362,0.0294));
#9136=CARTESIAN_POINT('',(-0.510573553490775,-0.21393884457645,0.0211048841086086));
#9137=CARTESIAN_POINT('',(0.0653083143227515,0.052726668513607,0.0244551833375007));
#9138=CARTESIAN_POINT('',(0.0653083143227515,0.052726668513607,0.0168817905998083));
#9139=CARTESIAN_POINT('',(0.0660230282461375,0.0508431943895653,0.0244551833375007));
#9140=CARTESIAN_POINT('',(0.0660230282461375,0.0508431943895653,0.0168817905998083));
#9141=CARTESIAN_POINT('',(0.0669875639607541,0.0469695833561816,0.0244551833375007));
#9142=CARTESIAN_POINT('',(0.0669875639607541,0.0469695833561816,0.0168817905998083));
#9143=CARTESIAN_POINT('',(0.0659925180714872,0.0426463746259641,0.0244551833375007));
#9144=CARTESIAN_POINT('',(0.0659925180714872,0.0426463746259641,0.0168817905998083));
#9145=CARTESIAN_POINT('',(0.0653090637289025,0.040442110986997,0.0244551833375007));
#9146=CARTESIAN_POINT('',(0.0653090637289025,0.040442110986997,0.0168817905998083));
#9147=CARTESIAN_POINT('',(0.0823957398533821,-0.0385126993060112,0.00789891462773085));
#9148=CARTESIAN_POINT('',(0.0567769184708595,-0.0385149978101254,0.00789891462773085));
#9149=MECHANICAL_DESIGN_GEOMETRIC_PRESENTATION_REPRESENTATION('',(#3544),
#9154);
#9150=MECHANICAL_DESIGN_GEOMETRIC_PRESENTATION_REPRESENTATION('',(#3545),
#9155);
#9151=MECHANICAL_DESIGN_GEOMETRIC_PRESENTATION_REPRESENTATION('',(#3546),
#9156);
#9152=MECHANICAL_DESIGN_GEOMETRIC_PRESENTATION_REPRESENTATION('',(#3547),
#9157);
#9153=MECHANICAL_DESIGN_GEOMETRIC_PRESENTATION_REPRESENTATION('',(#3548),
#9158);
#9154=(
GEOMETRIC_REPRESENTATION_CONTEXT(3)
GLOBAL_UNCERTAINTY_ASSIGNED_CONTEXT((#9159))
GLOBAL_UNIT_ASSIGNED_CONTEXT((#9174,#9169,#9164))
REPRESENTATION_CONTEXT('Part 24','TOP_LEVEL_ASSEMBLY_PART')
);
#9155=(
GEOMETRIC_REPRESENTATION_CONTEXT(3)
GLOBAL_UNCERTAINTY_ASSIGNED_CONTEXT((#9160))
GLOBAL_UNIT_ASSIGNED_CONTEXT((#9175,#9170,#9165))
REPRESENTATION_CONTEXT('Part 22','TOP_LEVEL_ASSEMBLY_PART')
);
#9156=(
GEOMETRIC_REPRESENTATION_CONTEXT(3)
GLOBAL_UNCERTAINTY_ASSIGNED_CONTEXT((#9161))
GLOBAL_UNIT_ASSIGNED_CONTEXT((#9176,#9171,#9166))
REPRESENTATION_CONTEXT('Part 26','TOP_LEVEL_ASSEMBLY_PART')
);
#9157=(
GEOMETRIC_REPRESENTATION_CONTEXT(3)
GLOBAL_UNCERTAINTY_ASSIGNED_CONTEXT((#9162))
GLOBAL_UNIT_ASSIGNED_CONTEXT((#9177,#9172,#9167))
REPRESENTATION_CONTEXT('Part 25','TOP_LEVEL_ASSEMBLY_PART')
);
#9158=(
GEOMETRIC_REPRESENTATION_CONTEXT(3)
GLOBAL_UNCERTAINTY_ASSIGNED_CONTEXT((#9163))
GLOBAL_UNIT_ASSIGNED_CONTEXT((#9178,#9173,#9168))
REPRESENTATION_CONTEXT('Part 23','TOP_LEVEL_ASSEMBLY_PART')
);
#9159=UNCERTAINTY_MEASURE_WITH_UNIT(LENGTH_MEASURE(2.E-6),#9174,
'DISTANCE_ACCURACY_VALUE','Maximum Tolerance applied to model');
#9160=UNCERTAINTY_MEASURE_WITH_UNIT(LENGTH_MEASURE(0.0001),#9175,
'DISTANCE_ACCURACY_VALUE','Maximum Tolerance applied to model');
#9161=UNCERTAINTY_MEASURE_WITH_UNIT(LENGTH_MEASURE(2.E-5),#9176,
'DISTANCE_ACCURACY_VALUE','Maximum Tolerance applied to model');
#9162=UNCERTAINTY_MEASURE_WITH_UNIT(LENGTH_MEASURE(1.E-6),#9177,
'DISTANCE_ACCURACY_VALUE','Maximum Tolerance applied to model');
#9163=UNCERTAINTY_MEASURE_WITH_UNIT(LENGTH_MEASURE(5.56097404904612E-5),
#9178,'DISTANCE_ACCURACY_VALUE','Maximum Tolerance applied to model');
#9164=(
NAMED_UNIT(*)
SI_UNIT($,.STERADIAN.)
SOLID_ANGLE_UNIT()
);
#9165=(
NAMED_UNIT(*)
SI_UNIT($,.STERADIAN.)
SOLID_ANGLE_UNIT()
);
#9166=(
NAMED_UNIT(*)
SI_UNIT($,.STERADIAN.)
SOLID_ANGLE_UNIT()
);
#9167=(
NAMED_UNIT(*)
SI_UNIT($,.STERADIAN.)
SOLID_ANGLE_UNIT()
);
#9168=(
NAMED_UNIT(*)
SI_UNIT($,.STERADIAN.)
SOLID_ANGLE_UNIT()
);
#9169=(
NAMED_UNIT(*)
PLANE_ANGLE_UNIT()
SI_UNIT($,.RADIAN.)
);
#9170=(
NAMED_UNIT(*)
PLANE_ANGLE_UNIT()
SI_UNIT($,.RADIAN.)
);
#9171=(
NAMED_UNIT(*)
PLANE_ANGLE_UNIT()
SI_UNIT($,.RADIAN.)
);
#9172=(
NAMED_UNIT(*)
PLANE_ANGLE_UNIT()
SI_UNIT($,.RADIAN.)
);
#9173=(
NAMED_UNIT(*)
PLANE_ANGLE_UNIT()
SI_UNIT($,.RADIAN.)
);
#9174=(
LENGTH_UNIT()
NAMED_UNIT(*)
SI_UNIT($,.METRE.)
);
#9175=(
LENGTH_UNIT()
NAMED_UNIT(*)
SI_UNIT($,.METRE.)
);
#9176=(
LENGTH_UNIT()
NAMED_UNIT(*)
SI_UNIT($,.METRE.)
);
#9177=(
LENGTH_UNIT()
NAMED_UNIT(*)
SI_UNIT($,.METRE.)
);
#9178=(
LENGTH_UNIT()
NAMED_UNIT(*)
SI_UNIT($,.METRE.)
);
#9179=PRODUCT_DEFINITION_SHAPE('','',#9184);
#9180=PRODUCT_DEFINITION_SHAPE('','',#9185);
#9181=PRODUCT_DEFINITION_SHAPE('','',#9186);
#9182=PRODUCT_DEFINITION_SHAPE('','',#9187);
#9183=PRODUCT_DEFINITION_SHAPE('','',#9188);
#9184=PRODUCT_DEFINITION('','',#9194,#9189);
#9185=PRODUCT_DEFINITION('','',#9195,#9190);
#9186=PRODUCT_DEFINITION('','',#9196,#9191);
#9187=PRODUCT_DEFINITION('','',#9197,#9192);
#9188=PRODUCT_DEFINITION('','',#9198,#9193);
#9189=PRODUCT_DEFINITION_CONTEXT('',#9224,'design');
#9190=PRODUCT_DEFINITION_CONTEXT('',#9225,'design');
#9191=PRODUCT_DEFINITION_CONTEXT('',#9226,'design');
#9192=PRODUCT_DEFINITION_CONTEXT('',#9227,'design');
#9193=PRODUCT_DEFINITION_CONTEXT('',#9228,'design');
#9194=PRODUCT_DEFINITION_FORMATION_WITH_SPECIFIED_SOURCE('','',#9204,
 .NOT_KNOWN.);
#9195=PRODUCT_DEFINITION_FORMATION_WITH_SPECIFIED_SOURCE('','',#9205,
 .NOT_KNOWN.);
#9196=PRODUCT_DEFINITION_FORMATION_WITH_SPECIFIED_SOURCE('','',#9206,
 .NOT_KNOWN.);
#9197=PRODUCT_DEFINITION_FORMATION_WITH_SPECIFIED_SOURCE('','',#9207,
 .NOT_KNOWN.);
#9198=PRODUCT_DEFINITION_FORMATION_WITH_SPECIFIED_SOURCE('','',#9208,
 .NOT_KNOWN.);
#9199=PRODUCT_RELATED_PRODUCT_CATEGORY('','',(#9204));
#9200=PRODUCT_RELATED_PRODUCT_CATEGORY('','',(#9205));
#9201=PRODUCT_RELATED_PRODUCT_CATEGORY('','',(#9206));
#9202=PRODUCT_RELATED_PRODUCT_CATEGORY('','',(#9207));
#9203=PRODUCT_RELATED_PRODUCT_CATEGORY('','',(#9208));
#9204=PRODUCT('Part 24','Part 24','Part 24',(#9214));
#9205=PRODUCT('Part 22','Part 22','Part 22',(#9215));
#9206=PRODUCT('Part 26','Part 26','Part 26',(#9216));
#9207=PRODUCT('Part 25','Part 25','Part 25',(#9217));
#9208=PRODUCT('Part 23','Part 23','Part 23',(#9218));
#9209=PRODUCT_CATEGORY('','');
#9210=PRODUCT_CATEGORY('','');
#9211=PRODUCT_CATEGORY('','');
#9212=PRODUCT_CATEGORY('','');
#9213=PRODUCT_CATEGORY('','');
#9214=PRODUCT_CONTEXT('',#9224,'mechanical');
#9215=PRODUCT_CONTEXT('',#9225,'mechanical');
#9216=PRODUCT_CONTEXT('',#9226,'mechanical');
#9217=PRODUCT_CONTEXT('',#9227,'mechanical');
#9218=PRODUCT_CONTEXT('',#9228,'mechanical');
#9219=APPLICATION_PROTOCOL_DEFINITION('international standard',
'ap242_managed_model_based_3d_engineering',2020,#9224);
#9220=APPLICATION_PROTOCOL_DEFINITION('international standard',
'ap242_managed_model_based_3d_engineering',2020,#9225);
#9221=APPLICATION_PROTOCOL_DEFINITION('international standard',
'ap242_managed_model_based_3d_engineering',2020,#9226);
#9222=APPLICATION_PROTOCOL_DEFINITION('international standard',
'ap242_managed_model_based_3d_engineering',2020,#9227);
#9223=APPLICATION_PROTOCOL_DEFINITION('international standard',
'ap242_managed_model_based_3d_engineering',2020,#9228);
#9224=APPLICATION_CONTEXT('managed model based 3d engineering');
#9225=APPLICATION_CONTEXT('managed model based 3d engineering');
#9226=APPLICATION_CONTEXT('managed model based 3d engineering');
#9227=APPLICATION_CONTEXT('managed model based 3d engineering');
#9228=APPLICATION_CONTEXT('managed model based 3d engineering');
ENDSEC;
END-ISO-10303-21;
