ISO-10303-21;
HEADER;
/* Generated by software containing ST-Developer
 * from STEP Tools, Inc. (www.steptools.com) 
 */
/* OPTION: using custom renumber hook */

FILE_DESCRIPTION(
/* description */ ('STEP AP242 Edition 2',
'CAx-IF Rec.Pracs.---Representation and Presentation of Product Manufa
cturing Information (PMI)---4.0---2014-10-13',
'CAx-IF Rec.Pracs.---3D Tessellated Geometry---0.4---2014-09-14','2;1',
'CAx-IF Rec.Pracs.---User Defined Attributes---1.5---2016-08-15'),
/* implementation_level */ '2;1');

FILE_NAME(
/* name */ 'a6b1dd7a-4329-4e6e-969e-5002c9efca29',
/* time_stamp */ '2026-06-15T09:47:33Z',
/* author */ (''),
/* organization */ (''),
/* preprocessor_version */ 'ST-DEVELOPER v20',
/* originating_system */ 'ONSHAPE BY PTC INC, 1.216',
/* authorisation */ '  ');

FILE_SCHEMA (('AP242_MANAGED_MODEL_BASED_3D_ENGINEERING_MIM_LF { 1 0 10303 442 3 1 4 }'));
ENDSEC;

DATA;
#10=SHAPE_REPRESENTATION_RELATIONSHIP('','',#4253,#11);
#11=ADVANCED_BREP_SHAPE_REPRESENTATION('',(#4251),#11680);
#12=CYLINDRICAL_SURFACE('',#4287,0.341279244315408);
#13=CYLINDRICAL_SURFACE('',#4289,0.95616975863459);
#14=CYLINDRICAL_SURFACE('',#4291,1.27489033127755);
#15=CYLINDRICAL_SURFACE('',#4322,0.00330278142510367);
#16=CYLINDRICAL_SURFACE('',#4326,0.00190000000000188);
#17=CYLINDRICAL_SURFACE('',#4331,0.00119999999999933);
#18=CYLINDRICAL_SURFACE('',#4341,4.8206860525511);
#19=CYLINDRICAL_SURFACE('',#4343,0.00330278142510113);
#20=CYLINDRICAL_SURFACE('',#4350,0.00190000000000074);
#21=CYLINDRICAL_SURFACE('',#4357,0.0012000000000005);
#22=CYLINDRICAL_SURFACE('',#4393,0.00230000000000038);
#23=CYLINDRICAL_SURFACE('',#4396,0.00230000000000197);
#24=CYLINDRICAL_SURFACE('',#4399,0.769666014264186);
#25=CYLINDRICAL_SURFACE('',#4401,6.11033413054421);
#26=CYLINDRICAL_SURFACE('',#4406,0.0502401364361645);
#27=CYLINDRICAL_SURFACE('',#4447,0.00224163192225038);
#28=CYLINDRICAL_SURFACE('',#4455,0.00235851807221763);
#29=CYLINDRICAL_SURFACE('',#4459,0.00120000000000007);
#30=CYLINDRICAL_SURFACE('',#4476,0.184694494830345);
#31=CYLINDRICAL_SURFACE('',#4481,0.000911945793704234);
#32=CYLINDRICAL_SURFACE('',#4482,0.874806800752356);
#33=CYLINDRICAL_SURFACE('',#4483,2.33222673562863);
#34=ELLIPSE('',#4270,0.0596498749035965,0.0502401364361645);
#35=ELLIPSE('',#4271,0.00399133908293053,0.00230000000000038);
#36=ELLIPSE('',#4272,0.00399133908293329,0.00230000000000197);
#37=ELLIPSE('',#4273,0.00399133908293329,0.00230000000000197);
#38=ELLIPSE('',#4274,0.00399133908293053,0.00230000000000038);
#39=ELLIPSE('',#4288,1.11949020023639,0.341279244315408);
#40=ELLIPSE('',#4320,1653.11325253488,4.8206860525511);
#41=ELLIPSE('',#4477,0.32644659318534,0.184694494830345);
#42=LINE('',#5575,#325);
#43=LINE('',#5582,#326);
#44=LINE('',#5590,#327);
#45=LINE('',#5591,#328);
#46=LINE('',#5593,#329);
#47=LINE('',#5596,#330);
#48=LINE('',#5598,#331);
#49=LINE('',#5600,#332);
#50=LINE('',#5602,#333);
#51=LINE('',#5604,#334);
#52=LINE('',#5606,#335);
#53=LINE('',#5608,#336);
#54=LINE('',#5625,#337);
#55=LINE('',#5642,#338);
#56=LINE('',#5659,#339);
#57=LINE('',#5666,#340);
#58=LINE('',#5668,#341);
#59=LINE('',#5670,#342);
#60=LINE('',#5672,#343);
#61=LINE('',#5674,#344);
#62=LINE('',#5713,#345);
#63=LINE('',#5715,#346);
#64=LINE('',#5717,#347);
#65=LINE('',#5746,#348);
#66=LINE('',#5748,#349);
#67=LINE('',#5750,#350);
#68=LINE('',#5752,#351);
#69=LINE('',#5788,#352);
#70=LINE('',#5800,#353);
#71=LINE('',#5802,#354);
#72=LINE('',#5805,#355);
#73=LINE('',#5807,#356);
#74=LINE('',#5809,#357);
#75=LINE('',#5817,#358);
#76=LINE('',#5818,#359);
#77=LINE('',#5825,#360);
#78=LINE('',#5833,#361);
#79=LINE('',#5835,#362);
#80=LINE('',#5837,#363);
#81=LINE('',#5839,#364);
#82=LINE('',#5841,#365);
#83=LINE('',#5843,#366);
#84=LINE('',#5845,#367);
#85=LINE('',#5847,#368);
#86=LINE('',#5849,#369);
#87=LINE('',#5856,#370);
#88=LINE('',#5858,#371);
#89=LINE('',#5861,#372);
#90=LINE('',#5865,#373);
#91=LINE('',#5869,#374);
#92=LINE('',#5878,#375);
#93=LINE('',#5885,#376);
#94=LINE('',#5892,#377);
#95=LINE('',#5907,#378);
#96=LINE('',#5909,#379);
#97=LINE('',#5926,#380);
#98=LINE('',#5933,#381);
#99=LINE('',#5934,#382);
#100=LINE('',#5941,#383);
#101=LINE('',#5950,#384);
#102=LINE('',#5954,#385);
#103=LINE('',#5956,#386);
#104=LINE('',#5958,#387);
#105=LINE('',#5962,#388);
#106=LINE('',#5971,#389);
#107=LINE('',#5978,#390);
#108=LINE('',#5987,#391);
#109=LINE('',#5991,#392);
#110=LINE('',#5993,#393);
#111=LINE('',#5995,#394);
#112=LINE('',#5997,#395);
#113=LINE('',#6356,#396);
#114=LINE('',#6369,#397);
#115=LINE('',#6370,#398);
#116=LINE('',#6377,#399);
#117=LINE('',#6379,#400);
#118=LINE('',#6468,#401);
#119=LINE('',#6475,#402);
#120=LINE('',#6519,#403);
#121=LINE('',#6521,#404);
#122=LINE('',#6570,#405);
#123=LINE('',#6572,#406);
#124=LINE('',#6851,#407);
#125=LINE('',#6887,#408);
#126=LINE('',#6890,#409);
#127=LINE('',#6892,#410);
#128=LINE('',#6894,#411);
#129=LINE('',#6896,#412);
#130=LINE('',#6898,#413);
#131=LINE('',#6907,#414);
#132=LINE('',#6914,#415);
#133=LINE('',#6916,#416);
#134=LINE('',#7169,#417);
#135=LINE('',#7253,#418);
#136=LINE('',#7256,#419);
#137=LINE('',#7346,#420);
#138=LINE('',#7600,#421);
#139=LINE('',#7603,#422);
#140=LINE('',#7607,#423);
#141=LINE('',#7609,#424);
#142=LINE('',#7611,#425);
#143=LINE('',#7612,#426);
#144=LINE('',#7616,#427);
#145=LINE('',#7617,#428);
#146=LINE('',#7619,#429);
#147=LINE('',#7825,#430);
#148=LINE('',#7834,#431);
#149=LINE('',#7846,#432);
#150=LINE('',#7848,#433);
#151=LINE('',#7856,#434);
#152=LINE('',#7859,#435);
#153=LINE('',#7861,#436);
#154=LINE('',#7863,#437);
#155=LINE('',#7865,#438);
#156=LINE('',#7882,#439);
#157=LINE('',#7890,#440);
#158=LINE('',#7892,#441);
#159=LINE('',#7911,#442);
#160=LINE('',#7919,#443);
#161=LINE('',#7921,#444);
#162=LINE('',#7923,#445);
#163=LINE('',#7925,#446);
#164=LINE('',#8111,#447);
#165=LINE('',#8118,#448);
#166=LINE('',#8121,#449);
#167=LINE('',#8122,#450);
#168=LINE('',#8134,#451);
#169=LINE('',#8136,#452);
#170=LINE('',#8140,#453);
#171=LINE('',#8142,#454);
#172=LINE('',#8144,#455);
#173=LINE('',#8146,#456);
#174=LINE('',#8172,#457);
#175=LINE('',#8173,#458);
#176=LINE('',#8215,#459);
#177=LINE('',#8217,#460);
#178=LINE('',#8219,#461);
#179=LINE('',#8221,#462);
#180=LINE('',#8240,#463);
#181=LINE('',#8252,#464);
#182=LINE('',#8263,#465);
#183=LINE('',#8272,#466);
#184=LINE('',#8280,#467);
#185=LINE('',#8281,#468);
#186=LINE('',#8283,#469);
#187=LINE('',#8300,#470);
#188=LINE('',#8302,#471);
#189=LINE('',#8304,#472);
#190=LINE('',#8305,#473);
#191=LINE('',#8309,#474);
#192=LINE('',#8327,#475);
#193=LINE('',#8335,#476);
#194=LINE('',#8337,#477);
#195=LINE('',#8339,#478);
#196=LINE('',#8340,#479);
#197=LINE('',#8351,#480);
#198=LINE('',#8359,#481);
#199=LINE('',#8360,#482);
#200=LINE('',#8362,#483);
#201=LINE('',#8364,#484);
#202=LINE('',#8377,#485);
#203=LINE('',#8386,#486);
#204=LINE('',#8394,#487);
#205=LINE('',#8396,#488);
#206=LINE('',#8398,#489);
#207=LINE('',#8415,#490);
#208=LINE('',#8426,#491);
#209=LINE('',#8436,#492);
#210=LINE('',#8438,#493);
#211=LINE('',#8441,#494);
#212=LINE('',#8442,#495);
#213=LINE('',#8444,#496);
#214=LINE('',#8446,#497);
#215=LINE('',#8447,#498);
#216=LINE('',#8449,#499);
#217=LINE('',#8463,#500);
#218=LINE('',#8468,#501);
#219=LINE('',#8476,#502);
#220=LINE('',#8484,#503);
#221=LINE('',#8495,#504);
#222=LINE('',#8496,#505);
#223=LINE('',#8498,#506);
#224=LINE('',#8500,#507);
#225=LINE('',#8511,#508);
#226=LINE('',#8519,#509);
#227=LINE('',#8520,#510);
#228=LINE('',#8522,#511);
#229=LINE('',#8531,#512);
#230=LINE('',#8539,#513);
#231=LINE('',#8552,#514);
#232=LINE('',#8558,#515);
#233=LINE('',#8580,#516);
#234=LINE('',#8582,#517);
#235=LINE('',#8583,#518);
#236=LINE('',#8586,#519);
#237=LINE('',#8589,#520);
#238=LINE('',#8595,#521);
#239=LINE('',#8596,#522);
#240=LINE('',#8600,#523);
#241=LINE('',#8601,#524);
#242=LINE('',#9571,#525);
#243=LINE('',#9574,#526);
#244=LINE('',#9577,#527);
#245=LINE('',#9578,#528);
#246=LINE('',#9949,#529);
#247=LINE('',#9951,#530);
#248=LINE('',#9953,#531);
#249=LINE('',#10024,#532);
#250=LINE('',#10025,#533);
#251=LINE('',#10026,#534);
#252=LINE('',#10027,#535);
#253=LINE('',#10028,#536);
#254=LINE('',#10030,#537);
#255=LINE('',#10037,#538);
#256=LINE('',#10073,#539);
#257=LINE('',#10075,#540);
#258=LINE('',#10077,#541);
#259=LINE('',#10119,#542);
#260=LINE('',#10165,#543);
#261=LINE('',#10167,#544);
#262=LINE('',#10169,#545);
#263=LINE('',#10192,#546);
#264=LINE('',#10194,#547);
#265=LINE('',#10196,#548);
#266=LINE('',#10288,#549);
#267=LINE('',#10458,#550);
#268=LINE('',#10459,#551);
#269=LINE('',#10461,#552);
#270=LINE('',#10463,#553);
#271=LINE('',#10464,#554);
#272=LINE('',#10514,#555);
#273=LINE('',#10516,#556);
#274=LINE('',#10574,#557);
#275=LINE('',#10575,#558);
#276=LINE('',#10598,#559);
#277=LINE('',#10599,#560);
#278=LINE('',#10601,#561);
#279=LINE('',#10604,#562);
#280=LINE('',#10606,#563);
#281=LINE('',#10608,#564);
#282=LINE('',#10619,#565);
#283=LINE('',#10620,#566);
#284=LINE('',#10624,#567);
#285=LINE('',#10626,#568);
#286=LINE('',#10867,#569);
#287=LINE('',#10908,#570);
#288=LINE('',#10909,#571);
#289=LINE('',#10981,#572);
#290=LINE('',#11092,#573);
#291=LINE('',#11095,#574);
#292=LINE('',#11096,#575);
#293=LINE('',#11098,#576);
#294=LINE('',#11100,#577);
#295=LINE('',#11167,#578);
#296=LINE('',#11197,#579);
#297=LINE('',#11199,#580);
#298=LINE('',#11210,#581);
#299=LINE('',#11214,#582);
#300=LINE('',#11221,#583);
#301=LINE('',#11225,#584);
#302=LINE('',#11259,#585);
#303=LINE('',#11260,#586);
#304=LINE('',#11261,#587);
#305=LINE('',#11263,#588);
#306=LINE('',#11265,#589);
#307=LINE('',#11297,#590);
#308=LINE('',#11300,#591);
#309=LINE('',#11302,#592);
#310=LINE('',#11303,#593);
#311=LINE('',#11305,#594);
#312=LINE('',#11307,#595);
#313=LINE('',#11309,#596);
#314=LINE('',#11311,#597);
#315=LINE('',#11313,#598);
#316=LINE('',#11315,#599);
#317=LINE('',#11317,#600);
#318=LINE('',#11319,#601);
#319=LINE('',#11320,#602);
#320=LINE('',#11322,#603);
#321=LINE('',#11654,#604);
#322=LINE('',#11655,#605);
#323=LINE('',#11667,#606);
#324=LINE('',#11670,#607);
#325=VECTOR('',#4494,1.);
#326=VECTOR('',#4495,1.);
#327=VECTOR('',#4498,1.);
#328=VECTOR('',#4499,1.);
#329=VECTOR('',#4502,1.);
#330=VECTOR('',#4503,1.);
#331=VECTOR('',#4504,1.);
#332=VECTOR('',#4505,1.);
#333=VECTOR('',#4506,1.);
#334=VECTOR('',#4507,1.);
#335=VECTOR('',#4508,1.);
#336=VECTOR('',#4509,1.);
#337=VECTOR('',#4510,1.);
#338=VECTOR('',#4511,1.);
#339=VECTOR('',#4512,1.);
#340=VECTOR('',#4513,1.);
#341=VECTOR('',#4514,1.);
#342=VECTOR('',#4515,1.);
#343=VECTOR('',#4516,1.);
#344=VECTOR('',#4517,1.);
#345=VECTOR('',#4520,1.);
#346=VECTOR('',#4521,1.);
#347=VECTOR('',#4522,1.);
#348=VECTOR('',#4525,1.);
#349=VECTOR('',#4526,1.);
#350=VECTOR('',#4527,1.);
#351=VECTOR('',#4528,1.);
#352=VECTOR('',#4529,1.);
#353=VECTOR('',#4530,1.);
#354=VECTOR('',#4533,1.);
#355=VECTOR('',#4534,1.);
#356=VECTOR('',#4535,1.);
#357=VECTOR('',#4536,1.);
#358=VECTOR('',#4539,1.);
#359=VECTOR('',#4540,1.);
#360=VECTOR('',#4543,1.);
#361=VECTOR('',#4546,1.);
#362=VECTOR('',#4547,1.);
#363=VECTOR('',#4548,1.);
#364=VECTOR('',#4549,1.);
#365=VECTOR('',#4552,1.);
#366=VECTOR('',#4553,1.);
#367=VECTOR('',#4554,1.);
#368=VECTOR('',#4555,1.);
#369=VECTOR('',#4556,1.);
#370=VECTOR('',#4559,1.);
#371=VECTOR('',#4562,1.);
#372=VECTOR('',#4563,1.);
#373=VECTOR('',#4566,1.);
#374=VECTOR('',#4569,1.);
#375=VECTOR('',#4570,1.);
#376=VECTOR('',#4571,1.);
#377=VECTOR('',#4572,1.);
#378=VECTOR('',#4573,1.);
#379=VECTOR('',#4574,1.);
#380=VECTOR('',#4575,1.);
#381=VECTOR('',#4576,1.);
#382=VECTOR('',#4577,1.);
#383=VECTOR('',#4578,1.);
#384=VECTOR('',#4579,1.);
#385=VECTOR('',#4582,1.);
#386=VECTOR('',#4583,1.);
#387=VECTOR('',#4584,1.);
#388=VECTOR('',#4587,1.);
#389=VECTOR('',#4588,1.);
#390=VECTOR('',#4589,1.);
#391=VECTOR('',#4590,1.);
#392=VECTOR('',#4595,1.);
#393=VECTOR('',#4596,1.);
#394=VECTOR('',#4599,1.);
#395=VECTOR('',#4600,1.);
#396=VECTOR('',#4617,1.);
#397=VECTOR('',#4620,1.);
#398=VECTOR('',#4621,1.);
#399=VECTOR('',#4624,1.);
#400=VECTOR('',#4625,1.);
#401=VECTOR('',#4638,1.);
#402=VECTOR('',#4639,1.);
#403=VECTOR('',#4642,1.);
#404=VECTOR('',#4643,1.);
#405=VECTOR('',#4644,1.);
#406=VECTOR('',#4645,1.);
#407=VECTOR('',#4650,1.);
#408=VECTOR('',#4653,1.);
#409=VECTOR('',#4654,1.);
#410=VECTOR('',#4655,1.);
#411=VECTOR('',#4656,1.);
#412=VECTOR('',#4659,1.);
#413=VECTOR('',#4660,1.);
#414=VECTOR('',#4665,1.);
#415=VECTOR('',#4668,1.);
#416=VECTOR('',#4671,1.);
#417=VECTOR('',#4672,1.);
#418=VECTOR('',#4683,1.);
#419=VECTOR('',#4686,1.);
#420=VECTOR('',#4687,1.);
#421=VECTOR('',#4694,1.);
#422=VECTOR('',#4695,1.);
#423=VECTOR('',#4698,1.);
#424=VECTOR('',#4701,1.);
#425=VECTOR('',#4702,1.);
#426=VECTOR('',#4703,1.);
#427=VECTOR('',#4710,1.);
#428=VECTOR('',#4711,1.);
#429=VECTOR('',#4714,1.);
#430=VECTOR('',#4725,1.);
#431=VECTOR('',#4738,1.);
#432=VECTOR('',#4739,1.);
#433=VECTOR('',#4740,1.);
#434=VECTOR('',#4751,1.);
#435=VECTOR('',#4752,1.);
#436=VECTOR('',#4753,1.);
#437=VECTOR('',#4754,1.);
#438=VECTOR('',#4755,1.);
#439=VECTOR('',#4756,1.);
#440=VECTOR('',#4759,1.);
#441=VECTOR('',#4760,1.);
#442=VECTOR('',#4763,1.);
#443=VECTOR('',#4766,1.);
#444=VECTOR('',#4767,1.);
#445=VECTOR('',#4768,1.);
#446=VECTOR('',#4769,1.);
#447=VECTOR('',#4778,1.);
#448=VECTOR('',#4781,1.);
#449=VECTOR('',#4782,1.);
#450=VECTOR('',#4783,1.);
#451=VECTOR('',#4790,1.);
#452=VECTOR('',#4791,1.);
#453=VECTOR('',#4796,1.);
#454=VECTOR('',#4797,1.);
#455=VECTOR('',#4798,1.);
#456=VECTOR('',#4799,1.);
#457=VECTOR('',#4812,1.);
#458=VECTOR('',#4813,1.);
#459=VECTOR('',#4816,1.);
#460=VECTOR('',#4819,1.);
#461=VECTOR('',#4822,1.);
#462=VECTOR('',#4825,1.);
#463=VECTOR('',#4840,1.);
#464=VECTOR('',#4845,1.);
#465=VECTOR('',#4846,1.);
#466=VECTOR('',#4847,1.);
#467=VECTOR('',#4850,1.);
#468=VECTOR('',#4851,1.);
#469=VECTOR('',#4852,1.);
#470=VECTOR('',#4853,1.);
#471=VECTOR('',#4856,1.);
#472=VECTOR('',#4857,1.);
#473=VECTOR('',#4858,1.);
#474=VECTOR('',#4863,1.);
#475=VECTOR('',#4864,1.);
#476=VECTOR('',#4865,1.);
#477=VECTOR('',#4868,1.);
#478=VECTOR('',#4869,1.);
#479=VECTOR('',#4870,1.);
#480=VECTOR('',#4871,1.);
#481=VECTOR('',#4874,1.);
#482=VECTOR('',#4875,1.);
#483=VECTOR('',#4876,1.);
#484=VECTOR('',#4879,1.);
#485=VECTOR('',#4882,1.);
#486=VECTOR('',#4883,1.);
#487=VECTOR('',#4886,1.);
#488=VECTOR('',#4887,1.);
#489=VECTOR('',#4888,1.);
#490=VECTOR('',#4889,1.);
#491=VECTOR('',#4894,1.);
#492=VECTOR('',#4895,1.);
#493=VECTOR('',#4898,1.);
#494=VECTOR('',#4899,1.);
#495=VECTOR('',#4900,1.);
#496=VECTOR('',#4901,1.);
#497=VECTOR('',#4904,1.);
#498=VECTOR('',#4905,1.);
#499=VECTOR('',#4906,1.);
#500=VECTOR('',#4915,1.);
#501=VECTOR('',#4920,1.);
#502=VECTOR('',#4921,1.);
#503=VECTOR('',#4922,1.);
#504=VECTOR('',#4923,1.);
#505=VECTOR('',#4924,1.);
#506=VECTOR('',#4927,1.);
#507=VECTOR('',#4928,1.);
#508=VECTOR('',#4929,1.);
#509=VECTOR('',#4932,1.);
#510=VECTOR('',#4933,1.);
#511=VECTOR('',#4936,1.);
#512=VECTOR('',#4937,1.);
#513=VECTOR('',#4938,1.);
#514=VECTOR('',#4941,1.);
#515=VECTOR('',#4944,1.);
#516=VECTOR('',#4945,1.);
#517=VECTOR('',#4948,1.);
#518=VECTOR('',#4949,1.);
#519=VECTOR('',#4954,1.);
#520=VECTOR('',#4959,1.);
#521=VECTOR('',#4960,1.);
#522=VECTOR('',#4961,1.);
#523=VECTOR('',#4968,1.);
#524=VECTOR('',#4969,1.);
#525=VECTOR('',#4984,1.);
#526=VECTOR('',#4989,1.);
#527=VECTOR('',#4994,1.);
#528=VECTOR('',#4995,1.);
#529=VECTOR('',#5008,1.);
#530=VECTOR('',#5009,1.);
#531=VECTOR('',#5010,1.);
#532=VECTOR('',#5011,1.);
#533=VECTOR('',#5012,1.);
#534=VECTOR('',#5013,1.);
#535=VECTOR('',#5014,1.);
#536=VECTOR('',#5015,1.);
#537=VECTOR('',#5016,1.);
#538=VECTOR('',#5019,1.);
#539=VECTOR('',#5022,1.);
#540=VECTOR('',#5023,1.);
#541=VECTOR('',#5024,1.);
#542=VECTOR('',#5027,1.);
#543=VECTOR('',#5030,1.);
#544=VECTOR('',#5031,1.);
#545=VECTOR('',#5032,1.);
#546=VECTOR('',#5039,1.);
#547=VECTOR('',#5042,1.);
#548=VECTOR('',#5043,1.);
#549=VECTOR('',#5044,1.);
#550=VECTOR('',#5049,1.);
#551=VECTOR('',#5050,1.);
#552=VECTOR('',#5053,1.);
#553=VECTOR('',#5054,1.);
#554=VECTOR('',#5055,1.);
#555=VECTOR('',#5056,1.);
#556=VECTOR('',#5059,1.);
#557=VECTOR('',#5060,1.);
#558=VECTOR('',#5061,1.);
#559=VECTOR('',#5064,1.);
#560=VECTOR('',#5065,1.);
#561=VECTOR('',#5068,1.);
#562=VECTOR('',#5069,1.);
#563=VECTOR('',#5070,1.);
#564=VECTOR('',#5071,1.);
#565=VECTOR('',#5074,1.);
#566=VECTOR('',#5075,1.);
#567=VECTOR('',#5080,1.);
#568=VECTOR('',#5083,1.);
#569=VECTOR('',#5094,1.);
#570=VECTOR('',#5097,1.);
#571=VECTOR('',#5098,1.);
#572=VECTOR('',#5101,1.);
#573=VECTOR('',#5104,1.);
#574=VECTOR('',#5109,1.);
#575=VECTOR('',#5110,1.);
#576=VECTOR('',#5111,1.);
#577=VECTOR('',#5114,1.);
#578=VECTOR('',#5121,1.);
#579=VECTOR('',#5124,1.);
#580=VECTOR('',#5127,1.);
#581=VECTOR('',#5128,1.);
#582=VECTOR('',#5133,1.);
#583=VECTOR('',#5134,1.);
#584=VECTOR('',#5139,1.);
#585=VECTOR('',#5158,1.);
#586=VECTOR('',#5159,1.);
#587=VECTOR('',#5160,1.);
#588=VECTOR('',#5161,1.);
#589=VECTOR('',#5164,1.);
#590=VECTOR('',#5167,1.);
#591=VECTOR('',#5168,1.);
#592=VECTOR('',#5169,1.);
#593=VECTOR('',#5170,1.);
#594=VECTOR('',#5171,1.);
#595=VECTOR('',#5174,1.);
#596=VECTOR('',#5175,1.);
#597=VECTOR('',#5176,1.);
#598=VECTOR('',#5179,1.);
#599=VECTOR('',#5182,1.);
#600=VECTOR('',#5185,1.);
#601=VECTOR('',#5188,1.);
#602=VECTOR('',#5189,1.);
#603=VECTOR('',#5192,1.);
#604=VECTOR('',#5213,1.);
#605=VECTOR('',#5214,1.);
#606=VECTOR('',#5221,1.);
#607=VECTOR('',#5226,1.);
#608=B_SPLINE_SURFACE_WITH_KNOTS('',3,3,((#5241,#5242,#5243,#5244,#5245,
#5246,#5247,#5248,#5249),(#5250,#5251,#5252,#5253,#5254,#5255,#5256,#5257,
#5258),(#5259,#5260,#5261,#5262,#5263,#5264,#5265,#5266,#5267),(#5268,#5269,
#5270,#5271,#5272,#5273,#5274,#5275,#5276),(#5277,#5278,#5279,#5280,#5281,
#5282,#5283,#5284,#5285),(#5286,#5287,#5288,#5289,#5290,#5291,#5292,#5293,
#5294),(#5295,#5296,#5297,#5298,#5299,#5300,#5301,#5302,#5303),(#5304,#5305,
#5306,#5307,#5308,#5309,#5310,#5311,#5312),(#5313,#5314,#5315,#5316,#5317,
#5318,#5319,#5320,#5321)),.UNSPECIFIED.,.F.,.F.,.F.,(4,1,1,3,4),(4,1,1,
1,1,1,4),(83.7025417614961,85.0624055864961,88.5681752789825,92.073944971469,
92.1240651495797),(9.41494813755611,13.1446750674073,15.8175180463893,18.4903610253714,
21.1632040043534,23.8360469833355,25.29430905083),.UNSPECIFIED.);
#609=B_SPLINE_SURFACE_WITH_KNOTS('',3,3,((#5386,#5387,#5388,#5389,#5390,
#5391,#5392,#5393,#5394),(#5395,#5396,#5397,#5398,#5399,#5400,#5401,#5402,
#5403),(#5404,#5405,#5406,#5407,#5408,#5409,#5410,#5411,#5412),(#5413,#5414,
#5415,#5416,#5417,#5418,#5419,#5420,#5421),(#5422,#5423,#5424,#5425,#5426,
#5427,#5428,#5429,#5430),(#5431,#5432,#5433,#5434,#5435,#5436,#5437,#5438,
#5439),(#5440,#5441,#5442,#5443,#5444,#5445,#5446,#5447,#5448)),
 .UNSPECIFIED.,.F.,.F.,.F.,(4,1,1,1,4),(4,1,1,1,1,1,4),(92.073944971469,
96.6354226850735,101.196900398678,105.758378112282,110.013594783172),(7.81014877736429,
10.4718320884253,13.1446750674073,15.8175180463893,18.4903610253714,21.1632040043534,
23.0123618044316),.UNSPECIFIED.);
#610=B_SPLINE_SURFACE_WITH_KNOTS('',3,1,((#5998,#5999,#6000,#6001),(#6002,
#6003,#6004,#6005),(#6006,#6007,#6008,#6009),(#6010,#6011,#6012,#6013)),
 .RULED_SURF.,.F.,.F.,.F.,(4,4),(2,1,1,2),(0.,1.41128333957185),(-0.229552564392591,
-0.227279766725338,0.,0.00227279766725338),.UNSPECIFIED.);
#611=B_SPLINE_SURFACE_WITH_KNOTS('',3,3,((#6018,#6019,#6020,#6021,#6022,
#6023,#6024,#6025,#6026,#6027,#6028,#6029),(#6030,#6031,#6032,#6033,#6034,
#6035,#6036,#6037,#6038,#6039,#6040,#6041),(#6042,#6043,#6044,#6045,#6046,
#6047,#6048,#6049,#6050,#6051,#6052,#6053),(#6054,#6055,#6056,#6057,#6058,
#6059,#6060,#6061,#6062,#6063,#6064,#6065),(#6066,#6067,#6068,#6069,#6070,
#6071,#6072,#6073,#6074,#6075,#6076,#6077),(#6078,#6079,#6080,#6081,#6082,
#6083,#6084,#6085,#6086,#6087,#6088,#6089),(#6090,#6091,#6092,#6093,#6094,
#6095,#6096,#6097,#6098,#6099,#6100,#6101)),.UNSPECIFIED.,.F.,.F.,.F.,(4,
3,4),(4,1,2,1,1,2,1,4),(33.3329814469246,33.4822569500021,58.5051224215914),
(87.3650575296191,90.0687424745266,92.073944971469,94.562646138793,114.721125594117,
116.960956644709,117.602934656161,123.089015418801),.UNSPECIFIED.);
#612=B_SPLINE_SURFACE_WITH_KNOTS('',3,3,((#6426,#6427,#6428,#6429),(#6430,
#6431,#6432,#6433),(#6434,#6435,#6436,#6437),(#6438,#6439,#6440,#6441)),
 .UNSPECIFIED.,.F.,.F.,.F.,(4,4),(4,4),(45.906511490405,56.0985284083007),
(103.45342933491,114.446903886799),.PIECEWISE_BEZIER_KNOTS.);
#613=B_SPLINE_SURFACE_WITH_KNOTS('',1,3,((#6583,#6584,#6585,#6586,#6587,
#6588,#6589,#6590,#6591,#6592,#6593,#6594,#6595,#6596,#6597,#6598),(#6599,
#6600,#6601,#6602,#6603,#6604,#6605,#6606,#6607,#6608,#6609,#6610,#6611,
#6612,#6613,#6614)),.RULED_SURF.,.F.,.F.,.F.,(2,2),(4,2,2,2,2,2,2,4),(-24.5013070412165,
-1.00034331070762),(0.,2.69689709722915,5.3937941944583,8.09069129168745,
10.7875883889166,16.1813825833749,21.5751767778332,31.19301888068),
 .UNSPECIFIED.);
#614=B_SPLINE_SURFACE_WITH_KNOTS('',3,3,((#6665,#6666,#6667,#6668,#6669,
#6670,#6671,#6672,#6673,#6674,#6675,#6676),(#6677,#6678,#6679,#6680,#6681,
#6682,#6683,#6684,#6685,#6686,#6687,#6688),(#6689,#6690,#6691,#6692,#6693,
#6694,#6695,#6696,#6697,#6698,#6699,#6700),(#6701,#6702,#6703,#6704,#6705,
#6706,#6707,#6708,#6709,#6710,#6711,#6712)),.UNSPECIFIED.,.F.,.F.,.F.,(4,
4),(4,1,2,1,1,2,1,4),(6.61084527559574,33.6425359728218),(71.3813937111824,
89.2324861972087,92.073944971469,94.562646138793,114.721125594117,116.960956644709,
117.277911978436,120.130509981979),.UNSPECIFIED.);
#615=B_SPLINE_SURFACE_WITH_KNOTS('',3,3,((#6917,#6918,#6919,#6920,#6921,
#6922,#6923,#6924,#6925,#6926,#6927,#6928,#6929,#6930,#6931,#6932,#6933,
#6934,#6935,#6936,#6937,#6938,#6939,#6940,#6941,#6942,#6943,#6944),(#6945,
#6946,#6947,#6948,#6949,#6950,#6951,#6952,#6953,#6954,#6955,#6956,#6957,
#6958,#6959,#6960,#6961,#6962,#6963,#6964,#6965,#6966,#6967,#6968,#6969,
#6970,#6971,#6972),(#6973,#6974,#6975,#6976,#6977,#6978,#6979,#6980,#6981,
#6982,#6983,#6984,#6985,#6986,#6987,#6988,#6989,#6990,#6991,#6992,#6993,
#6994,#6995,#6996,#6997,#6998,#6999,#7000),(#7001,#7002,#7003,#7004,#7005,
#7006,#7007,#7008,#7009,#7010,#7011,#7012,#7013,#7014,#7015,#7016,#7017,
#7018,#7019,#7020,#7021,#7022,#7023,#7024,#7025,#7026,#7027,#7028),(#7029,
#7030,#7031,#7032,#7033,#7034,#7035,#7036,#7037,#7038,#7039,#7040,#7041,
#7042,#7043,#7044,#7045,#7046,#7047,#7048,#7049,#7050,#7051,#7052,#7053,
#7054,#7055,#7056)),.UNSPECIFIED.,.F.,.F.,.F.,(4,1,4),(4,2,2,2,2,2,2,1,
2,1,2,1,2,3,4),(1.17417708356352,9.45105174759561,14.7568226478701),(59.2805706428931,
60.2024061532892,64.2122113767291,73.0120970146774,78.1210849395837,78.8239386713414,
80.3834207872509,80.7795229702501,81.1756251532493,81.5507534278334,81.9258817024174,
82.3075771454682,82.689272588519,83.3315345798441,83.4750126236097),
 .UNSPECIFIED.);
#616=B_SPLINE_SURFACE_WITH_KNOTS('',3,3,((#7081,#7082,#7083,#7084),(#7085,
#7086,#7087,#7088),(#7089,#7090,#7091,#7092),(#7093,#7094,#7095,#7096),
(#7097,#7098,#7099,#7100),(#7101,#7102,#7103,#7104),(#7105,#7106,#7107,
#7108),(#7109,#7110,#7111,#7112),(#7113,#7114,#7115,#7116),(#7117,#7118,
#7119,#7120),(#7121,#7122,#7123,#7124),(#7125,#7126,#7127,#7128)),
 .UNSPECIFIED.,.F.,.F.,.F.,(4,1,2,1,1,2,1,4),(4,4),(78.7671830738068,89.9747374372746,
92.073944971469,94.562646138793,114.721125594117,116.960956644709,117.000463863773,
117.129791690755),(38.9461056727765,58.0507872656679),.UNSPECIFIED.);
#617=B_SPLINE_SURFACE_WITH_KNOTS('',3,3,((#7257,#7258,#7259,#7260,#7261,
#7262,#7263,#7264,#7265,#7266,#7267,#7268,#7269,#7270,#7271,#7272,#7273,
#7274,#7275,#7276,#7277),(#7278,#7279,#7280,#7281,#7282,#7283,#7284,#7285,
#7286,#7287,#7288,#7289,#7290,#7291,#7292,#7293,#7294,#7295,#7296,#7297,
#7298),(#7299,#7300,#7301,#7302,#7303,#7304,#7305,#7306,#7307,#7308,#7309,
#7310,#7311,#7312,#7313,#7314,#7315,#7316,#7317,#7318,#7319),(#7320,#7321,
#7322,#7323,#7324,#7325,#7326,#7327,#7328,#7329,#7330,#7331,#7332,#7333,
#7334,#7335,#7336,#7337,#7338,#7339,#7340)),.UNSPECIFIED.,.F.,.F.,.F.,(4,
4),(4,1,2,1,1,2,1,1,2,1,2,3,4),(0.,7.91895327835404),(3.70614230358528,
3.85624913542523,4.28472126158359,4.30615868328444,4.47980179906127,4.49909547859203,
4.64033515219908,5.7843765084162,5.91149221466255,6.06887927434814,7.48536281151841,
10.3256845514456,10.3651661167056),.UNSPECIFIED.);
#618=B_SPLINE_SURFACE_WITH_KNOTS('',3,3,((#7352,#7353,#7354,#7355),(#7356,
#7357,#7358,#7359),(#7360,#7361,#7362,#7363),(#7364,#7365,#7366,#7367),
(#7368,#7369,#7370,#7371),(#7372,#7373,#7374,#7375),(#7376,#7377,#7378,
#7379)),.UNSPECIFIED.,.F.,.F.,.F.,(4,1,1,1,4),(4,4),(73.9270261559636,81.5566358940096,
85.0624055864961,88.5681752789825,92.073944971469),(8.02663457068806,9.58042599321469),
 .UNSPECIFIED.);
#619=B_SPLINE_SURFACE_WITH_KNOTS('',3,3,((#7408,#7409,#7410,#7411,#7412),
(#7413,#7414,#7415,#7416,#7417),(#7418,#7419,#7420,#7421,#7422),(#7423,
#7424,#7425,#7426,#7427),(#7428,#7429,#7430,#7431,#7432),(#7433,#7434,#7435,
#7436,#7437),(#7438,#7439,#7440,#7441,#7442),(#7443,#7444,#7445,#7446,#7447),
(#7448,#7449,#7450,#7451,#7452),(#7453,#7454,#7455,#7456,#7457),(#7458,
#7459,#7460,#7461,#7462),(#7463,#7464,#7465,#7466,#7467),(#7468,#7469,#7470,
#7471,#7472),(#7473,#7474,#7475,#7476,#7477),(#7478,#7479,#7480,#7481,#7482),
(#7483,#7484,#7485,#7486,#7487),(#7488,#7489,#7490,#7491,#7492),(#7493,
#7494,#7495,#7496,#7497),(#7498,#7499,#7500,#7501,#7502),(#7503,#7504,#7505,
#7506,#7507),(#7508,#7509,#7510,#7511,#7512),(#7513,#7514,#7515,#7516,#7517),
(#7518,#7519,#7520,#7521,#7522),(#7523,#7524,#7525,#7526,#7527)),
 .UNSPECIFIED.,.F.,.F.,.F.,(4,3,1,1,2,1,1,2,1,1,2,1,1,2,1,4),(4,1,4),(5.25751087952122,
5.3937941944583,6.74224274307287,7.95584643682599,8.09069129168745,8.36038100141037,
10.544867650166,10.7875883889166,11.3269678083624,15.6959411058737,16.1813825833749,
16.7207620028208,21.089735300332,21.5751767778332,23.7701539197896,28.2309342853669),
(-20.4620066965317,-12.7508251686889,-1.42400206055451),.UNSPECIFIED.);
#620=B_SPLINE_SURFACE_WITH_KNOTS('',3,3,((#7544,#7545,#7546,#7547),(#7548,
#7549,#7550,#7551),(#7552,#7553,#7554,#7555),(#7556,#7557,#7558,#7559)),
 .UNSPECIFIED.,.F.,.F.,.F.,(4,4),(4,4),(45.4676181983304,46.5323216394027),
(94.8209037601393,105.204045272335),.PIECEWISE_BEZIER_KNOTS.);
#621=B_SPLINE_SURFACE_WITH_KNOTS('',3,3,((#7572,#7573,#7574,#7575),(#7576,
#7577,#7578,#7579),(#7580,#7581,#7582,#7583),(#7584,#7585,#7586,#7587)),
 .UNSPECIFIED.,.F.,.F.,.F.,(4,4),(4,4),(95.4344064066234,105.807587896787),
(45.5056142191068,46.5930805770753),.PIECEWISE_BEZIER_KNOTS.);
#622=B_SPLINE_SURFACE_WITH_KNOTS('',3,3,((#7621,#7622,#7623,#7624,#7625,
#7626,#7627,#7628,#7629,#7630,#7631,#7632,#7633,#7634),(#7635,#7636,#7637,
#7638,#7639,#7640,#7641,#7642,#7643,#7644,#7645,#7646,#7647,#7648),(#7649,
#7650,#7651,#7652,#7653,#7654,#7655,#7656,#7657,#7658,#7659,#7660,#7661,
#7662),(#7663,#7664,#7665,#7666,#7667,#7668,#7669,#7670,#7671,#7672,#7673,
#7674,#7675,#7676),(#7677,#7678,#7679,#7680,#7681,#7682,#7683,#7684,#7685,
#7686,#7687,#7688,#7689,#7690),(#7691,#7692,#7693,#7694,#7695,#7696,#7697,
#7698,#7699,#7700,#7701,#7702,#7703,#7704),(#7705,#7706,#7707,#7708,#7709,
#7710,#7711,#7712,#7713,#7714,#7715,#7716,#7717,#7718),(#7719,#7720,#7721,
#7722,#7723,#7724,#7725,#7726,#7727,#7728,#7729,#7730,#7731,#7732)),
 .UNSPECIFIED.,.F.,.F.,.F.,(4,3,1,4),(4,3,1,3,3,4),(2.68064644539669,2.69689709722915,
4.04534564584372,5.3937941944583),(-21.2035837687019,-21.0974795641944,
-12.7508251686889,-6.26968776280655,-3.70251346195215,-3.59805263439402),
 .UNSPECIFIED.);
#623=B_SPLINE_SURFACE_WITH_KNOTS('',3,3,((#7751,#7752,#7753,#7754,#7755,
#7756,#7757,#7758),(#7759,#7760,#7761,#7762,#7763,#7764,#7765,#7766),(#7767,
#7768,#7769,#7770,#7771,#7772,#7773,#7774),(#7775,#7776,#7777,#7778,#7779,
#7780,#7781,#7782),(#7783,#7784,#7785,#7786,#7787,#7788,#7789,#7790),(#7791,
#7792,#7793,#7794,#7795,#7796,#7797,#7798),(#7799,#7800,#7801,#7802,#7803,
#7804,#7805,#7806),(#7807,#7808,#7809,#7810,#7811,#7812,#7813,#7814)),
 .UNSPECIFIED.,.F.,.F.,.F.,(4,1,2,1,4),(4,1,3,4),(-0.0211437192622769,2.42509301558001,
2.69689709722915,2.6995882389842,2.7238085147797),(-21.4356333215315,-12.7508251686889,
-4.13116193302742,-3.95811721914238),.UNSPECIFIED.);
#624=B_SPLINE_SURFACE_WITH_KNOTS('',3,1,((#7866,#7867),(#7868,#7869),(#7870,
#7871),(#7872,#7873),(#7874,#7875)),.SURF_OF_LINEAR_EXTRUSION.,.F.,.F.,
 .F.,(4,1,4),(2,2),(6.41075343441008,6.74912818752955,7.08750294064902),
(0.,1.),.UNSPECIFIED.);
#625=B_SPLINE_SURFACE_WITH_KNOTS('',3,1,((#7895,#7896),(#7897,#7898),(#7899,
#7900),(#7901,#7902),(#7903,#7904)),.SURF_OF_LINEAR_EXTRUSION.,.F.,.F.,
 .F.,(4,1,4),(2,2),(7.81357802386025,8.14993473622549,8.48629144859074),
(0.,1.),.UNSPECIFIED.);
#626=B_SPLINE_SURFACE_WITH_KNOTS('',3,3,((#7928,#7929,#7930,#7931,#7932,
#7933,#7934,#7935,#7936,#7937,#7938),(#7939,#7940,#7941,#7942,#7943,#7944,
#7945,#7946,#7947,#7948,#7949),(#7950,#7951,#7952,#7953,#7954,#7955,#7956,
#7957,#7958,#7959,#7960),(#7961,#7962,#7963,#7964,#7965,#7966,#7967,#7968,
#7969,#7970,#7971),(#7972,#7973,#7974,#7975,#7976,#7977,#7978,#7979,#7980,
#7981,#7982),(#7983,#7984,#7985,#7986,#7987,#7988,#7989,#7990,#7991,#7992,
#7993),(#7994,#7995,#7996,#7997,#7998,#7999,#8000,#8001,#8002,#8003,#8004),
(#8005,#8006,#8007,#8008,#8009,#8010,#8011,#8012,#8013,#8014,#8015),(#8016,
#8017,#8018,#8019,#8020,#8021,#8022,#8023,#8024,#8025,#8026),(#8027,#8028,
#8029,#8030,#8031,#8032,#8033,#8034,#8035,#8036,#8037)),.UNSPECIFIED.,.F.,
 .F.,.F.,(4,3,3,4),(4,3,1,2,1,4),(18.3755698261955,18.5363244839798,45.3277525067519,
45.4885088860488),(0.412865512567025,0.466211137480736,0.75534661497854,
0.787472779144963,1.64430264549369,9.35577144263216),.UNSPECIFIED.);
#627=B_SPLINE_SURFACE_WITH_KNOTS('',3,3,((#8056,#8057,#8058,#8059,#8060,
#8061,#8062),(#8063,#8064,#8065,#8066,#8067,#8068,#8069),(#8070,#8071,#8072,
#8073,#8074,#8075,#8076),(#8077,#8078,#8079,#8080,#8081,#8082,#8083),(#8084,
#8085,#8086,#8087,#8088,#8089,#8090),(#8091,#8092,#8093,#8094,#8095,#8096,
#8097),(#8098,#8099,#8100,#8101,#8102,#8103,#8104)),.UNSPECIFIED.,.F.,.F.,
 .F.,(4,3,4),(4,3,4),(-6.87951976654444,-6.82382858191589,-1.25471011906055),
(0.464859183603135,1.31060184780659,1.31905927444862),
 .PIECEWISE_BEZIER_KNOTS.);
#628=B_SPLINE_SURFACE_WITH_KNOTS('',3,3,((#8155,#8156,#8157,#8158),(#8159,
#8160,#8161,#8162),(#8163,#8164,#8165,#8166),(#8167,#8168,#8169,#8170)),
 .UNSPECIFIED.,.F.,.F.,.F.,(4,4),(4,4),(46.2193806935525,46.574669326681),
(95.4366266672183,104.4935274603),.PIECEWISE_BEZIER_KNOTS.);
#629=B_SPLINE_SURFACE_WITH_KNOTS('',3,3,((#8174,#8175,#8176,#8177),(#8178,
#8179,#8180,#8181),(#8182,#8183,#8184,#8185),(#8186,#8187,#8188,#8189)),
 .UNSPECIFIED.,.F.,.F.,.F.,(4,4),(4,4),(27.9849613459106,38.14992494417),
(109.848750304226,112.388250068624),.PIECEWISE_BEZIER_KNOTS.);
#630=B_SPLINE_SURFACE_WITH_KNOTS('',3,3,((#8190,#8191,#8192,#8193),(#8194,
#8195,#8196,#8197),(#8198,#8199,#8200,#8201),(#8202,#8203,#8204,#8205)),
 .UNSPECIFIED.,.F.,.F.,.F.,(4,4),(4,4),(108.215586067897,113.767972213349),
(25.9682272472444,40.2421569146389),.PIECEWISE_BEZIER_KNOTS.);
#631=B_SPLINE_SURFACE_WITH_KNOTS('',3,1,((#8253,#8254),(#8255,#8256),(#8257,
#8258),(#8259,#8260),(#8261,#8262)),.SURF_OF_LINEAR_EXTRUSION.,.F.,.F.,
 .F.,(4,1,4),(2,2),(6.41348456156101,6.75186195125635,7.09023934095169),
(0.,1.),.UNSPECIFIED.);
#632=B_SPLINE_SURFACE_WITH_KNOTS('',3,1,((#8284,#8285),(#8286,#8287),(#8288,
#8289),(#8290,#8291),(#8292,#8293)),.SURF_OF_LINEAR_EXTRUSION.,.F.,.F.,
 .F.,(4,1,4),(2,2),(7.81084241822647,8.14921689875226,8.48759137927805),
(0.,1.),.UNSPECIFIED.);
#633=B_SPLINE_SURFACE_WITH_KNOTS('',3,1,((#8310,#8311),(#8312,#8313),(#8314,
#8315),(#8316,#8317),(#8318,#8319)),.SURF_OF_LINEAR_EXTRUSION.,.F.,.F.,
 .F.,(4,1,4),(2,2),(6.40675910674347,6.74513847010079,7.0835178334581),
(0.,1.),.UNSPECIFIED.);
#634=B_SPLINE_SURFACE_WITH_KNOTS('',3,1,((#8341,#8342),(#8343,#8344),(#8345,
#8346),(#8347,#8348),(#8349,#8350)),.SURF_OF_LINEAR_EXTRUSION.,.F.,.F.,
 .F.,(4,1,4),(2,2),(7.80680612991694,8.1472013327653,8.48759653561366),
(0.,1.),.UNSPECIFIED.);
#635=B_SPLINE_SURFACE_WITH_KNOTS('',3,1,((#8367,#8368),(#8369,#8370),(#8371,
#8372),(#8373,#8374),(#8375,#8376)),.SURF_OF_LINEAR_EXTRUSION.,.F.,.F.,
 .F.,(4,1,4),(2,2),(6.41348456154858,6.75186195124012,7.09023934093166),
(0.,1.),.UNSPECIFIED.);
#636=B_SPLINE_SURFACE_WITH_KNOTS('',3,1,((#8399,#8400),(#8401,#8402),(#8403,
#8404),(#8405,#8406),(#8407,#8408)),.SURF_OF_LINEAR_EXTRUSION.,.F.,.F.,
 .F.,(4,1,4),(2,2),(7.80680612950062,8.14518321452524,8.48356029954987),
(0.,1.),.UNSPECIFIED.);
#637=B_SPLINE_SURFACE_WITH_KNOTS('',3,1,((#8485,#8486),(#8487,#8488),(#8489,
#8490),(#8491,#8492),(#8493,#8494)),.SURF_OF_LINEAR_EXTRUSION.,.F.,.F.,
 .F.,(4,1,4),(2,2),(16.2903611766251,16.6287384337736,16.9671156909221),
(0.,1.),.UNSPECIFIED.);
#638=B_SPLINE_SURFACE_WITH_KNOTS('',3,1,((#8501,#8502),(#8503,#8504),(#8505,
#8506),(#8507,#8508),(#8509,#8510)),.SURF_OF_LINEAR_EXTRUSION.,.F.,.F.,
 .F.,(4,1,4),(2,2),(14.8970446328354,15.2334013705589,15.5697581082824),
(0.,1.),.UNSPECIFIED.);
#639=B_SPLINE_SURFACE_WITH_KNOTS('',3,1,((#8542,#8543),(#8544,#8545),(#8546,
#8547),(#8548,#8549),(#8550,#8551)),.SURF_OF_LINEAR_EXTRUSION.,.F.,.F.,
 .F.,(4,1,4),(2,2),(16.2903611770338,16.6307565543322,16.9711519316306),
(0.,1.),.UNSPECIFIED.);
#640=B_SPLINE_SURFACE_WITH_KNOTS('',3,1,((#8564,#8565),(#8566,#8567),(#8568,
#8569),(#8570,#8571),(#8572,#8573)),.SURF_OF_LINEAR_EXTRUSION.,.F.,.F.,
 .F.,(4,1,4),(2,2),(14.9037666788142,15.2441623583938,15.5845580379735),
(0.,1.),.UNSPECIFIED.);
#641=B_SPLINE_SURFACE_WITH_KNOTS('',3,3,((#8604,#8605,#8606,#8607,#8608,
#8609,#8610,#8611,#8612,#8613,#8614,#8615),(#8616,#8617,#8618,#8619,#8620,
#8621,#8622,#8623,#8624,#8625,#8626,#8627),(#8628,#8629,#8630,#8631,#8632,
#8633,#8634,#8635,#8636,#8637,#8638,#8639),(#8640,#8641,#8642,#8643,#8644,
#8645,#8646,#8647,#8648,#8649,#8650,#8651),(#8652,#8653,#8654,#8655,#8656,
#8657,#8658,#8659,#8660,#8661,#8662,#8663),(#8664,#8665,#8666,#8667,#8668,
#8669,#8670,#8671,#8672,#8673,#8674,#8675),(#8676,#8677,#8678,#8679,#8680,
#8681,#8682,#8683,#8684,#8685,#8686,#8687),(#8688,#8689,#8690,#8691,#8692,
#8693,#8694,#8695,#8696,#8697,#8698,#8699),(#8700,#8701,#8702,#8703,#8704,
#8705,#8706,#8707,#8708,#8709,#8710,#8711),(#8712,#8713,#8714,#8715,#8716,
#8717,#8718,#8719,#8720,#8721,#8722,#8723)),.UNSPECIFIED.,.F.,.F.,.F.,(4,
1,1,1,1,1,1,4),(4,1,1,1,1,1,1,1,1,4),(9.9531708596629,10.090189986349,11.0611555260655,
12.032121065782,13.0030866054985,13.974052145215,14.9450176849315,15.7957344388898),
(65.3563249810987,70.4615156140082,77.8100606512246,85.158605688441,92.5071507256574,
96.1814232442656,99.8556957628738,103.529968281482,107.20424080009,109.381275219904),
 .UNSPECIFIED.);
#642=B_SPLINE_SURFACE_WITH_KNOTS('',3,3,((#8728,#8729,#8730,#8731,#8732,
#8733,#8734,#8735,#8736,#8737),(#8738,#8739,#8740,#8741,#8742,#8743,#8744,
#8745,#8746,#8747),(#8748,#8749,#8750,#8751,#8752,#8753,#8754,#8755,#8756,
#8757),(#8758,#8759,#8760,#8761,#8762,#8763,#8764,#8765,#8766,#8767),(#8768,
#8769,#8770,#8771,#8772,#8773,#8774,#8775,#8776,#8777),(#8778,#8779,#8780,
#8781,#8782,#8783,#8784,#8785,#8786,#8787),(#8788,#8789,#8790,#8791,#8792,
#8793,#8794,#8795,#8796,#8797),(#8798,#8799,#8800,#8801,#8802,#8803,#8804,
#8805,#8806,#8807),(#8808,#8809,#8810,#8811,#8812,#8813,#8814,#8815,#8816,
#8817),(#8818,#8819,#8820,#8821,#8822,#8823,#8824,#8825,#8826,#8827),(#8828,
#8829,#8830,#8831,#8832,#8833,#8834,#8835,#8836,#8837),(#8838,#8839,#8840,
#8841,#8842,#8843,#8844,#8845,#8846,#8847),(#8848,#8849,#8850,#8851,#8852,
#8853,#8854,#8855,#8856,#8857),(#8858,#8859,#8860,#8861,#8862,#8863,#8864,
#8865,#8866,#8867),(#8868,#8869,#8870,#8871,#8872,#8873,#8874,#8875,#8876,
#8877),(#8878,#8879,#8880,#8881,#8882,#8883,#8884,#8885,#8886,#8887),(#8888,
#8889,#8890,#8891,#8892,#8893,#8894,#8895,#8896,#8897),(#8898,#8899,#8900,
#8901,#8902,#8903,#8904,#8905,#8906,#8907),(#8908,#8909,#8910,#8911,#8912,
#8913,#8914,#8915,#8916,#8917),(#8918,#8919,#8920,#8921,#8922,#8923,#8924,
#8925,#8926,#8927),(#8928,#8929,#8930,#8931,#8932,#8933,#8934,#8935,#8936,
#8937),(#8938,#8939,#8940,#8941,#8942,#8943,#8944,#8945,#8946,#8947),(#8948,
#8949,#8950,#8951,#8952,#8953,#8954,#8955,#8956,#8957),(#8958,#8959,#8960,
#8961,#8962,#8963,#8964,#8965,#8966,#8967),(#8968,#8969,#8970,#8971,#8972,
#8973,#8974,#8975,#8976,#8977),(#8978,#8979,#8980,#8981,#8982,#8983,#8984,
#8985,#8986,#8987),(#8988,#8989,#8990,#8991,#8992,#8993,#8994,#8995,#8996,
#8997),(#8998,#8999,#9000,#9001,#9002,#9003,#9004,#9005,#9006,#9007),(#9008,
#9009,#9010,#9011,#9012,#9013,#9014,#9015,#9016,#9017),(#9018,#9019,#9020,
#9021,#9022,#9023,#9024,#9025,#9026,#9027),(#9028,#9029,#9030,#9031,#9032,
#9033,#9034,#9035,#9036,#9037),(#9038,#9039,#9040,#9041,#9042,#9043,#9044,
#9045,#9046,#9047),(#9048,#9049,#9050,#9051,#9052,#9053,#9054,#9055,#9056,
#9057),(#9058,#9059,#9060,#9061,#9062,#9063,#9064,#9065,#9066,#9067),(#9068,
#9069,#9070,#9071,#9072,#9073,#9074,#9075,#9076,#9077),(#9078,#9079,#9080,
#9081,#9082,#9083,#9084,#9085,#9086,#9087),(#9088,#9089,#9090,#9091,#9092,
#9093,#9094,#9095,#9096,#9097),(#9098,#9099,#9100,#9101,#9102,#9103,#9104,
#9105,#9106,#9107),(#9108,#9109,#9110,#9111,#9112,#9113,#9114,#9115,#9116,
#9117),(#9118,#9119,#9120,#9121,#9122,#9123,#9124,#9125,#9126,#9127),(#9128,
#9129,#9130,#9131,#9132,#9133,#9134,#9135,#9136,#9137),(#9138,#9139,#9140,
#9141,#9142,#9143,#9144,#9145,#9146,#9147),(#9148,#9149,#9150,#9151,#9152,
#9153,#9154,#9155,#9156,#9157),(#9158,#9159,#9160,#9161,#9162,#9163,#9164,
#9165,#9166,#9167),(#9168,#9169,#9170,#9171,#9172,#9173,#9174,#9175,#9176,
#9177),(#9178,#9179,#9180,#9181,#9182,#9183,#9184,#9185,#9186,#9187),(#9188,
#9189,#9190,#9191,#9192,#9193,#9194,#9195,#9196,#9197),(#9198,#9199,#9200,
#9201,#9202,#9203,#9204,#9205,#9206,#9207),(#9208,#9209,#9210,#9211,#9212,
#9213,#9214,#9215,#9216,#9217),(#9218,#9219,#9220,#9221,#9222,#9223,#9224,
#9225,#9226,#9227),(#9228,#9229,#9230,#9231,#9232,#9233,#9234,#9235,#9236,
#9237),(#9238,#9239,#9240,#9241,#9242,#9243,#9244,#9245,#9246,#9247),(#9248,
#9249,#9250,#9251,#9252,#9253,#9254,#9255,#9256,#9257),(#9258,#9259,#9260,
#9261,#9262,#9263,#9264,#9265,#9266,#9267),(#9268,#9269,#9270,#9271,#9272,
#9273,#9274,#9275,#9276,#9277),(#9278,#9279,#9280,#9281,#9282,#9283,#9284,
#9285,#9286,#9287),(#9288,#9289,#9290,#9291,#9292,#9293,#9294,#9295,#9296,
#9297),(#9298,#9299,#9300,#9301,#9302,#9303,#9304,#9305,#9306,#9307),(#9308,
#9309,#9310,#9311,#9312,#9313,#9314,#9315,#9316,#9317),(#9318,#9319,#9320,
#9321,#9322,#9323,#9324,#9325,#9326,#9327),(#9328,#9329,#9330,#9331,#9332,
#9333,#9334,#9335,#9336,#9337),(#9338,#9339,#9340,#9341,#9342,#9343,#9344,
#9345,#9346,#9347),(#9348,#9349,#9350,#9351,#9352,#9353,#9354,#9355,#9356,
#9357),(#9358,#9359,#9360,#9361,#9362,#9363,#9364,#9365,#9366,#9367),(#9368,
#9369,#9370,#9371,#9372,#9373,#9374,#9375,#9376,#9377),(#9378,#9379,#9380,
#9381,#9382,#9383,#9384,#9385,#9386,#9387),(#9388,#9389,#9390,#9391,#9392,
#9393,#9394,#9395,#9396,#9397),(#9398,#9399,#9400,#9401,#9402,#9403,#9404,
#9405,#9406,#9407),(#9408,#9409,#9410,#9411,#9412,#9413,#9414,#9415,#9416,
#9417),(#9418,#9419,#9420,#9421,#9422,#9423,#9424,#9425,#9426,#9427),(#9428,
#9429,#9430,#9431,#9432,#9433,#9434,#9435,#9436,#9437),(#9438,#9439,#9440,
#9441,#9442,#9443,#9444,#9445,#9446,#9447),(#9448,#9449,#9450,#9451,#9452,
#9453,#9454,#9455,#9456,#9457),(#9458,#9459,#9460,#9461,#9462,#9463,#9464,
#9465,#9466,#9467),(#9468,#9469,#9470,#9471,#9472,#9473,#9474,#9475,#9476,
#9477)),.UNSPECIFIED.,.F.,.F.,.F.,(4,1,2,1,2,1,2,1,2,1,2,1,1,2,1,1,2,1,
1,2,1,2,1,2,1,1,2,1,2,1,2,1,1,2,1,1,2,1,1,2,1,2,1,2,1,1,2,1,2,3,4),(4,3,
3,4),(12.5873547476661,13.5282078396134,14.0963177531489,14.238093167185,
15.5140718935095,19.9192334263475,20.4086958188851,20.751326984622,23.8350074762539,
27.6200889793775,28.0406535908357,28.1609962532738,29.1357718190224,29.2440802152167,
29.3644223675292,30.33919380126,30.4475017383412,30.5550731045028,31.4264011704117,
31.5232153999571,31.58753190165,32.166380416886,32.5557998990112,32.5990687303584,
32.7237633862937,33.7337900993692,33.8460152897109,33.9180561915951,34.5664243085531,
34.7986994705111,34.8245078218398,34.8791672671783,35.3219087744201,35.3711022752247,
35.381253925764,35.4726187806175,35.4838983923278,35.5272551511274,35.8784448974046,
35.9174659803243,35.992701615921,36.6698223362917,37.2697469335504,37.3364052221347,
37.3530373121108,37.4877572409168,37.5027261218953,37.5769739512504,38.2452044154461,
38.6788788508501,38.8346999981707),(-0.104783067451137,0.,17.1502111314408,
17.2535832625767),.UNSPECIFIED.);
#643=B_SPLINE_SURFACE_WITH_KNOTS('',3,3,((#9489,#9490,#9491,#9492,#9493,
#9494,#9495),(#9496,#9497,#9498,#9499,#9500,#9501,#9502),(#9503,#9504,#9505,
#9506,#9507,#9508,#9509),(#9510,#9511,#9512,#9513,#9514,#9515,#9516),(#9517,
#9518,#9519,#9520,#9521,#9522,#9523),(#9524,#9525,#9526,#9527,#9528,#9529,
#9530),(#9531,#9532,#9533,#9534,#9535,#9536,#9537),(#9538,#9539,#9540,#9541,
#9542,#9543,#9544),(#9545,#9546,#9547,#9548,#9549,#9550,#9551),(#9552,#9553,
#9554,#9555,#9556,#9557,#9558),(#9559,#9560,#9561,#9562,#9563,#9564,#9565)),
 .UNSPECIFIED.,.F.,.F.,.F.,(4,3,2,2,4),(4,3,4),(-0.101007918595114,0.,8.41732655548663,
12.6259898332299,16.8346531109733),(-17.2537628081788,-17.1502111314408,
0.),.UNSPECIFIED.);
#644=B_SPLINE_SURFACE_WITH_KNOTS('',3,3,((#9579,#9580,#9581,#9582,#9583,
#9584,#9585,#9586,#9587,#9588),(#9589,#9590,#9591,#9592,#9593,#9594,#9595,
#9596,#9597,#9598),(#9599,#9600,#9601,#9602,#9603,#9604,#9605,#9606,#9607,
#9608),(#9609,#9610,#9611,#9612,#9613,#9614,#9615,#9616,#9617,#9618),(#9619,
#9620,#9621,#9622,#9623,#9624,#9625,#9626,#9627,#9628),(#9629,#9630,#9631,
#9632,#9633,#9634,#9635,#9636,#9637,#9638),(#9639,#9640,#9641,#9642,#9643,
#9644,#9645,#9646,#9647,#9648),(#9649,#9650,#9651,#9652,#9653,#9654,#9655,
#9656,#9657,#9658),(#9659,#9660,#9661,#9662,#9663,#9664,#9665,#9666,#9667,
#9668),(#9669,#9670,#9671,#9672,#9673,#9674,#9675,#9676,#9677,#9678),(#9679,
#9680,#9681,#9682,#9683,#9684,#9685,#9686,#9687,#9688),(#9689,#9690,#9691,
#9692,#9693,#9694,#9695,#9696,#9697,#9698),(#9699,#9700,#9701,#9702,#9703,
#9704,#9705,#9706,#9707,#9708),(#9709,#9710,#9711,#9712,#9713,#9714,#9715,
#9716,#9717,#9718),(#9719,#9720,#9721,#9722,#9723,#9724,#9725,#9726,#9727,
#9728),(#9729,#9730,#9731,#9732,#9733,#9734,#9735,#9736,#9737,#9738)),
 .UNSPECIFIED.,.F.,.F.,.F.,(4,2,2,2,2,2,2,4),(4,2,2,2,4),(-9.82490843924417,
-8.53605149794157,-7.24719455663896,-4.66948067403375,-3.38062373273115,
-2.09176679142854,-0.802909850125938,0.485947091176667),(-8.6615149661507,
-6.48018330097514,-4.29885163579958,-2.11751997062402,0.0638116945515378),
 .UNSPECIFIED.);
#645=B_SPLINE_SURFACE_WITH_KNOTS('',3,3,((#9760,#9761,#9762,#9763,#9764,
#9765,#9766,#9767),(#9768,#9769,#9770,#9771,#9772,#9773,#9774,#9775),(#9776,
#9777,#9778,#9779,#9780,#9781,#9782,#9783),(#9784,#9785,#9786,#9787,#9788,
#9789,#9790,#9791),(#9792,#9793,#9794,#9795,#9796,#9797,#9798,#9799),(#9800,
#9801,#9802,#9803,#9804,#9805,#9806,#9807),(#9808,#9809,#9810,#9811,#9812,
#9813,#9814,#9815),(#9816,#9817,#9818,#9819,#9820,#9821,#9822,#9823),(#9824,
#9825,#9826,#9827,#9828,#9829,#9830,#9831),(#9832,#9833,#9834,#9835,#9836,
#9837,#9838,#9839)),.UNSPECIFIED.,.F.,.F.,.F.,(4,2,2,2,4),(4,2,2,4),(-0.275744651588818,
2.16658615428654,4.71813840714347,7.2696906600004,9.82124291285732),(-9.15234202165979,
-4.55176932586524,-2.25148297796797,0.0488033699293107),.UNSPECIFIED.);
#646=B_SPLINE_SURFACE_WITH_KNOTS('',3,1,((#9840,#9841,#9842,#9843,#9844),
(#9845,#9846,#9847,#9848,#9849),(#9850,#9851,#9852,#9853,#9854),(#9855,
#9856,#9857,#9858,#9859),(#9860,#9861,#9862,#9863,#9864),(#9865,#9866,#9867,
#9868,#9869),(#9870,#9871,#9872,#9873,#9874),(#9875,#9876,#9877,#9878,#9879),
(#9880,#9881,#9882,#9883,#9884),(#9885,#9886,#9887,#9888,#9889),(#9890,
#9891,#9892,#9893,#9894),(#9895,#9896,#9897,#9898,#9899),(#9900,#9901,#9902,
#9903,#9904),(#9905,#9906,#9907,#9908,#9909),(#9910,#9911,#9912,#9913,#9914),
(#9915,#9916,#9917,#9918,#9919)),.UNSPECIFIED.,.F.,.F.,.F.,(4,3,2,2,2,3,
4),(2,1,1,1,2),(-0.0973655525217673,0.,4.05686720465912,8.11373440931824,
12.1706016139774,16.2274688186365,16.3248452568609),(-19.1203788583126,
-19.0063327264442,-4.07271434152628,-0.000219750114701574,0.114396060067183),
 .UNSPECIFIED.);
#647=B_SPLINE_SURFACE_WITH_KNOTS('',3,3,((#9954,#9955,#9956,#9957,#9958,
#9959,#9960),(#9961,#9962,#9963,#9964,#9965,#9966,#9967),(#9968,#9969,#9970,
#9971,#9972,#9973,#9974),(#9975,#9976,#9977,#9978,#9979,#9980,#9981),(#9982,
#9983,#9984,#9985,#9986,#9987,#9988),(#9989,#9990,#9991,#9992,#9993,#9994,
#9995),(#9996,#9997,#9998,#9999,#10000,#10001,#10002),(#10003,#10004,#10005,
#10006,#10007,#10008,#10009),(#10010,#10011,#10012,#10013,#10014,#10015,
#10016),(#10017,#10018,#10019,#10020,#10021,#10022,#10023)),
 .UNSPECIFIED.,.F.,.F.,.F.,(4,3,3,4),(4,3,4),(-2.05302450016584,-2.03249628766047,
-7.21644966006352E-15,0.0203249628765974),(-7.20663064308139,35.5523277789462,
35.9799173631665),.PIECEWISE_BEZIER_KNOTS.);
#648=B_SPLINE_SURFACE_WITH_KNOTS('',3,3,((#10095,#10096,#10097,#10098),
(#10099,#10100,#10101,#10102),(#10103,#10104,#10105,#10106),(#10107,#10108,
#10109,#10110),(#10111,#10112,#10113,#10114),(#10115,#10116,#10117,#10118)),
 .UNSPECIFIED.,.F.,.F.,.F.,(4,2,4),(4,4),(17.1950827094259,22.6869059943576,
28.1787269740435),(-19.0063529958337,0.),.UNSPECIFIED.);
#649=B_SPLINE_SURFACE_WITH_KNOTS('',3,3,((#10125,#10126,#10127,#10128),
(#10129,#10130,#10131,#10132),(#10133,#10134,#10135,#10136),(#10137,#10138,
#10139,#10140),(#10141,#10142,#10143,#10144),(#10145,#10146,#10147,#10148)),
 .UNSPECIFIED.,.F.,.F.,.F.,(4,2,4),(4,4),(-0.103561245385058,8.57832096691817,
17.2602031792214),(-19.1203708350895,0.),.UNSPECIFIED.);
#650=B_SPLINE_SURFACE_WITH_KNOTS('',3,3,((#10170,#10171,#10172,#10173),
(#10174,#10175,#10176,#10177),(#10178,#10179,#10180,#10181),(#10182,#10183,
#10184,#10185)),.UNSPECIFIED.,.F.,.F.,.F.,(4,4),(4,4),(-1.18571941996404,
0.225716311706713),(-2.48677651281684,0.),.PIECEWISE_BEZIER_KNOTS.);
#651=B_SPLINE_SURFACE_WITH_KNOTS('',3,1,((#10197,#10198,#10199),(#10200,
#10201,#10202),(#10203,#10204,#10205),(#10206,#10207,#10208),(#10209,#10210,
#10211),(#10212,#10213,#10214),(#10215,#10216,#10217),(#10218,#10219,#10220),
(#10221,#10222,#10223),(#10224,#10225,#10226),(#10227,#10228,#10229),(#10230,
#10231,#10232),(#10233,#10234,#10235),(#10236,#10237,#10238),(#10239,#10240,
#10241),(#10242,#10243,#10244),(#10245,#10246,#10247),(#10248,#10249,#10250),
(#10251,#10252,#10253),(#10254,#10255,#10256),(#10257,#10258,#10259),(#10260,
#10261,#10262),(#10263,#10264,#10265),(#10266,#10267,#10268),(#10269,#10270,
#10271),(#10272,#10273,#10274),(#10275,#10276,#10277)),.UNSPECIFIED.,.F.,
 .F.,.F.,(4,1,2,1,1,2,1,1,2,1,1,2,1,1,2,1,3,4),(2,1,2),(14.3583241542888,
16.9198491837048,17.2299889854428,17.8043219516242,22.4564189776937,22.973318647257,
23.2604851303477,25.5865336433824,25.8449834781641,26.1321499612548,28.4581984742897,
28.7166483090713,29.2909812752527,33.9430783013222,34.4599779708855,34.7471444539762,
37.3316428017926,37.4695806464814),(0.934437681060592,1.03761586606628,
18.2205884834375),.UNSPECIFIED.);
#652=B_SPLINE_SURFACE_WITH_KNOTS('',3,3,((#10319,#10320,#10321,#10322),
(#10323,#10324,#10325,#10326),(#10327,#10328,#10329,#10330),(#10331,#10332,
#10333,#10334)),.RULED_SURF.,.F.,.F.,.F.,(4,4),(4,4),(0.,4.40460797945123),
(0.,1.21197254543658),.PIECEWISE_BEZIER_KNOTS.);
#653=B_SPLINE_SURFACE_WITH_KNOTS('',3,3,((#10339,#10340,#10341,#10342,#10343,
#10344,#10345,#10346,#10347,#10348,#10349,#10350,#10351,#10352,#10353,#10354,
#10355),(#10356,#10357,#10358,#10359,#10360,#10361,#10362,#10363,#10364,
#10365,#10366,#10367,#10368,#10369,#10370,#10371,#10372),(#10373,#10374,
#10375,#10376,#10377,#10378,#10379,#10380,#10381,#10382,#10383,#10384,#10385,
#10386,#10387,#10388,#10389),(#10390,#10391,#10392,#10393,#10394,#10395,
#10396,#10397,#10398,#10399,#10400,#10401,#10402,#10403,#10404,#10405,#10406),
(#10407,#10408,#10409,#10410,#10411,#10412,#10413,#10414,#10415,#10416,
#10417,#10418,#10419,#10420,#10421,#10422,#10423),(#10424,#10425,#10426,
#10427,#10428,#10429,#10430,#10431,#10432,#10433,#10434,#10435,#10436,#10437,
#10438,#10439,#10440),(#10441,#10442,#10443,#10444,#10445,#10446,#10447,
#10448,#10449,#10450,#10451,#10452,#10453,#10454,#10455,#10456,#10457)),
 .UNSPECIFIED.,.F.,.F.,.F.,(4,3,4),(4,3,2,2,2,2,2,4),(-19.9782283381859,
0.,0.199782283381859),(-0.315790930350083,0.,7.89477325875207,11.8421598881281,
15.7895465175041,19.7369331468802,23.6843197762562,31.5790930350083),
 .UNSPECIFIED.);
#654=B_SPLINE_SURFACE_WITH_KNOTS('',3,3,((#10465,#10466,#10467,#10468,#10469,
#10470,#10471),(#10472,#10473,#10474,#10475,#10476,#10477,#10478),(#10479,
#10480,#10481,#10482,#10483,#10484,#10485),(#10486,#10487,#10488,#10489,
#10490,#10491,#10492),(#10493,#10494,#10495,#10496,#10497,#10498,#10499),
(#10500,#10501,#10502,#10503,#10504,#10505,#10506),(#10507,#10508,#10509,
#10510,#10511,#10512,#10513)),.UNSPECIFIED.,.F.,.F.,.F.,(4,3,4),(4,3,4),
(0.,14.3581137322886,14.4442983353931),(-19.2946529964649,0.,0.117663374451306),
 .PIECEWISE_BEZIER_KNOTS.);
#655=B_SPLINE_SURFACE_WITH_KNOTS('',3,1,((#10517,#10518),(#10519,#10520),
(#10521,#10522),(#10523,#10524)),.SURF_OF_LINEAR_EXTRUSION.,.F.,.F.,.F.,
(4,4),(2,2),(-4.67165691502869E-8,0.996394552698452),(0.,1.),
 .PIECEWISE_BEZIER_KNOTS.);
#656=B_SPLINE_SURFACE_WITH_KNOTS('',3,1,((#10529,#10530,#10531),(#10532,
#10533,#10534),(#10535,#10536,#10537),(#10538,#10539,#10540),(#10541,#10542,
#10543),(#10544,#10545,#10546),(#10547,#10548,#10549),(#10550,#10551,#10552),
(#10553,#10554,#10555),(#10556,#10557,#10558),(#10559,#10560,#10561),(#10562,
#10563,#10564),(#10565,#10566,#10567),(#10568,#10569,#10570),(#10571,#10572,
#10573)),.UNSPECIFIED.,.F.,.F.,.F.,(4,1,2,1,1,2,1,3,4),(2,1,2),(-0.0689460619765952,
2.57301168849279,2.87166483090713,3.15883131399784,5.48487982703261,5.74332966181425,
6.31766262799567,11.4866593236285,11.5555824788755),(1.12298977817845,1.22640945261861,
18.2594585820457),.UNSPECIFIED.);
#657=B_SPLINE_SURFACE_WITH_KNOTS('',3,1,((#10576,#10577,#10578),(#10579,
#10580,#10581),(#10582,#10583,#10584),(#10585,#10586,#10587),(#10588,#10589,
#10590),(#10591,#10592,#10593),(#10594,#10595,#10596)),.UNSPECIFIED.,.F.,
 .F.,.F.,(4,3,4),(2,1,2),(11.4866593236285,14.3583241545356,14.3755837148136),
(1.110544115442,1.21387275007609,18.2321084030996),
 .PIECEWISE_BEZIER_KNOTS.);
#658=B_SPLINE_SURFACE_WITH_KNOTS('',3,1,((#10637,#10638),(#10639,#10640),
(#10641,#10642),(#10643,#10644),(#10645,#10646),(#10647,#10648),(#10649,
#10650),(#10651,#10652),(#10653,#10654),(#10655,#10656),(#10657,#10658),
(#10659,#10660),(#10661,#10662),(#10663,#10664),(#10665,#10666),(#10667,
#10668),(#10669,#10670),(#10671,#10672),(#10673,#10674),(#10675,#10676),
(#10677,#10678),(#10679,#10680),(#10681,#10682),(#10683,#10684),(#10685,
#10686),(#10687,#10688),(#10689,#10690),(#10691,#10692),(#10693,#10694),
(#10695,#10696),(#10697,#10698)),.RULED_SURF.,.F.,.F.,.F.,(4,3,1,2,1,1,
2,1,1,2,1,1,2,1,1,2,1,1,2,1,4),(2,2),(42.9289489345403,43.1503535556664,
53.1197174030088,54.2274244971579,55.3351315913071,64.3075590539152,65.3044954386494,
65.858348985724,70.344562717028,70.8430309093951,71.1199576829324,73.3630645485845,
73.612298644768,73.8892254183053,76.1323322839573,76.3815663801409,76.6584931536782,
78.9016000193303,79.1508341155138,79.2767343410627,80.2608666918874),(-18.2603338311791,
-1.14806776277375),.UNSPECIFIED.);
#659=B_SPLINE_SURFACE_WITH_KNOTS('',3,1,((#10714,#10715),(#10716,#10717),
(#10718,#10719),(#10720,#10721)),.RULED_SURF.,.F.,.F.,.F.,(4,4),(2,2),(79.9773448755288,
80.4324995787121),(-18.2538049490009,-1.14965918830239),.UNSPECIFIED.);
#660=B_SPLINE_SURFACE_WITH_KNOTS('',3,3,((#10729,#10730,#10731,#10732,#10733,
#10734,#10735),(#10736,#10737,#10738,#10739,#10740,#10741,#10742),(#10743,
#10744,#10745,#10746,#10747,#10748,#10749),(#10750,#10751,#10752,#10753,
#10754,#10755,#10756),(#10757,#10758,#10759,#10760,#10761,#10762,#10763),
(#10764,#10765,#10766,#10767,#10768,#10769,#10770),(#10771,#10772,#10773,
#10774,#10775,#10776,#10777),(#10778,#10779,#10780,#10781,#10782,#10783,
#10784),(#10785,#10786,#10787,#10788,#10789,#10790,#10791),(#10792,#10793,
#10794,#10795,#10796,#10797,#10798),(#10799,#10800,#10801,#10802,#10803,
#10804,#10805),(#10806,#10807,#10808,#10809,#10810,#10811,#10812),(#10813,
#10814,#10815,#10816,#10817,#10818,#10819),(#10820,#10821,#10822,#10823,
#10824,#10825,#10826),(#10827,#10828,#10829,#10830,#10831,#10832,#10833),
(#10834,#10835,#10836,#10837,#10838,#10839,#10840),(#10841,#10842,#10843,
#10844,#10845,#10846,#10847),(#10848,#10849,#10850,#10851,#10852,#10853,
#10854),(#10855,#10856,#10857,#10858,#10859,#10860,#10861)),
 .UNSPECIFIED.,.F.,.F.,.F.,(4,3,1,2,1,1,2,1,1,2,1,4),(4,3,4),(-0.0419459779452097,
0.,1.00836222192553,1.12040246880614,1.41796451262205,3.82821706753091,
4.09602290696523,4.36167184623248,6.51342825429726,6.75251229963779,6.7758836192305,
6.98622549556489),(-0.117293780146354,0.,19.2946521026283),
 .UNSPECIFIED.);
#661=B_SPLINE_SURFACE_WITH_KNOTS('',3,3,((#10868,#10869,#10870,#10871,#10872),
(#10873,#10874,#10875,#10876,#10877),(#10878,#10879,#10880,#10881,#10882),
(#10883,#10884,#10885,#10886,#10887)),.UNSPECIFIED.,.F.,.F.,.F.,(4,4),(4,
1,4),(38.89406772453,59.2406266067608),(76.409745662276,90.0687424745266,
90.504932967537),.UNSPECIFIED.);
#662=B_SPLINE_SURFACE_WITH_KNOTS('',3,3,((#10910,#10911,#10912,#10913,#10914,
#10915,#10916,#10917,#10918,#10919),(#10920,#10921,#10922,#10923,#10924,
#10925,#10926,#10927,#10928,#10929),(#10930,#10931,#10932,#10933,#10934,
#10935,#10936,#10937,#10938,#10939),(#10940,#10941,#10942,#10943,#10944,
#10945,#10946,#10947,#10948,#10949),(#10950,#10951,#10952,#10953,#10954,
#10955,#10956,#10957,#10958,#10959),(#10960,#10961,#10962,#10963,#10964,
#10965,#10966,#10967,#10968,#10969),(#10970,#10971,#10972,#10973,#10974,
#10975,#10976,#10977,#10978,#10979)),.UNSPECIFIED.,.F.,.F.,.F.,(4,3,4),
(4,3,3,4),(-0.0292781317487772,0.,2.92781317487772),(-0.0224389621697002,
0.,2.24389621697002,2.26655956876142),.PIECEWISE_BEZIER_KNOTS.);
#663=B_SPLINE_SURFACE_WITH_KNOTS('',1,3,((#10987,#10988,#10989,#10990,#10991,
#10992,#10993,#10994,#10995,#10996,#10997,#10998,#10999,#11000,#11001,#11002,
#11003,#11004,#11005,#11006,#11007,#11008,#11009,#11010,#11011,#11012,#11013,
#11014,#11015,#11016,#11017,#11018,#11019,#11020,#11021),(#11022,#11023,
#11024,#11025,#11026,#11027,#11028,#11029,#11030,#11031,#11032,#11033,#11034,
#11035,#11036,#11037,#11038,#11039,#11040,#11041,#11042,#11043,#11044,#11045,
#11046,#11047,#11048,#11049,#11050,#11051,#11052,#11053,#11054,#11055,#11056),
(#11057,#11058,#11059,#11060,#11061,#11062,#11063,#11064,#11065,#11066,
#11067,#11068,#11069,#11070,#11071,#11072,#11073,#11074,#11075,#11076,#11077,
#11078,#11079,#11080,#11081,#11082,#11083,#11084,#11085,#11086,#11087,#11088,
#11089,#11090,#11091)),.UNSPECIFIED.,.F.,.F.,.F.,(2,1,2),(4,3,1,2,1,1,2,
1,1,2,1,1,2,1,1,2,1,1,2,1,1,2,1,4),(4.59817123006315,4.63693567630816,11.0536893537134),
(-7.58773322353853,-7.54164059262575,-7.24935913987319,-7.21688342290068,
-7.20569891782774,-7.11510442673691,-7.10503837217126,-6.97164178463669,
-5.89112942560666,-5.77107249682555,-5.76419472981794,-5.70848481705628,
-5.70229482674943,-5.42030494060909,-3.13618686287233,-2.88239596534603,
-2.88076737688824,-2.86757581038014,-2.86611008076813,-2.71025221324061,
-1.44780348626763,-1.30753140549286,-1.17679713774615,-0.000188728025723788),
 .UNSPECIFIED.);
#664=B_SPLINE_SURFACE_WITH_KNOTS('',3,3,((#11112,#11113,#11114,#11115),
(#11116,#11117,#11118,#11119),(#11120,#11121,#11122,#11123),(#11124,#11125,
#11126,#11127),(#11128,#11129,#11130,#11131),(#11132,#11133,#11134,#11135),
(#11136,#11137,#11138,#11139),(#11140,#11141,#11142,#11143),(#11144,#11145,
#11146,#11147),(#11148,#11149,#11150,#11151),(#11152,#11153,#11154,#11155),
(#11156,#11157,#11158,#11159),(#11160,#11161,#11162,#11163)),
 .UNSPECIFIED.,.F.,.F.,.F.,(4,2,2,2,3,4),(4,4),(0.,3.30366815319079,6.60733630638157,
9.91100445957236,13.2146726127631,13.2939611439453),(0.,1.1090087032451),
 .UNSPECIFIED.);
#665=B_SPLINE_SURFACE_WITH_KNOTS('',3,3,((#11168,#11169,#11170,#11171),
(#11172,#11173,#11174,#11175),(#11176,#11177,#11178,#11179),(#11180,#11181,
#11182,#11183),(#11184,#11185,#11186,#11187),(#11188,#11189,#11190,#11191),
(#11192,#11193,#11194,#11195)),.UNSPECIFIED.,.F.,.F.,.F.,(4,3,4),(4,4),
(0.,2.44019331956754,2.48664588814254),(-1.1090087032451,0.),
 .PIECEWISE_BEZIER_KNOTS.);
#666=B_SPLINE_SURFACE_WITH_KNOTS('',3,1,((#11270,#11271),(#11272,#11273),
(#11274,#11275),(#11276,#11277),(#11278,#11279),(#11280,#11281),(#11282,
#11283),(#11284,#11285),(#11286,#11287),(#11288,#11289),(#11290,#11291),
(#11292,#11293),(#11294,#11295)),.SURF_OF_LINEAR_EXTRUSION.,.F.,.F.,.F.,
(4,1,1,1,1,1,1,1,1,1,4),(2,2),(0.115514346459248,0.212209559439103,0.260557165929031,
0.308904772418959,0.405599985398814,0.502295198378669,0.598990411358524,
0.695685624338379,0.744033230828306,0.792380837318234,0.889076050298089),
(0.,1.),.UNSPECIFIED.);
#667=B_SPLINE_SURFACE_WITH_KNOTS('',1,3,((#11338,#11339,#11340,#11341),
(#11342,#11343,#11344,#11345),(#11346,#11347,#11348,#11349)),
 .UNSPECIFIED.,.F.,.F.,.F.,(2,1,2),(4,4),(-23.4474210351808,-1.00034331070762,
-0.765333673402531),(26.5776208709932,43.1503535556664),.UNSPECIFIED.);
#668=B_SPLINE_SURFACE_WITH_KNOTS('',3,3,((#11350,#11351,#11352,#11353,#11354,
#11355,#11356,#11357,#11358,#11359,#11360,#11361,#11362),(#11363,#11364,
#11365,#11366,#11367,#11368,#11369,#11370,#11371,#11372,#11373,#11374,#11375),
(#11376,#11377,#11378,#11379,#11380,#11381,#11382,#11383,#11384,#11385,
#11386,#11387,#11388),(#11389,#11390,#11391,#11392,#11393,#11394,#11395,
#11396,#11397,#11398,#11399,#11400,#11401)),.UNSPECIFIED.,.F.,.F.,.F.,(4,
4),(4,3,1,1,1,1,1,1,4),(0.00409757286888782,0.978265484655767),(-0.00231054940682671,
0.,0.0556226187619464,0.111646626143277,0.168071756669032,0.224648893987004,
0.281299043536458,0.337958025796136,0.387287684846301),.UNSPECIFIED.);
#669=B_SPLINE_SURFACE_WITH_KNOTS('',3,3,((#11402,#11403,#11404,#11405,#11406),
(#11407,#11408,#11409,#11410,#11411),(#11412,#11413,#11414,#11415,#11416),
(#11417,#11418,#11419,#11420,#11421)),.UNSPECIFIED.,.F.,.F.,.F.,(4,4),(4,
1,4),(27.991917888517,43.2378750265029),(-19.7419137788663,-12.7508251686889,
-1.03714054621833),.UNSPECIFIED.);
#670=B_SPLINE_SURFACE_WITH_KNOTS('',3,3,((#11422,#11423,#11424,#11425,#11426,
#11427,#11428,#11429,#11430,#11431),(#11432,#11433,#11434,#11435,#11436,
#11437,#11438,#11439,#11440,#11441),(#11442,#11443,#11444,#11445,#11446,
#11447,#11448,#11449,#11450,#11451),(#11452,#11453,#11454,#11455,#11456,
#11457,#11458,#11459,#11460,#11461),(#11462,#11463,#11464,#11465,#11466,
#11467,#11468,#11469,#11470,#11471),(#11472,#11473,#11474,#11475,#11476,
#11477,#11478,#11479,#11480,#11481),(#11482,#11483,#11484,#11485,#11486,
#11487,#11488,#11489,#11490,#11491),(#11492,#11493,#11494,#11495,#11496,
#11497,#11498,#11499,#11500,#11501),(#11502,#11503,#11504,#11505,#11506,
#11507,#11508,#11509,#11510,#11511),(#11512,#11513,#11514,#11515,#11516,
#11517,#11518,#11519,#11520,#11521),(#11522,#11523,#11524,#11525,#11526,
#11527,#11528,#11529,#11530,#11531),(#11532,#11533,#11534,#11535,#11536,
#11537,#11538,#11539,#11540,#11541),(#11542,#11543,#11544,#11545,#11546,
#11547,#11548,#11549,#11550,#11551),(#11552,#11553,#11554,#11555,#11556,
#11557,#11558,#11559,#11560,#11561),(#11562,#11563,#11564,#11565,#11566,
#11567,#11568,#11569,#11570,#11571),(#11572,#11573,#11574,#11575,#11576,
#11577,#11578,#11579,#11580,#11581)),.UNSPECIFIED.,.F.,.F.,.F.,(4,3,1,2,
1,1,2,1,1,4),(4,3,3,4),(6.94495973385292,6.98622549556489,7.18766427364914,
7.21004636010295,7.26170087194161,7.72659147848949,7.78398538053244,8.41521861779409,
13.5282078396134,13.9017436896468),(-0.104830476524307,0.,17.1502111314408,
17.2532179511009),.UNSPECIFIED.);
#671=B_SPLINE_SURFACE_WITH_KNOTS('',3,3,((#11582,#11583,#11584,#11585,#11586,
#11587,#11588,#11589,#11590,#11591),(#11592,#11593,#11594,#11595,#11596,
#11597,#11598,#11599,#11600,#11601),(#11602,#11603,#11604,#11605,#11606,
#11607,#11608,#11609,#11610,#11611),(#11612,#11613,#11614,#11615,#11616,
#11617,#11618,#11619,#11620,#11621),(#11622,#11623,#11624,#11625,#11626,
#11627,#11628,#11629,#11630,#11631),(#11632,#11633,#11634,#11635,#11636,
#11637,#11638,#11639,#11640,#11641)),.UNSPECIFIED.,.F.,.F.,.F.,(4,1,1,4),
(4,1,1,1,1,1,1,4),(74.6585744094304,81.5566358940096,85.0624055864961,85.7647531935137),
(9.39659222036806,13.1446750674073,15.8175180463893,18.4903610253714,21.1632040043534,
23.8360469833355,26.5088899623175,29.2537941508144),.UNSPECIFIED.);
#672=B_SPLINE_SURFACE_WITH_KNOTS('',3,1,((#11659,#11660),(#11661,#11662),
(#11663,#11664),(#11665,#11666)),.SURF_OF_LINEAR_EXTRUSION.,.F.,.F.,.F.,
(4,4),(2,2),(0.509293535365032,1.),(0.,1.),.PIECEWISE_BEZIER_KNOTS.);
#673=B_SPLINE_SURFACE_WITH_KNOTS('',3,1,((#11671,#11672),(#11673,#11674),
(#11675,#11676),(#11677,#11678)),.SURF_OF_LINEAR_EXTRUSION.,.F.,.F.,.F.,
(4,4),(2,2),(0.,0.302012560128599),(0.,1.),.PIECEWISE_BEZIER_KNOTS.);
#674=CIRCLE('',#4256,0.287986188775977);
#675=CIRCLE('',#4257,0.22187219351347);
#676=CIRCLE('',#4261,0.0366509413232431);
#677=CIRCLE('',#4262,0.216901499447046);
#678=CIRCLE('',#4277,0.364260128163695);
#679=CIRCLE('',#4278,1.93520093075947);
#680=CIRCLE('',#4279,0.302702451544637);
#681=CIRCLE('',#4280,0.362102277992704);
#682=CIRCLE('',#4281,0.649290509846985);
#683=CIRCLE('',#4282,0.348298311361725);
#684=CIRCLE('',#4283,0.426430638132308);
#685=CIRCLE('',#4284,3.13933219046659);
#686=CIRCLE('',#4294,0.40759835339627);
#687=CIRCLE('',#4295,0.418124703901356);
#688=CIRCLE('',#4299,16.9324449331618);
#689=CIRCLE('',#4302,0.661968988995146);
#690=CIRCLE('',#4303,0.57781779926286);
#691=CIRCLE('',#4304,2.62661310023526);
#692=CIRCLE('',#4305,1.58303235678755);
#693=CIRCLE('',#4307,1.10476666664218);
#694=CIRCLE('',#4308,67.680452415171);
#695=CIRCLE('',#4310,0.00190000000000188);
#696=CIRCLE('',#4311,0.00330278142510367);
#697=CIRCLE('',#4314,0.00330278142510367);
#698=CIRCLE('',#4318,68.1412342589602);
#699=CIRCLE('',#4324,0.00190000000000188);
#700=CIRCLE('',#4325,0.00119999999999933);
#701=CIRCLE('',#4329,0.00230000000000197);
#702=CIRCLE('',#4330,0.00119999999999933);
#703=CIRCLE('',#4334,2.41619543138479);
#704=CIRCLE('',#4337,0.00230000000000038);
#705=CIRCLE('',#4344,0.00330278142510113);
#706=CIRCLE('',#4346,0.00190000000000074);
#707=CIRCLE('',#4348,0.00190000000000074);
#708=CIRCLE('',#4349,0.0012000000000005);
#709=CIRCLE('',#4358,0.0012000000000005);
#710=CIRCLE('',#4360,0.00230000000000038);
#711=CIRCLE('',#4362,0.00230000000000038);
#712=CIRCLE('',#4364,0.00230000000000038);
#713=CIRCLE('',#4368,0.00230000000000038);
#714=CIRCLE('',#4372,0.00230000000000038);
#715=CIRCLE('',#4375,0.00230000000000197);
#716=CIRCLE('',#4379,0.00230000000000197);
#717=CIRCLE('',#4381,0.00230000000000197);
#718=CIRCLE('',#4383,0.00230000000000197);
#719=CIRCLE('',#4387,0.00230000000000197);
#720=CIRCLE('',#4400,0.769666014264186);
#721=CIRCLE('',#4402,6.11033413054421);
#722=CIRCLE('',#4412,2.95726444321325);
#723=CIRCLE('',#4415,0.114418591579886);
#724=CIRCLE('',#4416,0.00235851807221763);
#725=CIRCLE('',#4418,0.202430754321131);
#726=CIRCLE('',#4419,0.194857333306745);
#727=CIRCLE('',#4420,5.83379805774535);
#728=CIRCLE('',#4422,3.84077939629725);
#729=CIRCLE('',#4423,5.21327844938898);
#730=CIRCLE('',#4430,1.42056877558645);
#731=CIRCLE('',#4433,7.02313114940456);
#732=CIRCLE('',#4434,91.4738257583728);
#733=CIRCLE('',#4435,72.8999429527488);
#734=CIRCLE('',#4443,2.88853393188311);
#735=CIRCLE('',#4448,0.00224163192225038);
#736=CIRCLE('',#4451,0.000911945793704234);
#737=CIRCLE('',#4453,0.00120000000000007);
#738=CIRCLE('',#4454,0.000911945793704234);
#739=CIRCLE('',#4456,0.00235851807221763);
#740=CIRCLE('',#4458,0.00120000000000007);
#741=ORIENTED_EDGE('',*,*,#2029,.T.);
#742=ORIENTED_EDGE('',*,*,#2030,.T.);
#743=ORIENTED_EDGE('',*,*,#2031,.T.);
#744=ORIENTED_EDGE('',*,*,#2032,.F.);
#745=ORIENTED_EDGE('',*,*,#2033,.T.);
#746=ORIENTED_EDGE('',*,*,#2034,.F.);
#747=ORIENTED_EDGE('',*,*,#2035,.T.);
#748=ORIENTED_EDGE('',*,*,#2036,.F.);
#749=ORIENTED_EDGE('',*,*,#2037,.T.);
#750=ORIENTED_EDGE('',*,*,#2038,.T.);
#751=ORIENTED_EDGE('',*,*,#2039,.T.);
#752=ORIENTED_EDGE('',*,*,#2040,.T.);
#753=ORIENTED_EDGE('',*,*,#2041,.T.);
#754=ORIENTED_EDGE('',*,*,#2042,.T.);
#755=ORIENTED_EDGE('',*,*,#2043,.T.);
#756=ORIENTED_EDGE('',*,*,#2032,.T.);
#757=ORIENTED_EDGE('',*,*,#2044,.T.);
#758=ORIENTED_EDGE('',*,*,#2045,.T.);
#759=ORIENTED_EDGE('',*,*,#2046,.T.);
#760=ORIENTED_EDGE('',*,*,#2047,.T.);
#761=ORIENTED_EDGE('',*,*,#2048,.T.);
#762=ORIENTED_EDGE('',*,*,#2049,.F.);
#763=ORIENTED_EDGE('',*,*,#2050,.F.);
#764=ORIENTED_EDGE('',*,*,#2051,.F.);
#765=ORIENTED_EDGE('',*,*,#2052,.F.);
#766=ORIENTED_EDGE('',*,*,#2038,.F.);
#767=ORIENTED_EDGE('',*,*,#2053,.T.);
#768=ORIENTED_EDGE('',*,*,#2054,.T.);
#769=ORIENTED_EDGE('',*,*,#2055,.T.);
#770=ORIENTED_EDGE('',*,*,#2056,.T.);
#771=ORIENTED_EDGE('',*,*,#2057,.T.);
#772=ORIENTED_EDGE('',*,*,#2042,.F.);
#773=ORIENTED_EDGE('',*,*,#2058,.F.);
#774=ORIENTED_EDGE('',*,*,#2059,.T.);
#775=ORIENTED_EDGE('',*,*,#2060,.F.);
#776=ORIENTED_EDGE('',*,*,#2061,.F.);
#777=ORIENTED_EDGE('',*,*,#2062,.F.);
#778=ORIENTED_EDGE('',*,*,#2063,.T.);
#779=ORIENTED_EDGE('',*,*,#2064,.F.);
#780=ORIENTED_EDGE('',*,*,#2065,.F.);
#781=ORIENTED_EDGE('',*,*,#2066,.T.);
#782=ORIENTED_EDGE('',*,*,#2067,.F.);
#783=ORIENTED_EDGE('',*,*,#2068,.F.);
#784=ORIENTED_EDGE('',*,*,#2069,.F.);
#785=ORIENTED_EDGE('',*,*,#2070,.T.);
#786=ORIENTED_EDGE('',*,*,#2071,.F.);
#787=ORIENTED_EDGE('',*,*,#2072,.F.);
#788=ORIENTED_EDGE('',*,*,#2073,.F.);
#789=ORIENTED_EDGE('',*,*,#2074,.T.);
#790=ORIENTED_EDGE('',*,*,#2075,.F.);
#791=ORIENTED_EDGE('',*,*,#2076,.F.);
#792=ORIENTED_EDGE('',*,*,#2077,.F.);
#793=ORIENTED_EDGE('',*,*,#2078,.T.);
#794=ORIENTED_EDGE('',*,*,#2079,.F.);
#795=ORIENTED_EDGE('',*,*,#2080,.T.);
#796=ORIENTED_EDGE('',*,*,#2081,.F.);
#797=ORIENTED_EDGE('',*,*,#2082,.F.);
#798=ORIENTED_EDGE('',*,*,#2083,.F.);
#799=ORIENTED_EDGE('',*,*,#2084,.T.);
#800=ORIENTED_EDGE('',*,*,#2085,.F.);
#801=ORIENTED_EDGE('',*,*,#2086,.F.);
#802=ORIENTED_EDGE('',*,*,#2087,.F.);
#803=ORIENTED_EDGE('',*,*,#2088,.T.);
#804=ORIENTED_EDGE('',*,*,#2089,.T.);
#805=ORIENTED_EDGE('',*,*,#2090,.F.);
#806=ORIENTED_EDGE('',*,*,#2091,.T.);
#807=ORIENTED_EDGE('',*,*,#2092,.F.);
#808=ORIENTED_EDGE('',*,*,#2093,.T.);
#809=ORIENTED_EDGE('',*,*,#2094,.F.);
#810=ORIENTED_EDGE('',*,*,#2095,.T.);
#811=ORIENTED_EDGE('',*,*,#2096,.T.);
#812=ORIENTED_EDGE('',*,*,#2097,.T.);
#813=ORIENTED_EDGE('',*,*,#2098,.T.);
#814=ORIENTED_EDGE('',*,*,#2099,.T.);
#815=ORIENTED_EDGE('',*,*,#2100,.F.);
#816=ORIENTED_EDGE('',*,*,#2101,.T.);
#817=ORIENTED_EDGE('',*,*,#2102,.T.);
#818=ORIENTED_EDGE('',*,*,#2103,.T.);
#819=ORIENTED_EDGE('',*,*,#2104,.F.);
#820=ORIENTED_EDGE('',*,*,#2105,.F.);
#821=ORIENTED_EDGE('',*,*,#2106,.T.);
#822=ORIENTED_EDGE('',*,*,#2107,.T.);
#823=ORIENTED_EDGE('',*,*,#2108,.T.);
#824=ORIENTED_EDGE('',*,*,#2109,.F.);
#825=ORIENTED_EDGE('',*,*,#2110,.T.);
#826=ORIENTED_EDGE('',*,*,#2111,.T.);
#827=ORIENTED_EDGE('',*,*,#2112,.F.);
#828=ORIENTED_EDGE('',*,*,#2108,.F.);
#829=ORIENTED_EDGE('',*,*,#2113,.T.);
#830=ORIENTED_EDGE('',*,*,#2114,.T.);
#831=ORIENTED_EDGE('',*,*,#2115,.T.);
#832=ORIENTED_EDGE('',*,*,#2109,.T.);
#833=ORIENTED_EDGE('',*,*,#2112,.T.);
#834=ORIENTED_EDGE('',*,*,#2116,.T.);
#835=ORIENTED_EDGE('',*,*,#2117,.F.);
#836=ORIENTED_EDGE('',*,*,#2118,.T.);
#837=ORIENTED_EDGE('',*,*,#2119,.T.);
#838=ORIENTED_EDGE('',*,*,#2120,.F.);
#839=ORIENTED_EDGE('',*,*,#2121,.T.);
#840=ORIENTED_EDGE('',*,*,#2122,.T.);
#841=ORIENTED_EDGE('',*,*,#2123,.F.);
#842=ORIENTED_EDGE('',*,*,#2124,.T.);
#843=ORIENTED_EDGE('',*,*,#2125,.F.);
#844=ORIENTED_EDGE('',*,*,#2119,.F.);
#845=ORIENTED_EDGE('',*,*,#2126,.T.);
#846=ORIENTED_EDGE('',*,*,#2120,.T.);
#847=ORIENTED_EDGE('',*,*,#2125,.T.);
#848=ORIENTED_EDGE('',*,*,#2127,.T.);
#849=ORIENTED_EDGE('',*,*,#2128,.F.);
#850=ORIENTED_EDGE('',*,*,#2129,.F.);
#851=ORIENTED_EDGE('',*,*,#2130,.F.);
#852=ORIENTED_EDGE('',*,*,#2131,.F.);
#853=ORIENTED_EDGE('',*,*,#2132,.F.);
#854=ORIENTED_EDGE('',*,*,#2133,.T.);
#855=ORIENTED_EDGE('',*,*,#2134,.T.);
#856=ORIENTED_EDGE('',*,*,#2135,.T.);
#857=ORIENTED_EDGE('',*,*,#2136,.F.);
#858=ORIENTED_EDGE('',*,*,#2137,.F.);
#859=ORIENTED_EDGE('',*,*,#2138,.T.);
#860=ORIENTED_EDGE('',*,*,#2139,.F.);
#861=ORIENTED_EDGE('',*,*,#2110,.F.);
#862=ORIENTED_EDGE('',*,*,#2115,.F.);
#863=ORIENTED_EDGE('',*,*,#2140,.T.);
#864=ORIENTED_EDGE('',*,*,#2141,.T.);
#865=ORIENTED_EDGE('',*,*,#2142,.T.);
#866=ORIENTED_EDGE('',*,*,#2127,.F.);
#867=ORIENTED_EDGE('',*,*,#2124,.F.);
#868=ORIENTED_EDGE('',*,*,#2143,.F.);
#869=ORIENTED_EDGE('',*,*,#2144,.F.);
#870=ORIENTED_EDGE('',*,*,#2145,.F.);
#871=ORIENTED_EDGE('',*,*,#2146,.F.);
#872=ORIENTED_EDGE('',*,*,#2147,.F.);
#873=ORIENTED_EDGE('',*,*,#2148,.T.);
#874=ORIENTED_EDGE('',*,*,#2149,.F.);
#875=ORIENTED_EDGE('',*,*,#2150,.F.);
#876=ORIENTED_EDGE('',*,*,#2049,.T.);
#877=ORIENTED_EDGE('',*,*,#2151,.F.);
#878=ORIENTED_EDGE('',*,*,#2152,.T.);
#879=ORIENTED_EDGE('',*,*,#2153,.T.);
#880=ORIENTED_EDGE('',*,*,#2154,.T.);
#881=ORIENTED_EDGE('',*,*,#2155,.T.);
#882=ORIENTED_EDGE('',*,*,#2156,.F.);
#883=ORIENTED_EDGE('',*,*,#2157,.F.);
#884=ORIENTED_EDGE('',*,*,#2158,.F.);
#885=ORIENTED_EDGE('',*,*,#2159,.F.);
#886=ORIENTED_EDGE('',*,*,#2160,.F.);
#887=ORIENTED_EDGE('',*,*,#2161,.T.);
#888=ORIENTED_EDGE('',*,*,#2162,.T.);
#889=ORIENTED_EDGE('',*,*,#2163,.T.);
#890=ORIENTED_EDGE('',*,*,#2164,.F.);
#891=ORIENTED_EDGE('',*,*,#2165,.T.);
#892=ORIENTED_EDGE('',*,*,#2166,.T.);
#893=ORIENTED_EDGE('',*,*,#2167,.T.);
#894=ORIENTED_EDGE('',*,*,#2168,.F.);
#895=ORIENTED_EDGE('',*,*,#2169,.T.);
#896=ORIENTED_EDGE('',*,*,#2157,.T.);
#897=ORIENTED_EDGE('',*,*,#2170,.T.);
#898=ORIENTED_EDGE('',*,*,#2171,.T.);
#899=ORIENTED_EDGE('',*,*,#2159,.T.);
#900=ORIENTED_EDGE('',*,*,#2172,.F.);
#901=ORIENTED_EDGE('',*,*,#2173,.T.);
#902=ORIENTED_EDGE('',*,*,#2172,.T.);
#903=ORIENTED_EDGE('',*,*,#2158,.T.);
#904=ORIENTED_EDGE('',*,*,#2169,.F.);
#905=ORIENTED_EDGE('',*,*,#2174,.F.);
#906=ORIENTED_EDGE('',*,*,#2175,.F.);
#907=ORIENTED_EDGE('',*,*,#2176,.F.);
#908=ORIENTED_EDGE('',*,*,#2177,.F.);
#909=ORIENTED_EDGE('',*,*,#2178,.F.);
#910=ORIENTED_EDGE('',*,*,#2179,.F.);
#911=ORIENTED_EDGE('',*,*,#2180,.F.);
#912=ORIENTED_EDGE('',*,*,#2181,.T.);
#913=ORIENTED_EDGE('',*,*,#2182,.T.);
#914=ORIENTED_EDGE('',*,*,#2183,.F.);
#915=ORIENTED_EDGE('',*,*,#2184,.F.);
#916=ORIENTED_EDGE('',*,*,#2185,.F.);
#917=ORIENTED_EDGE('',*,*,#2186,.F.);
#918=ORIENTED_EDGE('',*,*,#2187,.F.);
#919=ORIENTED_EDGE('',*,*,#2188,.F.);
#920=ORIENTED_EDGE('',*,*,#2189,.F.);
#921=ORIENTED_EDGE('',*,*,#2190,.F.);
#922=ORIENTED_EDGE('',*,*,#2191,.T.);
#923=ORIENTED_EDGE('',*,*,#2192,.T.);
#924=ORIENTED_EDGE('',*,*,#2193,.F.);
#925=ORIENTED_EDGE('',*,*,#2194,.F.);
#926=ORIENTED_EDGE('',*,*,#2195,.F.);
#927=ORIENTED_EDGE('',*,*,#2196,.T.);
#928=ORIENTED_EDGE('',*,*,#2197,.F.);
#929=ORIENTED_EDGE('',*,*,#2198,.T.);
#930=ORIENTED_EDGE('',*,*,#2199,.F.);
#931=ORIENTED_EDGE('',*,*,#2200,.F.);
#932=ORIENTED_EDGE('',*,*,#2201,.F.);
#933=ORIENTED_EDGE('',*,*,#2202,.F.);
#934=ORIENTED_EDGE('',*,*,#2203,.F.);
#935=ORIENTED_EDGE('',*,*,#2204,.T.);
#936=ORIENTED_EDGE('',*,*,#2205,.F.);
#937=ORIENTED_EDGE('',*,*,#2206,.F.);
#938=ORIENTED_EDGE('',*,*,#2207,.T.);
#939=ORIENTED_EDGE('',*,*,#2208,.T.);
#940=ORIENTED_EDGE('',*,*,#2209,.T.);
#941=ORIENTED_EDGE('',*,*,#2210,.T.);
#942=ORIENTED_EDGE('',*,*,#2211,.T.);
#943=ORIENTED_EDGE('',*,*,#2212,.T.);
#944=ORIENTED_EDGE('',*,*,#2213,.F.);
#945=ORIENTED_EDGE('',*,*,#2191,.F.);
#946=ORIENTED_EDGE('',*,*,#2214,.T.);
#947=ORIENTED_EDGE('',*,*,#2215,.T.);
#948=ORIENTED_EDGE('',*,*,#2131,.T.);
#949=ORIENTED_EDGE('',*,*,#2216,.T.);
#950=ORIENTED_EDGE('',*,*,#2217,.T.);
#951=ORIENTED_EDGE('',*,*,#2201,.T.);
#952=ORIENTED_EDGE('',*,*,#2200,.T.);
#953=ORIENTED_EDGE('',*,*,#2218,.T.);
#954=ORIENTED_EDGE('',*,*,#2219,.F.);
#955=ORIENTED_EDGE('',*,*,#2220,.F.);
#956=ORIENTED_EDGE('',*,*,#2221,.T.);
#957=ORIENTED_EDGE('',*,*,#2195,.T.);
#958=ORIENTED_EDGE('',*,*,#2194,.T.);
#959=ORIENTED_EDGE('',*,*,#2222,.T.);
#960=ORIENTED_EDGE('',*,*,#2223,.T.);
#961=ORIENTED_EDGE('',*,*,#2220,.T.);
#962=ORIENTED_EDGE('',*,*,#2224,.F.);
#963=ORIENTED_EDGE('',*,*,#2225,.T.);
#964=ORIENTED_EDGE('',*,*,#2226,.T.);
#965=ORIENTED_EDGE('',*,*,#2227,.T.);
#966=ORIENTED_EDGE('',*,*,#2222,.F.);
#967=ORIENTED_EDGE('',*,*,#2228,.T.);
#968=ORIENTED_EDGE('',*,*,#2218,.F.);
#969=ORIENTED_EDGE('',*,*,#2199,.T.);
#970=ORIENTED_EDGE('',*,*,#2198,.F.);
#971=ORIENTED_EDGE('',*,*,#2197,.T.);
#972=ORIENTED_EDGE('',*,*,#2196,.F.);
#973=ORIENTED_EDGE('',*,*,#2221,.F.);
#974=ORIENTED_EDGE('',*,*,#2223,.F.);
#975=ORIENTED_EDGE('',*,*,#2227,.F.);
#976=ORIENTED_EDGE('',*,*,#2177,.T.);
#977=ORIENTED_EDGE('',*,*,#2229,.F.);
#978=ORIENTED_EDGE('',*,*,#2230,.T.);
#979=ORIENTED_EDGE('',*,*,#2231,.T.);
#980=ORIENTED_EDGE('',*,*,#2231,.F.);
#981=ORIENTED_EDGE('',*,*,#2232,.F.);
#982=ORIENTED_EDGE('',*,*,#2233,.F.);
#983=ORIENTED_EDGE('',*,*,#2234,.T.);
#984=ORIENTED_EDGE('',*,*,#2235,.T.);
#985=ORIENTED_EDGE('',*,*,#2236,.T.);
#986=ORIENTED_EDGE('',*,*,#2237,.T.);
#987=ORIENTED_EDGE('',*,*,#2238,.F.);
#988=ORIENTED_EDGE('',*,*,#2239,.T.);
#989=ORIENTED_EDGE('',*,*,#2240,.T.);
#990=ORIENTED_EDGE('',*,*,#2241,.F.);
#991=ORIENTED_EDGE('',*,*,#2242,.T.);
#992=ORIENTED_EDGE('',*,*,#2243,.F.);
#993=ORIENTED_EDGE('',*,*,#2244,.F.);
#994=ORIENTED_EDGE('',*,*,#2245,.F.);
#995=ORIENTED_EDGE('',*,*,#2246,.T.);
#996=ORIENTED_EDGE('',*,*,#2247,.T.);
#997=ORIENTED_EDGE('',*,*,#2248,.T.);
#998=ORIENTED_EDGE('',*,*,#2249,.T.);
#999=ORIENTED_EDGE('',*,*,#2250,.T.);
#1000=ORIENTED_EDGE('',*,*,#2251,.T.);
#1001=ORIENTED_EDGE('',*,*,#2252,.F.);
#1002=ORIENTED_EDGE('',*,*,#2253,.F.);
#1003=ORIENTED_EDGE('',*,*,#2254,.F.);
#1004=ORIENTED_EDGE('',*,*,#2255,.T.);
#1005=ORIENTED_EDGE('',*,*,#2256,.T.);
#1006=ORIENTED_EDGE('',*,*,#2257,.F.);
#1007=ORIENTED_EDGE('',*,*,#2258,.F.);
#1008=ORIENTED_EDGE('',*,*,#2259,.T.);
#1009=ORIENTED_EDGE('',*,*,#2056,.F.);
#1010=ORIENTED_EDGE('',*,*,#2260,.F.);
#1011=ORIENTED_EDGE('',*,*,#2261,.F.);
#1012=ORIENTED_EDGE('',*,*,#2262,.F.);
#1013=ORIENTED_EDGE('',*,*,#2054,.F.);
#1014=ORIENTED_EDGE('',*,*,#2263,.T.);
#1015=ORIENTED_EDGE('',*,*,#2029,.F.);
#1016=ORIENTED_EDGE('',*,*,#2031,.F.);
#1017=ORIENTED_EDGE('',*,*,#2264,.T.);
#1018=ORIENTED_EDGE('',*,*,#2265,.F.);
#1019=ORIENTED_EDGE('',*,*,#2266,.F.);
#1020=ORIENTED_EDGE('',*,*,#2267,.F.);
#1021=ORIENTED_EDGE('',*,*,#2268,.F.);
#1022=ORIENTED_EDGE('',*,*,#2188,.T.);
#1023=ORIENTED_EDGE('',*,*,#2269,.F.);
#1024=ORIENTED_EDGE('',*,*,#2270,.F.);
#1025=ORIENTED_EDGE('',*,*,#2253,.T.);
#1026=ORIENTED_EDGE('',*,*,#2271,.F.);
#1027=ORIENTED_EDGE('',*,*,#2272,.F.);
#1028=ORIENTED_EDGE('',*,*,#2273,.F.);
#1029=ORIENTED_EDGE('',*,*,#2274,.T.);
#1030=ORIENTED_EDGE('',*,*,#2275,.F.);
#1031=ORIENTED_EDGE('',*,*,#2276,.F.);
#1032=ORIENTED_EDGE('',*,*,#2277,.F.);
#1033=ORIENTED_EDGE('',*,*,#2278,.T.);
#1034=ORIENTED_EDGE('',*,*,#2279,.T.);
#1035=ORIENTED_EDGE('',*,*,#2280,.F.);
#1036=ORIENTED_EDGE('',*,*,#2281,.F.);
#1037=ORIENTED_EDGE('',*,*,#2282,.T.);
#1038=ORIENTED_EDGE('',*,*,#2283,.T.);
#1039=ORIENTED_EDGE('',*,*,#2284,.F.);
#1040=ORIENTED_EDGE('',*,*,#2285,.F.);
#1041=ORIENTED_EDGE('',*,*,#2286,.F.);
#1042=ORIENTED_EDGE('',*,*,#2285,.T.);
#1043=ORIENTED_EDGE('',*,*,#2287,.T.);
#1044=ORIENTED_EDGE('',*,*,#2288,.F.);
#1045=ORIENTED_EDGE('',*,*,#2289,.T.);
#1046=ORIENTED_EDGE('',*,*,#2290,.F.);
#1047=ORIENTED_EDGE('',*,*,#2282,.F.);
#1048=ORIENTED_EDGE('',*,*,#2286,.T.);
#1049=ORIENTED_EDGE('',*,*,#2291,.T.);
#1050=ORIENTED_EDGE('',*,*,#2292,.F.);
#1051=ORIENTED_EDGE('',*,*,#2283,.F.);
#1052=ORIENTED_EDGE('',*,*,#2290,.T.);
#1053=ORIENTED_EDGE('',*,*,#2292,.T.);
#1054=ORIENTED_EDGE('',*,*,#2293,.T.);
#1055=ORIENTED_EDGE('',*,*,#2287,.F.);
#1056=ORIENTED_EDGE('',*,*,#2284,.T.);
#1057=ORIENTED_EDGE('',*,*,#2294,.F.);
#1058=ORIENTED_EDGE('',*,*,#2295,.F.);
#1059=ORIENTED_EDGE('',*,*,#2247,.F.);
#1060=ORIENTED_EDGE('',*,*,#2296,.F.);
#1061=ORIENTED_EDGE('',*,*,#2288,.T.);
#1062=ORIENTED_EDGE('',*,*,#2293,.F.);
#1063=ORIENTED_EDGE('',*,*,#2291,.F.);
#1064=ORIENTED_EDGE('',*,*,#2289,.F.);
#1065=ORIENTED_EDGE('',*,*,#2294,.T.);
#1066=ORIENTED_EDGE('',*,*,#2297,.F.);
#1067=ORIENTED_EDGE('',*,*,#2093,.F.);
#1068=ORIENTED_EDGE('',*,*,#2298,.F.);
#1069=ORIENTED_EDGE('',*,*,#2299,.F.);
#1070=ORIENTED_EDGE('',*,*,#2300,.T.);
#1071=ORIENTED_EDGE('',*,*,#2301,.F.);
#1072=ORIENTED_EDGE('',*,*,#2302,.F.);
#1073=ORIENTED_EDGE('',*,*,#2303,.F.);
#1074=ORIENTED_EDGE('',*,*,#2304,.F.);
#1075=ORIENTED_EDGE('',*,*,#2305,.F.);
#1076=ORIENTED_EDGE('',*,*,#2306,.F.);
#1077=ORIENTED_EDGE('',*,*,#2212,.F.);
#1078=ORIENTED_EDGE('',*,*,#2307,.F.);
#1079=ORIENTED_EDGE('',*,*,#2308,.F.);
#1080=ORIENTED_EDGE('',*,*,#2309,.F.);
#1081=ORIENTED_EDGE('',*,*,#2138,.F.);
#1082=ORIENTED_EDGE('',*,*,#2310,.F.);
#1083=ORIENTED_EDGE('',*,*,#2311,.F.);
#1084=ORIENTED_EDGE('',*,*,#2312,.T.);
#1085=ORIENTED_EDGE('',*,*,#2313,.T.);
#1086=ORIENTED_EDGE('',*,*,#2314,.T.);
#1087=ORIENTED_EDGE('',*,*,#2315,.F.);
#1088=ORIENTED_EDGE('',*,*,#2316,.F.);
#1089=ORIENTED_EDGE('',*,*,#2317,.F.);
#1090=ORIENTED_EDGE('',*,*,#2318,.F.);
#1091=ORIENTED_EDGE('',*,*,#2233,.T.);
#1092=ORIENTED_EDGE('',*,*,#2319,.F.);
#1093=ORIENTED_EDGE('',*,*,#2320,.F.);
#1094=ORIENTED_EDGE('',*,*,#2321,.F.);
#1095=ORIENTED_EDGE('',*,*,#2322,.T.);
#1096=ORIENTED_EDGE('',*,*,#2323,.T.);
#1097=ORIENTED_EDGE('',*,*,#2300,.F.);
#1098=ORIENTED_EDGE('',*,*,#2324,.T.);
#1099=ORIENTED_EDGE('',*,*,#2325,.F.);
#1100=ORIENTED_EDGE('',*,*,#2183,.T.);
#1101=ORIENTED_EDGE('',*,*,#2326,.T.);
#1102=ORIENTED_EDGE('',*,*,#2327,.F.);
#1103=ORIENTED_EDGE('',*,*,#2275,.T.);
#1104=ORIENTED_EDGE('',*,*,#2328,.F.);
#1105=ORIENTED_EDGE('',*,*,#2329,.F.);
#1106=ORIENTED_EDGE('',*,*,#2035,.F.);
#1107=ORIENTED_EDGE('',*,*,#2330,.F.);
#1108=ORIENTED_EDGE('',*,*,#2088,.F.);
#1109=ORIENTED_EDGE('',*,*,#2331,.F.);
#1110=ORIENTED_EDGE('',*,*,#2332,.F.);
#1111=ORIENTED_EDGE('',*,*,#2044,.F.);
#1112=ORIENTED_EDGE('',*,*,#2333,.F.);
#1113=ORIENTED_EDGE('',*,*,#2334,.F.);
#1114=ORIENTED_EDGE('',*,*,#2335,.F.);
#1115=ORIENTED_EDGE('',*,*,#2045,.F.);
#1116=ORIENTED_EDGE('',*,*,#2332,.T.);
#1117=ORIENTED_EDGE('',*,*,#2181,.F.);
#1118=ORIENTED_EDGE('',*,*,#2180,.T.);
#1119=ORIENTED_EDGE('',*,*,#2336,.F.);
#1120=ORIENTED_EDGE('',*,*,#2337,.F.);
#1121=ORIENTED_EDGE('',*,*,#2192,.F.);
#1122=ORIENTED_EDGE('',*,*,#2338,.F.);
#1123=ORIENTED_EDGE('',*,*,#2306,.T.);
#1124=ORIENTED_EDGE('',*,*,#2305,.T.);
#1125=ORIENTED_EDGE('',*,*,#2304,.T.);
#1126=ORIENTED_EDGE('',*,*,#2339,.F.);
#1127=ORIENTED_EDGE('',*,*,#2340,.F.);
#1128=ORIENTED_EDGE('',*,*,#2341,.F.);
#1129=ORIENTED_EDGE('',*,*,#2342,.F.);
#1130=ORIENTED_EDGE('',*,*,#2343,.T.);
#1131=ORIENTED_EDGE('',*,*,#2344,.T.);
#1132=ORIENTED_EDGE('',*,*,#2345,.F.);
#1133=ORIENTED_EDGE('',*,*,#2345,.T.);
#1134=ORIENTED_EDGE('',*,*,#2346,.F.);
#1135=ORIENTED_EDGE('',*,*,#2347,.F.);
#1136=ORIENTED_EDGE('',*,*,#2281,.T.);
#1137=ORIENTED_EDGE('',*,*,#2348,.F.);
#1138=ORIENTED_EDGE('',*,*,#2276,.T.);
#1139=ORIENTED_EDGE('',*,*,#2347,.T.);
#1140=ORIENTED_EDGE('',*,*,#2349,.F.);
#1141=ORIENTED_EDGE('',*,*,#2278,.F.);
#1142=ORIENTED_EDGE('',*,*,#2350,.T.);
#1143=ORIENTED_EDGE('',*,*,#2343,.F.);
#1144=ORIENTED_EDGE('',*,*,#2351,.F.);
#1145=ORIENTED_EDGE('',*,*,#2352,.F.);
#1146=ORIENTED_EDGE('',*,*,#2342,.T.);
#1147=ORIENTED_EDGE('',*,*,#2348,.T.);
#1148=ORIENTED_EDGE('',*,*,#2280,.T.);
#1149=ORIENTED_EDGE('',*,*,#2351,.T.);
#1150=ORIENTED_EDGE('',*,*,#2352,.T.);
#1151=ORIENTED_EDGE('',*,*,#2279,.F.);
#1152=ORIENTED_EDGE('',*,*,#2353,.T.);
#1153=ORIENTED_EDGE('',*,*,#2354,.F.);
#1154=ORIENTED_EDGE('',*,*,#2046,.F.);
#1155=ORIENTED_EDGE('',*,*,#2335,.T.);
#1156=ORIENTED_EDGE('',*,*,#2254,.T.);
#1157=ORIENTED_EDGE('',*,*,#2270,.T.);
#1158=ORIENTED_EDGE('',*,*,#2355,.T.);
#1159=ORIENTED_EDGE('',*,*,#2356,.F.);
#1160=ORIENTED_EDGE('',*,*,#2357,.T.);
#1161=ORIENTED_EDGE('',*,*,#2358,.F.);
#1162=ORIENTED_EDGE('',*,*,#2047,.F.);
#1163=ORIENTED_EDGE('',*,*,#2354,.T.);
#1164=ORIENTED_EDGE('',*,*,#2359,.F.);
#1165=ORIENTED_EDGE('',*,*,#2360,.T.);
#1166=ORIENTED_EDGE('',*,*,#2151,.T.);
#1167=ORIENTED_EDGE('',*,*,#2048,.F.);
#1168=ORIENTED_EDGE('',*,*,#2358,.T.);
#1169=ORIENTED_EDGE('',*,*,#2349,.T.);
#1170=ORIENTED_EDGE('',*,*,#2346,.T.);
#1171=ORIENTED_EDGE('',*,*,#2344,.F.);
#1172=ORIENTED_EDGE('',*,*,#2350,.F.);
#1173=ORIENTED_EDGE('',*,*,#2277,.T.);
#1174=ORIENTED_EDGE('',*,*,#2361,.T.);
#1175=ORIENTED_EDGE('',*,*,#2362,.T.);
#1176=ORIENTED_EDGE('',*,*,#2341,.T.);
#1177=ORIENTED_EDGE('',*,*,#2361,.F.);
#1178=ORIENTED_EDGE('',*,*,#2363,.F.);
#1179=ORIENTED_EDGE('',*,*,#2364,.T.);
#1180=ORIENTED_EDGE('',*,*,#2365,.F.);
#1181=ORIENTED_EDGE('',*,*,#2366,.F.);
#1182=ORIENTED_EDGE('',*,*,#2367,.T.);
#1183=ORIENTED_EDGE('',*,*,#2266,.T.);
#1184=ORIENTED_EDGE('',*,*,#2368,.T.);
#1185=ORIENTED_EDGE('',*,*,#2369,.T.);
#1186=ORIENTED_EDGE('',*,*,#2362,.F.);
#1187=ORIENTED_EDGE('',*,*,#2369,.F.);
#1188=ORIENTED_EDGE('',*,*,#2370,.T.);
#1189=ORIENTED_EDGE('',*,*,#2371,.T.);
#1190=ORIENTED_EDGE('',*,*,#2372,.T.);
#1191=ORIENTED_EDGE('',*,*,#2373,.F.);
#1192=ORIENTED_EDGE('',*,*,#2374,.F.);
#1193=ORIENTED_EDGE('',*,*,#2373,.T.);
#1194=ORIENTED_EDGE('',*,*,#2375,.T.);
#1195=ORIENTED_EDGE('',*,*,#2376,.F.);
#1196=ORIENTED_EDGE('',*,*,#2377,.F.);
#1197=ORIENTED_EDGE('',*,*,#2376,.T.);
#1198=ORIENTED_EDGE('',*,*,#2378,.T.);
#1199=ORIENTED_EDGE('',*,*,#2379,.F.);
#1200=ORIENTED_EDGE('',*,*,#2380,.F.);
#1201=ORIENTED_EDGE('',*,*,#2379,.T.);
#1202=ORIENTED_EDGE('',*,*,#2381,.T.);
#1203=ORIENTED_EDGE('',*,*,#2382,.F.);
#1204=ORIENTED_EDGE('',*,*,#2383,.F.);
#1205=ORIENTED_EDGE('',*,*,#2382,.T.);
#1206=ORIENTED_EDGE('',*,*,#2384,.T.);
#1207=ORIENTED_EDGE('',*,*,#2385,.T.);
#1208=ORIENTED_EDGE('',*,*,#2386,.T.);
#1209=ORIENTED_EDGE('',*,*,#2387,.F.);
#1210=ORIENTED_EDGE('',*,*,#2388,.T.);
#1211=ORIENTED_EDGE('',*,*,#2384,.F.);
#1212=ORIENTED_EDGE('',*,*,#2381,.F.);
#1213=ORIENTED_EDGE('',*,*,#2378,.F.);
#1214=ORIENTED_EDGE('',*,*,#2375,.F.);
#1215=ORIENTED_EDGE('',*,*,#2372,.F.);
#1216=ORIENTED_EDGE('',*,*,#2269,.T.);
#1217=ORIENTED_EDGE('',*,*,#2187,.T.);
#1218=ORIENTED_EDGE('',*,*,#2389,.F.);
#1219=ORIENTED_EDGE('',*,*,#2390,.F.);
#1220=ORIENTED_EDGE('',*,*,#2355,.F.);
#1221=ORIENTED_EDGE('',*,*,#2311,.T.);
#1222=ORIENTED_EDGE('',*,*,#2391,.F.);
#1223=ORIENTED_EDGE('',*,*,#2249,.F.);
#1224=ORIENTED_EDGE('',*,*,#2392,.T.);
#1225=ORIENTED_EDGE('',*,*,#2392,.F.);
#1226=ORIENTED_EDGE('',*,*,#2248,.F.);
#1227=ORIENTED_EDGE('',*,*,#2295,.T.);
#1228=ORIENTED_EDGE('',*,*,#2312,.F.);
#1229=ORIENTED_EDGE('',*,*,#2393,.T.);
#1230=ORIENTED_EDGE('',*,*,#2394,.F.);
#1231=ORIENTED_EDGE('',*,*,#2395,.F.);
#1232=ORIENTED_EDGE('',*,*,#2366,.T.);
#1233=ORIENTED_EDGE('',*,*,#2396,.T.);
#1234=ORIENTED_EDGE('',*,*,#2397,.F.);
#1235=ORIENTED_EDGE('',*,*,#2394,.T.);
#1236=ORIENTED_EDGE('',*,*,#2398,.T.);
#1237=ORIENTED_EDGE('',*,*,#2356,.T.);
#1238=ORIENTED_EDGE('',*,*,#2390,.T.);
#1239=ORIENTED_EDGE('',*,*,#2399,.T.);
#1240=ORIENTED_EDGE('',*,*,#2400,.T.);
#1241=ORIENTED_EDGE('',*,*,#2250,.F.);
#1242=ORIENTED_EDGE('',*,*,#2391,.T.);
#1243=ORIENTED_EDGE('',*,*,#2310,.T.);
#1244=ORIENTED_EDGE('',*,*,#2137,.T.);
#1245=ORIENTED_EDGE('',*,*,#2401,.T.);
#1246=ORIENTED_EDGE('',*,*,#2205,.T.);
#1247=ORIENTED_EDGE('',*,*,#2402,.T.);
#1248=ORIENTED_EDGE('',*,*,#2403,.F.);
#1249=ORIENTED_EDGE('',*,*,#2403,.T.);
#1250=ORIENTED_EDGE('',*,*,#2404,.F.);
#1251=ORIENTED_EDGE('',*,*,#2405,.F.);
#1252=ORIENTED_EDGE('',*,*,#2406,.F.);
#1253=ORIENTED_EDGE('',*,*,#2407,.T.);
#1254=ORIENTED_EDGE('',*,*,#2408,.F.);
#1255=ORIENTED_EDGE('',*,*,#2409,.T.);
#1256=ORIENTED_EDGE('',*,*,#2410,.T.);
#1257=ORIENTED_EDGE('',*,*,#2408,.T.);
#1258=ORIENTED_EDGE('',*,*,#2409,.F.);
#1259=ORIENTED_EDGE('',*,*,#2225,.F.);
#1260=ORIENTED_EDGE('',*,*,#2336,.T.);
#1261=ORIENTED_EDGE('',*,*,#2179,.T.);
#1262=ORIENTED_EDGE('',*,*,#2178,.T.);
#1263=ORIENTED_EDGE('',*,*,#2226,.F.);
#1264=ORIENTED_EDGE('',*,*,#2411,.T.);
#1265=ORIENTED_EDGE('',*,*,#2396,.F.);
#1266=ORIENTED_EDGE('',*,*,#2412,.F.);
#1267=ORIENTED_EDGE('',*,*,#2214,.F.);
#1268=ORIENTED_EDGE('',*,*,#2395,.T.);
#1269=ORIENTED_EDGE('',*,*,#2397,.T.);
#1270=ORIENTED_EDGE('',*,*,#2411,.F.);
#1271=ORIENTED_EDGE('',*,*,#2190,.T.);
#1272=ORIENTED_EDGE('',*,*,#2189,.T.);
#1273=ORIENTED_EDGE('',*,*,#2268,.T.);
#1274=ORIENTED_EDGE('',*,*,#2267,.T.);
#1275=ORIENTED_EDGE('',*,*,#2367,.F.);
#1276=ORIENTED_EDGE('',*,*,#2365,.T.);
#1277=ORIENTED_EDGE('',*,*,#2413,.F.);
#1278=ORIENTED_EDGE('',*,*,#2141,.F.);
#1279=ORIENTED_EDGE('',*,*,#2414,.F.);
#1280=ORIENTED_EDGE('',*,*,#2215,.F.);
#1281=ORIENTED_EDGE('',*,*,#2412,.T.);
#1282=ORIENTED_EDGE('',*,*,#2398,.F.);
#1283=ORIENTED_EDGE('',*,*,#2393,.F.);
#1284=ORIENTED_EDGE('',*,*,#2207,.F.);
#1285=ORIENTED_EDGE('',*,*,#2206,.T.);
#1286=ORIENTED_EDGE('',*,*,#2401,.F.);
#1287=ORIENTED_EDGE('',*,*,#2407,.F.);
#1288=ORIENTED_EDGE('',*,*,#2415,.F.);
#1289=ORIENTED_EDGE('',*,*,#2415,.T.);
#1290=ORIENTED_EDGE('',*,*,#2406,.T.);
#1291=ORIENTED_EDGE('',*,*,#2416,.F.);
#1292=ORIENTED_EDGE('',*,*,#2208,.F.);
#1293=ORIENTED_EDGE('',*,*,#2416,.T.);
#1294=ORIENTED_EDGE('',*,*,#2417,.T.);
#1295=ORIENTED_EDGE('',*,*,#2209,.F.);
#1296=ORIENTED_EDGE('',*,*,#2417,.F.);
#1297=ORIENTED_EDGE('',*,*,#2405,.T.);
#1298=ORIENTED_EDGE('',*,*,#2418,.F.);
#1299=ORIENTED_EDGE('',*,*,#2210,.F.);
#1300=ORIENTED_EDGE('',*,*,#2418,.T.);
#1301=ORIENTED_EDGE('',*,*,#2404,.T.);
#1302=ORIENTED_EDGE('',*,*,#2402,.F.);
#1303=ORIENTED_EDGE('',*,*,#2204,.F.);
#1304=ORIENTED_EDGE('',*,*,#2410,.F.);
#1305=ORIENTED_EDGE('',*,*,#2419,.F.);
#1306=ORIENTED_EDGE('',*,*,#2420,.T.);
#1307=ORIENTED_EDGE('',*,*,#2419,.T.);
#1308=ORIENTED_EDGE('',*,*,#2421,.T.);
#1309=ORIENTED_EDGE('',*,*,#2386,.F.);
#1310=ORIENTED_EDGE('',*,*,#2422,.F.);
#1311=ORIENTED_EDGE('',*,*,#2423,.F.);
#1312=ORIENTED_EDGE('',*,*,#2424,.F.);
#1313=ORIENTED_EDGE('',*,*,#2370,.F.);
#1314=ORIENTED_EDGE('',*,*,#2425,.T.);
#1315=ORIENTED_EDGE('',*,*,#2426,.F.);
#1316=ORIENTED_EDGE('',*,*,#2427,.T.);
#1317=ORIENTED_EDGE('',*,*,#2428,.T.);
#1318=ORIENTED_EDGE('',*,*,#2429,.F.);
#1319=ORIENTED_EDGE('',*,*,#2430,.F.);
#1320=ORIENTED_EDGE('',*,*,#2431,.F.);
#1321=ORIENTED_EDGE('',*,*,#2429,.T.);
#1322=ORIENTED_EDGE('',*,*,#2432,.T.);
#1323=ORIENTED_EDGE('',*,*,#2433,.F.);
#1324=ORIENTED_EDGE('',*,*,#2165,.F.);
#1325=ORIENTED_EDGE('',*,*,#2433,.T.);
#1326=ORIENTED_EDGE('',*,*,#2434,.T.);
#1327=ORIENTED_EDGE('',*,*,#2435,.F.);
#1328=ORIENTED_EDGE('',*,*,#2166,.F.);
#1329=ORIENTED_EDGE('',*,*,#2436,.T.);
#1330=ORIENTED_EDGE('',*,*,#2437,.T.);
#1331=ORIENTED_EDGE('',*,*,#2427,.F.);
#1332=ORIENTED_EDGE('',*,*,#2438,.F.);
#1333=ORIENTED_EDGE('',*,*,#2423,.T.);
#1334=ORIENTED_EDGE('',*,*,#2439,.T.);
#1335=ORIENTED_EDGE('',*,*,#2440,.F.);
#1336=ORIENTED_EDGE('',*,*,#2434,.F.);
#1337=ORIENTED_EDGE('',*,*,#2432,.F.);
#1338=ORIENTED_EDGE('',*,*,#2428,.F.);
#1339=ORIENTED_EDGE('',*,*,#2437,.F.);
#1340=ORIENTED_EDGE('',*,*,#2441,.F.);
#1341=ORIENTED_EDGE('',*,*,#2442,.T.);
#1342=ORIENTED_EDGE('',*,*,#2443,.F.);
#1343=ORIENTED_EDGE('',*,*,#2444,.F.);
#1344=ORIENTED_EDGE('',*,*,#2135,.F.);
#1345=ORIENTED_EDGE('',*,*,#2445,.T.);
#1346=ORIENTED_EDGE('',*,*,#2446,.F.);
#1347=ORIENTED_EDGE('',*,*,#2442,.F.);
#1348=ORIENTED_EDGE('',*,*,#2447,.F.);
#1349=ORIENTED_EDGE('',*,*,#2134,.F.);
#1350=ORIENTED_EDGE('',*,*,#2448,.T.);
#1351=ORIENTED_EDGE('',*,*,#2449,.F.);
#1352=ORIENTED_EDGE('',*,*,#2445,.F.);
#1353=ORIENTED_EDGE('',*,*,#2426,.T.);
#1354=ORIENTED_EDGE('',*,*,#2450,.F.);
#1355=ORIENTED_EDGE('',*,*,#2444,.T.);
#1356=ORIENTED_EDGE('',*,*,#2451,.F.);
#1357=ORIENTED_EDGE('',*,*,#2452,.T.);
#1358=ORIENTED_EDGE('',*,*,#2451,.T.);
#1359=ORIENTED_EDGE('',*,*,#2443,.T.);
#1360=ORIENTED_EDGE('',*,*,#2446,.T.);
#1361=ORIENTED_EDGE('',*,*,#2449,.T.);
#1362=ORIENTED_EDGE('',*,*,#2453,.T.);
#1363=ORIENTED_EDGE('',*,*,#2454,.T.);
#1364=ORIENTED_EDGE('',*,*,#2455,.T.);
#1365=ORIENTED_EDGE('',*,*,#2456,.T.);
#1366=ORIENTED_EDGE('',*,*,#2457,.F.);
#1367=ORIENTED_EDGE('',*,*,#2458,.F.);
#1368=ORIENTED_EDGE('',*,*,#2457,.T.);
#1369=ORIENTED_EDGE('',*,*,#2459,.T.);
#1370=ORIENTED_EDGE('',*,*,#2460,.F.);
#1371=ORIENTED_EDGE('',*,*,#2461,.F.);
#1372=ORIENTED_EDGE('',*,*,#2460,.T.);
#1373=ORIENTED_EDGE('',*,*,#2462,.T.);
#1374=ORIENTED_EDGE('',*,*,#2463,.F.);
#1375=ORIENTED_EDGE('',*,*,#2464,.F.);
#1376=ORIENTED_EDGE('',*,*,#2465,.F.);
#1377=ORIENTED_EDGE('',*,*,#2466,.F.);
#1378=ORIENTED_EDGE('',*,*,#2467,.T.);
#1379=ORIENTED_EDGE('',*,*,#2468,.F.);
#1380=ORIENTED_EDGE('',*,*,#2469,.T.);
#1381=ORIENTED_EDGE('',*,*,#2470,.T.);
#1382=ORIENTED_EDGE('',*,*,#2455,.F.);
#1383=ORIENTED_EDGE('',*,*,#2471,.F.);
#1384=ORIENTED_EDGE('',*,*,#2472,.T.);
#1385=ORIENTED_EDGE('',*,*,#2468,.T.);
#1386=ORIENTED_EDGE('',*,*,#2473,.F.);
#1387=ORIENTED_EDGE('',*,*,#2463,.T.);
#1388=ORIENTED_EDGE('',*,*,#2474,.T.);
#1389=ORIENTED_EDGE('',*,*,#2475,.T.);
#1390=ORIENTED_EDGE('',*,*,#2476,.T.);
#1391=ORIENTED_EDGE('',*,*,#2474,.F.);
#1392=ORIENTED_EDGE('',*,*,#2462,.F.);
#1393=ORIENTED_EDGE('',*,*,#2459,.F.);
#1394=ORIENTED_EDGE('',*,*,#2456,.F.);
#1395=ORIENTED_EDGE('',*,*,#2470,.F.);
#1396=ORIENTED_EDGE('',*,*,#2477,.F.);
#1397=ORIENTED_EDGE('',*,*,#2472,.F.);
#1398=ORIENTED_EDGE('',*,*,#2478,.T.);
#1399=ORIENTED_EDGE('',*,*,#2479,.F.);
#1400=ORIENTED_EDGE('',*,*,#2480,.T.);
#1401=ORIENTED_EDGE('',*,*,#2481,.F.);
#1402=ORIENTED_EDGE('',*,*,#2482,.F.);
#1403=ORIENTED_EDGE('',*,*,#2483,.F.);
#1404=ORIENTED_EDGE('',*,*,#2484,.F.);
#1405=ORIENTED_EDGE('',*,*,#2485,.F.);
#1406=ORIENTED_EDGE('',*,*,#2486,.T.);
#1407=ORIENTED_EDGE('',*,*,#2482,.T.);
#1408=ORIENTED_EDGE('',*,*,#2487,.F.);
#1409=ORIENTED_EDGE('',*,*,#2154,.F.);
#1410=ORIENTED_EDGE('',*,*,#2488,.T.);
#1411=ORIENTED_EDGE('',*,*,#2483,.T.);
#1412=ORIENTED_EDGE('',*,*,#2486,.F.);
#1413=ORIENTED_EDGE('',*,*,#2153,.F.);
#1414=ORIENTED_EDGE('',*,*,#2489,.T.);
#1415=ORIENTED_EDGE('',*,*,#2490,.T.);
#1416=ORIENTED_EDGE('',*,*,#2484,.T.);
#1417=ORIENTED_EDGE('',*,*,#2488,.F.);
#1418=ORIENTED_EDGE('',*,*,#2491,.F.);
#1419=ORIENTED_EDGE('',*,*,#2492,.F.);
#1420=ORIENTED_EDGE('',*,*,#2466,.T.);
#1421=ORIENTED_EDGE('',*,*,#2493,.T.);
#1422=ORIENTED_EDGE('',*,*,#2485,.T.);
#1423=ORIENTED_EDGE('',*,*,#2490,.F.);
#1424=ORIENTED_EDGE('',*,*,#2494,.T.);
#1425=ORIENTED_EDGE('',*,*,#2495,.T.);
#1426=ORIENTED_EDGE('',*,*,#2496,.T.);
#1427=ORIENTED_EDGE('',*,*,#2497,.T.);
#1428=ORIENTED_EDGE('',*,*,#2498,.T.);
#1429=ORIENTED_EDGE('',*,*,#2499,.T.);
#1430=ORIENTED_EDGE('',*,*,#2162,.F.);
#1431=ORIENTED_EDGE('',*,*,#2500,.T.);
#1432=ORIENTED_EDGE('',*,*,#2497,.F.);
#1433=ORIENTED_EDGE('',*,*,#2501,.F.);
#1434=ORIENTED_EDGE('',*,*,#2502,.T.);
#1435=ORIENTED_EDGE('',*,*,#2163,.F.);
#1436=ORIENTED_EDGE('',*,*,#2501,.T.);
#1437=ORIENTED_EDGE('',*,*,#2496,.F.);
#1438=ORIENTED_EDGE('',*,*,#2503,.F.);
#1439=ORIENTED_EDGE('',*,*,#2504,.T.);
#1440=ORIENTED_EDGE('',*,*,#2503,.T.);
#1441=ORIENTED_EDGE('',*,*,#2495,.F.);
#1442=ORIENTED_EDGE('',*,*,#2505,.F.);
#1443=ORIENTED_EDGE('',*,*,#2505,.T.);
#1444=ORIENTED_EDGE('',*,*,#2494,.F.);
#1445=ORIENTED_EDGE('',*,*,#2506,.T.);
#1446=ORIENTED_EDGE('',*,*,#2479,.T.);
#1447=ORIENTED_EDGE('',*,*,#2507,.T.);
#1448=ORIENTED_EDGE('',*,*,#2193,.T.);
#1449=ORIENTED_EDGE('',*,*,#2337,.T.);
#1450=ORIENTED_EDGE('',*,*,#2224,.T.);
#1451=ORIENTED_EDGE('',*,*,#2339,.T.);
#1452=ORIENTED_EDGE('',*,*,#2303,.T.);
#1453=ORIENTED_EDGE('',*,*,#2302,.T.);
#1454=ORIENTED_EDGE('',*,*,#2508,.F.);
#1455=ORIENTED_EDGE('',*,*,#2508,.T.);
#1456=ORIENTED_EDGE('',*,*,#2301,.T.);
#1457=ORIENTED_EDGE('',*,*,#2326,.F.);
#1458=ORIENTED_EDGE('',*,*,#2182,.F.);
#1459=ORIENTED_EDGE('',*,*,#2338,.T.);
#1460=ORIENTED_EDGE('',*,*,#2213,.T.);
#1461=ORIENTED_EDGE('',*,*,#2340,.T.);
#1462=ORIENTED_EDGE('',*,*,#2420,.F.);
#1463=ORIENTED_EDGE('',*,*,#2452,.F.);
#1464=ORIENTED_EDGE('',*,*,#2454,.F.);
#1465=ORIENTED_EDGE('',*,*,#2509,.F.);
#1466=ORIENTED_EDGE('',*,*,#2132,.T.);
#1467=ORIENTED_EDGE('',*,*,#2217,.F.);
#1468=ORIENTED_EDGE('',*,*,#2510,.F.);
#1469=ORIENTED_EDGE('',*,*,#2511,.F.);
#1470=ORIENTED_EDGE('',*,*,#2168,.T.);
#1471=ORIENTED_EDGE('',*,*,#2512,.F.);
#1472=ORIENTED_EDGE('',*,*,#2439,.F.);
#1473=ORIENTED_EDGE('',*,*,#2436,.F.);
#1474=ORIENTED_EDGE('',*,*,#2422,.T.);
#1475=ORIENTED_EDGE('',*,*,#2385,.F.);
#1476=ORIENTED_EDGE('',*,*,#2388,.F.);
#1477=ORIENTED_EDGE('',*,*,#2371,.F.);
#1478=ORIENTED_EDGE('',*,*,#2424,.T.);
#1479=ORIENTED_EDGE('',*,*,#2167,.F.);
#1480=ORIENTED_EDGE('',*,*,#2435,.T.);
#1481=ORIENTED_EDGE('',*,*,#2440,.T.);
#1482=ORIENTED_EDGE('',*,*,#2512,.T.);
#1483=ORIENTED_EDGE('',*,*,#2509,.T.);
#1484=ORIENTED_EDGE('',*,*,#2453,.F.);
#1485=ORIENTED_EDGE('',*,*,#2448,.F.);
#1486=ORIENTED_EDGE('',*,*,#2133,.F.);
#1487=ORIENTED_EDGE('',*,*,#2368,.F.);
#1488=ORIENTED_EDGE('',*,*,#2513,.F.);
#1489=ORIENTED_EDGE('',*,*,#2480,.F.);
#1490=ORIENTED_EDGE('',*,*,#2493,.F.);
#1491=ORIENTED_EDGE('',*,*,#2465,.T.);
#1492=ORIENTED_EDGE('',*,*,#2475,.F.);
#1493=ORIENTED_EDGE('',*,*,#2476,.F.);
#1494=ORIENTED_EDGE('',*,*,#2469,.F.);
#1495=ORIENTED_EDGE('',*,*,#2477,.T.);
#1496=ORIENTED_EDGE('',*,*,#2506,.F.);
#1497=ORIENTED_EDGE('',*,*,#2499,.F.);
#1498=ORIENTED_EDGE('',*,*,#2514,.F.);
#1499=ORIENTED_EDGE('',*,*,#2160,.T.);
#1500=ORIENTED_EDGE('',*,*,#2171,.F.);
#1501=ORIENTED_EDGE('',*,*,#2173,.F.);
#1502=ORIENTED_EDGE('',*,*,#2170,.F.);
#1503=ORIENTED_EDGE('',*,*,#2156,.T.);
#1504=ORIENTED_EDGE('',*,*,#2155,.F.);
#1505=ORIENTED_EDGE('',*,*,#2487,.T.);
#1506=ORIENTED_EDGE('',*,*,#2481,.T.);
#1507=ORIENTED_EDGE('',*,*,#2513,.T.);
#1508=ORIENTED_EDGE('',*,*,#2514,.T.);
#1509=ORIENTED_EDGE('',*,*,#2498,.F.);
#1510=ORIENTED_EDGE('',*,*,#2500,.F.);
#1511=ORIENTED_EDGE('',*,*,#2161,.F.);
#1512=ORIENTED_EDGE('',*,*,#2251,.F.);
#1513=ORIENTED_EDGE('',*,*,#2136,.T.);
#1514=ORIENTED_EDGE('',*,*,#2447,.T.);
#1515=ORIENTED_EDGE('',*,*,#2441,.T.);
#1516=ORIENTED_EDGE('',*,*,#2450,.T.);
#1517=ORIENTED_EDGE('',*,*,#2425,.F.);
#1518=ORIENTED_EDGE('',*,*,#2374,.T.);
#1519=ORIENTED_EDGE('',*,*,#2377,.T.);
#1520=ORIENTED_EDGE('',*,*,#2380,.T.);
#1521=ORIENTED_EDGE('',*,*,#2383,.T.);
#1522=ORIENTED_EDGE('',*,*,#2387,.T.);
#1523=ORIENTED_EDGE('',*,*,#2421,.F.);
#1524=ORIENTED_EDGE('',*,*,#2438,.T.);
#1525=ORIENTED_EDGE('',*,*,#2430,.T.);
#1526=ORIENTED_EDGE('',*,*,#2431,.T.);
#1527=ORIENTED_EDGE('',*,*,#2164,.T.);
#1528=ORIENTED_EDGE('',*,*,#2502,.F.);
#1529=ORIENTED_EDGE('',*,*,#2504,.F.);
#1530=ORIENTED_EDGE('',*,*,#2507,.F.);
#1531=ORIENTED_EDGE('',*,*,#2478,.F.);
#1532=ORIENTED_EDGE('',*,*,#2471,.T.);
#1533=ORIENTED_EDGE('',*,*,#2458,.T.);
#1534=ORIENTED_EDGE('',*,*,#2461,.T.);
#1535=ORIENTED_EDGE('',*,*,#2464,.T.);
#1536=ORIENTED_EDGE('',*,*,#2473,.T.);
#1537=ORIENTED_EDGE('',*,*,#2467,.F.);
#1538=ORIENTED_EDGE('',*,*,#2492,.T.);
#1539=ORIENTED_EDGE('',*,*,#2491,.T.);
#1540=ORIENTED_EDGE('',*,*,#2489,.F.);
#1541=ORIENTED_EDGE('',*,*,#2152,.F.);
#1542=ORIENTED_EDGE('',*,*,#2360,.F.);
#1543=ORIENTED_EDGE('',*,*,#2359,.T.);
#1544=ORIENTED_EDGE('',*,*,#2353,.F.);
#1545=ORIENTED_EDGE('',*,*,#2334,.T.);
#1546=ORIENTED_EDGE('',*,*,#2515,.F.);
#1547=ORIENTED_EDGE('',*,*,#2256,.F.);
#1548=ORIENTED_EDGE('',*,*,#2255,.F.);
#1549=ORIENTED_EDGE('',*,*,#2357,.F.);
#1550=ORIENTED_EDGE('',*,*,#2400,.F.);
#1551=ORIENTED_EDGE('',*,*,#2235,.F.);
#1552=ORIENTED_EDGE('',*,*,#2516,.F.);
#1553=ORIENTED_EDGE('',*,*,#2185,.T.);
#1554=ORIENTED_EDGE('',*,*,#2517,.F.);
#1555=ORIENTED_EDGE('',*,*,#2389,.T.);
#1556=ORIENTED_EDGE('',*,*,#2186,.T.);
#1557=ORIENTED_EDGE('',*,*,#2516,.T.);
#1558=ORIENTED_EDGE('',*,*,#2252,.T.);
#1559=ORIENTED_EDGE('',*,*,#2399,.F.);
#1560=ORIENTED_EDGE('',*,*,#2320,.T.);
#1561=ORIENTED_EDGE('',*,*,#2319,.T.);
#1562=ORIENTED_EDGE('',*,*,#2518,.F.);
#1563=ORIENTED_EDGE('',*,*,#2321,.T.);
#1564=ORIENTED_EDGE('',*,*,#2519,.T.);
#1565=ORIENTED_EDGE('',*,*,#2318,.T.);
#1566=ORIENTED_EDGE('',*,*,#2317,.T.);
#1567=ORIENTED_EDGE('',*,*,#2316,.T.);
#1568=ORIENTED_EDGE('',*,*,#2040,.F.);
#1569=ORIENTED_EDGE('',*,*,#2520,.F.);
#1570=ORIENTED_EDGE('',*,*,#2261,.T.);
#1571=ORIENTED_EDGE('',*,*,#2260,.T.);
#1572=ORIENTED_EDGE('',*,*,#2058,.T.);
#1573=ORIENTED_EDGE('',*,*,#2041,.F.);
#1574=ORIENTED_EDGE('',*,*,#2262,.T.);
#1575=ORIENTED_EDGE('',*,*,#2520,.T.);
#1576=ORIENTED_EDGE('',*,*,#2039,.F.);
#1577=ORIENTED_EDGE('',*,*,#2055,.F.);
#1578=ORIENTED_EDGE('',*,*,#2129,.T.);
#1579=ORIENTED_EDGE('',*,*,#2128,.T.);
#1580=ORIENTED_EDGE('',*,*,#2511,.T.);
#1581=ORIENTED_EDGE('',*,*,#2521,.F.);
#1582=ORIENTED_EDGE('',*,*,#2130,.T.);
#1583=ORIENTED_EDGE('',*,*,#2521,.T.);
#1584=ORIENTED_EDGE('',*,*,#2510,.T.);
#1585=ORIENTED_EDGE('',*,*,#2216,.F.);
#1586=ORIENTED_EDGE('',*,*,#2150,.T.);
#1587=ORIENTED_EDGE('',*,*,#2522,.T.);
#1588=ORIENTED_EDGE('',*,*,#2121,.F.);
#1589=ORIENTED_EDGE('',*,*,#2118,.F.);
#1590=ORIENTED_EDGE('',*,*,#2523,.T.);
#1591=ORIENTED_EDGE('',*,*,#2050,.T.);
#1592=ORIENTED_EDGE('',*,*,#2524,.F.);
#1593=ORIENTED_EDGE('',*,*,#2525,.T.);
#1594=ORIENTED_EDGE('',*,*,#2036,.T.);
#1595=ORIENTED_EDGE('',*,*,#2526,.F.);
#1596=ORIENTED_EDGE('',*,*,#2116,.F.);
#1597=ORIENTED_EDGE('',*,*,#2126,.F.);
#1598=ORIENTED_EDGE('',*,*,#2142,.F.);
#1599=ORIENTED_EDGE('',*,*,#2413,.T.);
#1600=ORIENTED_EDGE('',*,*,#2364,.F.);
#1601=ORIENTED_EDGE('',*,*,#2117,.T.);
#1602=ORIENTED_EDGE('',*,*,#2526,.T.);
#1603=ORIENTED_EDGE('',*,*,#2052,.T.);
#1604=ORIENTED_EDGE('',*,*,#2051,.T.);
#1605=ORIENTED_EDGE('',*,*,#2523,.F.);
#1606=ORIENTED_EDGE('',*,*,#2123,.T.);
#1607=ORIENTED_EDGE('',*,*,#2527,.F.);
#1608=ORIENTED_EDGE('',*,*,#2144,.T.);
#1609=ORIENTED_EDGE('',*,*,#2143,.T.);
#1610=ORIENTED_EDGE('',*,*,#2522,.F.);
#1611=ORIENTED_EDGE('',*,*,#2149,.T.);
#1612=ORIENTED_EDGE('',*,*,#2148,.F.);
#1613=ORIENTED_EDGE('',*,*,#2147,.T.);
#1614=ORIENTED_EDGE('',*,*,#2146,.T.);
#1615=ORIENTED_EDGE('',*,*,#2145,.T.);
#1616=ORIENTED_EDGE('',*,*,#2527,.T.);
#1617=ORIENTED_EDGE('',*,*,#2122,.F.);
#1618=ORIENTED_EDGE('',*,*,#2309,.T.);
#1619=ORIENTED_EDGE('',*,*,#2113,.F.);
#1620=ORIENTED_EDGE('',*,*,#2107,.F.);
#1621=ORIENTED_EDGE('',*,*,#2139,.T.);
#1622=ORIENTED_EDGE('',*,*,#2308,.T.);
#1623=ORIENTED_EDGE('',*,*,#2307,.T.);
#1624=ORIENTED_EDGE('',*,*,#2211,.F.);
#1625=ORIENTED_EDGE('',*,*,#2414,.T.);
#1626=ORIENTED_EDGE('',*,*,#2140,.F.);
#1627=ORIENTED_EDGE('',*,*,#2114,.F.);
#1628=ORIENTED_EDGE('',*,*,#2111,.F.);
#1629=ORIENTED_EDGE('',*,*,#2528,.T.);
#1630=ORIENTED_EDGE('',*,*,#2529,.F.);
#1631=ORIENTED_EDGE('',*,*,#2530,.T.);
#1632=ORIENTED_EDGE('',*,*,#2531,.F.);
#1633=ORIENTED_EDGE('',*,*,#2532,.T.);
#1634=ORIENTED_EDGE('',*,*,#2528,.F.);
#1635=ORIENTED_EDGE('',*,*,#2533,.F.);
#1636=ORIENTED_EDGE('',*,*,#2534,.T.);
#1637=ORIENTED_EDGE('',*,*,#2535,.T.);
#1638=ORIENTED_EDGE('',*,*,#2529,.T.);
#1639=ORIENTED_EDGE('',*,*,#2535,.F.);
#1640=ORIENTED_EDGE('',*,*,#2536,.F.);
#1641=ORIENTED_EDGE('',*,*,#2078,.F.);
#1642=ORIENTED_EDGE('',*,*,#2537,.F.);
#1643=ORIENTED_EDGE('',*,*,#2074,.F.);
#1644=ORIENTED_EDGE('',*,*,#2538,.F.);
#1645=ORIENTED_EDGE('',*,*,#2070,.F.);
#1646=ORIENTED_EDGE('',*,*,#2539,.F.);
#1647=ORIENTED_EDGE('',*,*,#2106,.F.);
#1648=ORIENTED_EDGE('',*,*,#2540,.F.);
#1649=ORIENTED_EDGE('',*,*,#2541,.F.);
#1650=ORIENTED_EDGE('',*,*,#2542,.F.);
#1651=ORIENTED_EDGE('',*,*,#2530,.F.);
#1652=ORIENTED_EDGE('',*,*,#2542,.T.);
#1653=ORIENTED_EDGE('',*,*,#2543,.T.);
#1654=ORIENTED_EDGE('',*,*,#2544,.T.);
#1655=ORIENTED_EDGE('',*,*,#2545,.T.);
#1656=ORIENTED_EDGE('',*,*,#2546,.T.);
#1657=ORIENTED_EDGE('',*,*,#2547,.F.);
#1658=ORIENTED_EDGE('',*,*,#2548,.T.);
#1659=ORIENTED_EDGE('',*,*,#2549,.T.);
#1660=ORIENTED_EDGE('',*,*,#2550,.F.);
#1661=ORIENTED_EDGE('',*,*,#2551,.T.);
#1662=ORIENTED_EDGE('',*,*,#2552,.T.);
#1663=ORIENTED_EDGE('',*,*,#2273,.T.);
#1664=ORIENTED_EDGE('',*,*,#2553,.T.);
#1665=ORIENTED_EDGE('',*,*,#2554,.F.);
#1666=ORIENTED_EDGE('',*,*,#2555,.F.);
#1667=ORIENTED_EDGE('',*,*,#2556,.F.);
#1668=ORIENTED_EDGE('',*,*,#2531,.T.);
#1669=ORIENTED_EDGE('',*,*,#2555,.T.);
#1670=ORIENTED_EDGE('',*,*,#2557,.F.);
#1671=ORIENTED_EDGE('',*,*,#2558,.T.);
#1672=ORIENTED_EDGE('',*,*,#2557,.T.);
#1673=ORIENTED_EDGE('',*,*,#2554,.T.);
#1674=ORIENTED_EDGE('',*,*,#2559,.T.);
#1675=ORIENTED_EDGE('',*,*,#2560,.T.);
#1676=ORIENTED_EDGE('',*,*,#2561,.T.);
#1677=ORIENTED_EDGE('',*,*,#2562,.T.);
#1678=ORIENTED_EDGE('',*,*,#2563,.T.);
#1679=ORIENTED_EDGE('',*,*,#2564,.T.);
#1680=ORIENTED_EDGE('',*,*,#2083,.T.);
#1681=ORIENTED_EDGE('',*,*,#2565,.F.);
#1682=ORIENTED_EDGE('',*,*,#2566,.F.);
#1683=ORIENTED_EDGE('',*,*,#2567,.F.);
#1684=ORIENTED_EDGE('',*,*,#2568,.F.);
#1685=ORIENTED_EDGE('',*,*,#2097,.F.);
#1686=ORIENTED_EDGE('',*,*,#2568,.T.);
#1687=ORIENTED_EDGE('',*,*,#2569,.F.);
#1688=ORIENTED_EDGE('',*,*,#2570,.F.);
#1689=ORIENTED_EDGE('',*,*,#2571,.F.);
#1690=ORIENTED_EDGE('',*,*,#2572,.F.);
#1691=ORIENTED_EDGE('',*,*,#2566,.T.);
#1692=ORIENTED_EDGE('',*,*,#2573,.T.);
#1693=ORIENTED_EDGE('',*,*,#2243,.T.);
#1694=ORIENTED_EDGE('',*,*,#2574,.F.);
#1695=ORIENTED_EDGE('',*,*,#2101,.F.);
#1696=ORIENTED_EDGE('',*,*,#2575,.T.);
#1697=ORIENTED_EDGE('',*,*,#2576,.F.);
#1698=ORIENTED_EDGE('',*,*,#2577,.F.);
#1699=ORIENTED_EDGE('',*,*,#2578,.F.);
#1700=ORIENTED_EDGE('',*,*,#2579,.F.);
#1701=ORIENTED_EDGE('',*,*,#2580,.F.);
#1702=ORIENTED_EDGE('',*,*,#2581,.F.);
#1703=ORIENTED_EDGE('',*,*,#2580,.T.);
#1704=ORIENTED_EDGE('',*,*,#2579,.T.);
#1705=ORIENTED_EDGE('',*,*,#2578,.T.);
#1706=ORIENTED_EDGE('',*,*,#2546,.F.);
#1707=ORIENTED_EDGE('',*,*,#2545,.F.);
#1708=ORIENTED_EDGE('',*,*,#2544,.F.);
#1709=ORIENTED_EDGE('',*,*,#2582,.F.);
#1710=ORIENTED_EDGE('',*,*,#2239,.F.);
#1711=ORIENTED_EDGE('',*,*,#2583,.F.);
#1712=ORIENTED_EDGE('',*,*,#2584,.F.);
#1713=ORIENTED_EDGE('',*,*,#2585,.T.);
#1714=ORIENTED_EDGE('',*,*,#2081,.T.);
#1715=ORIENTED_EDGE('',*,*,#2586,.T.);
#1716=ORIENTED_EDGE('',*,*,#2534,.F.);
#1717=ORIENTED_EDGE('',*,*,#2547,.T.);
#1718=ORIENTED_EDGE('',*,*,#2583,.T.);
#1719=ORIENTED_EDGE('',*,*,#2238,.T.);
#1720=ORIENTED_EDGE('',*,*,#2587,.T.);
#1721=ORIENTED_EDGE('',*,*,#2541,.T.);
#1722=ORIENTED_EDGE('',*,*,#2588,.F.);
#1723=ORIENTED_EDGE('',*,*,#2240,.F.);
#1724=ORIENTED_EDGE('',*,*,#2582,.T.);
#1725=ORIENTED_EDGE('',*,*,#2543,.F.);
#1726=ORIENTED_EDGE('',*,*,#2589,.T.);
#1727=ORIENTED_EDGE('',*,*,#2559,.F.);
#1728=ORIENTED_EDGE('',*,*,#2553,.F.);
#1729=ORIENTED_EDGE('',*,*,#2272,.T.);
#1730=ORIENTED_EDGE('',*,*,#2590,.T.);
#1731=ORIENTED_EDGE('',*,*,#2245,.T.);
#1732=ORIENTED_EDGE('',*,*,#2591,.T.);
#1733=ORIENTED_EDGE('',*,*,#2095,.F.);
#1734=ORIENTED_EDGE('',*,*,#2591,.F.);
#1735=ORIENTED_EDGE('',*,*,#2244,.T.);
#1736=ORIENTED_EDGE('',*,*,#2573,.F.);
#1737=ORIENTED_EDGE('',*,*,#2565,.T.);
#1738=ORIENTED_EDGE('',*,*,#2096,.F.);
#1739=ORIENTED_EDGE('',*,*,#2592,.T.);
#1740=ORIENTED_EDGE('',*,*,#2593,.T.);
#1741=ORIENTED_EDGE('',*,*,#2241,.T.);
#1742=ORIENTED_EDGE('',*,*,#2588,.T.);
#1743=ORIENTED_EDGE('',*,*,#2594,.T.);
#1744=ORIENTED_EDGE('',*,*,#2595,.T.);
#1745=ORIENTED_EDGE('',*,*,#2596,.F.);
#1746=ORIENTED_EDGE('',*,*,#2597,.F.);
#1747=ORIENTED_EDGE('',*,*,#2598,.T.);
#1748=ORIENTED_EDGE('',*,*,#2599,.F.);
#1749=ORIENTED_EDGE('',*,*,#2596,.T.);
#1750=ORIENTED_EDGE('',*,*,#2600,.T.);
#1751=ORIENTED_EDGE('',*,*,#2601,.T.);
#1752=ORIENTED_EDGE('',*,*,#2602,.F.);
#1753=ORIENTED_EDGE('',*,*,#2597,.T.);
#1754=ORIENTED_EDGE('',*,*,#2599,.T.);
#1755=ORIENTED_EDGE('',*,*,#2603,.F.);
#1756=ORIENTED_EDGE('',*,*,#2594,.F.);
#1757=ORIENTED_EDGE('',*,*,#2602,.T.);
#1758=ORIENTED_EDGE('',*,*,#2604,.F.);
#1759=ORIENTED_EDGE('',*,*,#2605,.T.);
#1760=ORIENTED_EDGE('',*,*,#2600,.F.);
#1761=ORIENTED_EDGE('',*,*,#2595,.F.);
#1762=ORIENTED_EDGE('',*,*,#2603,.T.);
#1763=ORIENTED_EDGE('',*,*,#2086,.T.);
#1764=ORIENTED_EDGE('',*,*,#2606,.F.);
#1765=ORIENTED_EDGE('',*,*,#2607,.T.);
#1766=ORIENTED_EDGE('',*,*,#2608,.F.);
#1767=ORIENTED_EDGE('',*,*,#2605,.F.);
#1768=ORIENTED_EDGE('',*,*,#2604,.T.);
#1769=ORIENTED_EDGE('',*,*,#2601,.F.);
#1770=ORIENTED_EDGE('',*,*,#2598,.F.);
#1771=ORIENTED_EDGE('',*,*,#2085,.T.);
#1772=ORIENTED_EDGE('',*,*,#2609,.T.);
#1773=ORIENTED_EDGE('',*,*,#2610,.T.);
#1774=ORIENTED_EDGE('',*,*,#2606,.T.);
#1775=ORIENTED_EDGE('',*,*,#2104,.T.);
#1776=ORIENTED_EDGE('',*,*,#2592,.F.);
#1777=ORIENTED_EDGE('',*,*,#2540,.T.);
#1778=ORIENTED_EDGE('',*,*,#2105,.T.);
#1779=ORIENTED_EDGE('',*,*,#2611,.T.);
#1780=ORIENTED_EDGE('',*,*,#2548,.F.);
#1781=ORIENTED_EDGE('',*,*,#2587,.F.);
#1782=ORIENTED_EDGE('',*,*,#2237,.F.);
#1783=ORIENTED_EDGE('',*,*,#2612,.F.);
#1784=ORIENTED_EDGE('',*,*,#2549,.F.);
#1785=ORIENTED_EDGE('',*,*,#2611,.F.);
#1786=ORIENTED_EDGE('',*,*,#2613,.F.);
#1787=ORIENTED_EDGE('',*,*,#2184,.T.);
#1788=ORIENTED_EDGE('',*,*,#2325,.T.);
#1789=ORIENTED_EDGE('',*,*,#2614,.F.);
#1790=ORIENTED_EDGE('',*,*,#2615,.F.);
#1791=ORIENTED_EDGE('',*,*,#2615,.T.);
#1792=ORIENTED_EDGE('',*,*,#2616,.F.);
#1793=ORIENTED_EDGE('',*,*,#2298,.T.);
#1794=ORIENTED_EDGE('',*,*,#2092,.T.);
#1795=ORIENTED_EDGE('',*,*,#2617,.T.);
#1796=ORIENTED_EDGE('',*,*,#2550,.T.);
#1797=ORIENTED_EDGE('',*,*,#2616,.T.);
#1798=ORIENTED_EDGE('',*,*,#2614,.T.);
#1799=ORIENTED_EDGE('',*,*,#2324,.F.);
#1800=ORIENTED_EDGE('',*,*,#2299,.T.);
#1801=ORIENTED_EDGE('',*,*,#2274,.F.);
#1802=ORIENTED_EDGE('',*,*,#2552,.F.);
#1803=ORIENTED_EDGE('',*,*,#2618,.T.);
#1804=ORIENTED_EDGE('',*,*,#2090,.T.);
#1805=ORIENTED_EDGE('',*,*,#2619,.T.);
#1806=ORIENTED_EDGE('',*,*,#2328,.T.);
#1807=ORIENTED_EDGE('',*,*,#2551,.F.);
#1808=ORIENTED_EDGE('',*,*,#2617,.F.);
#1809=ORIENTED_EDGE('',*,*,#2091,.F.);
#1810=ORIENTED_EDGE('',*,*,#2618,.F.);
#1811=ORIENTED_EDGE('',*,*,#2620,.T.);
#1812=ORIENTED_EDGE('',*,*,#2102,.F.);
#1813=ORIENTED_EDGE('',*,*,#2574,.T.);
#1814=ORIENTED_EDGE('',*,*,#2242,.F.);
#1815=ORIENTED_EDGE('',*,*,#2620,.F.);
#1816=ORIENTED_EDGE('',*,*,#2593,.F.);
#1817=ORIENTED_EDGE('',*,*,#2103,.F.);
#1818=ORIENTED_EDGE('',*,*,#2621,.F.);
#1819=ORIENTED_EDGE('',*,*,#2622,.F.);
#1820=ORIENTED_EDGE('',*,*,#2623,.F.);
#1821=ORIENTED_EDGE('',*,*,#2099,.F.);
#1822=ORIENTED_EDGE('',*,*,#2624,.T.);
#1823=ORIENTED_EDGE('',*,*,#2622,.T.);
#1824=ORIENTED_EDGE('',*,*,#2569,.T.);
#1825=ORIENTED_EDGE('',*,*,#2625,.F.);
#1826=ORIENTED_EDGE('',*,*,#2572,.T.);
#1827=ORIENTED_EDGE('',*,*,#2571,.T.);
#1828=ORIENTED_EDGE('',*,*,#2581,.T.);
#1829=ORIENTED_EDGE('',*,*,#2577,.T.);
#1830=ORIENTED_EDGE('',*,*,#2576,.T.);
#1831=ORIENTED_EDGE('',*,*,#2626,.F.);
#1832=ORIENTED_EDGE('',*,*,#2625,.T.);
#1833=ORIENTED_EDGE('',*,*,#2567,.T.);
#1834=ORIENTED_EDGE('',*,*,#2621,.T.);
#1835=ORIENTED_EDGE('',*,*,#2098,.F.);
#1836=ORIENTED_EDGE('',*,*,#2570,.T.);
#1837=ORIENTED_EDGE('',*,*,#2100,.T.);
#1838=ORIENTED_EDGE('',*,*,#2623,.T.);
#1839=ORIENTED_EDGE('',*,*,#2624,.F.);
#1840=ORIENTED_EDGE('',*,*,#2627,.T.);
#1841=ORIENTED_EDGE('',*,*,#2627,.F.);
#1842=ORIENTED_EDGE('',*,*,#2626,.T.);
#1843=ORIENTED_EDGE('',*,*,#2575,.F.);
#1844=ORIENTED_EDGE('',*,*,#2082,.T.);
#1845=ORIENTED_EDGE('',*,*,#2585,.F.);
#1846=ORIENTED_EDGE('',*,*,#2628,.F.);
#1847=ORIENTED_EDGE('',*,*,#2562,.F.);
#1848=ORIENTED_EDGE('',*,*,#2629,.T.);
#1849=ORIENTED_EDGE('',*,*,#2630,.T.);
#1850=ORIENTED_EDGE('',*,*,#2631,.T.);
#1851=ORIENTED_EDGE('',*,*,#2632,.T.);
#1852=ORIENTED_EDGE('',*,*,#2633,.T.);
#1853=ORIENTED_EDGE('',*,*,#2634,.T.);
#1854=ORIENTED_EDGE('',*,*,#2629,.F.);
#1855=ORIENTED_EDGE('',*,*,#2635,.T.);
#1856=ORIENTED_EDGE('',*,*,#2636,.F.);
#1857=ORIENTED_EDGE('',*,*,#2637,.T.);
#1858=ORIENTED_EDGE('',*,*,#2638,.F.);
#1859=ORIENTED_EDGE('',*,*,#2639,.T.);
#1860=ORIENTED_EDGE('',*,*,#2640,.F.);
#1861=ORIENTED_EDGE('',*,*,#2641,.F.);
#1862=ORIENTED_EDGE('',*,*,#2556,.T.);
#1863=ORIENTED_EDGE('',*,*,#2641,.T.);
#1864=ORIENTED_EDGE('',*,*,#2642,.T.);
#1865=ORIENTED_EDGE('',*,*,#2642,.F.);
#1866=ORIENTED_EDGE('',*,*,#2639,.F.);
#1867=ORIENTED_EDGE('',*,*,#2643,.T.);
#1868=ORIENTED_EDGE('',*,*,#2637,.F.);
#1869=ORIENTED_EDGE('',*,*,#2644,.F.);
#1870=ORIENTED_EDGE('',*,*,#2633,.F.);
#1871=ORIENTED_EDGE('',*,*,#2645,.T.);
#1872=ORIENTED_EDGE('',*,*,#2609,.F.);
#1873=ORIENTED_EDGE('',*,*,#2084,.F.);
#1874=ORIENTED_EDGE('',*,*,#2564,.F.);
#1875=ORIENTED_EDGE('',*,*,#2646,.T.);
#1876=ORIENTED_EDGE('',*,*,#2647,.T.);
#1877=ORIENTED_EDGE('',*,*,#2648,.F.);
#1878=ORIENTED_EDGE('',*,*,#2631,.F.);
#1879=ORIENTED_EDGE('',*,*,#2649,.F.);
#1880=ORIENTED_EDGE('',*,*,#2647,.F.);
#1881=ORIENTED_EDGE('',*,*,#2644,.T.);
#1882=ORIENTED_EDGE('',*,*,#2638,.T.);
#1883=ORIENTED_EDGE('',*,*,#2643,.F.);
#1884=ORIENTED_EDGE('',*,*,#2649,.T.);
#1885=ORIENTED_EDGE('',*,*,#2630,.F.);
#1886=ORIENTED_EDGE('',*,*,#2634,.F.);
#1887=ORIENTED_EDGE('',*,*,#2650,.T.);
#1888=ORIENTED_EDGE('',*,*,#2651,.T.);
#1889=ORIENTED_EDGE('',*,*,#2652,.F.);
#1890=ORIENTED_EDGE('',*,*,#2059,.F.);
#1891=ORIENTED_EDGE('',*,*,#2653,.T.);
#1892=ORIENTED_EDGE('',*,*,#2654,.T.);
#1893=ORIENTED_EDGE('',*,*,#2655,.F.);
#1894=ORIENTED_EDGE('',*,*,#2650,.F.);
#1895=ORIENTED_EDGE('',*,*,#2656,.F.);
#1896=ORIENTED_EDGE('',*,*,#2657,.F.);
#1897=ORIENTED_EDGE('',*,*,#2060,.T.);
#1898=ORIENTED_EDGE('',*,*,#2652,.T.);
#1899=ORIENTED_EDGE('',*,*,#2658,.F.);
#1900=ORIENTED_EDGE('',*,*,#2061,.T.);
#1901=ORIENTED_EDGE('',*,*,#2658,.T.);
#1902=ORIENTED_EDGE('',*,*,#2651,.F.);
#1903=ORIENTED_EDGE('',*,*,#2659,.T.);
#1904=ORIENTED_EDGE('',*,*,#2062,.T.);
#1905=ORIENTED_EDGE('',*,*,#2659,.F.);
#1906=ORIENTED_EDGE('',*,*,#2655,.T.);
#1907=ORIENTED_EDGE('',*,*,#2660,.T.);
#1908=ORIENTED_EDGE('',*,*,#2064,.T.);
#1909=ORIENTED_EDGE('',*,*,#2661,.F.);
#1910=ORIENTED_EDGE('',*,*,#2656,.T.);
#1911=ORIENTED_EDGE('',*,*,#2662,.T.);
#1912=ORIENTED_EDGE('',*,*,#2065,.T.);
#1913=ORIENTED_EDGE('',*,*,#2662,.F.);
#1914=ORIENTED_EDGE('',*,*,#2654,.F.);
#1915=ORIENTED_EDGE('',*,*,#2663,.F.);
#1916=ORIENTED_EDGE('',*,*,#2663,.T.);
#1917=ORIENTED_EDGE('',*,*,#2653,.F.);
#1918=ORIENTED_EDGE('',*,*,#2066,.F.);
#1919=ORIENTED_EDGE('',*,*,#2660,.F.);
#1920=ORIENTED_EDGE('',*,*,#2657,.T.);
#1921=ORIENTED_EDGE('',*,*,#2661,.T.);
#1922=ORIENTED_EDGE('',*,*,#2063,.F.);
#1923=ORIENTED_EDGE('',*,*,#2079,.T.);
#1924=ORIENTED_EDGE('',*,*,#2536,.T.);
#1925=ORIENTED_EDGE('',*,*,#2586,.F.);
#1926=ORIENTED_EDGE('',*,*,#2080,.F.);
#1927=ORIENTED_EDGE('',*,*,#2076,.T.);
#1928=ORIENTED_EDGE('',*,*,#2075,.T.);
#1929=ORIENTED_EDGE('',*,*,#2537,.T.);
#1930=ORIENTED_EDGE('',*,*,#2077,.T.);
#1931=ORIENTED_EDGE('',*,*,#2071,.T.);
#1932=ORIENTED_EDGE('',*,*,#2538,.T.);
#1933=ORIENTED_EDGE('',*,*,#2073,.T.);
#1934=ORIENTED_EDGE('',*,*,#2072,.T.);
#1935=ORIENTED_EDGE('',*,*,#2067,.T.);
#1936=ORIENTED_EDGE('',*,*,#2539,.T.);
#1937=ORIENTED_EDGE('',*,*,#2069,.T.);
#1938=ORIENTED_EDGE('',*,*,#2068,.T.);
#1939=ORIENTED_EDGE('',*,*,#2515,.T.);
#1940=ORIENTED_EDGE('',*,*,#2664,.F.);
#1941=ORIENTED_EDGE('',*,*,#2607,.F.);
#1942=ORIENTED_EDGE('',*,*,#2610,.F.);
#1943=ORIENTED_EDGE('',*,*,#2645,.F.);
#1944=ORIENTED_EDGE('',*,*,#2635,.F.);
#1945=ORIENTED_EDGE('',*,*,#2632,.F.);
#1946=ORIENTED_EDGE('',*,*,#2648,.T.);
#1947=ORIENTED_EDGE('',*,*,#2646,.F.);
#1948=ORIENTED_EDGE('',*,*,#2563,.F.);
#1949=ORIENTED_EDGE('',*,*,#2628,.T.);
#1950=ORIENTED_EDGE('',*,*,#2584,.T.);
#1951=ORIENTED_EDGE('',*,*,#2533,.T.);
#1952=ORIENTED_EDGE('',*,*,#2532,.F.);
#1953=ORIENTED_EDGE('',*,*,#2558,.F.);
#1954=ORIENTED_EDGE('',*,*,#2561,.F.);
#1955=ORIENTED_EDGE('',*,*,#2665,.F.);
#1956=ORIENTED_EDGE('',*,*,#2257,.T.);
#1957=ORIENTED_EDGE('',*,*,#2665,.T.);
#1958=ORIENTED_EDGE('',*,*,#2560,.F.);
#1959=ORIENTED_EDGE('',*,*,#2589,.F.);
#1960=ORIENTED_EDGE('',*,*,#2271,.T.);
#1961=ORIENTED_EDGE('',*,*,#2296,.T.);
#1962=ORIENTED_EDGE('',*,*,#2246,.F.);
#1963=ORIENTED_EDGE('',*,*,#2590,.F.);
#1964=ORIENTED_EDGE('',*,*,#2094,.T.);
#1965=ORIENTED_EDGE('',*,*,#2297,.T.);
#1966=ORIENTED_EDGE('',*,*,#2331,.T.);
#1967=ORIENTED_EDGE('',*,*,#2087,.T.);
#1968=ORIENTED_EDGE('',*,*,#2608,.T.);
#1969=ORIENTED_EDGE('',*,*,#2664,.T.);
#1970=ORIENTED_EDGE('',*,*,#2333,.T.);
#1971=ORIENTED_EDGE('',*,*,#2517,.T.);
#1972=ORIENTED_EDGE('',*,*,#2613,.T.);
#1973=ORIENTED_EDGE('',*,*,#2612,.T.);
#1974=ORIENTED_EDGE('',*,*,#2236,.F.);
#1975=ORIENTED_EDGE('',*,*,#2666,.F.);
#1976=ORIENTED_EDGE('',*,*,#2329,.T.);
#1977=ORIENTED_EDGE('',*,*,#2619,.F.);
#1978=ORIENTED_EDGE('',*,*,#2089,.F.);
#1979=ORIENTED_EDGE('',*,*,#2330,.T.);
#1980=ORIENTED_EDGE('',*,*,#2034,.T.);
#1981=ORIENTED_EDGE('',*,*,#2667,.T.);
#1982=ORIENTED_EDGE('',*,*,#2229,.T.);
#1983=ORIENTED_EDGE('',*,*,#2176,.T.);
#1984=ORIENTED_EDGE('',*,*,#2175,.T.);
#1985=ORIENTED_EDGE('',*,*,#2668,.F.);
#1986=ORIENTED_EDGE('',*,*,#2203,.T.);
#1987=ORIENTED_EDGE('',*,*,#2669,.F.);
#1988=ORIENTED_EDGE('',*,*,#2313,.F.);
#1989=ORIENTED_EDGE('',*,*,#2670,.F.);
#1990=ORIENTED_EDGE('',*,*,#2314,.F.);
#1991=ORIENTED_EDGE('',*,*,#2669,.T.);
#1992=ORIENTED_EDGE('',*,*,#2202,.T.);
#1993=ORIENTED_EDGE('',*,*,#2219,.T.);
#1994=ORIENTED_EDGE('',*,*,#2228,.F.);
#1995=ORIENTED_EDGE('',*,*,#2234,.F.);
#1996=ORIENTED_EDGE('',*,*,#2519,.F.);
#1997=ORIENTED_EDGE('',*,*,#2315,.T.);
#1998=ORIENTED_EDGE('',*,*,#2323,.F.);
#1999=ORIENTED_EDGE('',*,*,#2322,.F.);
#2000=ORIENTED_EDGE('',*,*,#2518,.T.);
#2001=ORIENTED_EDGE('',*,*,#2232,.T.);
#2002=ORIENTED_EDGE('',*,*,#2230,.F.);
#2003=ORIENTED_EDGE('',*,*,#2668,.T.);
#2004=ORIENTED_EDGE('',*,*,#2174,.T.);
#2005=ORIENTED_EDGE('',*,*,#2670,.T.);
#2006=ORIENTED_EDGE('',*,*,#2636,.T.);
#2007=ORIENTED_EDGE('',*,*,#2640,.T.);
#2008=ORIENTED_EDGE('',*,*,#2033,.F.);
#2009=ORIENTED_EDGE('',*,*,#2043,.F.);
#2010=ORIENTED_EDGE('',*,*,#2057,.F.);
#2011=ORIENTED_EDGE('',*,*,#2259,.F.);
#2012=ORIENTED_EDGE('',*,*,#2671,.T.);
#2013=ORIENTED_EDGE('',*,*,#2667,.F.);
#2014=ORIENTED_EDGE('',*,*,#2258,.T.);
#2015=ORIENTED_EDGE('',*,*,#2327,.T.);
#2016=ORIENTED_EDGE('',*,*,#2666,.T.);
#2017=ORIENTED_EDGE('',*,*,#2671,.F.);
#2018=ORIENTED_EDGE('',*,*,#2265,.T.);
#2019=ORIENTED_EDGE('',*,*,#2672,.T.);
#2020=ORIENTED_EDGE('',*,*,#2524,.T.);
#2021=ORIENTED_EDGE('',*,*,#2363,.T.);
#2022=ORIENTED_EDGE('',*,*,#2030,.F.);
#2023=ORIENTED_EDGE('',*,*,#2263,.F.);
#2024=ORIENTED_EDGE('',*,*,#2053,.F.);
#2025=ORIENTED_EDGE('',*,*,#2037,.F.);
#2026=ORIENTED_EDGE('',*,*,#2525,.F.);
#2027=ORIENTED_EDGE('',*,*,#2672,.F.);
#2028=ORIENTED_EDGE('',*,*,#2264,.F.);
#2029=EDGE_CURVE('',#2673,#2674,#3114,.T.);
#2030=EDGE_CURVE('',#2674,#2675,#3115,.T.);
#2031=EDGE_CURVE('',#2675,#2673,#674,.T.);
#2032=EDGE_CURVE('',#2676,#2677,#3116,.F.);
#2033=EDGE_CURVE('',#2676,#2678,#3117,.T.);
#2034=EDGE_CURVE('',#2679,#2678,#3118,.F.);
#2035=EDGE_CURVE('',#2679,#2677,#3119,.T.);
#2036=EDGE_CURVE('',#2680,#2681,#3120,.F.);
#2037=EDGE_CURVE('',#2680,#2682,#3121,.T.);
#2038=EDGE_CURVE('',#2682,#2683,#3122,.T.);
#2039=EDGE_CURVE('',#2683,#2684,#3123,.T.);
#2040=EDGE_CURVE('',#2684,#2685,#3124,.T.);
#2041=EDGE_CURVE('',#2685,#2686,#3125,.T.);
#2042=EDGE_CURVE('',#2686,#2687,#3126,.T.);
#2043=EDGE_CURVE('',#2687,#2676,#3127,.T.);
#2044=EDGE_CURVE('',#2677,#2688,#3128,.T.);
#2045=EDGE_CURVE('',#2688,#2689,#3129,.T.);
#2046=EDGE_CURVE('',#2689,#2690,#3130,.T.);
#2047=EDGE_CURVE('',#2690,#2691,#3131,.T.);
#2048=EDGE_CURVE('',#2691,#2692,#675,.T.);
#2049=EDGE_CURVE('',#2693,#2692,#3132,.T.);
#2050=EDGE_CURVE('',#2694,#2693,#3133,.T.);
#2051=EDGE_CURVE('',#2695,#2694,#3134,.T.);
#2052=EDGE_CURVE('',#2681,#2695,#3135,.T.);
#2053=EDGE_CURVE('',#2682,#2696,#42,.F.);
#2054=EDGE_CURVE('',#2696,#2697,#3136,.T.);
#2055=EDGE_CURVE('',#2697,#2683,#43,.T.);
#2056=EDGE_CURVE('',#2698,#2699,#3137,.T.);
#2057=EDGE_CURVE('',#2699,#2687,#44,.T.);
#2058=EDGE_CURVE('',#2698,#2686,#45,.T.);
#2059=EDGE_CURVE('',#2700,#2701,#46,.T.);
#2060=EDGE_CURVE('',#2702,#2701,#47,.T.);
#2061=EDGE_CURVE('',#2703,#2702,#48,.T.);
#2062=EDGE_CURVE('',#2704,#2703,#49,.T.);
#2063=EDGE_CURVE('',#2704,#2705,#50,.T.);
#2064=EDGE_CURVE('',#2706,#2705,#51,.T.);
#2065=EDGE_CURVE('',#2707,#2706,#52,.T.);
#2066=EDGE_CURVE('',#2707,#2700,#53,.T.);
#2067=EDGE_CURVE('',#2708,#2709,#3138,.F.);
#2068=EDGE_CURVE('',#2710,#2708,#3139,.F.);
#2069=EDGE_CURVE('',#2711,#2710,#3140,.F.);
#2070=EDGE_CURVE('',#2711,#2712,#54,.T.);
#2071=EDGE_CURVE('',#2713,#2712,#3141,.F.);
#2072=EDGE_CURVE('',#2714,#2713,#3142,.F.);
#2073=EDGE_CURVE('',#2715,#2714,#3143,.F.);
#2074=EDGE_CURVE('',#2715,#2716,#55,.T.);
#2075=EDGE_CURVE('',#2717,#2716,#3144,.F.);
#2076=EDGE_CURVE('',#2718,#2717,#3145,.F.);
#2077=EDGE_CURVE('',#2719,#2718,#3146,.F.);
#2078=EDGE_CURVE('',#2719,#2720,#56,.T.);
#2079=EDGE_CURVE('',#2721,#2720,#3147,.F.);
#2080=EDGE_CURVE('',#2721,#2722,#57,.T.);
#2081=EDGE_CURVE('',#2723,#2722,#58,.T.);
#2082=EDGE_CURVE('',#2724,#2723,#59,.T.);
#2083=EDGE_CURVE('',#2725,#2724,#60,.T.);
#2084=EDGE_CURVE('',#2725,#2726,#61,.T.);
#2085=EDGE_CURVE('',#2727,#2726,#676,.T.);
#2086=EDGE_CURVE('',#2728,#2727,#3148,.T.);
#2087=EDGE_CURVE('',#2729,#2728,#3149,.T.);
#2088=EDGE_CURVE('',#2729,#2730,#3150,.T.);
#2089=EDGE_CURVE('',#2730,#2731,#3151,.T.);
#2090=EDGE_CURVE('',#2732,#2731,#62,.T.);
#2091=EDGE_CURVE('',#2732,#2733,#63,.T.);
#2092=EDGE_CURVE('',#2734,#2733,#64,.T.);
#2093=EDGE_CURVE('',#2734,#2735,#3152,.T.);
#2094=EDGE_CURVE('',#2736,#2735,#3153,.T.);
#2095=EDGE_CURVE('',#2736,#2737,#3154,.T.);
#2096=EDGE_CURVE('',#2737,#2738,#677,.T.);
#2097=EDGE_CURVE('',#2738,#2739,#65,.T.);
#2098=EDGE_CURVE('',#2739,#2740,#66,.T.);
#2099=EDGE_CURVE('',#2740,#2741,#67,.T.);
#2100=EDGE_CURVE('',#2742,#2741,#68,.T.);
#2101=EDGE_CURVE('',#2742,#2743,#3155,.T.);
#2102=EDGE_CURVE('',#2743,#2744,#3156,.T.);
#2103=EDGE_CURVE('',#2744,#2745,#69,.T.);
#2104=EDGE_CURVE('',#2746,#2745,#3157,.F.);
#2105=EDGE_CURVE('',#2747,#2746,#3158,.F.);
#2106=EDGE_CURVE('',#2747,#2709,#70,.T.);
#2107=EDGE_CURVE('',#2748,#2749,#71,.T.);
#2108=EDGE_CURVE('',#2749,#2750,#72,.T.);
#2109=EDGE_CURVE('',#2751,#2750,#73,.T.);
#2110=EDGE_CURVE('',#2751,#2748,#74,.T.);
#2111=EDGE_CURVE('',#2752,#2753,#3159,.T.);
#2112=EDGE_CURVE('',#2750,#2753,#75,.T.);
#2113=EDGE_CURVE('',#2749,#2752,#76,.T.);
#2114=EDGE_CURVE('',#2753,#2754,#3160,.T.);
#2115=EDGE_CURVE('',#2754,#2751,#77,.T.);
#2116=EDGE_CURVE('',#2755,#2756,#3161,.T.);
#2117=EDGE_CURVE('',#2757,#2756,#78,.T.);
#2118=EDGE_CURVE('',#2757,#2758,#79,.T.);
#2119=EDGE_CURVE('',#2758,#2759,#80,.T.);
#2120=EDGE_CURVE('',#2755,#2759,#81,.T.);
#2121=EDGE_CURVE('',#2758,#2760,#82,.T.);
#2122=EDGE_CURVE('',#2760,#2761,#83,.T.);
#2123=EDGE_CURVE('',#2762,#2761,#84,.T.);
#2124=EDGE_CURVE('',#2762,#2763,#85,.T.);
#2125=EDGE_CURVE('',#2759,#2763,#86,.T.);
#2126=EDGE_CURVE('',#2764,#2755,#3162,.T.);
#2127=EDGE_CURVE('',#2763,#2764,#87,.T.);
#2128=EDGE_CURVE('',#2765,#2766,#88,.T.);
#2129=EDGE_CURVE('',#2767,#2765,#89,.T.);
#2130=EDGE_CURVE('',#2768,#2767,#34,.T.);
#2131=EDGE_CURVE('',#2769,#2768,#90,.T.);
#2132=EDGE_CURVE('',#2770,#2769,#35,.T.);
#2133=EDGE_CURVE('',#2770,#2771,#91,.T.);
#2134=EDGE_CURVE('',#2771,#2772,#3163,.T.);
#2135=EDGE_CURVE('',#2772,#2773,#92,.T.);
#2136=EDGE_CURVE('',#2774,#2773,#3164,.T.);
#2137=EDGE_CURVE('',#2775,#2774,#93,.T.);
#2138=EDGE_CURVE('',#2775,#2776,#3165,.T.);
#2139=EDGE_CURVE('',#2748,#2776,#94,.T.);
#2140=EDGE_CURVE('',#2754,#2777,#3166,.T.);
#2141=EDGE_CURVE('',#2777,#2778,#3167,.T.);
#2142=EDGE_CURVE('',#2778,#2764,#3168,.T.);
#2143=EDGE_CURVE('',#2779,#2762,#95,.T.);
#2144=EDGE_CURVE('',#2780,#2779,#96,.T.);
#2145=EDGE_CURVE('',#2781,#2780,#3169,.F.);
#2146=EDGE_CURVE('',#2782,#2781,#3170,.F.);
#2147=EDGE_CURVE('',#2783,#2782,#3171,.F.);
#2148=EDGE_CURVE('',#2783,#2784,#97,.T.);
#2149=EDGE_CURVE('',#2785,#2784,#3172,.F.);
#2150=EDGE_CURVE('',#2693,#2785,#98,.T.);
#2151=EDGE_CURVE('',#2786,#2692,#99,.T.);
#2152=EDGE_CURVE('',#2786,#2787,#3173,.T.);
#2153=EDGE_CURVE('',#2787,#2788,#100,.T.);
#2154=EDGE_CURVE('',#2788,#2789,#3174,.T.);
#2155=EDGE_CURVE('',#2789,#2790,#101,.T.);
#2156=EDGE_CURVE('',#2791,#2790,#36,.T.);
#2157=EDGE_CURVE('',#2792,#2791,#102,.T.);
#2158=EDGE_CURVE('',#2793,#2792,#103,.T.);
#2159=EDGE_CURVE('',#2794,#2793,#104,.T.);
#2160=EDGE_CURVE('',#2795,#2794,#37,.T.);
#2161=EDGE_CURVE('',#2795,#2796,#105,.T.);
#2162=EDGE_CURVE('',#2796,#2797,#3175,.T.);
#2163=EDGE_CURVE('',#2797,#2798,#106,.T.);
#2164=EDGE_CURVE('',#2799,#2798,#3176,.T.);
#2165=EDGE_CURVE('',#2799,#2800,#107,.T.);
#2166=EDGE_CURVE('',#2800,#2801,#3177,.T.);
#2167=EDGE_CURVE('',#2801,#2802,#108,.T.);
#2168=EDGE_CURVE('',#2766,#2802,#38,.T.);
#2169=EDGE_CURVE('',#2803,#2792,#109,.T.);
#2170=EDGE_CURVE('',#2791,#2803,#110,.T.);
#2171=EDGE_CURVE('',#2804,#2794,#111,.T.);
#2172=EDGE_CURVE('',#2804,#2793,#112,.T.);
#2173=EDGE_CURVE('',#2803,#2804,#3178,.T.);
#2174=EDGE_CURVE('',#2805,#2806,#3179,.T.);
#2175=EDGE_CURVE('',#2807,#2805,#3180,.T.);
#2176=EDGE_CURVE('',#2808,#2807,#3181,.T.);
#2177=EDGE_CURVE('',#2809,#2808,#678,.T.);
#2178=EDGE_CURVE('',#2810,#2809,#3182,.F.);
#2179=EDGE_CURVE('',#2811,#2810,#3183,.F.);
#2180=EDGE_CURVE('',#2812,#2811,#679,.T.);
#2181=EDGE_CURVE('',#2812,#2813,#680,.T.);
#2182=EDGE_CURVE('',#2813,#2814,#3184,.T.);
#2183=EDGE_CURVE('',#2815,#2814,#3185,.T.);
#2184=EDGE_CURVE('',#2816,#2815,#3186,.F.);
#2185=EDGE_CURVE('',#2817,#2816,#3187,.T.);
#2186=EDGE_CURVE('',#2818,#2817,#3188,.T.);
#2187=EDGE_CURVE('',#2819,#2818,#3189,.F.);
#2188=EDGE_CURVE('',#2820,#2819,#3190,.T.);
#2189=EDGE_CURVE('',#2821,#2820,#3191,.T.);
#2190=EDGE_CURVE('',#2822,#2821,#681,.T.);
#2191=EDGE_CURVE('',#2822,#2823,#3192,.T.);
#2192=EDGE_CURVE('',#2823,#2824,#682,.T.);
#2193=EDGE_CURVE('',#2825,#2824,#3193,.T.);
#2194=EDGE_CURVE('',#2826,#2825,#3194,.T.);
#2195=EDGE_CURVE('',#2827,#2826,#3195,.T.);
#2196=EDGE_CURVE('',#2827,#2828,#3196,.T.);
#2197=EDGE_CURVE('',#2829,#2828,#3197,.F.);
#2198=EDGE_CURVE('',#2829,#2830,#3198,.T.);
#2199=EDGE_CURVE('',#2831,#2830,#683,.T.);
#2200=EDGE_CURVE('',#2832,#2831,#3199,.T.);
#2201=EDGE_CURVE('',#2833,#2832,#3200,.T.);
#2202=EDGE_CURVE('',#2834,#2833,#3201,.T.);
#2203=EDGE_CURVE('',#2806,#2834,#3202,.T.);
#2204=EDGE_CURVE('',#2835,#2836,#3203,.T.);
#2205=EDGE_CURVE('',#2837,#2836,#3204,.T.);
#2206=EDGE_CURVE('',#2838,#2837,#3205,.T.);
#2207=EDGE_CURVE('',#2838,#2839,#684,.T.);
#2208=EDGE_CURVE('',#2839,#2840,#3206,.T.);
#2209=EDGE_CURVE('',#2840,#2841,#685,.T.);
#2210=EDGE_CURVE('',#2841,#2835,#113,.T.);
#2211=EDGE_CURVE('',#2842,#2843,#3207,.T.);
#2212=EDGE_CURVE('',#2843,#2844,#3208,.T.);
#2213=EDGE_CURVE('',#2823,#2844,#114,.T.);
#2214=EDGE_CURVE('',#2822,#2845,#115,.T.);
#2215=EDGE_CURVE('',#2845,#2842,#3209,.T.);
#2216=EDGE_CURVE('',#2768,#2846,#116,.T.);
#2217=EDGE_CURVE('',#2846,#2769,#117,.T.);
#2218=EDGE_CURVE('',#2831,#2847,#3210,.T.);
#2219=EDGE_CURVE('',#2833,#2847,#39,.T.);
#2220=EDGE_CURVE('',#2848,#2825,#3211,.T.);
#2221=EDGE_CURVE('',#2848,#2827,#3212,.T.);
#2222=EDGE_CURVE('',#2849,#2850,#3213,.T.);
#2223=EDGE_CURVE('',#2850,#2848,#3214,.T.);
#2224=EDGE_CURVE('',#2849,#2825,#3215,.F.);
#2225=EDGE_CURVE('',#2849,#2851,#3216,.T.);
#2226=EDGE_CURVE('',#2851,#2809,#3217,.T.);
#2227=EDGE_CURVE('',#2809,#2850,#3218,.T.);
#2228=EDGE_CURVE('',#2852,#2847,#3219,.T.);
#2229=EDGE_CURVE('',#2853,#2808,#3220,.T.);
#2230=EDGE_CURVE('',#2853,#2854,#3221,.T.);
#2231=EDGE_CURVE('',#2854,#2852,#3222,.T.);
#2232=EDGE_CURVE('',#2855,#2854,#118,.T.);
#2233=EDGE_CURVE('',#2856,#2855,#3223,.T.);
#2234=EDGE_CURVE('',#2856,#2852,#119,.T.);
#2235=EDGE_CURVE('',#2857,#2858,#3224,.T.);
#2236=EDGE_CURVE('',#2858,#2859,#3225,.T.);
#2237=EDGE_CURVE('',#2859,#2860,#3226,.T.);
#2238=EDGE_CURVE('',#2861,#2860,#3227,.T.);
#2239=EDGE_CURVE('',#2861,#2862,#3228,.T.);
#2240=EDGE_CURVE('',#2862,#2863,#120,.T.);
#2241=EDGE_CURVE('',#2864,#2863,#121,.T.);
#2242=EDGE_CURVE('',#2864,#2865,#3229,.T.);
#2243=EDGE_CURVE('',#2866,#2865,#3230,.T.);
#2244=EDGE_CURVE('',#2867,#2866,#3231,.T.);
#2245=EDGE_CURVE('',#2868,#2867,#3232,.T.);
#2246=EDGE_CURVE('',#2868,#2869,#3233,.T.);
#2247=EDGE_CURVE('',#2869,#2870,#3234,.T.);
#2248=EDGE_CURVE('',#2870,#2871,#3235,.T.);
#2249=EDGE_CURVE('',#2871,#2872,#122,.T.);
#2250=EDGE_CURVE('',#2872,#2774,#123,.T.);
#2251=EDGE_CURVE('',#2774,#2873,#3236,.T.);
#2252=EDGE_CURVE('',#2857,#2873,#3237,.T.);
#2253=EDGE_CURVE('',#2874,#2875,#3238,.T.);
#2254=EDGE_CURVE('',#2876,#2874,#3239,.T.);
#2255=EDGE_CURVE('',#2876,#2877,#3240,.T.);
#2256=EDGE_CURVE('',#2877,#2878,#3241,.T.);
#2257=EDGE_CURVE('',#2875,#2878,#3242,.T.);
#2258=EDGE_CURVE('',#2879,#2880,#3243,.T.);
#2259=EDGE_CURVE('',#2879,#2699,#3244,.T.);
#2260=EDGE_CURVE('',#2881,#2698,#3245,.T.);
#2261=EDGE_CURVE('',#2882,#2881,#3246,.T.);
#2262=EDGE_CURVE('',#2697,#2882,#3247,.T.);
#2263=EDGE_CURVE('',#2696,#2674,#3248,.T.);
#2264=EDGE_CURVE('',#2675,#2883,#3249,.T.);
#2265=EDGE_CURVE('',#2884,#2883,#3250,.T.);
#2266=EDGE_CURVE('',#2885,#2884,#3251,.T.);
#2267=EDGE_CURVE('',#2886,#2885,#686,.T.);
#2268=EDGE_CURVE('',#2820,#2886,#3252,.T.);
#2269=EDGE_CURVE('',#2887,#2819,#3253,.F.);
#2270=EDGE_CURVE('',#2874,#2887,#3254,.T.);
#2271=EDGE_CURVE('',#2888,#2875,#687,.T.);
#2272=EDGE_CURVE('',#2889,#2888,#3255,.T.);
#2273=EDGE_CURVE('',#2890,#2889,#3256,.T.);
#2274=EDGE_CURVE('',#2890,#2891,#3257,.T.);
#2275=EDGE_CURVE('',#2880,#2891,#3258,.T.);
#2276=EDGE_CURVE('',#2892,#2893,#124,.T.);
#2277=EDGE_CURVE('',#2894,#2892,#3259,.T.);
#2278=EDGE_CURVE('',#2894,#2895,#3260,.T.);
#2279=EDGE_CURVE('',#2895,#2896,#3261,.T.);
#2280=EDGE_CURVE('',#2897,#2896,#3262,.T.);
#2281=EDGE_CURVE('',#2893,#2897,#3263,.T.);
#2282=EDGE_CURVE('',#2898,#2899,#125,.T.);
#2283=EDGE_CURVE('',#2899,#2900,#126,.T.);
#2284=EDGE_CURVE('',#2901,#2900,#127,.T.);
#2285=EDGE_CURVE('',#2898,#2901,#128,.T.);
#2286=EDGE_CURVE('',#2898,#2902,#129,.T.);
#2287=EDGE_CURVE('',#2901,#2903,#130,.T.);
#2288=EDGE_CURVE('',#2902,#2903,#3264,.T.);
#2289=EDGE_CURVE('',#2902,#2904,#688,.T.);
#2290=EDGE_CURVE('',#2899,#2904,#131,.T.);
#2291=EDGE_CURVE('',#2904,#2905,#3265,.T.);
#2292=EDGE_CURVE('',#2900,#2905,#132,.T.);
#2293=EDGE_CURVE('',#2905,#2903,#133,.T.);
#2294=EDGE_CURVE('',#2906,#2907,#3266,.T.);
#2295=EDGE_CURVE('',#2870,#2906,#3267,.F.);
#2296=EDGE_CURVE('',#2907,#2869,#3268,.F.);
#2297=EDGE_CURVE('',#2735,#2907,#3269,.T.);
#2298=EDGE_CURVE('',#2908,#2734,#3270,.T.);
#2299=EDGE_CURVE('',#2909,#2908,#3271,.T.);
#2300=EDGE_CURVE('',#2909,#2910,#3272,.T.);
#2301=EDGE_CURVE('',#2911,#2910,#3273,.T.);
#2302=EDGE_CURVE('',#2912,#2911,#3274,.T.);
#2303=EDGE_CURVE('',#2913,#2912,#3275,.T.);
#2304=EDGE_CURVE('',#2914,#2913,#134,.T.);
#2305=EDGE_CURVE('',#2915,#2914,#3276,.T.);
#2306=EDGE_CURVE('',#2844,#2915,#689,.T.);
#2307=EDGE_CURVE('',#2916,#2843,#3277,.F.);
#2308=EDGE_CURVE('',#2752,#2916,#690,.T.);
#2309=EDGE_CURVE('',#2776,#2752,#3278,.T.);
#2310=EDGE_CURVE('',#2917,#2775,#3279,.T.);
#2311=EDGE_CURVE('',#2918,#2917,#3280,.T.);
#2312=EDGE_CURVE('',#2918,#2906,#3281,.T.);
#2313=EDGE_CURVE('',#2919,#2920,#3282,.T.);
#2314=EDGE_CURVE('',#2920,#2921,#3283,.T.);
#2315=EDGE_CURVE('',#2922,#2921,#691,.T.);
#2316=EDGE_CURVE('',#2923,#2922,#3284,.T.);
#2317=EDGE_CURVE('',#2924,#2923,#3285,.T.);
#2318=EDGE_CURVE('',#2856,#2924,#3286,.T.);
#2319=EDGE_CURVE('',#2925,#2855,#3287,.T.);
#2320=EDGE_CURVE('',#2926,#2925,#3288,.T.);
#2321=EDGE_CURVE('',#2927,#2926,#3289,.T.);
#2322=EDGE_CURVE('',#2927,#2928,#692,.T.);
#2323=EDGE_CURVE('',#2928,#2919,#3290,.T.);
#2324=EDGE_CURVE('',#2909,#2929,#135,.T.);
#2325=EDGE_CURVE('',#2815,#2929,#693,.T.);
#2326=EDGE_CURVE('',#2814,#2910,#136,.T.);
#2327=EDGE_CURVE('',#2880,#2930,#3291,.T.);
#2328=EDGE_CURVE('',#2931,#2891,#137,.T.);
#2329=EDGE_CURVE('',#2930,#2931,#3292,.T.);
#2330=EDGE_CURVE('',#2730,#2679,#3293,.F.);
#2331=EDGE_CURVE('',#2932,#2729,#3294,.T.);
#2332=EDGE_CURVE('',#2688,#2932,#3295,.T.);
#2333=EDGE_CURVE('',#2933,#2932,#694,.T.);
#2334=EDGE_CURVE('',#2934,#2933,#3296,.T.);
#2335=EDGE_CURVE('',#2689,#2934,#3297,.F.);
#2336=EDGE_CURVE('',#2849,#2811,#3298,.F.);
#2337=EDGE_CURVE('',#2824,#2849,#3299,.T.);
#2338=EDGE_CURVE('',#2813,#2823,#3300,.T.);
#2339=EDGE_CURVE('',#2935,#2913,#3301,.T.);
#2340=EDGE_CURVE('',#2844,#2935,#3302,.T.);
#2341=EDGE_CURVE('',#2936,#2936,#695,.T.);
#2342=EDGE_CURVE('',#2937,#2938,#138,.T.);
#2343=EDGE_CURVE('',#2937,#2939,#139,.T.);
#2344=EDGE_CURVE('',#2939,#2940,#696,.T.);
#2345=EDGE_CURVE('',#2938,#2940,#140,.T.);
#2346=EDGE_CURVE('',#2941,#2940,#141,.T.);
#2347=EDGE_CURVE('',#2893,#2941,#142,.T.);
#2348=EDGE_CURVE('',#2938,#2897,#143,.T.);
#2349=EDGE_CURVE('',#2892,#2941,#697,.T.);
#2350=EDGE_CURVE('',#2894,#2939,#144,.T.);
#2351=EDGE_CURVE('',#2895,#2937,#145,.T.);
#2352=EDGE_CURVE('',#2937,#2896,#146,.T.);
#2353=EDGE_CURVE('',#2934,#2942,#3303,.T.);
#2354=EDGE_CURVE('',#2690,#2942,#698,.T.);
#2355=EDGE_CURVE('',#2887,#2943,#3304,.T.);
#2356=EDGE_CURVE('',#2944,#2943,#40,.T.);
#2357=EDGE_CURVE('',#2944,#2876,#3305,.T.);
#2358=EDGE_CURVE('',#2691,#2945,#3306,.T.);
#2359=EDGE_CURVE('',#2945,#2942,#3307,.T.);
#2360=EDGE_CURVE('',#2945,#2786,#147,.T.);
#2361=EDGE_CURVE('',#2946,#2946,#699,.T.);
#2362=EDGE_CURVE('',#2947,#2947,#700,.T.);
#2363=EDGE_CURVE('',#2948,#2884,#148,.F.);
#2364=EDGE_CURVE('',#2948,#2949,#3308,.T.);
#2365=EDGE_CURVE('',#2950,#2949,#3309,.T.);
#2366=EDGE_CURVE('',#2951,#2950,#149,.T.);
#2367=EDGE_CURVE('',#2951,#2885,#150,.T.);
#2368=EDGE_CURVE('',#2952,#2952,#701,.T.);
#2369=EDGE_CURVE('',#2953,#2953,#702,.T.);
#2370=EDGE_CURVE('',#2954,#2955,#151,.T.);
#2371=EDGE_CURVE('',#2955,#2956,#152,.T.);
#2372=EDGE_CURVE('',#2956,#2957,#153,.T.);
#2373=EDGE_CURVE('',#2958,#2957,#154,.T.);
#2374=EDGE_CURVE('',#2954,#2958,#155,.T.);
#2375=EDGE_CURVE('',#2957,#2959,#3310,.T.);
#2376=EDGE_CURVE('',#2960,#2959,#156,.T.);
#2377=EDGE_CURVE('',#2958,#2960,#3311,.T.);
#2378=EDGE_CURVE('',#2959,#2961,#157,.T.);
#2379=EDGE_CURVE('',#2962,#2961,#158,.T.);
#2380=EDGE_CURVE('',#2960,#2962,#703,.T.);
#2381=EDGE_CURVE('',#2961,#2963,#3312,.T.);
#2382=EDGE_CURVE('',#2964,#2963,#159,.T.);
#2383=EDGE_CURVE('',#2962,#2964,#3313,.T.);
#2384=EDGE_CURVE('',#2963,#2965,#160,.T.);
#2385=EDGE_CURVE('',#2965,#2966,#161,.T.);
#2386=EDGE_CURVE('',#2966,#2967,#162,.T.);
#2387=EDGE_CURVE('',#2964,#2967,#163,.T.);
#2388=EDGE_CURVE('',#2956,#2965,#704,.T.);
#2389=EDGE_CURVE('',#2968,#2818,#3314,.T.);
#2390=EDGE_CURVE('',#2943,#2968,#3315,.T.);
#2391=EDGE_CURVE('',#2872,#2917,#3316,.F.);
#2392=EDGE_CURVE('',#2871,#2918,#3317,.T.);
#2393=EDGE_CURVE('',#2950,#2969,#3318,.T.);
#2394=EDGE_CURVE('',#2970,#2969,#164,.T.);
#2395=EDGE_CURVE('',#2951,#2970,#3319,.T.);
#2396=EDGE_CURVE('',#2971,#2972,#165,.T.);
#2397=EDGE_CURVE('',#2970,#2972,#166,.T.);
#2398=EDGE_CURVE('',#2969,#2971,#167,.T.);
#2399=EDGE_CURVE('',#2968,#2873,#3320,.T.);
#2400=EDGE_CURVE('',#2873,#2944,#3321,.T.);
#2401=EDGE_CURVE('',#2973,#2837,#168,.T.);
#2402=EDGE_CURVE('',#2836,#2974,#169,.T.);
#2403=EDGE_CURVE('',#2973,#2974,#705,.T.);
#2404=EDGE_CURVE('',#2975,#2974,#170,.T.);
#2405=EDGE_CURVE('',#2976,#2975,#171,.T.);
#2406=EDGE_CURVE('',#2977,#2976,#172,.T.);
#2407=EDGE_CURVE('',#2977,#2973,#173,.T.);
#2408=EDGE_CURVE('',#2978,#2978,#706,.T.);
#2409=EDGE_CURVE('',#2979,#2979,#707,.T.);
#2410=EDGE_CURVE('',#2980,#2980,#708,.T.);
#2411=EDGE_CURVE('',#2822,#2972,#174,.T.);
#2412=EDGE_CURVE('',#2845,#2971,#175,.T.);
#2413=EDGE_CURVE('',#2778,#2949,#3322,.F.);
#2414=EDGE_CURVE('',#2842,#2777,#3323,.F.);
#2415=EDGE_CURVE('',#2839,#2977,#176,.T.);
#2416=EDGE_CURVE('',#2840,#2976,#177,.T.);
#2417=EDGE_CURVE('',#2976,#2841,#178,.T.);
#2418=EDGE_CURVE('',#2835,#2975,#179,.T.);
#2419=EDGE_CURVE('',#2981,#2981,#709,.T.);
#2420=EDGE_CURVE('',#2982,#2982,#710,.T.);
#2421=EDGE_CURVE('',#2983,#2967,#3324,.T.);
#2422=EDGE_CURVE('',#2984,#2966,#711,.T.);
#2423=EDGE_CURVE('',#2983,#2984,#180,.T.);
#2424=EDGE_CURVE('',#2955,#2985,#712,.T.);
#2425=EDGE_CURVE('',#2954,#2986,#3325,.T.);
#2426=EDGE_CURVE('',#2985,#2986,#181,.T.);
#2427=EDGE_CURVE('',#2987,#2988,#182,.T.);
#2428=EDGE_CURVE('',#2988,#2989,#3326,.T.);
#2429=EDGE_CURVE('',#2990,#2989,#183,.T.);
#2430=EDGE_CURVE('',#2987,#2990,#3327,.T.);
#2431=EDGE_CURVE('',#2990,#2799,#184,.T.);
#2432=EDGE_CURVE('',#2989,#2991,#185,.T.);
#2433=EDGE_CURVE('',#2800,#2991,#186,.T.);
#2434=EDGE_CURVE('',#2991,#2992,#3328,.T.);
#2435=EDGE_CURVE('',#2801,#2992,#187,.T.);
#2436=EDGE_CURVE('',#2984,#2993,#188,.T.);
#2437=EDGE_CURVE('',#2993,#2988,#189,.T.);
#2438=EDGE_CURVE('',#2983,#2987,#190,.T.);
#2439=EDGE_CURVE('',#2993,#2994,#713,.T.);
#2440=EDGE_CURVE('',#2992,#2994,#191,.T.);
#2441=EDGE_CURVE('',#2995,#2996,#3329,.F.);
#2442=EDGE_CURVE('',#2995,#2997,#192,.T.);
#2443=EDGE_CURVE('',#2998,#2997,#3330,.T.);
#2444=EDGE_CURVE('',#2996,#2998,#193,.T.);
#2445=EDGE_CURVE('',#2772,#2999,#194,.T.);
#2446=EDGE_CURVE('',#2997,#2999,#195,.T.);
#2447=EDGE_CURVE('',#2773,#2995,#196,.T.);
#2448=EDGE_CURVE('',#2771,#3000,#197,.T.);
#2449=EDGE_CURVE('',#2999,#3000,#3331,.T.);
#2450=EDGE_CURVE('',#2996,#2986,#198,.T.);
#2451=EDGE_CURVE('',#3001,#2998,#199,.T.);
#2452=EDGE_CURVE('',#3001,#2985,#200,.T.);
#2453=EDGE_CURVE('',#3000,#3002,#201,.T.);
#2454=EDGE_CURVE('',#3002,#3001,#714,.T.);
#2455=EDGE_CURVE('',#3003,#3004,#202,.T.);
#2456=EDGE_CURVE('',#3004,#3005,#3332,.T.);
#2457=EDGE_CURVE('',#3006,#3005,#203,.T.);
#2458=EDGE_CURVE('',#3003,#3006,#3333,.T.);
#2459=EDGE_CURVE('',#3005,#3007,#204,.T.);
#2460=EDGE_CURVE('',#3008,#3007,#205,.T.);
#2461=EDGE_CURVE('',#3006,#3008,#206,.T.);
#2462=EDGE_CURVE('',#3007,#3009,#3334,.T.);
#2463=EDGE_CURVE('',#3010,#3009,#207,.T.);
#2464=EDGE_CURVE('',#3008,#3010,#3335,.T.);
#2465=EDGE_CURVE('',#3011,#3012,#715,.T.);
#2466=EDGE_CURVE('',#3013,#3011,#208,.T.);
#2467=EDGE_CURVE('',#3013,#3014,#3336,.T.);
#2468=EDGE_CURVE('',#3012,#3014,#209,.T.);
#2469=EDGE_CURVE('',#3015,#3016,#210,.T.);
#2470=EDGE_CURVE('',#3016,#3004,#211,.T.);
#2471=EDGE_CURVE('',#3017,#3003,#212,.T.);
#2472=EDGE_CURVE('',#3017,#3015,#213,.T.);
#2473=EDGE_CURVE('',#3010,#3014,#214,.T.);
#2474=EDGE_CURVE('',#3009,#3018,#215,.T.);
#2475=EDGE_CURVE('',#3018,#3012,#216,.T.);
#2476=EDGE_CURVE('',#3016,#3018,#716,.T.);
#2477=EDGE_CURVE('',#3015,#3019,#717,.T.);
#2478=EDGE_CURVE('',#3017,#3020,#3337,.T.);
#2479=EDGE_CURVE('',#3019,#3020,#217,.T.);
#2480=EDGE_CURVE('',#3021,#3022,#718,.T.);
#2481=EDGE_CURVE('',#3023,#3022,#218,.T.);
#2482=EDGE_CURVE('',#3024,#3023,#3338,.T.);
#2483=EDGE_CURVE('',#3025,#3024,#219,.T.);
#2484=EDGE_CURVE('',#3026,#3025,#3339,.T.);
#2485=EDGE_CURVE('',#3021,#3026,#220,.T.);
#2486=EDGE_CURVE('',#2788,#3024,#221,.T.);
#2487=EDGE_CURVE('',#2789,#3023,#222,.T.);
#2488=EDGE_CURVE('',#3027,#3025,#223,.T.);
#2489=EDGE_CURVE('',#2787,#3027,#224,.T.);
#2490=EDGE_CURVE('',#3028,#3026,#225,.T.);
#2491=EDGE_CURVE('',#3028,#3027,#3340,.T.);
#2492=EDGE_CURVE('',#3013,#3028,#226,.T.);
#2493=EDGE_CURVE('',#3011,#3021,#227,.T.);
#2494=EDGE_CURVE('',#3029,#3030,#228,.T.);
#2495=EDGE_CURVE('',#3030,#3031,#3341,.T.);
#2496=EDGE_CURVE('',#3031,#3032,#229,.T.);
#2497=EDGE_CURVE('',#3032,#3033,#3342,.T.);
#2498=EDGE_CURVE('',#3033,#3034,#230,.T.);
#2499=EDGE_CURVE('',#3034,#3029,#719,.T.);
#2500=EDGE_CURVE('',#2796,#3033,#231,.T.);
#2501=EDGE_CURVE('',#2797,#3032,#3343,.T.);
#2502=EDGE_CURVE('',#3035,#2798,#232,.T.);
#2503=EDGE_CURVE('',#3035,#3031,#3344,.F.);
#2504=EDGE_CURVE('',#3036,#3035,#3345,.T.);
#2505=EDGE_CURVE('',#3036,#3030,#233,.T.);
#2506=EDGE_CURVE('',#3029,#3019,#234,.T.);
#2507=EDGE_CURVE('',#3020,#3036,#235,.T.);
#2508=EDGE_CURVE('',#2935,#2911,#236,.T.);
#2509=EDGE_CURVE('',#2770,#3002,#237,.T.);
#2510=EDGE_CURVE('',#3037,#2846,#3346,.T.);
#2511=EDGE_CURVE('',#2766,#3037,#238,.T.);
#2512=EDGE_CURVE('',#2994,#2802,#239,.T.);
#2513=EDGE_CURVE('',#3022,#2790,#240,.T.);
#2514=EDGE_CURVE('',#2795,#3034,#241,.T.);
#2515=EDGE_CURVE('',#2878,#2933,#3347,.T.);
#2516=EDGE_CURVE('',#2817,#2857,#3348,.T.);
#2517=EDGE_CURVE('',#2858,#2816,#3349,.T.);
#2518=EDGE_CURVE('',#2927,#2855,#720,.T.);
#2519=EDGE_CURVE('',#2922,#2856,#721,.T.);
#2520=EDGE_CURVE('',#2882,#2684,#242,.T.);
#2521=EDGE_CURVE('',#2767,#3037,#243,.T.);
#2522=EDGE_CURVE('',#2785,#2760,#244,.T.);
#2523=EDGE_CURVE('',#2757,#2694,#245,.T.);
#2524=EDGE_CURVE('',#3038,#2948,#3350,.T.);
#2525=EDGE_CURVE('',#3038,#2680,#3351,.T.);
#2526=EDGE_CURVE('',#2756,#2681,#3352,.T.);
#2527=EDGE_CURVE('',#2780,#2761,#3353,.F.);
#2528=EDGE_CURVE('',#3039,#3040,#3354,.T.);
#2529=EDGE_CURVE('',#3041,#3040,#722,.T.);
#2530=EDGE_CURVE('',#3041,#3042,#3355,.T.);
#2531=EDGE_CURVE('',#3043,#3042,#3356,.F.);
#2532=EDGE_CURVE('',#3043,#3039,#3357,.T.);
#2533=EDGE_CURVE('',#3044,#3039,#246,.T.);
#2534=EDGE_CURVE('',#3044,#3045,#247,.T.);
#2535=EDGE_CURVE('',#3045,#3040,#248,.T.);
#2536=EDGE_CURVE('',#2720,#3045,#249,.T.);
#2537=EDGE_CURVE('',#2716,#2719,#250,.T.);
#2538=EDGE_CURVE('',#2712,#2715,#251,.T.);
#2539=EDGE_CURVE('',#2709,#2711,#252,.T.);
#2540=EDGE_CURVE('',#3046,#2747,#253,.T.);
#2541=EDGE_CURVE('',#3047,#3046,#254,.T.);
#2542=EDGE_CURVE('',#3041,#3047,#3358,.T.);
#2543=EDGE_CURVE('',#3047,#3048,#255,.T.);
#2544=EDGE_CURVE('',#3048,#3049,#3359,.T.);
#2545=EDGE_CURVE('',#3049,#3050,#3360,.T.);
#2546=EDGE_CURVE('',#3050,#3051,#3361,.T.);
#2547=EDGE_CURVE('',#3052,#3051,#3362,.T.);
#2548=EDGE_CURVE('',#3052,#3053,#723,.T.);
#2549=EDGE_CURVE('',#3053,#3054,#3363,.T.);
#2550=EDGE_CURVE('',#3055,#3054,#256,.T.);
#2551=EDGE_CURVE('',#3055,#3056,#257,.T.);
#2552=EDGE_CURVE('',#3056,#2890,#258,.T.);
#2553=EDGE_CURVE('',#2889,#3057,#3364,.T.);
#2554=EDGE_CURVE('',#3058,#3057,#3365,.T.);
#2555=EDGE_CURVE('',#3042,#3058,#3366,.T.);
#2556=EDGE_CURVE('',#3059,#3059,#724,.T.);
#2557=EDGE_CURVE('',#3060,#3058,#259,.T.);
#2558=EDGE_CURVE('',#3060,#3043,#3367,.T.);
#2559=EDGE_CURVE('',#3057,#3061,#3368,.F.);
#2560=EDGE_CURVE('',#3061,#3062,#3369,.T.);
#2561=EDGE_CURVE('',#3062,#3060,#3370,.T.);
#2562=EDGE_CURVE('',#2724,#3063,#260,.T.);
#2563=EDGE_CURVE('',#3063,#3064,#261,.T.);
#2564=EDGE_CURVE('',#3064,#2725,#262,.T.);
#2565=EDGE_CURVE('',#3065,#2738,#725,.T.);
#2566=EDGE_CURVE('',#3066,#3065,#726,.T.);
#2567=EDGE_CURVE('',#3067,#3066,#727,.T.);
#2568=EDGE_CURVE('',#2738,#3067,#263,.T.);
#2569=EDGE_CURVE('',#3068,#3067,#264,.T.);
#2570=EDGE_CURVE('',#2739,#3068,#265,.T.);
#2571=EDGE_CURVE('',#3069,#3070,#3371,.F.);
#2572=EDGE_CURVE('',#3066,#3069,#3372,.F.);
#2573=EDGE_CURVE('',#3065,#2866,#266,.T.);
#2574=EDGE_CURVE('',#2743,#2865,#3373,.F.);
#2575=EDGE_CURVE('',#2742,#3071,#3374,.T.);
#2576=EDGE_CURVE('',#3072,#3071,#3375,.F.);
#2577=EDGE_CURVE('',#3073,#3072,#3376,.F.);
#2578=EDGE_CURVE('',#3074,#3073,#728,.T.);
#2579=EDGE_CURVE('',#3075,#3074,#3377,.F.);
#2580=EDGE_CURVE('',#3070,#3075,#729,.T.);
#2581=EDGE_CURVE('',#3070,#3073,#3378,.F.);
#2582=EDGE_CURVE('',#2862,#3048,#267,.T.);
#2583=EDGE_CURVE('',#3051,#2861,#268,.T.);
#2584=EDGE_CURVE('',#3076,#3044,#269,.T.);
#2585=EDGE_CURVE('',#3076,#2723,#270,.T.);
#2586=EDGE_CURVE('',#2722,#3045,#271,.T.);
#2587=EDGE_CURVE('',#2860,#3052,#272,.T.);
#2588=EDGE_CURVE('',#2863,#3046,#273,.T.);
#2589=EDGE_CURVE('',#2888,#3061,#3379,.T.);
#2590=EDGE_CURVE('',#2736,#2868,#274,.T.);
#2591=EDGE_CURVE('',#2867,#2737,#275,.T.);
#2592=EDGE_CURVE('',#3046,#2745,#276,.T.);
#2593=EDGE_CURVE('',#2745,#2864,#277,.T.);
#2594=EDGE_CURVE('',#3077,#3078,#278,.T.);
#2595=EDGE_CURVE('',#3078,#3079,#279,.T.);
#2596=EDGE_CURVE('',#3080,#3079,#280,.T.);
#2597=EDGE_CURVE('',#3077,#3080,#281,.T.);
#2598=EDGE_CURVE('',#3081,#3082,#3380,.T.);
#2599=EDGE_CURVE('',#3080,#3082,#282,.T.);
#2600=EDGE_CURVE('',#3079,#3081,#283,.T.);
#2601=EDGE_CURVE('',#3082,#3083,#730,.T.);
#2602=EDGE_CURVE('',#3077,#3083,#284,.T.);
#2603=EDGE_CURVE('',#3078,#3084,#285,.T.);
#2604=EDGE_CURVE('',#3084,#3083,#3381,.T.);
#2605=EDGE_CURVE('',#3084,#3081,#731,.T.);
#2606=EDGE_CURVE('',#3085,#2727,#732,.T.);
#2607=EDGE_CURVE('',#3085,#3086,#3382,.T.);
#2608=EDGE_CURVE('',#2728,#3086,#3383,.F.);
#2609=EDGE_CURVE('',#2726,#3087,#733,.T.);
#2610=EDGE_CURVE('',#3087,#3085,#3384,.T.);
#2611=EDGE_CURVE('',#3088,#3053,#3385,.T.);
#2612=EDGE_CURVE('',#3088,#2859,#286,.T.);
#2613=EDGE_CURVE('',#2816,#3088,#3386,.T.);
#2614=EDGE_CURVE('',#3089,#2929,#3387,.T.);
#2615=EDGE_CURVE('',#3054,#3089,#3388,.T.);
#2616=EDGE_CURVE('',#2908,#3089,#287,.T.);
#2617=EDGE_CURVE('',#2733,#3055,#288,.T.);
#2618=EDGE_CURVE('',#3056,#2732,#289,.T.);
#2619=EDGE_CURVE('',#2731,#2931,#3389,.T.);
#2620=EDGE_CURVE('',#2864,#2744,#290,.T.);
#2621=EDGE_CURVE('',#3068,#2740,#291,.T.);
#2622=EDGE_CURVE('',#3090,#3068,#292,.T.);
#2623=EDGE_CURVE('',#2741,#3090,#293,.T.);
#2624=EDGE_CURVE('',#3091,#3090,#294,.T.);
#2625=EDGE_CURVE('',#3091,#3067,#3390,.T.);
#2626=EDGE_CURVE('',#3091,#3071,#734,.T.);
#2627=EDGE_CURVE('',#3091,#2742,#295,.T.);
#2628=EDGE_CURVE('',#3063,#3076,#296,.T.);
#2629=EDGE_CURVE('',#3092,#3093,#297,.T.);
#2630=EDGE_CURVE('',#3093,#3094,#3391,.T.);
#2631=EDGE_CURVE('',#3094,#3095,#298,.T.);
#2632=EDGE_CURVE('',#3095,#3092,#735,.T.);
#2633=EDGE_CURVE('',#3096,#3097,#299,.T.);
#2634=EDGE_CURVE('',#3097,#3093,#3392,.T.);
#2635=EDGE_CURVE('',#3092,#3096,#300,.T.);
#2636=EDGE_CURVE('',#3098,#3098,#736,.T.);
#2637=EDGE_CURVE('',#3099,#3100,#301,.T.);
#2638=EDGE_CURVE('',#3099,#3100,#3393,.T.);
#2639=EDGE_CURVE('',#3101,#3101,#737,.T.);
#2640=EDGE_CURVE('',#3102,#3102,#738,.T.);
#2641=EDGE_CURVE('',#3103,#3103,#739,.T.);
#2642=EDGE_CURVE('',#3104,#3104,#740,.T.);
#2643=EDGE_CURVE('',#3105,#3100,#3394,.T.);
#2644=EDGE_CURVE('',#3097,#3099,#302,.T.);
#2645=EDGE_CURVE('',#3096,#3087,#303,.T.);
#2646=EDGE_CURVE('',#3064,#3106,#304,.T.);
#2647=EDGE_CURVE('',#3106,#3105,#305,.T.);
#2648=EDGE_CURVE('',#3095,#3106,#306,.T.);
#2649=EDGE_CURVE('',#3105,#3094,#3395,.F.);
#2650=EDGE_CURVE('',#3107,#3108,#307,.T.);
#2651=EDGE_CURVE('',#3108,#3109,#308,.T.);
#2652=EDGE_CURVE('',#2701,#3109,#309,.T.);
#2653=EDGE_CURVE('',#2700,#3110,#310,.T.);
#2654=EDGE_CURVE('',#3110,#3107,#311,.T.);
#2655=EDGE_CURVE('',#3108,#3111,#312,.T.);
#2656=EDGE_CURVE('',#3112,#3107,#313,.T.);
#2657=EDGE_CURVE('',#3111,#3112,#314,.T.);
#2658=EDGE_CURVE('',#2702,#3109,#315,.T.);
#2659=EDGE_CURVE('',#3108,#2703,#316,.T.);
#2660=EDGE_CURVE('',#3111,#2704,#317,.T.);
#2661=EDGE_CURVE('',#3112,#2705,#318,.T.);
#2662=EDGE_CURVE('',#3107,#2706,#319,.T.);
#2663=EDGE_CURVE('',#2707,#3110,#320,.T.);
#2664=EDGE_CURVE('',#3086,#2933,#3396,.T.);
#2665=EDGE_CURVE('',#2878,#3062,#3397,.T.);
#2666=EDGE_CURVE('',#2930,#3113,#3398,.T.);
#2667=EDGE_CURVE('',#2678,#3113,#3399,.T.);
#2668=EDGE_CURVE('',#2853,#2805,#41,.T.);
#2669=EDGE_CURVE('',#2920,#2834,#321,.T.);
#2670=EDGE_CURVE('',#2806,#2919,#322,.T.);
#2671=EDGE_CURVE('',#2879,#3113,#323,.T.);
#2672=EDGE_CURVE('',#2883,#3038,#324,.T.);
#2673=VERTEX_POINT('',#5233);
#2674=VERTEX_POINT('',#5234);
#2675=VERTEX_POINT('',#5239);
#2676=VERTEX_POINT('',#5327);
#2677=VERTEX_POINT('',#5328);
#2678=VERTEX_POINT('',#5334);
#2679=VERTEX_POINT('',#5365);
#2680=VERTEX_POINT('',#5453);
#2681=VERTEX_POINT('',#5454);
#2682=VERTEX_POINT('',#5459);
#2683=VERTEX_POINT('',#5470);
#2684=VERTEX_POINT('',#5487);
#2685=VERTEX_POINT('',#5495);
#2686=VERTEX_POINT('',#5509);
#2687=VERTEX_POINT('',#5523);
#2688=VERTEX_POINT('',#5532);
#2689=VERTEX_POINT('',#5542);
#2690=VERTEX_POINT('',#5547);
#2691=VERTEX_POINT('',#5552);
#2692=VERTEX_POINT('',#5554);
#2693=VERTEX_POINT('',#5559);
#2694=VERTEX_POINT('',#5564);
#2695=VERTEX_POINT('',#5569);
#2696=VERTEX_POINT('',#5576);
#2697=VERTEX_POINT('',#5581);
#2698=VERTEX_POINT('',#5588);
#2699=VERTEX_POINT('',#5589);
#2700=VERTEX_POINT('',#5594);
#2701=VERTEX_POINT('',#5595);
#2702=VERTEX_POINT('',#5597);
#2703=VERTEX_POINT('',#5599);
#2704=VERTEX_POINT('',#5601);
#2705=VERTEX_POINT('',#5603);
#2706=VERTEX_POINT('',#5605);
#2707=VERTEX_POINT('',#5607);
#2708=VERTEX_POINT('',#5613);
#2709=VERTEX_POINT('',#5614);
#2710=VERTEX_POINT('',#5619);
#2711=VERTEX_POINT('',#5624);
#2712=VERTEX_POINT('',#5626);
#2713=VERTEX_POINT('',#5631);
#2714=VERTEX_POINT('',#5636);
#2715=VERTEX_POINT('',#5641);
#2716=VERTEX_POINT('',#5643);
#2717=VERTEX_POINT('',#5648);
#2718=VERTEX_POINT('',#5653);
#2719=VERTEX_POINT('',#5658);
#2720=VERTEX_POINT('',#5660);
#2721=VERTEX_POINT('',#5665);
#2722=VERTEX_POINT('',#5667);
#2723=VERTEX_POINT('',#5669);
#2724=VERTEX_POINT('',#5671);
#2725=VERTEX_POINT('',#5673);
#2726=VERTEX_POINT('',#5675);
#2727=VERTEX_POINT('',#5677);
#2728=VERTEX_POINT('',#5689);
#2729=VERTEX_POINT('',#5697);
#2730=VERTEX_POINT('',#5702);
#2731=VERTEX_POINT('',#5712);
#2732=VERTEX_POINT('',#5714);
#2733=VERTEX_POINT('',#5716);
#2734=VERTEX_POINT('',#5718);
#2735=VERTEX_POINT('',#5724);
#2736=VERTEX_POINT('',#5729);
#2737=VERTEX_POINT('',#5743);
#2738=VERTEX_POINT('',#5745);
#2739=VERTEX_POINT('',#5747);
#2740=VERTEX_POINT('',#5749);
#2741=VERTEX_POINT('',#5751);
#2742=VERTEX_POINT('',#5753);
#2743=VERTEX_POINT('',#5761);
#2744=VERTEX_POINT('',#5787);
#2745=VERTEX_POINT('',#5789);
#2746=VERTEX_POINT('',#5794);
#2747=VERTEX_POINT('',#5799);
#2748=VERTEX_POINT('',#5803);
#2749=VERTEX_POINT('',#5804);
#2750=VERTEX_POINT('',#5806);
#2751=VERTEX_POINT('',#5808);
#2752=VERTEX_POINT('',#5815);
#2753=VERTEX_POINT('',#5816);
#2754=VERTEX_POINT('',#5824);
#2755=VERTEX_POINT('',#5831);
#2756=VERTEX_POINT('',#5832);
#2757=VERTEX_POINT('',#5834);
#2758=VERTEX_POINT('',#5836);
#2759=VERTEX_POINT('',#5838);
#2760=VERTEX_POINT('',#5842);
#2761=VERTEX_POINT('',#5844);
#2762=VERTEX_POINT('',#5846);
#2763=VERTEX_POINT('',#5848);
#2764=VERTEX_POINT('',#5855);
#2765=VERTEX_POINT('',#5859);
#2766=VERTEX_POINT('',#5860);
#2767=VERTEX_POINT('',#5862);
#2768=VERTEX_POINT('',#5864);
#2769=VERTEX_POINT('',#5866);
#2770=VERTEX_POINT('',#5868);
#2771=VERTEX_POINT('',#5870);
#2772=VERTEX_POINT('',#5877);
#2773=VERTEX_POINT('',#5879);
#2774=VERTEX_POINT('',#5884);
#2775=VERTEX_POINT('',#5886);
#2776=VERTEX_POINT('',#5891);
#2777=VERTEX_POINT('',#5897);
#2778=VERTEX_POINT('',#5902);
#2779=VERTEX_POINT('',#5908);
#2780=VERTEX_POINT('',#5910);
#2781=VERTEX_POINT('',#5915);
#2782=VERTEX_POINT('',#5920);
#2783=VERTEX_POINT('',#5925);
#2784=VERTEX_POINT('',#5927);
#2785=VERTEX_POINT('',#5932);
#2786=VERTEX_POINT('',#5935);
#2787=VERTEX_POINT('',#5940);
#2788=VERTEX_POINT('',#5942);
#2789=VERTEX_POINT('',#5949);
#2790=VERTEX_POINT('',#5951);
#2791=VERTEX_POINT('',#5953);
#2792=VERTEX_POINT('',#5955);
#2793=VERTEX_POINT('',#5957);
#2794=VERTEX_POINT('',#5959);
#2795=VERTEX_POINT('',#5961);
#2796=VERTEX_POINT('',#5963);
#2797=VERTEX_POINT('',#5970);
#2798=VERTEX_POINT('',#5972);
#2799=VERTEX_POINT('',#5977);
#2800=VERTEX_POINT('',#5979);
#2801=VERTEX_POINT('',#5986);
#2802=VERTEX_POINT('',#5988);
#2803=VERTEX_POINT('',#5992);
#2804=VERTEX_POINT('',#5996);
#2805=VERTEX_POINT('',#6112);
#2806=VERTEX_POINT('',#6113);
#2807=VERTEX_POINT('',#6118);
#2808=VERTEX_POINT('',#6123);
#2809=VERTEX_POINT('',#6125);
#2810=VERTEX_POINT('',#6130);
#2811=VERTEX_POINT('',#6135);
#2812=VERTEX_POINT('',#6137);
#2813=VERTEX_POINT('',#6139);
#2814=VERTEX_POINT('',#6144);
#2815=VERTEX_POINT('',#6149);
#2816=VERTEX_POINT('',#6154);
#2817=VERTEX_POINT('',#6168);
#2818=VERTEX_POINT('',#6173);
#2819=VERTEX_POINT('',#6208);
#2820=VERTEX_POINT('',#6217);
#2821=VERTEX_POINT('',#6222);
#2822=VERTEX_POINT('',#6224);
#2823=VERTEX_POINT('',#6229);
#2824=VERTEX_POINT('',#6231);
#2825=VERTEX_POINT('',#6236);
#2826=VERTEX_POINT('',#6241);
#2827=VERTEX_POINT('',#6246);
#2828=VERTEX_POINT('',#6251);
#2829=VERTEX_POINT('',#6292);
#2830=VERTEX_POINT('',#6300);
#2831=VERTEX_POINT('',#6302);
#2832=VERTEX_POINT('',#6307);
#2833=VERTEX_POINT('',#6312);
#2834=VERTEX_POINT('',#6320);
#2835=VERTEX_POINT('',#6329);
#2836=VERTEX_POINT('',#6330);
#2837=VERTEX_POINT('',#6338);
#2838=VERTEX_POINT('',#6346);
#2839=VERTEX_POINT('',#6348);
#2840=VERTEX_POINT('',#6353);
#2841=VERTEX_POINT('',#6355);
#2842=VERTEX_POINT('',#6362);
#2843=VERTEX_POINT('',#6363);
#2844=VERTEX_POINT('',#6368);
#2845=VERTEX_POINT('',#6371);
#2846=VERTEX_POINT('',#6378);
#2847=VERTEX_POINT('',#6385);
#2848=VERTEX_POINT('',#6392);
#2849=VERTEX_POINT('',#6402);
#2850=VERTEX_POINT('',#6403);
#2851=VERTEX_POINT('',#6417);
#2852=VERTEX_POINT('',#6449);
#2853=VERTEX_POINT('',#6454);
#2854=VERTEX_POINT('',#6462);
#2855=VERTEX_POINT('',#6469);
#2856=VERTEX_POINT('',#6474);
#2857=VERTEX_POINT('',#6491);
#2858=VERTEX_POINT('',#6492);
#2859=VERTEX_POINT('',#6497);
#2860=VERTEX_POINT('',#6502);
#2861=VERTEX_POINT('',#6507);
#2862=VERTEX_POINT('',#6518);
#2863=VERTEX_POINT('',#6520);
#2864=VERTEX_POINT('',#6522);
#2865=VERTEX_POINT('',#6527);
#2866=VERTEX_POINT('',#6533);
#2867=VERTEX_POINT('',#6541);
#2868=VERTEX_POINT('',#6546);
#2869=VERTEX_POINT('',#6551);
#2870=VERTEX_POINT('',#6564);
#2871=VERTEX_POINT('',#6569);
#2872=VERTEX_POINT('',#6571);
#2873=VERTEX_POINT('',#6577);
#2874=VERTEX_POINT('',#6630);
#2875=VERTEX_POINT('',#6631);
#2876=VERTEX_POINT('',#6636);
#2877=VERTEX_POINT('',#6644);
#2878=VERTEX_POINT('',#6657);
#2879=VERTEX_POINT('',#6717);
#2880=VERTEX_POINT('',#6718);
#2881=VERTEX_POINT('',#6737);
#2882=VERTEX_POINT('',#6742);
#2883=VERTEX_POINT('',#6755);
#2884=VERTEX_POINT('',#6760);
#2885=VERTEX_POINT('',#6765);
#2886=VERTEX_POINT('',#6767);
#2887=VERTEX_POINT('',#6817);
#2888=VERTEX_POINT('',#6823);
#2889=VERTEX_POINT('',#6828);
#2890=VERTEX_POINT('',#6835);
#2891=VERTEX_POINT('',#6846);
#2892=VERTEX_POINT('',#6852);
#2893=VERTEX_POINT('',#6853);
#2894=VERTEX_POINT('',#6863);
#2895=VERTEX_POINT('',#6868);
#2896=VERTEX_POINT('',#6876);
#2897=VERTEX_POINT('',#6881);
#2898=VERTEX_POINT('',#6888);
#2899=VERTEX_POINT('',#6889);
#2900=VERTEX_POINT('',#6891);
#2901=VERTEX_POINT('',#6893);
#2902=VERTEX_POINT('',#6897);
#2903=VERTEX_POINT('',#6899);
#2904=VERTEX_POINT('',#6906);
#2905=VERTEX_POINT('',#6913);
#2906=VERTEX_POINT('',#7071);
#2907=VERTEX_POINT('',#7072);
#2908=VERTEX_POINT('',#7143);
#2909=VERTEX_POINT('',#7148);
#2910=VERTEX_POINT('',#7153);
#2911=VERTEX_POINT('',#7158);
#2912=VERTEX_POINT('',#7163);
#2913=VERTEX_POINT('',#7168);
#2914=VERTEX_POINT('',#7170);
#2915=VERTEX_POINT('',#7175);
#2916=VERTEX_POINT('',#7181);
#2917=VERTEX_POINT('',#7191);
#2918=VERTEX_POINT('',#7196);
#2919=VERTEX_POINT('',#7205);
#2920=VERTEX_POINT('',#7206);
#2921=VERTEX_POINT('',#7214);
#2922=VERTEX_POINT('',#7216);
#2923=VERTEX_POINT('',#7221);
#2924=VERTEX_POINT('',#7226);
#2925=VERTEX_POINT('',#7235);
#2926=VERTEX_POINT('',#7240);
#2927=VERTEX_POINT('',#7245);
#2928=VERTEX_POINT('',#7247);
#2929=VERTEX_POINT('',#7254);
#2930=VERTEX_POINT('',#7345);
#2931=VERTEX_POINT('',#7347);
#2932=VERTEX_POINT('',#7403);
#2933=VERTEX_POINT('',#7529);
#2934=VERTEX_POINT('',#7539);
#2935=VERTEX_POINT('',#7592);
#2936=VERTEX_POINT('',#7599);
#2937=VERTEX_POINT('',#7601);
#2938=VERTEX_POINT('',#7602);
#2939=VERTEX_POINT('',#7604);
#2940=VERTEX_POINT('',#7606);
#2941=VERTEX_POINT('',#7610);
#2942=VERTEX_POINT('',#7737);
#2943=VERTEX_POINT('',#7744);
#2944=VERTEX_POINT('',#7746);
#2945=VERTEX_POINT('',#7819);
#2946=VERTEX_POINT('',#7829);
#2947=VERTEX_POINT('',#7831);
#2948=VERTEX_POINT('',#7835);
#2949=VERTEX_POINT('',#7840);
#2950=VERTEX_POINT('',#7845);
#2951=VERTEX_POINT('',#7847);
#2952=VERTEX_POINT('',#7851);
#2953=VERTEX_POINT('',#7853);
#2954=VERTEX_POINT('',#7857);
#2955=VERTEX_POINT('',#7858);
#2956=VERTEX_POINT('',#7860);
#2957=VERTEX_POINT('',#7862);
#2958=VERTEX_POINT('',#7864);
#2959=VERTEX_POINT('',#7881);
#2960=VERTEX_POINT('',#7883);
#2961=VERTEX_POINT('',#7891);
#2962=VERTEX_POINT('',#7893);
#2963=VERTEX_POINT('',#7910);
#2964=VERTEX_POINT('',#7912);
#2965=VERTEX_POINT('',#7920);
#2966=VERTEX_POINT('',#7922);
#2967=VERTEX_POINT('',#7924);
#2968=VERTEX_POINT('',#8042);
#2969=VERTEX_POINT('',#8110);
#2970=VERTEX_POINT('',#8112);
#2971=VERTEX_POINT('',#8119);
#2972=VERTEX_POINT('',#8120);
#2973=VERTEX_POINT('',#8135);
#2974=VERTEX_POINT('',#8137);
#2975=VERTEX_POINT('',#8141);
#2976=VERTEX_POINT('',#8143);
#2977=VERTEX_POINT('',#8145);
#2978=VERTEX_POINT('',#8148);
#2979=VERTEX_POINT('',#8151);
#2980=VERTEX_POINT('',#8153);
#2981=VERTEX_POINT('',#8225);
#2982=VERTEX_POINT('',#8228);
#2983=VERTEX_POINT('',#8237);
#2984=VERTEX_POINT('',#8239);
#2985=VERTEX_POINT('',#8243);
#2986=VERTEX_POINT('',#8251);
#2987=VERTEX_POINT('',#8264);
#2988=VERTEX_POINT('',#8265);
#2989=VERTEX_POINT('',#8271);
#2990=VERTEX_POINT('',#8273);
#2991=VERTEX_POINT('',#8282);
#2992=VERTEX_POINT('',#8299);
#2993=VERTEX_POINT('',#8303);
#2994=VERTEX_POINT('',#8308);
#2995=VERTEX_POINT('',#8325);
#2996=VERTEX_POINT('',#8326);
#2997=VERTEX_POINT('',#8328);
#2998=VERTEX_POINT('',#8334);
#2999=VERTEX_POINT('',#8338);
#3000=VERTEX_POINT('',#8352);
#3001=VERTEX_POINT('',#8361);
#3002=VERTEX_POINT('',#8365);
#3003=VERTEX_POINT('',#8378);
#3004=VERTEX_POINT('',#8379);
#3005=VERTEX_POINT('',#8385);
#3006=VERTEX_POINT('',#8387);
#3007=VERTEX_POINT('',#8395);
#3008=VERTEX_POINT('',#8397);
#3009=VERTEX_POINT('',#8414);
#3010=VERTEX_POINT('',#8416);
#3011=VERTEX_POINT('',#8424);
#3012=VERTEX_POINT('',#8425);
#3013=VERTEX_POINT('',#8427);
#3014=VERTEX_POINT('',#8435);
#3015=VERTEX_POINT('',#8439);
#3016=VERTEX_POINT('',#8440);
#3017=VERTEX_POINT('',#8443);
#3018=VERTEX_POINT('',#8448);
#3019=VERTEX_POINT('',#8454);
#3020=VERTEX_POINT('',#8462);
#3021=VERTEX_POINT('',#8466);
#3022=VERTEX_POINT('',#8467);
#3023=VERTEX_POINT('',#8469);
#3024=VERTEX_POINT('',#8475);
#3025=VERTEX_POINT('',#8477);
#3026=VERTEX_POINT('',#8483);
#3027=VERTEX_POINT('',#8499);
#3028=VERTEX_POINT('',#8512);
#3029=VERTEX_POINT('',#8523);
#3030=VERTEX_POINT('',#8524);
#3031=VERTEX_POINT('',#8530);
#3032=VERTEX_POINT('',#8532);
#3033=VERTEX_POINT('',#8538);
#3034=VERTEX_POINT('',#8540);
#3035=VERTEX_POINT('',#8559);
#3036=VERTEX_POINT('',#8579);
#3037=VERTEX_POINT('',#8594);
#3038=VERTEX_POINT('',#9743);
#3039=VERTEX_POINT('',#9924);
#3040=VERTEX_POINT('',#9925);
#3041=VERTEX_POINT('',#9927);
#3042=VERTEX_POINT('',#9935);
#3043=VERTEX_POINT('',#9940);
#3044=VERTEX_POINT('',#9950);
#3045=VERTEX_POINT('',#9952);
#3046=VERTEX_POINT('',#10029);
#3047=VERTEX_POINT('',#10031);
#3048=VERTEX_POINT('',#10038);
#3049=VERTEX_POINT('',#10046);
#3050=VERTEX_POINT('',#10054);
#3051=VERTEX_POINT('',#10059);
#3052=VERTEX_POINT('',#10064);
#3053=VERTEX_POINT('',#10066);
#3054=VERTEX_POINT('',#10072);
#3055=VERTEX_POINT('',#10074);
#3056=VERTEX_POINT('',#10076);
#3057=VERTEX_POINT('',#10082);
#3058=VERTEX_POINT('',#10088);
#3059=VERTEX_POINT('',#10094);
#3060=VERTEX_POINT('',#10120);
#3061=VERTEX_POINT('',#10153);
#3062=VERTEX_POINT('',#10158);
#3063=VERTEX_POINT('',#10166);
#3064=VERTEX_POINT('',#10168);
#3065=VERTEX_POINT('',#10187);
#3066=VERTEX_POINT('',#10189);
#3067=VERTEX_POINT('',#10191);
#3068=VERTEX_POINT('',#10195);
#3069=VERTEX_POINT('',#10282);
#3070=VERTEX_POINT('',#10283);
#3071=VERTEX_POINT('',#10300);
#3072=VERTEX_POINT('',#10305);
#3073=VERTEX_POINT('',#10310);
#3074=VERTEX_POINT('',#10312);
#3075=VERTEX_POINT('',#10317);
#3076=VERTEX_POINT('',#10462);
#3077=VERTEX_POINT('',#10602);
#3078=VERTEX_POINT('',#10603);
#3079=VERTEX_POINT('',#10605);
#3080=VERTEX_POINT('',#10607);
#3081=VERTEX_POINT('',#10617);
#3082=VERTEX_POINT('',#10618);
#3083=VERTEX_POINT('',#10623);
#3084=VERTEX_POINT('',#10627);
#3085=VERTEX_POINT('',#10700);
#3086=VERTEX_POINT('',#10709);
#3087=VERTEX_POINT('',#10723);
#3088=VERTEX_POINT('',#10866);
#3089=VERTEX_POINT('',#10896);
#3090=VERTEX_POINT('',#11097);
#3091=VERTEX_POINT('',#11101);
#3092=VERTEX_POINT('',#11200);
#3093=VERTEX_POINT('',#11201);
#3094=VERTEX_POINT('',#11209);
#3095=VERTEX_POINT('',#11211);
#3096=VERTEX_POINT('',#11215);
#3097=VERTEX_POINT('',#11216);
#3098=VERTEX_POINT('',#11224);
#3099=VERTEX_POINT('',#11226);
#3100=VERTEX_POINT('',#11227);
#3101=VERTEX_POINT('',#11243);
#3102=VERTEX_POINT('',#11245);
#3103=VERTEX_POINT('',#11248);
#3104=VERTEX_POINT('',#11251);
#3105=VERTEX_POINT('',#11258);
#3106=VERTEX_POINT('',#11262);
#3107=VERTEX_POINT('',#11298);
#3108=VERTEX_POINT('',#11299);
#3109=VERTEX_POINT('',#11301);
#3110=VERTEX_POINT('',#11304);
#3111=VERTEX_POINT('',#11308);
#3112=VERTEX_POINT('',#11310);
#3113=VERTEX_POINT('',#11646);
#3114=B_SPLINE_CURVE_WITH_KNOTS('',3,(#5229,#5230,#5231,#5232),
 .UNSPECIFIED.,.F.,.F.,(4,4),(0.,1.),.UNSPECIFIED.);
#3115=B_SPLINE_CURVE_WITH_KNOTS('',3,(#5235,#5236,#5237,#5238),
 .UNSPECIFIED.,.F.,.F.,(4,4),(1.1252047266349E-5,0.000404389696835351),
 .UNSPECIFIED.);
#3116=B_SPLINE_CURVE_WITH_KNOTS('',3,(#5322,#5323,#5324,#5325,#5326),
 .UNSPECIFIED.,.F.,.F.,(4,1,4),(0.,0.371871534516229,0.743743069032458),
 .UNSPECIFIED.);
#3117=B_SPLINE_CURVE_WITH_KNOTS('',3,(#5329,#5330,#5331,#5332,#5333),
 .UNSPECIFIED.,.F.,.F.,(4,1,4),(6.27254981231349E-5,0.00500294792115431,
0.00994317034418548),.UNSPECIFIED.);
#3118=B_SPLINE_CURVE_WITH_KNOTS('',3,(#5335,#5336,#5337,#5338,#5339,#5340,
#5341,#5342,#5343,#5344,#5345,#5346,#5347,#5348,#5349,#5350,#5351,#5352,
#5353,#5354,#5355,#5356,#5357,#5358,#5359,#5360,#5361,#5362,#5363,#5364),
 .UNSPECIFIED.,.F.,.F.,(4,1,1,1,1,1,1,1,1,1,1,1,1,1,1,1,1,1,1,1,1,1,1,1,
1,1,1,4),(0.0571264164471659,0.17498561439127,0.292844812335374,0.351774411307427,
0.410704010279479,0.469633609251531,0.499098408737557,0.528563208223583,
0.587492807195635,0.616957606681661,0.624323806553168,0.631690006424674,
0.646422406167687,0.675887205653713,0.705352005139739,0.734816804625765,
0.749549204368778,0.764281604111791,0.823211203083844,0.85267600256987,
0.867408402312883,0.874774602184389,0.882140802055896,0.896873201798909,
0.911605601541922,0.941070401027948,0.970535200513974,1.),.UNSPECIFIED.);
#3119=B_SPLINE_CURVE_WITH_KNOTS('',3,(#5366,#5367,#5368,#5369,#5370,#5371,
#5372,#5373,#5374,#5375,#5376,#5377,#5378,#5379,#5380,#5381,#5382,#5383,
#5384,#5385),.UNSPECIFIED.,.F.,.F.,(4,1,1,1,1,1,1,1,1,1,1,1,1,1,1,1,1,4),
(0.,0.125,0.1875,0.25,0.375,0.4375,0.46875,0.484375,0.5,0.515625,0.53125,
0.5625,0.625,0.6875,0.75,0.8125,0.875,1.),.UNSPECIFIED.);
#3120=B_SPLINE_CURVE_WITH_KNOTS('',3,(#5449,#5450,#5451,#5452),
 .UNSPECIFIED.,.F.,.F.,(4,4),(0.,0.802916760646158),.UNSPECIFIED.);
#3121=B_SPLINE_CURVE_WITH_KNOTS('',3,(#5455,#5456,#5457,#5458),
 .UNSPECIFIED.,.F.,.F.,(4,4),(0.000565414812342367,0.00669064350970318),
 .UNSPECIFIED.);
#3122=B_SPLINE_CURVE_WITH_KNOTS('',3,(#5460,#5461,#5462,#5463,#5464,#5465,
#5466,#5467,#5468,#5469),.UNSPECIFIED.,.F.,.F.,(4,3,3,4),(0.183481152479426,
2.16595708975962,6.90437516087707,7.68938311917678),.UNSPECIFIED.);
#3123=B_SPLINE_CURVE_WITH_KNOTS('',3,(#5471,#5472,#5473,#5474,#5475,#5476,
#5477,#5478,#5479,#5480,#5481,#5482,#5483,#5484,#5485,#5486),
 .UNSPECIFIED.,.F.,.F.,(4,3,3,3,3,4),(0.,0.134670146486477,2.70694333453561,
3.90294929278532,5.2889985841473,6.48824252093124),.UNSPECIFIED.);
#3124=B_SPLINE_CURVE_WITH_KNOTS('',3,(#5488,#5489,#5490,#5491,#5492,#5493,
#5494),.UNSPECIFIED.,.F.,.F.,(4,3,4),(0.,4.31033660055173,7.49970011555079),
 .UNSPECIFIED.);
#3125=B_SPLINE_CURVE_WITH_KNOTS('',3,(#5496,#5497,#5498,#5499,#5500,#5501,
#5502,#5503,#5504,#5505,#5506,#5507,#5508),.UNSPECIFIED.,.F.,.F.,(4,3,3,
3,4),(7.49970011555079,7.68279230911609,9.12661571241124,9.68282221133192,
11.8315518231538),.UNSPECIFIED.);
#3126=B_SPLINE_CURVE_WITH_KNOTS('',3,(#5510,#5511,#5512,#5513,#5514,#5515,
#5516,#5517,#5518,#5519,#5520,#5521,#5522),.UNSPECIFIED.,.F.,.F.,(4,3,3,
3,4),(0.,0.809480389446092,3.39090915868159,5.96072110961371,6.49119035148765),
 .UNSPECIFIED.);
#3127=B_SPLINE_CURVE_WITH_KNOTS('',3,(#5524,#5525,#5526,#5527),
 .UNSPECIFIED.,.F.,.F.,(4,4),(0.0115781504916086,0.0146725458423303),
 .UNSPECIFIED.);
#3128=B_SPLINE_CURVE_WITH_KNOTS('',3,(#5528,#5529,#5530,#5531),
 .UNSPECIFIED.,.F.,.F.,(4,4),(0.,1.),.UNSPECIFIED.);
#3129=B_SPLINE_CURVE_WITH_KNOTS('',3,(#5533,#5534,#5535,#5536,#5537,#5538,
#5539,#5540,#5541),.UNSPECIFIED.,.F.,.F.,(4,1,1,1,1,1,4),(0.,0.00332660152803233,
0.00665320305606465,0.00831650382008081,0.00997980458409698,0.0116431053481131,
0.0133064061121293),.UNSPECIFIED.);
#3130=B_SPLINE_CURVE_WITH_KNOTS('',3,(#5543,#5544,#5545,#5546),
 .UNSPECIFIED.,.F.,.F.,(4,4),(1.63653485417008E-17,0.00198728419570243),
 .UNSPECIFIED.);
#3131=B_SPLINE_CURVE_WITH_KNOTS('',3,(#5548,#5549,#5550,#5551),
 .UNSPECIFIED.,.F.,.F.,(4,4),(8.67361737988404E-19,0.00261296428411702),
 .UNSPECIFIED.);
#3132=B_SPLINE_CURVE_WITH_KNOTS('',3,(#5555,#5556,#5557,#5558),
 .UNSPECIFIED.,.F.,.F.,(4,4),(0.,0.00858049870305219),.UNSPECIFIED.);
#3133=B_SPLINE_CURVE_WITH_KNOTS('',3,(#5560,#5561,#5562,#5563),
 .UNSPECIFIED.,.F.,.F.,(4,4),(7.75791922889773E-18,0.00447655372826069),
 .UNSPECIFIED.);
#3134=B_SPLINE_CURVE_WITH_KNOTS('',3,(#5565,#5566,#5567,#5568),
 .UNSPECIFIED.,.F.,.F.,(4,4),(0.,1.),.UNSPECIFIED.);
#3135=B_SPLINE_CURVE_WITH_KNOTS('',3,(#5570,#5571,#5572,#5573),
 .UNSPECIFIED.,.F.,.F.,(4,4),(0.,1.),.UNSPECIFIED.);
#3136=B_SPLINE_CURVE_WITH_KNOTS('',3,(#5577,#5578,#5579,#5580),
 .UNSPECIFIED.,.F.,.F.,(4,4),(0.183438423385988,7.6910448637849),
 .UNSPECIFIED.);
#3137=B_SPLINE_CURVE_WITH_KNOTS('',3,(#5584,#5585,#5586,#5587),
 .UNSPECIFIED.,.F.,.F.,(4,4),(0.,6.49141914200792),.UNSPECIFIED.);
#3138=B_SPLINE_CURVE_WITH_KNOTS('',3,(#5609,#5610,#5611,#5612),
 .UNSPECIFIED.,.F.,.F.,(4,4),(0.,1.),.UNSPECIFIED.);
#3139=B_SPLINE_CURVE_WITH_KNOTS('',3,(#5615,#5616,#5617,#5618),
 .UNSPECIFIED.,.F.,.F.,(4,4),(0.,1.),.UNSPECIFIED.);
#3140=B_SPLINE_CURVE_WITH_KNOTS('',3,(#5620,#5621,#5622,#5623),
 .UNSPECIFIED.,.F.,.F.,(4,4),(0.,1.),.UNSPECIFIED.);
#3141=B_SPLINE_CURVE_WITH_KNOTS('',3,(#5627,#5628,#5629,#5630),
 .UNSPECIFIED.,.F.,.F.,(4,4),(0.,1.),.UNSPECIFIED.);
#3142=B_SPLINE_CURVE_WITH_KNOTS('',3,(#5632,#5633,#5634,#5635),
 .UNSPECIFIED.,.F.,.F.,(4,4),(0.,1.),.UNSPECIFIED.);
#3143=B_SPLINE_CURVE_WITH_KNOTS('',3,(#5637,#5638,#5639,#5640),
 .UNSPECIFIED.,.F.,.F.,(4,4),(0.,1.),.UNSPECIFIED.);
#3144=B_SPLINE_CURVE_WITH_KNOTS('',3,(#5644,#5645,#5646,#5647),
 .UNSPECIFIED.,.F.,.F.,(4,4),(0.,1.),.UNSPECIFIED.);
#3145=B_SPLINE_CURVE_WITH_KNOTS('',3,(#5649,#5650,#5651,#5652),
 .UNSPECIFIED.,.F.,.F.,(4,4),(0.,1.),.UNSPECIFIED.);
#3146=B_SPLINE_CURVE_WITH_KNOTS('',3,(#5654,#5655,#5656,#5657),
 .UNSPECIFIED.,.F.,.F.,(4,4),(0.,1.),.UNSPECIFIED.);
#3147=B_SPLINE_CURVE_WITH_KNOTS('',3,(#5661,#5662,#5663,#5664),
 .UNSPECIFIED.,.F.,.F.,(4,4),(0.,1.),.UNSPECIFIED.);
#3148=B_SPLINE_CURVE_WITH_KNOTS('',3,(#5678,#5679,#5680,#5681,#5682,#5683,
#5684,#5685,#5686,#5687,#5688),.UNSPECIFIED.,.F.,.F.,(4,1,1,1,1,1,1,1,4),
(3.46944695195361E-18,0.00917859413554722,0.0183571882710944,0.022946485338868,
0.0275357824066416,0.0298304309405284,0.0321250794744152,0.0344197280083021,
0.0367143765421888),.UNSPECIFIED.);
#3149=B_SPLINE_CURVE_WITH_KNOTS('',3,(#5690,#5691,#5692,#5693,#5694,#5695,
#5696),.UNSPECIFIED.,.F.,.F.,(4,3,4),(0.0128945262273473,0.0129384404390636,
0.0173298616106931),.PIECEWISE_BEZIER_KNOTS.);
#3150=B_SPLINE_CURVE_WITH_KNOTS('',3,(#5698,#5699,#5700,#5701),
 .UNSPECIFIED.,.F.,.F.,(4,4),(3.91031095087955E-8,0.00168997910735263),
 .UNSPECIFIED.);
#3151=B_SPLINE_CURVE_WITH_KNOTS('',3,(#5703,#5704,#5705,#5706,#5707,#5708,
#5709,#5710,#5711),.UNSPECIFIED.,.F.,.F.,(4,1,1,1,1,1,4),(0.,0.00242557571565379,
0.00485115143130757,0.00727672714696136,0.00970230286261515,0.0145534542939227,
0.0194046057252303),.UNSPECIFIED.);
#3152=B_SPLINE_CURVE_WITH_KNOTS('',3,(#5719,#5720,#5721,#5722,#5723),
 .UNSPECIFIED.,.F.,.F.,(4,1,4),(1.38777878078145E-17,0.00946234978018786,
0.0189246995603757),.UNSPECIFIED.);
#3153=B_SPLINE_CURVE_WITH_KNOTS('',3,(#5725,#5726,#5727,#5728),
 .UNSPECIFIED.,.F.,.F.,(4,4),(1.297036987051E-12,0.00266492655320201),
 .UNSPECIFIED.);
#3154=B_SPLINE_CURVE_WITH_KNOTS('',3,(#5730,#5731,#5732,#5733,#5734,#5735,
#5736,#5737,#5738,#5739,#5740,#5741,#5742),.UNSPECIFIED.,.F.,.F.,(4,3,3,
3,4),(-13.9114756784297,-13.911473418646,-11.0802888758682,-8.25045269216314,
-2.59714934097101),.UNSPECIFIED.);
#3155=B_SPLINE_CURVE_WITH_KNOTS('',3,(#5754,#5755,#5756,#5757,#5758,#5759,
#5760),.UNSPECIFIED.,.F.,.F.,(4,3,4),(16.4968023002338,19.8834299206154,
22.6539748224878),.UNSPECIFIED.);
#3156=B_SPLINE_CURVE_WITH_KNOTS('',3,(#5762,#5763,#5764,#5765,#5766,#5767,
#5768,#5769,#5770,#5771,#5772,#5773,#5774,#5775,#5776,#5777,#5778,#5779,
#5780,#5781,#5782,#5783,#5784,#5785,#5786),.UNSPECIFIED.,.F.,.F.,(4,3,3,
3,3,3,3,3,4),(0.000188728025723788,1.30753140549286,2.86611008076813,2.88239596534603,
5.70229482674943,5.77107249682555,7.10503837217126,7.21688342290068,7.54164059262575),
 .UNSPECIFIED.);
#3157=B_SPLINE_CURVE_WITH_KNOTS('',3,(#5790,#5791,#5792,#5793),
 .UNSPECIFIED.,.F.,.F.,(4,4),(0.,1.),.UNSPECIFIED.);
#3158=B_SPLINE_CURVE_WITH_KNOTS('',3,(#5795,#5796,#5797,#5798),
 .UNSPECIFIED.,.F.,.F.,(4,4),(0.,1.),.UNSPECIFIED.);
#3159=B_SPLINE_CURVE_WITH_KNOTS('',3,(#5811,#5812,#5813,#5814),
 .UNSPECIFIED.,.F.,.F.,(4,4),(4.16694878236656E-17,0.00150197912074878),
 .UNSPECIFIED.);
#3160=B_SPLINE_CURVE_WITH_KNOTS('',3,(#5820,#5821,#5822,#5823),
 .UNSPECIFIED.,.F.,.F.,(4,4),(0.,0.00490037865700645),.UNSPECIFIED.);
#3161=B_SPLINE_CURVE_WITH_KNOTS('',3,(#5827,#5828,#5829,#5830),
 .UNSPECIFIED.,.F.,.F.,(4,4),(0.,0.000853105491291506),.UNSPECIFIED.);
#3162=B_SPLINE_CURVE_WITH_KNOTS('',3,(#5851,#5852,#5853,#5854),
 .UNSPECIFIED.,.F.,.F.,(4,4),(2.47430283342344E-9,0.00503007030471095),
 .UNSPECIFIED.);
#3163=B_SPLINE_CURVE_WITH_KNOTS('',3,(#5871,#5872,#5873,#5874,#5875,#5876),
 .UNSPECIFIED.,.F.,.F.,(4,1,1,4),(0.,0.000230315178614574,0.000460630357229148,
0.000921260714458297),.UNSPECIFIED.);
#3164=B_SPLINE_CURVE_WITH_KNOTS('',3,(#5880,#5881,#5882,#5883),
 .UNSPECIFIED.,.F.,.F.,(4,4),(0.,0.00286814471087889),.UNSPECIFIED.);
#3165=B_SPLINE_CURVE_WITH_KNOTS('',3,(#5887,#5888,#5889,#5890),
 .UNSPECIFIED.,.F.,.F.,(4,4),(8.37756501093577E-17,0.00664005634225584),
 .UNSPECIFIED.);
#3166=B_SPLINE_CURVE_WITH_KNOTS('',3,(#5893,#5894,#5895,#5896),
 .UNSPECIFIED.,.F.,.F.,(4,4),(0.,0.00358854790919821),.UNSPECIFIED.);
#3167=B_SPLINE_CURVE_WITH_KNOTS('',3,(#5898,#5899,#5900,#5901),
 .UNSPECIFIED.,.F.,.F.,(4,4),(0.,0.0135730788591967),.UNSPECIFIED.);
#3168=B_SPLINE_CURVE_WITH_KNOTS('',3,(#5903,#5904,#5905,#5906),
 .UNSPECIFIED.,.F.,.F.,(4,4),(0.,0.00359207816769027),.UNSPECIFIED.);
#3169=B_SPLINE_CURVE_WITH_KNOTS('',3,(#5911,#5912,#5913,#5914),
 .UNSPECIFIED.,.F.,.F.,(4,4),(0.,1.),.UNSPECIFIED.);
#3170=B_SPLINE_CURVE_WITH_KNOTS('',3,(#5916,#5917,#5918,#5919),
 .UNSPECIFIED.,.F.,.F.,(4,4),(0.,1.),.UNSPECIFIED.);
#3171=B_SPLINE_CURVE_WITH_KNOTS('',3,(#5921,#5922,#5923,#5924),
 .UNSPECIFIED.,.F.,.F.,(4,4),(0.,1.),.UNSPECIFIED.);
#3172=B_SPLINE_CURVE_WITH_KNOTS('',3,(#5928,#5929,#5930,#5931),
 .UNSPECIFIED.,.F.,.F.,(4,4),(0.,1.),.UNSPECIFIED.);
#3173=B_SPLINE_CURVE_WITH_KNOTS('',3,(#5936,#5937,#5938,#5939),
 .UNSPECIFIED.,.F.,.F.,(4,4),(0.,0.00462544802310871),.UNSPECIFIED.);
#3174=B_SPLINE_CURVE_WITH_KNOTS('',3,(#5943,#5944,#5945,#5946,#5947,#5948),
 .UNSPECIFIED.,.F.,.F.,(4,1,1,4),(0.,0.000454492459930512,0.000681738689895769,
0.000908984919861025),.UNSPECIFIED.);
#3175=B_SPLINE_CURVE_WITH_KNOTS('',3,(#5964,#5965,#5966,#5967,#5968,#5969),
 .UNSPECIFIED.,.F.,.F.,(4,1,1,4),(0.,0.000228483228360228,0.000456966456720456,
0.000913932913440912),.UNSPECIFIED.);
#3176=B_SPLINE_CURVE_WITH_KNOTS('',3,(#5973,#5974,#5975,#5976),
 .UNSPECIFIED.,.F.,.F.,(4,4),(0.,0.0106377946519625),.UNSPECIFIED.);
#3177=B_SPLINE_CURVE_WITH_KNOTS('',3,(#5980,#5981,#5982,#5983,#5984,#5985),
 .UNSPECIFIED.,.F.,.F.,(4,1,1,4),(0.,0.000454271437357229,0.000681407156035843,
0.000908542874714458),.UNSPECIFIED.);
#3178=B_SPLINE_CURVE_WITH_KNOTS('',3,(#6014,#6015,#6016,#6017),
 .UNSPECIFIED.,.F.,.F.,(4,4),(5.54568712164553E-15,0.00142069867406939),
 .UNSPECIFIED.);
#3179=B_SPLINE_CURVE_WITH_KNOTS('',3,(#6102,#6103,#6104,#6105,#6106,#6107,
#6108,#6109,#6110,#6111),.UNSPECIFIED.,.F.,.F.,(4,3,3,4),(0.499416369926214,
0.535417972397796,1.99318032957835,4.13557821955597),
 .PIECEWISE_BEZIER_KNOTS.);
#3180=B_SPLINE_CURVE_WITH_KNOTS('',3,(#6114,#6115,#6116,#6117),
 .UNSPECIFIED.,.F.,.F.,(4,4),(0.,1.),.UNSPECIFIED.);
#3181=B_SPLINE_CURVE_WITH_KNOTS('',3,(#6119,#6120,#6121,#6122),
 .UNSPECIFIED.,.F.,.F.,(4,4),(0.,1.),.UNSPECIFIED.);
#3182=B_SPLINE_CURVE_WITH_KNOTS('',3,(#6126,#6127,#6128,#6129),
 .UNSPECIFIED.,.F.,.F.,(4,4),(0.,1.),.UNSPECIFIED.);
#3183=B_SPLINE_CURVE_WITH_KNOTS('',3,(#6131,#6132,#6133,#6134),
 .UNSPECIFIED.,.F.,.F.,(4,4),(0.,1.),.UNSPECIFIED.);
#3184=B_SPLINE_CURVE_WITH_KNOTS('',3,(#6140,#6141,#6142,#6143),
 .UNSPECIFIED.,.F.,.F.,(4,4),(9.93319751609579,12.0504722596563),
 .UNSPECIFIED.);
#3185=B_SPLINE_CURVE_WITH_KNOTS('',3,(#6145,#6146,#6147,#6148),
 .UNSPECIFIED.,.F.,.F.,(4,4),(0.,0.00594173375451712),.UNSPECIFIED.);
#3186=B_SPLINE_CURVE_WITH_KNOTS('',3,(#6150,#6151,#6152,#6153),
 .UNSPECIFIED.,.F.,.F.,(4,4),(0.,1.),.UNSPECIFIED.);
#3187=B_SPLINE_CURVE_WITH_KNOTS('',3,(#6155,#6156,#6157,#6158,#6159,#6160,
#6161,#6162,#6163,#6164,#6165,#6166,#6167),.UNSPECIFIED.,.F.,.F.,(4,1,1,
1,1,1,1,1,1,1,4),(0.,0.0015806410289857,0.00237096154347855,0.00316128205797141,
0.00474192308695711,0.00632256411594281,0.00790320514492851,0.00948384617391422,
0.0126451282318856,0.0189676923478284,0.0252902564637712),.UNSPECIFIED.);
#3188=B_SPLINE_CURVE_WITH_KNOTS('',3,(#6169,#6170,#6171,#6172),
 .UNSPECIFIED.,.F.,.F.,(4,4),(5.09385827269574E-17,0.012459376759927),
 .UNSPECIFIED.);
#3189=B_SPLINE_CURVE_WITH_KNOTS('',3,(#6174,#6175,#6176,#6177,#6178,#6179,
#6180,#6181,#6182,#6183,#6184,#6185,#6186,#6187,#6188,#6189,#6190,#6191,
#6192,#6193,#6194,#6195,#6196,#6197,#6198,#6199,#6200,#6201,#6202,#6203,
#6204,#6205,#6206,#6207),.UNSPECIFIED.,.F.,.F.,(4,1,1,1,1,1,1,1,1,1,1,1,
1,1,1,1,1,1,1,1,1,1,1,1,1,1,1,1,1,1,1,4),(0.,0.03125,0.046875,0.0546875,
0.0625,0.0703125,0.078125,0.09375,0.109375,0.1171875,0.125,0.1328125,0.140625,
0.15625,0.1875,0.25,0.28125,0.3125,0.375,0.4375,0.46875,0.484375,0.5,0.515625,
0.53125,0.5625,0.625,0.6875,0.75,0.8125,0.875,1.),.UNSPECIFIED.);
#3190=B_SPLINE_CURVE_WITH_KNOTS('',3,(#6209,#6210,#6211,#6212,#6213,#6214,
#6215,#6216),.UNSPECIFIED.,.F.,.F.,(4,1,2,1,4),(111.433813550988,116.408142430929,
116.960845639811,117.277794274578,120.13033198748),.UNSPECIFIED.);
#3191=B_SPLINE_CURVE_WITH_KNOTS('',3,(#6218,#6219,#6220,#6221),
 .UNSPECIFIED.,.F.,.F.,(4,4),(0.,4.462007694982),.UNSPECIFIED.);
#3192=B_SPLINE_CURVE_WITH_KNOTS('',3,(#6225,#6226,#6227,#6228),
 .UNSPECIFIED.,.F.,.F.,(4,4),(0.,0.0105968271812921),.UNSPECIFIED.);
#3193=B_SPLINE_CURVE_WITH_KNOTS('',3,(#6232,#6233,#6234,#6235),
 .UNSPECIFIED.,.F.,.F.,(4,4),(0.,1.),.UNSPECIFIED.);
#3194=B_SPLINE_CURVE_WITH_KNOTS('',3,(#6237,#6238,#6239,#6240),
 .UNSPECIFIED.,.F.,.F.,(4,4),(0.,1.),.UNSPECIFIED.);
#3195=B_SPLINE_CURVE_WITH_KNOTS('',3,(#6242,#6243,#6244,#6245),
 .UNSPECIFIED.,.F.,.F.,(4,4),(0.,1.),.UNSPECIFIED.);
#3196=B_SPLINE_CURVE_WITH_KNOTS('',3,(#6247,#6248,#6249,#6250),
 .UNSPECIFIED.,.F.,.F.,(4,4),(-6.13094792252736,0.),.UNSPECIFIED.);
#3197=B_SPLINE_CURVE_WITH_KNOTS('',3,(#6252,#6253,#6254,#6255,#6256,#6257,
#6258,#6259,#6260,#6261,#6262,#6263,#6264,#6265,#6266,#6267,#6268,#6269,
#6270,#6271,#6272,#6273,#6274,#6275,#6276,#6277,#6278,#6279,#6280,#6281,
#6282,#6283,#6284,#6285,#6286,#6287,#6288,#6289,#6290,#6291),
 .UNSPECIFIED.,.F.,.F.,(4,1,1,1,1,1,1,1,1,1,1,1,1,1,1,1,1,1,1,1,1,1,1,1,
1,1,1,1,1,1,1,1,1,1,1,1,1,4),(0.,0.0625,0.125,0.1875,0.21875,0.234375,0.25,
0.265625,0.28125,0.3125,0.375,0.4375,0.46875,0.484375,0.4921875,0.5,0.5078125,
0.515625,0.53125,0.546875,0.5546875,0.5625,0.5703125,0.578125,0.59375,0.609375,
0.625,0.65625,0.6875,0.71875,0.75,0.8125,0.84375,0.875,0.90625,0.9375,0.96875,
1.),.UNSPECIFIED.);
#3198=B_SPLINE_CURVE_WITH_KNOTS('',3,(#6293,#6294,#6295,#6296,#6297,#6298,
#6299),.UNSPECIFIED.,.F.,.F.,(4,3,4),(-6.07220397747935,-5.39996477325824,
0.),.UNSPECIFIED.);
#3199=B_SPLINE_CURVE_WITH_KNOTS('',3,(#6303,#6304,#6305,#6306),
 .UNSPECIFIED.,.F.,.F.,(4,4),(0.,1.),.UNSPECIFIED.);
#3200=B_SPLINE_CURVE_WITH_KNOTS('',3,(#6308,#6309,#6310,#6311),
 .UNSPECIFIED.,.F.,.F.,(4,4),(0.,1.),.UNSPECIFIED.);
#3201=B_SPLINE_CURVE_WITH_KNOTS('',3,(#6313,#6314,#6315,#6316,#6317,#6318,
#6319),.UNSPECIFIED.,.F.,.F.,(4,3,4),(0.,2.13499801588923,3.5885853038216),
 .UNSPECIFIED.);
#3202=B_SPLINE_CURVE_WITH_KNOTS('',3,(#6321,#6322,#6323,#6324),
 .UNSPECIFIED.,.F.,.F.,(4,4),(0.,6.49155654404261),.UNSPECIFIED.);
#3203=B_SPLINE_CURVE_WITH_KNOTS('',3,(#6325,#6326,#6327,#6328),
 .UNSPECIFIED.,.F.,.F.,(4,4),(0.,3.51114141679015),.UNSPECIFIED.);
#3204=B_SPLINE_CURVE_WITH_KNOTS('',3,(#6331,#6332,#6333,#6334,#6335,#6336,
#6337),.UNSPECIFIED.,.F.,.F.,(4,1,1,1,4),(4.63667449259627E-14,0.00265710424067251,
0.00531420848129865,0.00797131272192479,0.0106284169625509),
 .UNSPECIFIED.);
#3205=B_SPLINE_CURVE_WITH_KNOTS('',3,(#6339,#6340,#6341,#6342,#6343,#6344,
#6345),.UNSPECIFIED.,.F.,.F.,(4,3,4),(0.,2.06252225307519,3.51041675757719),
 .UNSPECIFIED.);
#3206=B_SPLINE_CURVE_WITH_KNOTS('',3,(#6349,#6350,#6351,#6352),
 .UNSPECIFIED.,.F.,.F.,(4,4),(0.0658507579153701,5.15932591921523),
 .UNSPECIFIED.);
#3207=B_SPLINE_CURVE_WITH_KNOTS('',3,(#6358,#6359,#6360,#6361),
 .UNSPECIFIED.,.F.,.F.,(4,4),(0.,0.00318157858132013),.UNSPECIFIED.);
#3208=B_SPLINE_CURVE_WITH_KNOTS('',3,(#6364,#6365,#6366,#6367),
 .UNSPECIFIED.,.F.,.F.,(4,4),(2.59629636315951E-17,0.0044603700129688),
 .UNSPECIFIED.);
#3209=B_SPLINE_CURVE_WITH_KNOTS('',3,(#6372,#6373,#6374,#6375),
 .UNSPECIFIED.,.F.,.F.,(4,4),(2.93474493429835E-11,0.0029529536655955),
 .UNSPECIFIED.);
#3210=B_SPLINE_CURVE_WITH_KNOTS('',3,(#6381,#6382,#6383,#6384),
 .UNSPECIFIED.,.F.,.F.,(4,4),(0.,1.),.UNSPECIFIED.);
#3211=B_SPLINE_CURVE_WITH_KNOTS('',3,(#6388,#6389,#6390,#6391),
 .UNSPECIFIED.,.F.,.F.,(4,4),(0.,1.),.UNSPECIFIED.);
#3212=B_SPLINE_CURVE_WITH_KNOTS('',3,(#6393,#6394,#6395,#6396),
 .UNSPECIFIED.,.F.,.F.,(4,4),(0.,1.),.UNSPECIFIED.);
#3213=B_SPLINE_CURVE_WITH_KNOTS('',3,(#6398,#6399,#6400,#6401),
 .UNSPECIFIED.,.F.,.F.,(4,4),(0.,1.),.UNSPECIFIED.);
#3214=B_SPLINE_CURVE_WITH_KNOTS('',3,(#6404,#6405,#6406,#6407),
 .UNSPECIFIED.,.F.,.F.,(4,4),(0.,1.),.UNSPECIFIED.);
#3215=B_SPLINE_CURVE_WITH_KNOTS('',3,(#6408,#6409,#6410,#6411),
 .UNSPECIFIED.,.F.,.F.,(4,4),(0.,1.),.UNSPECIFIED.);
#3216=B_SPLINE_CURVE_WITH_KNOTS('',3,(#6413,#6414,#6415,#6416),
 .UNSPECIFIED.,.F.,.F.,(4,4),(0.,1.),.UNSPECIFIED.);
#3217=B_SPLINE_CURVE_WITH_KNOTS('',3,(#6418,#6419,#6420,#6421),
 .UNSPECIFIED.,.F.,.F.,(4,4),(0.,1.),.UNSPECIFIED.);
#3218=B_SPLINE_CURVE_WITH_KNOTS('',3,(#6422,#6423,#6424,#6425),
 .UNSPECIFIED.,.F.,.F.,(4,4),(0.,1.),.UNSPECIFIED.);
#3219=B_SPLINE_CURVE_WITH_KNOTS('',3,(#6442,#6443,#6444,#6445,#6446,#6447,
#6448),.UNSPECIFIED.,.F.,.F.,(4,3,4),(0.,6.63053882199117,7.63729108751865),
 .UNSPECIFIED.);
#3220=B_SPLINE_CURVE_WITH_KNOTS('',3,(#6450,#6451,#6452,#6453),
 .UNSPECIFIED.,.F.,.F.,(4,4),(0.,1.),.UNSPECIFIED.);
#3221=B_SPLINE_CURVE_WITH_KNOTS('',3,(#6455,#6456,#6457,#6458,#6459,#6460,
#6461),.UNSPECIFIED.,.F.,.F.,(4,3,4),(-7.6450480880116,-6.63600438325698,
0.),.UNSPECIFIED.);
#3222=B_SPLINE_CURVE_WITH_KNOTS('',3,(#6463,#6464,#6465,#6466),
 .UNSPECIFIED.,.F.,.F.,(4,4),(-6.48817726323528,0.),.UNSPECIFIED.);
#3223=B_SPLINE_CURVE_WITH_KNOTS('',3,(#6470,#6471,#6472,#6473),
 .UNSPECIFIED.,.F.,.F.,(4,4),(4.16694878236656E-17,0.00648989070191886),
 .UNSPECIFIED.);
#3224=B_SPLINE_CURVE_WITH_KNOTS('',3,(#6477,#6478,#6479,#6480,#6481,#6482,
#6483,#6484,#6485,#6486,#6487,#6488,#6489,#6490),.UNSPECIFIED.,.F.,.F.,
(4,1,1,1,1,1,1,1,1,1,1,4),(4.44305997370834E-17,0.00158164667788782,0.0031632933557756,
0.00395411669471948,0.00474494003366337,0.00632658671155115,0.00790823338943892,
0.0094898800673267,0.0126531734231022,0.0158164667788778,0.0189797601346533,
0.0253063468462045),.UNSPECIFIED.);
#3225=B_SPLINE_CURVE_WITH_KNOTS('',3,(#6493,#6494,#6495,#6496),
 .UNSPECIFIED.,.F.,.F.,(4,4),(6.93889390390723E-18,0.0056197053429467),
 .UNSPECIFIED.);
#3226=B_SPLINE_CURVE_WITH_KNOTS('',3,(#6498,#6499,#6500,#6501),
 .UNSPECIFIED.,.F.,.F.,(4,4),(0.,0.00681981849153621),.UNSPECIFIED.);
#3227=B_SPLINE_CURVE_WITH_KNOTS('',3,(#6503,#6504,#6505,#6506),
 .UNSPECIFIED.,.F.,.F.,(4,4),(3.46944695195361E-18,0.0144965339046429),
 .UNSPECIFIED.);
#3228=B_SPLINE_CURVE_WITH_KNOTS('',3,(#6508,#6509,#6510,#6511,#6512,#6513,
#6514,#6515,#6516,#6517),.UNSPECIFIED.,.F.,.F.,(4,1,1,1,1,1,1,4),(5.20417042793042E-18,
0.00797174028816074,0.0119576104322411,0.0159434805763215,0.0199293507204018,
0.0239152208644822,0.0279010910085626,0.031886961152643),.UNSPECIFIED.);
#3229=B_SPLINE_CURVE_WITH_KNOTS('',3,(#6523,#6524,#6525,#6526),
 .UNSPECIFIED.,.F.,.F.,(4,4),(0.,0.00754405709948124),.UNSPECIFIED.);
#3230=B_SPLINE_CURVE_WITH_KNOTS('',3,(#6528,#6529,#6530,#6531,#6532),
 .UNSPECIFIED.,.F.,.F.,(4,1,4),(5.20417042793042E-18,0.0114076681575952,
0.0228153363151904),.UNSPECIFIED.);
#3231=B_SPLINE_CURVE_WITH_KNOTS('',3,(#6534,#6535,#6536,#6537,#6538,#6539,
#6540),.UNSPECIFIED.,.F.,.F.,(4,3,4),(-2.87159112925902E-5,7.68983565861673E-16,
0.00287159112933669),.PIECEWISE_BEZIER_KNOTS.);
#3232=B_SPLINE_CURVE_WITH_KNOTS('',3,(#6542,#6543,#6544,#6545),
 .UNSPECIFIED.,.F.,.F.,(4,4),(3.46944695195361E-18,0.0114476712137602),
 .UNSPECIFIED.);
#3233=B_SPLINE_CURVE_WITH_KNOTS('',3,(#6547,#6548,#6549,#6550),
 .UNSPECIFIED.,.F.,.F.,(4,4),(3.46944695195361E-18,0.0125494814968632),
 .UNSPECIFIED.);
#3234=B_SPLINE_CURVE_WITH_KNOTS('',3,(#6552,#6553,#6554,#6555,#6556,#6557,
#6558,#6559,#6560,#6561,#6562,#6563),.UNSPECIFIED.,.F.,.F.,(4,1,1,1,1,1,
1,1,1,4),(4.85722573273506E-17,0.00569353282928064,0.00854029924392093,
0.0113870656585612,0.0142338320732015,0.0170805984878418,0.018503981695162,
0.0199273649024821,0.0213507481098023,0.0227741313171224),.UNSPECIFIED.);
#3235=B_SPLINE_CURVE_WITH_KNOTS('',3,(#6565,#6566,#6567,#6568),
 .UNSPECIFIED.,.F.,.F.,(4,4),(2.34218253807676E-15,0.000864648640525139),
 .UNSPECIFIED.);
#3236=B_SPLINE_CURVE_WITH_KNOTS('',3,(#6573,#6574,#6575,#6576),
 .UNSPECIFIED.,.F.,.F.,(4,4),(0.,1.),.UNSPECIFIED.);
#3237=B_SPLINE_CURVE_WITH_KNOTS('',3,(#6578,#6579,#6580,#6581,#6582),
 .UNSPECIFIED.,.F.,.F.,(4,1,4),(0.,0.00838361400730978,0.0167672280146196),
 .UNSPECIFIED.);
#3238=B_SPLINE_CURVE_WITH_KNOTS('',3,(#6615,#6616,#6617,#6618,#6619,#6620,
#6621,#6622,#6623,#6624,#6625,#6626,#6627,#6628,#6629),.UNSPECIFIED.,.F.,
 .F.,(4,1,1,1,1,1,1,1,1,1,1,1,4),(9.96522768216897E-18,0.00173097647937921,
0.00346195295875842,0.00519292943813762,0.00692390591751682,0.00865488239689602,
0.0103858588762752,0.0121168353556544,0.0138478118350336,0.017309764793792,
0.0207717177525504,0.0242336707113088,0.0276956236700673),.UNSPECIFIED.);
#3239=B_SPLINE_CURVE_WITH_KNOTS('',3,(#6632,#6633,#6634,#6635),
 .UNSPECIFIED.,.F.,.F.,(4,4),(0.,1.),.UNSPECIFIED.);
#3240=B_SPLINE_CURVE_WITH_KNOTS('',3,(#6637,#6638,#6639,#6640,#6641,#6642,
#6643),.UNSPECIFIED.,.F.,.F.,(4,3,4),(0.,2.67326453901575,2.96461390187764),
 .UNSPECIFIED.);
#3241=B_SPLINE_CURVE_WITH_KNOTS('',3,(#6645,#6646,#6647,#6648,#6649,#6650,
#6651,#6652,#6653,#6654,#6655,#6656),.UNSPECIFIED.,.F.,.F.,(4,1,1,1,1,1,
1,1,1,4),(0.,0.00155357009273459,0.00310714018546918,0.00466071027820377,
0.00621428037093836,0.00932142055640754,0.0124285607418767,0.0155357009273459,
0.0186428411128151,0.0248571214837534),.UNSPECIFIED.);
#3242=B_SPLINE_CURVE_WITH_KNOTS('',3,(#6658,#6659,#6660,#6661,#6662,#6663,
#6664),.UNSPECIFIED.,.F.,.F.,(4,3,4),(0.,1.,1.01),
 .PIECEWISE_BEZIER_KNOTS.);
#3243=B_SPLINE_CURVE_WITH_KNOTS('',3,(#6713,#6714,#6715,#6716),
 .UNSPECIFIED.,.F.,.F.,(4,4),(0.,0.000471302318710545),.UNSPECIFIED.);
#3244=B_SPLINE_CURVE_WITH_KNOTS('',3,(#6719,#6720,#6721,#6722,#6723,#6724,
#6725,#6726),.UNSPECIFIED.,.F.,.F.,(4,1,1,1,1,4),(0.,0.00355530145444427,
0.00711060290888855,0.0106659043633328,0.012443555090555,0.0142212058177771),
 .UNSPECIFIED.);
#3245=B_SPLINE_CURVE_WITH_KNOTS('',3,(#6727,#6728,#6729,#6730,#6731,#6732,
#6733,#6734,#6735,#6736),.UNSPECIFIED.,.F.,.F.,(4,3,3,4),(7.50021022242959,
7.68327185386055,9.68311535537408,11.8316769625795),.UNSPECIFIED.);
#3246=B_SPLINE_CURVE_WITH_KNOTS('',3,(#6738,#6739,#6740,#6741),
 .UNSPECIFIED.,.F.,.F.,(4,4),(0.,7.50021022242959),.UNSPECIFIED.);
#3247=B_SPLINE_CURVE_WITH_KNOTS('',3,(#6743,#6744,#6745,#6746),
 .UNSPECIFIED.,.F.,.F.,(4,4),(0.,6.48827180333583),.UNSPECIFIED.);
#3248=B_SPLINE_CURVE_WITH_KNOTS('',3,(#6747,#6748,#6749,#6750),
 .UNSPECIFIED.,.F.,.F.,(4,4),(0.019228093178488,0.0227004313305335),
 .UNSPECIFIED.);
#3249=B_SPLINE_CURVE_WITH_KNOTS('',3,(#6751,#6752,#6753,#6754),
 .UNSPECIFIED.,.F.,.F.,(4,4),(0.023096178060794,0.0284827364513808),
 .UNSPECIFIED.);
#3250=B_SPLINE_CURVE_WITH_KNOTS('',3,(#6756,#6757,#6758,#6759),
 .UNSPECIFIED.,.F.,.F.,(4,4),(2.06816396277583E-14,0.000172803340981037),
 .UNSPECIFIED.);
#3251=B_SPLINE_CURVE_WITH_KNOTS('',3,(#6761,#6762,#6763,#6764),
 .UNSPECIFIED.,.F.,.F.,(4,4),(0.,0.00387649001750305),.UNSPECIFIED.);
#3252=B_SPLINE_CURVE_WITH_KNOTS('',3,(#6768,#6769,#6770,#6771),
 .UNSPECIFIED.,.F.,.F.,(4,4),(4.462007694982,9.73093395118329),
 .UNSPECIFIED.);
#3253=B_SPLINE_CURVE_WITH_KNOTS('',3,(#6772,#6773,#6774,#6775,#6776,#6777,
#6778,#6779,#6780,#6781,#6782,#6783,#6784,#6785,#6786,#6787,#6788,#6789,
#6790,#6791,#6792,#6793,#6794,#6795,#6796,#6797,#6798,#6799,#6800,#6801,
#6802,#6803,#6804,#6805,#6806,#6807,#6808,#6809,#6810,#6811,#6812,#6813,
#6814,#6815,#6816),.UNSPECIFIED.,.F.,.F.,(4,1,1,1,1,1,1,1,1,1,1,1,1,1,1,
1,1,1,1,1,1,1,1,1,1,1,1,1,1,1,1,1,1,1,1,1,1,1,1,1,1,1,4),(0.,0.0625,0.125,
0.15625,0.1875,0.21875,0.234375,0.25,0.265625,0.28125,0.3125,0.375,0.4375,
0.46875,0.484375,0.5,0.515625,0.53125,0.5625,0.625,0.6875,0.71875,0.734375,
0.75,0.765625,0.78125,0.8125,0.84375,0.859375,0.8671875,0.875,0.8828125,
0.890625,0.90625,0.921875,0.9375,0.953125,0.96875,0.9765625,0.984375,0.98828125,
0.9921875,1.),.UNSPECIFIED.);
#3254=B_SPLINE_CURVE_WITH_KNOTS('',3,(#6818,#6819,#6820,#6821),
 .UNSPECIFIED.,.F.,.F.,(4,4),(9.96522768216897E-18,0.00993126714063434),
 .UNSPECIFIED.);
#3255=B_SPLINE_CURVE_WITH_KNOTS('',3,(#6824,#6825,#6826,#6827),
 .UNSPECIFIED.,.F.,.F.,(4,4),(0.,0.0117895828163672),.UNSPECIFIED.);
#3256=B_SPLINE_CURVE_WITH_KNOTS('',3,(#6829,#6830,#6831,#6832,#6833,#6834),
 .UNSPECIFIED.,.F.,.F.,(4,1,1,4),(4.17776736080521E-17,0.0113127616481534,
0.0169691424722301,0.0226255232963068),.UNSPECIFIED.);
#3257=B_SPLINE_CURVE_WITH_KNOTS('',3,(#6836,#6837,#6838,#6839,#6840,#6841,
#6842,#6843,#6844,#6845),.UNSPECIFIED.,.F.,.F.,(4,3,3,4),(-3.41471259979207E-5,
0.,0.00341471259979207,0.00344920119704997),.PIECEWISE_BEZIER_KNOTS.);
#3258=B_SPLINE_CURVE_WITH_KNOTS('',3,(#6847,#6848,#6849,#6850),
 .UNSPECIFIED.,.F.,.F.,(4,4),(4.86366472342988E-16,0.00389791687941765),
 .UNSPECIFIED.);
#3259=B_SPLINE_CURVE_WITH_KNOTS('',3,(#6854,#6855,#6856,#6857,#6858,#6859,
#6860,#6861,#6862),.UNSPECIFIED.,.F.,.F.,(4,1,1,1,1,1,4),(1.99561747249268E-15,
0.00282552624171803,0.00423828936257605,0.00565105248343407,0.00706381560429209,
0.0084765787251501,0.0113021049668661),.UNSPECIFIED.);
#3260=B_SPLINE_CURVE_WITH_KNOTS('',3,(#6864,#6865,#6866,#6867),
 .UNSPECIFIED.,.F.,.F.,(4,4),(0.0119647410933292,0.0154892234538713),
 .UNSPECIFIED.);
#3261=B_SPLINE_CURVE_WITH_KNOTS('',3,(#6869,#6870,#6871,#6872,#6873,#6874,
#6875),.UNSPECIFIED.,.F.,.F.,(4,3,4),(0.0154877069553568,0.0179840748960893,
0.0180090385754966),.PIECEWISE_BEZIER_KNOTS.);
#3262=B_SPLINE_CURVE_WITH_KNOTS('',3,(#6877,#6878,#6879,#6880),
 .UNSPECIFIED.,.F.,.F.,(4,4),(0.,1.),.UNSPECIFIED.);
#3263=B_SPLINE_CURVE_WITH_KNOTS('',3,(#6882,#6883,#6884,#6885),
 .UNSPECIFIED.,.F.,.F.,(4,4),(0.,4.7503146166203),.UNSPECIFIED.);
#3264=B_SPLINE_CURVE_WITH_KNOTS('',3,(#6900,#6901,#6902,#6903),
 .UNSPECIFIED.,.F.,.F.,(4,4),(1.38777878078145E-17,0.00942390803933052),
 .UNSPECIFIED.);
#3265=B_SPLINE_CURVE_WITH_KNOTS('',3,(#6909,#6910,#6911,#6912),
 .UNSPECIFIED.,.F.,.F.,(4,4),(0.,0.00918126833587854),.UNSPECIFIED.);
#3266=B_SPLINE_CURVE_WITH_KNOTS('',3,(#7057,#7058,#7059,#7060,#7061,#7062,
#7063,#7064,#7065,#7066,#7067,#7068,#7069,#7070),.UNSPECIFIED.,.F.,.F.,
(4,1,1,1,1,1,1,1,1,1,1,4),(0.,0.000734806017436656,0.00146961203487331,
0.00220441805230997,0.00293922406974662,0.00440883610461994,0.00587844813949325,
0.00881767220923987,0.0117568962789865,0.0146961203487331,0.0176353444184797,
0.023513792557973),.UNSPECIFIED.);
#3267=B_SPLINE_CURVE_WITH_KNOTS('',3,(#7073,#7074,#7075,#7076),
 .UNSPECIFIED.,.F.,.F.,(4,4),(0.,1.),.UNSPECIFIED.);
#3268=B_SPLINE_CURVE_WITH_KNOTS('',3,(#7077,#7078,#7079,#7080),
 .UNSPECIFIED.,.F.,.F.,(4,4),(0.,1.),.UNSPECIFIED.);
#3269=B_SPLINE_CURVE_WITH_KNOTS('',3,(#7129,#7130,#7131,#7132),
 .UNSPECIFIED.,.F.,.F.,(4,4),(3.46944695195361E-18,0.0110928831851958),
 .UNSPECIFIED.);
#3270=B_SPLINE_CURVE_WITH_KNOTS('',3,(#7133,#7134,#7135,#7136,#7137,#7138,
#7139,#7140,#7141,#7142),.UNSPECIFIED.,.F.,.F.,(4,3,3,4),(-2.85145970900428E-5,
0.,0.0028232274346577,0.00285145970900428),.PIECEWISE_BEZIER_KNOTS.);
#3271=B_SPLINE_CURVE_WITH_KNOTS('',3,(#7144,#7145,#7146,#7147),
 .UNSPECIFIED.,.F.,.F.,(4,4),(0.,0.00298750460962332),.UNSPECIFIED.);
#3272=B_SPLINE_CURVE_WITH_KNOTS('',3,(#7149,#7150,#7151,#7152),
 .UNSPECIFIED.,.F.,.F.,(4,4),(4.06088354287779E-17,0.00732300022770196),
 .UNSPECIFIED.);
#3273=B_SPLINE_CURVE_WITH_KNOTS('',3,(#7154,#7155,#7156,#7157),
 .UNSPECIFIED.,.F.,.F.,(4,4),(0.,0.00200154371526452),.UNSPECIFIED.);
#3274=B_SPLINE_CURVE_WITH_KNOTS('',3,(#7159,#7160,#7161,#7162),
 .UNSPECIFIED.,.F.,.F.,(4,4),(0.,1.),.UNSPECIFIED.);
#3275=B_SPLINE_CURVE_WITH_KNOTS('',3,(#7164,#7165,#7166,#7167),
 .UNSPECIFIED.,.F.,.F.,(4,4),(0.,1.),.UNSPECIFIED.);
#3276=B_SPLINE_CURVE_WITH_KNOTS('',3,(#7171,#7172,#7173,#7174),
 .UNSPECIFIED.,.F.,.F.,(4,4),(-8.64804187315977,0.462498280110452),
 .UNSPECIFIED.);
#3277=B_SPLINE_CURVE_WITH_KNOTS('',3,(#7177,#7178,#7179,#7180),
 .UNSPECIFIED.,.F.,.F.,(4,4),(0.,1.),.UNSPECIFIED.);
#3278=B_SPLINE_CURVE_WITH_KNOTS('',3,(#7183,#7184,#7185,#7186),
 .UNSPECIFIED.,.F.,.F.,(4,4),(0.,0.00490850869660504),.UNSPECIFIED.);
#3279=B_SPLINE_CURVE_WITH_KNOTS('',3,(#7187,#7188,#7189,#7190),
 .UNSPECIFIED.,.F.,.F.,(4,4),(0.,0.0022471055378171),.UNSPECIFIED.);
#3280=B_SPLINE_CURVE_WITH_KNOTS('',3,(#7192,#7193,#7194,#7195),
 .UNSPECIFIED.,.F.,.F.,(4,4),(0.,0.000454439877016138),.UNSPECIFIED.);
#3281=B_SPLINE_CURVE_WITH_KNOTS('',3,(#7197,#7198,#7199,#7200),
 .UNSPECIFIED.,.F.,.F.,(4,4),(0.,0.000826846302426631),.UNSPECIFIED.);
#3282=B_SPLINE_CURVE_WITH_KNOTS('',3,(#7201,#7202,#7203,#7204),
 .UNSPECIFIED.,.F.,.F.,(4,4),(0.,6.49128586190781),.UNSPECIFIED.);
#3283=B_SPLINE_CURVE_WITH_KNOTS('',3,(#7207,#7208,#7209,#7210,#7211,#7212,
#7213),.UNSPECIFIED.,.F.,.F.,(4,3,4),(0.,0.00249669072457476,0.00252165763182051),
 .PIECEWISE_BEZIER_KNOTS.);
#3284=B_SPLINE_CURVE_WITH_KNOTS('',3,(#7217,#7218,#7219,#7220),
 .UNSPECIFIED.,.F.,.F.,(4,4),(0.,1.),.UNSPECIFIED.);
#3285=B_SPLINE_CURVE_WITH_KNOTS('',3,(#7222,#7223,#7224,#7225),
 .UNSPECIFIED.,.F.,.F.,(4,4),(4.44644516275082E-17,0.00763674968299172),
 .UNSPECIFIED.);
#3286=B_SPLINE_CURVE_WITH_KNOTS('',3,(#7227,#7228,#7229,#7230),
 .UNSPECIFIED.,.F.,.F.,(4,4),(0.,1.),.UNSPECIFIED.);
#3287=B_SPLINE_CURVE_WITH_KNOTS('',3,(#7231,#7232,#7233,#7234),
 .UNSPECIFIED.,.F.,.F.,(4,4),(0.,1.),.UNSPECIFIED.);
#3288=B_SPLINE_CURVE_WITH_KNOTS('',3,(#7236,#7237,#7238,#7239),
 .UNSPECIFIED.,.F.,.F.,(4,4),(0.,1.),.UNSPECIFIED.);
#3289=B_SPLINE_CURVE_WITH_KNOTS('',3,(#7241,#7242,#7243,#7244),
 .UNSPECIFIED.,.F.,.F.,(4,4),(0.,1.),.UNSPECIFIED.);
#3290=B_SPLINE_CURVE_WITH_KNOTS('',3,(#7248,#7249,#7250,#7251),
 .UNSPECIFIED.,.F.,.F.,(4,4),(0.,0.00360436006176602),.UNSPECIFIED.);
#3291=B_SPLINE_CURVE_WITH_KNOTS('',3,(#7341,#7342,#7343,#7344),
 .UNSPECIFIED.,.F.,.F.,(4,4),(4.30211422042248E-15,0.00161799182787923),
 .UNSPECIFIED.);
#3292=B_SPLINE_CURVE_WITH_KNOTS('',3,(#7348,#7349,#7350,#7351),
 .UNSPECIFIED.,.F.,.F.,(4,4),(1.58990032769613E-17,0.00393728797705868),
 .UNSPECIFIED.);
#3293=B_SPLINE_CURVE_WITH_KNOTS('',3,(#7380,#7381,#7382,#7383,#7384,#7385,
#7386,#7387,#7388,#7389,#7390,#7391,#7392,#7393,#7394,#7395,#7396,#7397,
#7398),.UNSPECIFIED.,.F.,.F.,(4,1,1,1,1,1,1,1,1,1,1,1,1,1,1,1,4),(0.,0.125,
0.1875,0.25,0.3125,0.34375,0.375,0.40625,0.4375,0.46875,0.5,0.53125,0.5625,
0.625,0.75,0.875,1.),.UNSPECIFIED.);
#3294=B_SPLINE_CURVE_WITH_KNOTS('',3,(#7399,#7400,#7401,#7402),
 .UNSPECIFIED.,.F.,.F.,(4,4),(7.75791922889773E-18,0.0104916566102325),
 .UNSPECIFIED.);
#3295=B_SPLINE_CURVE_WITH_KNOTS('',3,(#7404,#7405,#7406,#7407),
 .UNSPECIFIED.,.F.,.F.,(4,4),(0.,0.00899868368624109),.UNSPECIFIED.);
#3296=B_SPLINE_CURVE_WITH_KNOTS('',3,(#7530,#7531,#7532,#7533,#7534,#7535,
#7536,#7537,#7538),.UNSPECIFIED.,.F.,.F.,(4,1,1,1,1,1,4),(0.,0.00270019097942379,
0.00540038195884759,0.00810057293827138,0.0108007639176952,0.0162011458765428,
0.0216015278353903),.UNSPECIFIED.);
#3297=B_SPLINE_CURVE_WITH_KNOTS('',3,(#7540,#7541,#7542,#7543),
 .UNSPECIFIED.,.F.,.F.,(4,4),(0.,1.),.UNSPECIFIED.);
#3298=B_SPLINE_CURVE_WITH_KNOTS('',3,(#7560,#7561,#7562,#7563),
 .UNSPECIFIED.,.F.,.F.,(4,4),(0.,1.),.UNSPECIFIED.);
#3299=B_SPLINE_CURVE_WITH_KNOTS('',3,(#7564,#7565,#7566,#7567),
 .UNSPECIFIED.,.F.,.F.,(4,4),(0.,1.),.UNSPECIFIED.);
#3300=B_SPLINE_CURVE_WITH_KNOTS('',3,(#7568,#7569,#7570,#7571),
 .UNSPECIFIED.,.F.,.F.,(4,4),(2.06059330905375E-14,0.00993317201584523),
 .UNSPECIFIED.);
#3301=B_SPLINE_CURVE_WITH_KNOTS('',3,(#7588,#7589,#7590,#7591),
 .UNSPECIFIED.,.F.,.F.,(4,4),(0.,1.),.UNSPECIFIED.);
#3302=B_SPLINE_CURVE_WITH_KNOTS('',3,(#7593,#7594,#7595,#7596),
 .UNSPECIFIED.,.F.,.F.,(4,4),(0.,9.93216472449379),.UNSPECIFIED.);
#3303=B_SPLINE_CURVE_WITH_KNOTS('',3,(#7733,#7734,#7735,#7736),
 .UNSPECIFIED.,.F.,.F.,(4,4),(0.,0.0021129005123656),.UNSPECIFIED.);
#3304=B_SPLINE_CURVE_WITH_KNOTS('',3,(#7740,#7741,#7742,#7743),
 .UNSPECIFIED.,.F.,.F.,(4,4),(3.97191069682033E-17,0.00520153455358567),
 .UNSPECIFIED.);
#3305=B_SPLINE_CURVE_WITH_KNOTS('',3,(#7747,#7748,#7749,#7750),
 .UNSPECIFIED.,.F.,.F.,(4,4),(1.96261557335472E-17,0.0149021005803399),
 .UNSPECIFIED.);
#3306=B_SPLINE_CURVE_WITH_KNOTS('',3,(#7815,#7816,#7817,#7818),
 .UNSPECIFIED.,.F.,.F.,(4,4),(0.,1.),.UNSPECIFIED.);
#3307=B_SPLINE_CURVE_WITH_KNOTS('',3,(#7820,#7821,#7822,#7823),
 .UNSPECIFIED.,.F.,.F.,(4,4),(9.81307786677359E-18,0.00258691327012865),
 .UNSPECIFIED.);
#3308=B_SPLINE_CURVE_WITH_KNOTS('',3,(#7836,#7837,#7838,#7839),
 .UNSPECIFIED.,.F.,.F.,(4,4),(0.00278432719742188,0.00405343414389865),
 .UNSPECIFIED.);
#3309=B_SPLINE_CURVE_WITH_KNOTS('',3,(#7841,#7842,#7843,#7844),
 .UNSPECIFIED.,.F.,.F.,(4,4),(0.,0.00263296053352728),.UNSPECIFIED.);
#3310=B_SPLINE_CURVE_WITH_KNOTS('',3,(#7876,#7877,#7878,#7879,#7880),
 .UNSPECIFIED.,.F.,.F.,(4,1,4),(0.,0.000330505579541386,0.000661011159082773),
 .UNSPECIFIED.);
#3311=B_SPLINE_CURVE_WITH_KNOTS('',3,(#7884,#7885,#7886,#7887,#7888),
 .UNSPECIFIED.,.F.,.F.,(4,1,4),(0.,0.000330505576614613,0.000661011153229227),
 .UNSPECIFIED.);
#3312=B_SPLINE_CURVE_WITH_KNOTS('',3,(#7905,#7906,#7907,#7908,#7909),
 .UNSPECIFIED.,.F.,.F.,(4,1,4),(0.,0.000332535069006151,0.000665070138012303),
 .UNSPECIFIED.);
#3313=B_SPLINE_CURVE_WITH_KNOTS('',3,(#7913,#7914,#7915,#7916,#7917),
 .UNSPECIFIED.,.F.,.F.,(4,1,4),(9.58738375554899E-15,0.000332534847435871,
0.000665069694862155),.UNSPECIFIED.);
#3314=B_SPLINE_CURVE_WITH_KNOTS('',3,(#8038,#8039,#8040,#8041),
 .UNSPECIFIED.,.F.,.F.,(4,4),(1.44445865587264E-13,0.00443151794664863),
 .UNSPECIFIED.);
#3315=B_SPLINE_CURVE_WITH_KNOTS('',3,(#8043,#8044,#8045,#8046),
 .UNSPECIFIED.,.F.,.F.,(4,4),(0.,0.0188784486737568),.UNSPECIFIED.);
#3316=B_SPLINE_CURVE_WITH_KNOTS('',3,(#8048,#8049,#8050,#8051),
 .UNSPECIFIED.,.F.,.F.,(4,4),(0.,1.),.UNSPECIFIED.);
#3317=B_SPLINE_CURVE_WITH_KNOTS('',3,(#8052,#8053,#8054,#8055),
 .UNSPECIFIED.,.F.,.F.,(4,4),(0.,1.),.UNSPECIFIED.);
#3318=B_SPLINE_CURVE_WITH_KNOTS('',3,(#8106,#8107,#8108,#8109),
 .UNSPECIFIED.,.F.,.F.,(4,4),(0.,9.73093939222396),.UNSPECIFIED.);
#3319=B_SPLINE_CURVE_WITH_KNOTS('',3,(#8113,#8114,#8115,#8116),
 .UNSPECIFIED.,.F.,.F.,(4,4),(0.,9.73091397143104),.UNSPECIFIED.);
#3320=B_SPLINE_CURVE_WITH_KNOTS('',3,(#8124,#8125,#8126,#8127),
 .UNSPECIFIED.,.F.,.F.,(4,4),(0.,0.00327687405839787),.UNSPECIFIED.);
#3321=B_SPLINE_CURVE_WITH_KNOTS('',3,(#8128,#8129,#8130,#8131),
 .UNSPECIFIED.,.F.,.F.,(4,4),(1.38777878078145E-17,0.0192441884107231),
 .UNSPECIFIED.);
#3322=B_SPLINE_CURVE_WITH_KNOTS('',3,(#8206,#8207,#8208,#8209),
 .UNSPECIFIED.,.F.,.F.,(4,4),(0.,1.),.UNSPECIFIED.);
#3323=B_SPLINE_CURVE_WITH_KNOTS('',3,(#8210,#8211,#8212,#8213),
 .UNSPECIFIED.,.F.,.F.,(4,4),(0.,1.),.UNSPECIFIED.);
#3324=B_SPLINE_CURVE_WITH_KNOTS('',3,(#8230,#8231,#8232,#8233,#8234,#8235,
#8236),.UNSPECIFIED.,.F.,.F.,(4,1,1,1,4),(0.,0.25,0.5,0.75,1.),
 .UNSPECIFIED.);
#3325=B_SPLINE_CURVE_WITH_KNOTS('',3,(#8244,#8245,#8246,#8247,#8248,#8249,
#8250),.UNSPECIFIED.,.F.,.F.,(4,1,1,1,4),(1.10857817962181E-7,0.250000083143363,
0.500000055428909,0.750000027714455,1.),.UNSPECIFIED.);
#3326=B_SPLINE_CURVE_WITH_KNOTS('',3,(#8266,#8267,#8268,#8269,#8270),
 .UNSPECIFIED.,.F.,.F.,(4,1,4),(0.,0.00033017546141865,0.000660350922837299),
 .UNSPECIFIED.);
#3327=B_SPLINE_CURVE_WITH_KNOTS('',3,(#8274,#8275,#8276,#8277,#8278),
 .UNSPECIFIED.,.F.,.F.,(4,1,4),(0.,0.000330175477913386,0.000660350955826772),
 .UNSPECIFIED.);
#3328=B_SPLINE_CURVE_WITH_KNOTS('',3,(#8294,#8295,#8296,#8297,#8298),
 .UNSPECIFIED.,.F.,.F.,(4,1,4),(0.,0.000332743472729299,0.000665486945458598),
 .UNSPECIFIED.);
#3329=B_SPLINE_CURVE_WITH_KNOTS('',3,(#8320,#8321,#8322,#8323,#8324),
 .UNSPECIFIED.,.F.,.F.,(4,1,4),(0.,0.499999775799068,0.999999551598135),
 .UNSPECIFIED.);
#3330=B_SPLINE_CURVE_WITH_KNOTS('',3,(#8329,#8330,#8331,#8332,#8333),
 .UNSPECIFIED.,.F.,.F.,(4,1,4),(0.,0.000330191474942704,0.000660382949885409),
 .UNSPECIFIED.);
#3331=B_SPLINE_CURVE_WITH_KNOTS('',3,(#8353,#8354,#8355,#8356,#8357),
 .UNSPECIFIED.,.F.,.F.,(4,1,4),(0.,0.000332548223188263,0.000665096446376526),
 .UNSPECIFIED.);
#3332=B_SPLINE_CURVE_WITH_KNOTS('',3,(#8380,#8381,#8382,#8383,#8384),
 .UNSPECIFIED.,.F.,.F.,(4,1,4),(0.,0.00033017546140408,0.000660350922808159),
 .UNSPECIFIED.);
#3333=B_SPLINE_CURVE_WITH_KNOTS('',3,(#8388,#8389,#8390,#8391,#8392),
 .UNSPECIFIED.,.F.,.F.,(4,1,4),(0.,0.000330175251276377,0.000660350502552753),
 .UNSPECIFIED.);
#3334=B_SPLINE_CURVE_WITH_KNOTS('',3,(#8409,#8410,#8411,#8412,#8413),
 .UNSPECIFIED.,.F.,.F.,(4,1,4),(0.,0.000332548234795986,0.000665096469591973),
 .UNSPECIFIED.);
#3335=B_SPLINE_CURVE_WITH_KNOTS('',3,(#8417,#8418,#8419,#8420,#8421),
 .UNSPECIFIED.,.F.,.F.,(4,1,4),(0.,0.000332548126638189,0.000665096253276377),
 .UNSPECIFIED.);
#3336=B_SPLINE_CURVE_WITH_KNOTS('',3,(#8428,#8429,#8430,#8431,#8432,#8433,
#8434),.UNSPECIFIED.,.F.,.F.,(4,1,1,1,4),(0.,0.25,0.5,0.75,1.),
 .UNSPECIFIED.);
#3337=B_SPLINE_CURVE_WITH_KNOTS('',3,(#8455,#8456,#8457,#8458,#8459,#8460,
#8461),.UNSPECIFIED.,.F.,.F.,(4,1,1,1,4),(0.,0.25,0.5,0.75,1.),
 .UNSPECIFIED.);
#3338=B_SPLINE_CURVE_WITH_KNOTS('',3,(#8470,#8471,#8472,#8473,#8474),
 .UNSPECIFIED.,.F.,.F.,(4,1,4),(0.,0.000332548234790894,0.000665096469581787),
 .UNSPECIFIED.);
#3339=B_SPLINE_CURVE_WITH_KNOTS('',3,(#8478,#8479,#8480,#8481,#8482),
 .UNSPECIFIED.,.F.,.F.,(4,1,4),(6.42847607245678E-11,0.000330132953579941,
0.000660265842875121),.UNSPECIFIED.);
#3340=B_SPLINE_CURVE_WITH_KNOTS('',3,(#8513,#8514,#8515,#8516,#8517),
 .UNSPECIFIED.,.F.,.F.,(4,1,4),(0.,0.000330132954659019,0.000660265909318038),
 .UNSPECIFIED.);
#3341=B_SPLINE_CURVE_WITH_KNOTS('',3,(#8525,#8526,#8527,#8528,#8529),
 .UNSPECIFIED.,.F.,.F.,(4,1,4),(0.,0.000330111888449107,0.000660223776898215),
 .UNSPECIFIED.);
#3342=B_SPLINE_CURVE_WITH_KNOTS('',3,(#8533,#8534,#8535,#8536,#8537),
 .UNSPECIFIED.,.F.,.F.,(4,1,4),(0.,0.000332660446920382,0.000665320893840765),
 .UNSPECIFIED.);
#3343=B_SPLINE_CURVE_WITH_KNOTS('',3,(#8553,#8554,#8555,#8556),
 .UNSPECIFIED.,.F.,.F.,(4,4),(0.,1.),.UNSPECIFIED.);
#3344=B_SPLINE_CURVE_WITH_KNOTS('',3,(#8560,#8561,#8562,#8563),
 .UNSPECIFIED.,.F.,.F.,(4,4),(0.,1.),.UNSPECIFIED.);
#3345=B_SPLINE_CURVE_WITH_KNOTS('',3,(#8574,#8575,#8576,#8577,#8578),
 .UNSPECIFIED.,.F.,.F.,(4,1,4),(0.,0.000330086382079836,0.000660172764159673),
 .UNSPECIFIED.);
#3346=B_SPLINE_CURVE_WITH_KNOTS('',3,(#8590,#8591,#8592,#8593),
 .UNSPECIFIED.,.F.,.F.,(4,4),(0.,0.00141394666198085),.UNSPECIFIED.);
#3347=B_SPLINE_CURVE_WITH_KNOTS('',3,(#8724,#8725,#8726,#8727),
 .UNSPECIFIED.,.F.,.F.,(4,4),(0.,1.),.UNSPECIFIED.);
#3348=B_SPLINE_CURVE_WITH_KNOTS('',3,(#9478,#9479,#9480,#9481),
 .UNSPECIFIED.,.F.,.F.,(4,4),(-3.78762552604489E-5,0.999970133118911),
 .UNSPECIFIED.);
#3349=B_SPLINE_CURVE_WITH_KNOTS('',3,(#9482,#9483,#9484,#9485,#9486,#9487,
#9488),.UNSPECIFIED.,.F.,.F.,(4,3,4),(-0.01,0.,1.),
 .PIECEWISE_BEZIER_KNOTS.);
#3350=B_SPLINE_CURVE_WITH_KNOTS('',3,(#9739,#9740,#9741,#9742),
 .UNSPECIFIED.,.F.,.F.,(4,4),(2.24562215325666E-15,0.000172844251720887),
 .UNSPECIFIED.);
#3351=B_SPLINE_CURVE_WITH_KNOTS('',3,(#9744,#9745,#9746,#9747),
 .UNSPECIFIED.,.F.,.F.,(4,4),(7.152448122691E-18,0.00305143550398144),
 .UNSPECIFIED.);
#3352=B_SPLINE_CURVE_WITH_KNOTS('',3,(#9748,#9749,#9750,#9751),
 .UNSPECIFIED.,.F.,.F.,(4,4),(0.,1.),.UNSPECIFIED.);
#3353=B_SPLINE_CURVE_WITH_KNOTS('',3,(#9754,#9755,#9756,#9757),
 .UNSPECIFIED.,.F.,.F.,(4,4),(0.,1.),.UNSPECIFIED.);
#3354=B_SPLINE_CURVE_WITH_KNOTS('',3,(#9920,#9921,#9922,#9923),
 .UNSPECIFIED.,.F.,.F.,(4,4),(0.,17.1576899597701),.UNSPECIFIED.);
#3355=B_SPLINE_CURVE_WITH_KNOTS('',3,(#9928,#9929,#9930,#9931,#9932,#9933,
#9934),.UNSPECIFIED.,.F.,.F.,(4,1,1,1,4),(2.5018537765542E-17,0.00414891183663531,
0.00829782367327059,0.0124467355099059,0.0165956473465411),
 .UNSPECIFIED.);
#3356=B_SPLINE_CURVE_WITH_KNOTS('',3,(#9936,#9937,#9938,#9939),
 .UNSPECIFIED.,.F.,.F.,(4,4),(0.,1.),.UNSPECIFIED.);
#3357=B_SPLINE_CURVE_WITH_KNOTS('',3,(#9941,#9942,#9943,#9944,#9945,#9946,
#9947),.UNSPECIFIED.,.F.,.F.,(4,1,1,1,4),(0.,0.00388376144307461,0.00776752288614922,
0.0116512843292238,0.0155350457722984),.UNSPECIFIED.);
#3358=B_SPLINE_CURVE_WITH_KNOTS('',3,(#10032,#10033,#10034,#10035),
 .UNSPECIFIED.,.F.,.F.,(4,4),(0.,0.0404879959050517),.UNSPECIFIED.);
#3359=B_SPLINE_CURVE_WITH_KNOTS('',3,(#10039,#10040,#10041,#10042,#10043,
#10044,#10045),.UNSPECIFIED.,.F.,.F.,(4,1,1,1,4),(7.12145140800977E-10,
0.00508542333554442,0.0101708459589437,0.015256268582343,0.0203416912057423),
 .UNSPECIFIED.);
#3360=B_SPLINE_CURVE_WITH_KNOTS('',3,(#10047,#10048,#10049,#10050,#10051,
#10052,#10053),.UNSPECIFIED.,.F.,.F.,(4,3,4),(315.241267851951,318.213725051729,
322.045531742417),.UNSPECIFIED.);
#3361=B_SPLINE_CURVE_WITH_KNOTS('',3,(#10055,#10056,#10057,#10058),
 .UNSPECIFIED.,.F.,.F.,(4,4),(27.2874352251074,31.2631133274781),
 .UNSPECIFIED.);
#3362=B_SPLINE_CURVE_WITH_KNOTS('',3,(#10060,#10061,#10062,#10063),
 .UNSPECIFIED.,.F.,.F.,(4,4),(-340.208101942731,-326.021209844787),
 .UNSPECIFIED.);
#3363=B_SPLINE_CURVE_WITH_KNOTS('',3,(#10067,#10068,#10069,#10070,#10071),
 .UNSPECIFIED.,.F.,.F.,(4,1,4),(8.47066793014824E-8,0.0102287804860225,
0.0204574762653656),.UNSPECIFIED.);
#3364=B_SPLINE_CURVE_WITH_KNOTS('',3,(#10078,#10079,#10080,#10081),
 .UNSPECIFIED.,.F.,.F.,(4,4),(0.,0.00284018418635847),.UNSPECIFIED.);
#3365=B_SPLINE_CURVE_WITH_KNOTS('',3,(#10083,#10084,#10085,#10086,#10087),
 .UNSPECIFIED.,.F.,.F.,(4,1,4),(0.,0.00865398854972702,0.017307977099454),
 .UNSPECIFIED.);
#3366=B_SPLINE_CURVE_WITH_KNOTS('',3,(#10089,#10090,#10091,#10092),
 .UNSPECIFIED.,.F.,.F.,(4,4),(3.46944695195361E-18,0.0107896205914136),
 .UNSPECIFIED.);
#3367=B_SPLINE_CURVE_WITH_KNOTS('',3,(#10121,#10122,#10123,#10124),
 .UNSPECIFIED.,.F.,.F.,(4,4),(0.,0.0108534380201688),.UNSPECIFIED.);
#3368=B_SPLINE_CURVE_WITH_KNOTS('',3,(#10149,#10150,#10151,#10152),
 .UNSPECIFIED.,.F.,.F.,(4,4),(0.,1.),.UNSPECIFIED.);
#3369=B_SPLINE_CURVE_WITH_KNOTS('',3,(#10154,#10155,#10156,#10157),
 .UNSPECIFIED.,.F.,.F.,(4,4),(0.,1.),.UNSPECIFIED.);
#3370=B_SPLINE_CURVE_WITH_KNOTS('',3,(#10159,#10160,#10161,#10162,#10163),
 .UNSPECIFIED.,.F.,.F.,(4,1,4),(0.,0.0086298710463263,0.0172597420926526),
 .UNSPECIFIED.);
#3371=B_SPLINE_CURVE_WITH_KNOTS('',3,(#10278,#10279,#10280,#10281),
 .UNSPECIFIED.,.F.,.F.,(4,4),(0.,1.),.UNSPECIFIED.);
#3372=B_SPLINE_CURVE_WITH_KNOTS('',3,(#10284,#10285,#10286,#10287),
 .UNSPECIFIED.,.F.,.F.,(4,4),(0.,1.),.UNSPECIFIED.);
#3373=B_SPLINE_CURVE_WITH_KNOTS('',3,(#10289,#10290,#10291,#10292),
 .UNSPECIFIED.,.F.,.F.,(4,4),(0.,1.),.UNSPECIFIED.);
#3374=B_SPLINE_CURVE_WITH_KNOTS('',3,(#10293,#10294,#10295,#10296,#10297,
#10298,#10299),.UNSPECIFIED.,.F.,.F.,(4,3,4),(0.,2.44019331956754,2.48664588814254),
 .UNSPECIFIED.);
#3375=B_SPLINE_CURVE_WITH_KNOTS('',3,(#10301,#10302,#10303,#10304),
 .UNSPECIFIED.,.F.,.F.,(4,4),(0.,1.),.UNSPECIFIED.);
#3376=B_SPLINE_CURVE_WITH_KNOTS('',3,(#10306,#10307,#10308,#10309),
 .UNSPECIFIED.,.F.,.F.,(4,4),(0.,1.),.UNSPECIFIED.);
#3377=B_SPLINE_CURVE_WITH_KNOTS('',3,(#10313,#10314,#10315,#10316),
 .UNSPECIFIED.,.F.,.F.,(4,4),(0.,1.),.UNSPECIFIED.);
#3378=B_SPLINE_CURVE_WITH_KNOTS('',3,(#10335,#10336,#10337,#10338),
 .UNSPECIFIED.,.F.,.F.,(4,4),(0.,1.),.UNSPECIFIED.);
#3379=B_SPLINE_CURVE_WITH_KNOTS('',3,(#10525,#10526,#10527,#10528),
 .UNSPECIFIED.,.F.,.F.,(4,4),(0.,1.),.UNSPECIFIED.);
#3380=B_SPLINE_CURVE_WITH_KNOTS('',3,(#10610,#10611,#10612,#10613,#10614,
#10615,#10616),.UNSPECIFIED.,.F.,.F.,(4,3,4),(0.,3.29435003298909,7.45891115694),
 .UNSPECIFIED.);
#3381=B_SPLINE_CURVE_WITH_KNOTS('',3,(#10628,#10629,#10630,#10631,#10632,
#10633,#10634),.UNSPECIFIED.,.F.,.F.,(4,3,4),(0.082620444179115,3.4164382356424,
7.72349180131936),.UNSPECIFIED.);
#3382=B_SPLINE_CURVE_WITH_KNOTS('',3,(#10701,#10702,#10703,#10704,#10705,
#10706,#10707,#10708),.UNSPECIFIED.,.F.,.F.,(4,1,1,1,1,4),(-0.0135763070352417,
-0.00905224736875235,-0.00452818770226304,0.00451993163071557,0.0135680509636942,
0.0226161702966728),.UNSPECIFIED.);
#3383=B_SPLINE_CURVE_WITH_KNOTS('',3,(#10710,#10711,#10712,#10713),
 .UNSPECIFIED.,.F.,.F.,(4,4),(9.90047881122713E-7,1.),.UNSPECIFIED.);
#3384=B_SPLINE_CURVE_WITH_KNOTS('',3,(#10724,#10725,#10726,#10727),
 .UNSPECIFIED.,.F.,.F.,(4,4),(0.,0.000342827949939311),.UNSPECIFIED.);
#3385=B_SPLINE_CURVE_WITH_KNOTS('',3,(#10862,#10863,#10864,#10865),
 .UNSPECIFIED.,.F.,.F.,(4,4),(0.,0.00666352304689436),.UNSPECIFIED.);
#3386=B_SPLINE_CURVE_WITH_KNOTS('',3,(#10888,#10889,#10890,#10891),
 .UNSPECIFIED.,.F.,.F.,(4,4),(7.75791922889773E-18,0.00645673260372565),
 .UNSPECIFIED.);
#3387=B_SPLINE_CURVE_WITH_KNOTS('',3,(#10892,#10893,#10894,#10895),
 .UNSPECIFIED.,.F.,.F.,(4,4),(9.61373975224001E-9,0.00286723901783459),
 .UNSPECIFIED.);
#3388=B_SPLINE_CURVE_WITH_KNOTS('',3,(#10897,#10898,#10899,#10900,#10901,
#10902,#10903,#10904,#10905,#10906),.UNSPECIFIED.,.F.,.F.,(4,3,3,4),(0.00413766034484832,
0.00417886563913903,0.0082585977471307,0.00829939506821062),
 .PIECEWISE_BEZIER_KNOTS.);
#3389=B_SPLINE_CURVE_WITH_KNOTS('',3,(#10982,#10983,#10984,#10985),
 .UNSPECIFIED.,.F.,.F.,(4,4),(1.09713545893022E-17,0.00232845764272923),
 .UNSPECIFIED.);
#3390=B_SPLINE_CURVE_WITH_KNOTS('',3,(#11102,#11103,#11104,#11105,#11106,
#11107,#11108,#11109,#11110,#11111),.UNSPECIFIED.,.F.,.F.,(4,2,2,2,4),(-13.2146726127631,
-9.91100445957236,-6.60733630638157,-3.30366815319079,0.),.UNSPECIFIED.);
#3391=B_SPLINE_CURVE_WITH_KNOTS('',3,(#11202,#11203,#11204,#11205,#11206,
#11207,#11208),.UNSPECIFIED.,.F.,.F.,(4,1,1,1,4),(0.,0.25,0.5,0.75,1.),
 .UNSPECIFIED.);
#3392=B_SPLINE_CURVE_WITH_KNOTS('',3,(#11217,#11218,#11219,#11220),
 .UNSPECIFIED.,.F.,.F.,(4,4),(0.,0.999978019483683),.UNSPECIFIED.);
#3393=B_SPLINE_CURVE_WITH_KNOTS('',3,(#11228,#11229,#11230,#11231,#11232,
#11233,#11234,#11235,#11236,#11237,#11238,#11239,#11240),.UNSPECIFIED.,
 .F.,.F.,(4,1,1,1,1,1,1,1,1,1,4),(8.89913143176102E-16,0.00131852235390292,
0.00197778353085394,0.00263704470780495,0.00395556706170698,0.00527408941560901,
0.00659261176951104,0.00791113412341308,0.00857039530036409,0.00922965647731511,
0.0105481788312171),.UNSPECIFIED.);
#3394=B_SPLINE_CURVE_WITH_KNOTS('',3,(#11254,#11255,#11256,#11257),
 .UNSPECIFIED.,.F.,.F.,(4,4),(0.,0.00200001039318556),.UNSPECIFIED.);
#3395=B_SPLINE_CURVE_WITH_KNOTS('',3,(#11266,#11267,#11268,#11269),
 .UNSPECIFIED.,.F.,.F.,(4,4),(2.94975269925297E-5,1.),.UNSPECIFIED.);
#3396=B_SPLINE_CURVE_WITH_KNOTS('',3,(#11330,#11331,#11332,#11333),
 .UNSPECIFIED.,.F.,.F.,(4,4),(0.,0.0149098678932934),.UNSPECIFIED.);
#3397=B_SPLINE_CURVE_WITH_KNOTS('',3,(#11334,#11335,#11336,#11337),
 .UNSPECIFIED.,.F.,.F.,(4,4),(0.,0.014841473940218),.UNSPECIFIED.);
#3398=B_SPLINE_CURVE_WITH_KNOTS('',3,(#11642,#11643,#11644,#11645),
 .UNSPECIFIED.,.F.,.F.,(4,4),(0.000354680635967001,0.000829326893604598),
 .UNSPECIFIED.);
#3399=B_SPLINE_CURVE_WITH_KNOTS('',3,(#11647,#11648,#11649,#11650),
 .UNSPECIFIED.,.F.,.F.,(4,4),(0.000270201792834416,0.00139380486250293),
 .UNSPECIFIED.);
#3400=EDGE_LOOP('',(#741,#742,#743));
#3401=EDGE_LOOP('',(#744,#745,#746,#747));
#3402=EDGE_LOOP('',(#748,#749,#750,#751,#752,#753,#754,#755,#756,#757,#758,
#759,#760,#761,#762,#763,#764,#765));
#3403=EDGE_LOOP('',(#766,#767,#768,#769));
#3404=EDGE_LOOP('',(#770,#771,#772,#773));
#3405=EDGE_LOOP('',(#774,#775,#776,#777,#778,#779,#780,#781));
#3406=EDGE_LOOP('',(#782,#783,#784,#785,#786,#787,#788,#789,#790,#791,#792,
#793,#794,#795,#796,#797,#798,#799,#800,#801,#802,#803,#804,#805,#806,#807,
#808,#809,#810,#811,#812,#813,#814,#815,#816,#817,#818,#819,#820,#821));
#3407=EDGE_LOOP('',(#822,#823,#824,#825));
#3408=EDGE_LOOP('',(#826,#827,#828,#829));
#3409=EDGE_LOOP('',(#830,#831,#832,#833));
#3410=EDGE_LOOP('',(#834,#835,#836,#837,#838));
#3411=EDGE_LOOP('',(#839,#840,#841,#842,#843,#844));
#3412=EDGE_LOOP('',(#845,#846,#847,#848));
#3413=EDGE_LOOP('',(#849,#850,#851,#852,#853,#854,#855,#856,#857,#858,#859,
#860,#861,#862,#863,#864,#865,#866,#867,#868,#869,#870,#871,#872,#873,#874,
#875,#876,#877,#878,#879,#880,#881,#882,#883,#884,#885,#886,#887,#888,#889,
#890,#891,#892,#893,#894));
#3414=EDGE_LOOP('',(#895,#896,#897));
#3415=EDGE_LOOP('',(#898,#899,#900));
#3416=EDGE_LOOP('',(#901,#902,#903,#904));
#3417=EDGE_LOOP('',(#905,#906,#907,#908,#909,#910,#911,#912,#913,#914,#915,
#916,#917,#918,#919,#920,#921,#922,#923,#924,#925,#926,#927,#928,#929,#930,
#931,#932,#933,#934));
#3418=EDGE_LOOP('',(#935,#936,#937,#938,#939,#940,#941));
#3419=EDGE_LOOP('',(#942,#943,#944,#945,#946,#947));
#3420=EDGE_LOOP('',(#948,#949,#950));
#3421=EDGE_LOOP('',(#951,#952,#953,#954));
#3422=EDGE_LOOP('',(#955,#956,#957,#958));
#3423=EDGE_LOOP('',(#959,#960,#961,#962));
#3424=EDGE_LOOP('',(#963,#964,#965,#966));
#3425=EDGE_LOOP('',(#967,#968,#969,#970,#971,#972,#973,#974,#975,#976,#977,
#978,#979));
#3426=EDGE_LOOP('',(#980,#981,#982,#983));
#3427=EDGE_LOOP('',(#984,#985,#986,#987,#988,#989,#990,#991,#992,#993,#994,
#995,#996,#997,#998,#999,#1000,#1001));
#3428=EDGE_LOOP('',(#1002,#1003,#1004,#1005,#1006));
#3429=EDGE_LOOP('',(#1007,#1008,#1009,#1010,#1011,#1012,#1013,#1014,#1015,
#1016,#1017,#1018,#1019,#1020,#1021,#1022,#1023,#1024,#1025,#1026,#1027,
#1028,#1029,#1030));
#3430=EDGE_LOOP('',(#1031,#1032,#1033,#1034,#1035,#1036));
#3431=EDGE_LOOP('',(#1037,#1038,#1039,#1040));
#3432=EDGE_LOOP('',(#1041,#1042,#1043,#1044));
#3433=EDGE_LOOP('',(#1045,#1046,#1047,#1048));
#3434=EDGE_LOOP('',(#1049,#1050,#1051,#1052));
#3435=EDGE_LOOP('',(#1053,#1054,#1055,#1056));
#3436=EDGE_LOOP('',(#1057,#1058,#1059,#1060));
#3437=EDGE_LOOP('',(#1061,#1062,#1063,#1064));
#3438=EDGE_LOOP('',(#1065,#1066,#1067,#1068,#1069,#1070,#1071,#1072,#1073,
#1074,#1075,#1076,#1077,#1078,#1079,#1080,#1081,#1082,#1083,#1084));
#3439=EDGE_LOOP('',(#1085,#1086,#1087,#1088,#1089,#1090,#1091,#1092,#1093,
#1094,#1095,#1096));
#3440=EDGE_LOOP('',(#1097,#1098,#1099,#1100,#1101));
#3441=EDGE_LOOP('',(#1102,#1103,#1104,#1105));
#3442=EDGE_LOOP('',(#1106,#1107,#1108,#1109,#1110,#1111));
#3443=EDGE_LOOP('',(#1112,#1113,#1114,#1115,#1116));
#3444=EDGE_LOOP('',(#1117,#1118,#1119,#1120,#1121,#1122));
#3445=EDGE_LOOP('',(#1123,#1124,#1125,#1126,#1127));
#3446=EDGE_LOOP('',(#1128));
#3447=EDGE_LOOP('',(#1129,#1130,#1131,#1132));
#3448=EDGE_LOOP('',(#1133,#1134,#1135,#1136,#1137));
#3449=EDGE_LOOP('',(#1138,#1139,#1140));
#3450=EDGE_LOOP('',(#1141,#1142,#1143,#1144));
#3451=EDGE_LOOP('',(#1145,#1146,#1147,#1148));
#3452=EDGE_LOOP('',(#1149,#1150,#1151));
#3453=EDGE_LOOP('',(#1152,#1153,#1154,#1155));
#3454=EDGE_LOOP('',(#1156,#1157,#1158,#1159,#1160));
#3455=EDGE_LOOP('',(#1161,#1162,#1163,#1164));
#3456=EDGE_LOOP('',(#1165,#1166,#1167,#1168));
#3457=EDGE_LOOP('',(#1169,#1170,#1171,#1172,#1173));
#3458=EDGE_LOOP('',(#1174));
#3459=EDGE_LOOP('',(#1175));
#3460=EDGE_LOOP('',(#1176));
#3461=EDGE_LOOP('',(#1177));
#3462=EDGE_LOOP('',(#1178,#1179,#1180,#1181,#1182,#1183));
#3463=EDGE_LOOP('',(#1184));
#3464=EDGE_LOOP('',(#1185));
#3465=EDGE_LOOP('',(#1186));
#3466=EDGE_LOOP('',(#1187));
#3467=EDGE_LOOP('',(#1188,#1189,#1190,#1191,#1192));
#3468=EDGE_LOOP('',(#1193,#1194,#1195,#1196));
#3469=EDGE_LOOP('',(#1197,#1198,#1199,#1200));
#3470=EDGE_LOOP('',(#1201,#1202,#1203,#1204));
#3471=EDGE_LOOP('',(#1205,#1206,#1207,#1208,#1209));
#3472=EDGE_LOOP('',(#1210,#1211,#1212,#1213,#1214,#1215));
#3473=EDGE_LOOP('',(#1216,#1217,#1218,#1219,#1220));
#3474=EDGE_LOOP('',(#1221,#1222,#1223,#1224));
#3475=EDGE_LOOP('',(#1225,#1226,#1227,#1228));
#3476=EDGE_LOOP('',(#1229,#1230,#1231,#1232));
#3477=EDGE_LOOP('',(#1233,#1234,#1235,#1236));
#3478=EDGE_LOOP('',(#1237,#1238,#1239,#1240));
#3479=EDGE_LOOP('',(#1241,#1242,#1243,#1244));
#3480=EDGE_LOOP('',(#1245,#1246,#1247,#1248));
#3481=EDGE_LOOP('',(#1249,#1250,#1251,#1252,#1253));
#3482=EDGE_LOOP('',(#1254));
#3483=EDGE_LOOP('',(#1255));
#3484=EDGE_LOOP('',(#1256));
#3485=EDGE_LOOP('',(#1257));
#3486=EDGE_LOOP('',(#1258));
#3487=EDGE_LOOP('',(#1259,#1260,#1261,#1262,#1263));
#3488=EDGE_LOOP('',(#1264,#1265,#1266,#1267));
#3489=EDGE_LOOP('',(#1268,#1269,#1270,#1271,#1272,#1273,#1274,#1275));
#3490=EDGE_LOOP('',(#1276,#1277,#1278,#1279,#1280,#1281,#1282,#1283));
#3491=EDGE_LOOP('',(#1284,#1285,#1286,#1287,#1288));
#3492=EDGE_LOOP('',(#1289,#1290,#1291,#1292));
#3493=EDGE_LOOP('',(#1293,#1294,#1295));
#3494=EDGE_LOOP('',(#1296,#1297,#1298,#1299));
#3495=EDGE_LOOP('',(#1300,#1301,#1302,#1303));
#3496=EDGE_LOOP('',(#1304));
#3497=EDGE_LOOP('',(#1305));
#3498=EDGE_LOOP('',(#1306));
#3499=EDGE_LOOP('',(#1307));
#3500=EDGE_LOOP('',(#1308,#1309,#1310,#1311));
#3501=EDGE_LOOP('',(#1312,#1313,#1314,#1315));
#3502=EDGE_LOOP('',(#1316,#1317,#1318,#1319));
#3503=EDGE_LOOP('',(#1320,#1321,#1322,#1323,#1324));
#3504=EDGE_LOOP('',(#1325,#1326,#1327,#1328));
#3505=EDGE_LOOP('',(#1329,#1330,#1331,#1332,#1333));
#3506=EDGE_LOOP('',(#1334,#1335,#1336,#1337,#1338,#1339));
#3507=EDGE_LOOP('',(#1340,#1341,#1342,#1343));
#3508=EDGE_LOOP('',(#1344,#1345,#1346,#1347,#1348));
#3509=EDGE_LOOP('',(#1349,#1350,#1351,#1352));
#3510=EDGE_LOOP('',(#1353,#1354,#1355,#1356,#1357));
#3511=EDGE_LOOP('',(#1358,#1359,#1360,#1361,#1362,#1363));
#3512=EDGE_LOOP('',(#1364,#1365,#1366,#1367));
#3513=EDGE_LOOP('',(#1368,#1369,#1370,#1371));
#3514=EDGE_LOOP('',(#1372,#1373,#1374,#1375));
#3515=EDGE_LOOP('',(#1376,#1377,#1378,#1379));
#3516=EDGE_LOOP('',(#1380,#1381,#1382,#1383,#1384));
#3517=EDGE_LOOP('',(#1385,#1386,#1387,#1388,#1389));
#3518=EDGE_LOOP('',(#1390,#1391,#1392,#1393,#1394,#1395));
#3519=EDGE_LOOP('',(#1396,#1397,#1398,#1399));
#3520=EDGE_LOOP('',(#1400,#1401,#1402,#1403,#1404,#1405));
#3521=EDGE_LOOP('',(#1406,#1407,#1408,#1409));
#3522=EDGE_LOOP('',(#1410,#1411,#1412,#1413,#1414));
#3523=EDGE_LOOP('',(#1415,#1416,#1417,#1418));
#3524=EDGE_LOOP('',(#1419,#1420,#1421,#1422,#1423));
#3525=EDGE_LOOP('',(#1424,#1425,#1426,#1427,#1428,#1429));
#3526=EDGE_LOOP('',(#1430,#1431,#1432,#1433));
#3527=EDGE_LOOP('',(#1434,#1435,#1436,#1437,#1438));
#3528=EDGE_LOOP('',(#1439,#1440,#1441,#1442));
#3529=EDGE_LOOP('',(#1443,#1444,#1445,#1446,#1447));
#3530=EDGE_LOOP('',(#1448,#1449,#1450));
#3531=EDGE_LOOP('',(#1451,#1452,#1453,#1454));
#3532=EDGE_LOOP('',(#1455,#1456,#1457,#1458,#1459,#1460,#1461));
#3533=EDGE_LOOP('',(#1462));
#3534=EDGE_LOOP('',(#1463,#1464,#1465,#1466,#1467,#1468,#1469,#1470,#1471,
#1472,#1473,#1474,#1475,#1476,#1477,#1478));
#3535=EDGE_LOOP('',(#1479,#1480,#1481,#1482));
#3536=EDGE_LOOP('',(#1483,#1484,#1485,#1486));
#3537=EDGE_LOOP('',(#1487));
#3538=EDGE_LOOP('',(#1488,#1489,#1490,#1491,#1492,#1493,#1494,#1495,#1496,
#1497,#1498,#1499,#1500,#1501,#1502,#1503));
#3539=EDGE_LOOP('',(#1504,#1505,#1506,#1507));
#3540=EDGE_LOOP('',(#1508,#1509,#1510,#1511));
#3541=EDGE_LOOP('',(#1512,#1513,#1514,#1515,#1516,#1517,#1518,#1519,#1520,
#1521,#1522,#1523,#1524,#1525,#1526,#1527,#1528,#1529,#1530,#1531,#1532,
#1533,#1534,#1535,#1536,#1537,#1538,#1539,#1540,#1541,#1542,#1543,#1544,
#1545,#1546,#1547,#1548,#1549,#1550));
#3542=EDGE_LOOP('',(#1551,#1552,#1553,#1554));
#3543=EDGE_LOOP('',(#1555,#1556,#1557,#1558,#1559));
#3544=EDGE_LOOP('',(#1560,#1561,#1562,#1563));
#3545=EDGE_LOOP('',(#1564,#1565,#1566,#1567));
#3546=EDGE_LOOP('',(#1568,#1569,#1570,#1571,#1572,#1573));
#3547=EDGE_LOOP('',(#1574,#1575,#1576,#1577));
#3548=EDGE_LOOP('',(#1578,#1579,#1580,#1581));
#3549=EDGE_LOOP('',(#1582,#1583,#1584,#1585));
#3550=EDGE_LOOP('',(#1586,#1587,#1588,#1589,#1590,#1591));
#3551=EDGE_LOOP('',(#1592,#1593,#1594,#1595,#1596,#1597,#1598,#1599,#1600));
#3552=EDGE_LOOP('',(#1601,#1602,#1603,#1604,#1605));
#3553=EDGE_LOOP('',(#1606,#1607,#1608,#1609));
#3554=EDGE_LOOP('',(#1610,#1611,#1612,#1613,#1614,#1615,#1616,#1617));
#3555=EDGE_LOOP('',(#1618,#1619,#1620,#1621));
#3556=EDGE_LOOP('',(#1622,#1623,#1624,#1625,#1626,#1627,#1628));
#3557=EDGE_LOOP('',(#1629,#1630,#1631,#1632,#1633));
#3558=EDGE_LOOP('',(#1634,#1635,#1636,#1637));
#3559=EDGE_LOOP('',(#1638,#1639,#1640,#1641,#1642,#1643,#1644,#1645,#1646,
#1647,#1648,#1649,#1650));
#3560=EDGE_LOOP('',(#1651,#1652,#1653,#1654,#1655,#1656,#1657,#1658,#1659,
#1660,#1661,#1662,#1663,#1664,#1665,#1666));
#3561=EDGE_LOOP('',(#1667));
#3562=EDGE_LOOP('',(#1668,#1669,#1670,#1671));
#3563=EDGE_LOOP('',(#1672,#1673,#1674,#1675,#1676));
#3564=EDGE_LOOP('',(#1677,#1678,#1679,#1680));
#3565=EDGE_LOOP('',(#1681,#1682,#1683,#1684));
#3566=EDGE_LOOP('',(#1685,#1686,#1687,#1688));
#3567=EDGE_LOOP('',(#1689,#1690,#1691,#1692,#1693,#1694,#1695,#1696,#1697,
#1698,#1699,#1700,#1701));
#3568=EDGE_LOOP('',(#1702,#1703,#1704,#1705));
#3569=EDGE_LOOP('',(#1706,#1707,#1708,#1709,#1710,#1711));
#3570=EDGE_LOOP('',(#1712,#1713,#1714,#1715,#1716));
#3571=EDGE_LOOP('',(#1717,#1718,#1719,#1720));
#3572=EDGE_LOOP('',(#1721,#1722,#1723,#1724,#1725));
#3573=EDGE_LOOP('',(#1726,#1727,#1728,#1729));
#3574=EDGE_LOOP('',(#1730,#1731,#1732,#1733));
#3575=EDGE_LOOP('',(#1734,#1735,#1736,#1737,#1738));
#3576=EDGE_LOOP('',(#1739,#1740,#1741,#1742));
#3577=EDGE_LOOP('',(#1743,#1744,#1745,#1746));
#3578=EDGE_LOOP('',(#1747,#1748,#1749,#1750));
#3579=EDGE_LOOP('',(#1751,#1752,#1753,#1754));
#3580=EDGE_LOOP('',(#1755,#1756,#1757,#1758));
#3581=EDGE_LOOP('',(#1759,#1760,#1761,#1762));
#3582=EDGE_LOOP('',(#1763,#1764,#1765,#1766));
#3583=EDGE_LOOP('',(#1767,#1768,#1769,#1770));
#3584=EDGE_LOOP('',(#1771,#1772,#1773,#1774));
#3585=EDGE_LOOP('',(#1775,#1776,#1777,#1778));
#3586=EDGE_LOOP('',(#1779,#1780,#1781,#1782,#1783));
#3587=EDGE_LOOP('',(#1784,#1785,#1786,#1787,#1788,#1789,#1790));
#3588=EDGE_LOOP('',(#1791,#1792,#1793,#1794,#1795,#1796));
#3589=EDGE_LOOP('',(#1797,#1798,#1799,#1800));
#3590=EDGE_LOOP('',(#1801,#1802,#1803,#1804,#1805,#1806));
#3591=EDGE_LOOP('',(#1807,#1808,#1809,#1810));
#3592=EDGE_LOOP('',(#1811,#1812,#1813,#1814));
#3593=EDGE_LOOP('',(#1815,#1816,#1817));
#3594=EDGE_LOOP('',(#1818,#1819,#1820,#1821));
#3595=EDGE_LOOP('',(#1822,#1823,#1824,#1825));
#3596=EDGE_LOOP('',(#1826,#1827,#1828,#1829,#1830,#1831,#1832,#1833));
#3597=EDGE_LOOP('',(#1834,#1835,#1836));
#3598=EDGE_LOOP('',(#1837,#1838,#1839,#1840));
#3599=EDGE_LOOP('',(#1841,#1842,#1843));
#3600=EDGE_LOOP('',(#1844,#1845,#1846,#1847));
#3601=EDGE_LOOP('',(#1848,#1849,#1850,#1851));
#3602=EDGE_LOOP('',(#1852,#1853,#1854,#1855));
#3603=EDGE_LOOP('',(#1856));
#3604=EDGE_LOOP('',(#1857,#1858));
#3605=EDGE_LOOP('',(#1859));
#3606=EDGE_LOOP('',(#1860));
#3607=EDGE_LOOP('',(#1861));
#3608=EDGE_LOOP('',(#1862));
#3609=EDGE_LOOP('',(#1863));
#3610=EDGE_LOOP('',(#1864));
#3611=EDGE_LOOP('',(#1865));
#3612=EDGE_LOOP('',(#1866));
#3613=EDGE_LOOP('',(#1867,#1868,#1869,#1870,#1871,#1872,#1873,#1874,#1875,
#1876));
#3614=EDGE_LOOP('',(#1877,#1878,#1879,#1880));
#3615=EDGE_LOOP('',(#1881,#1882,#1883,#1884,#1885,#1886));
#3616=EDGE_LOOP('',(#1887,#1888,#1889,#1890,#1891,#1892));
#3617=EDGE_LOOP('',(#1893,#1894,#1895,#1896));
#3618=EDGE_LOOP('',(#1897,#1898,#1899));
#3619=EDGE_LOOP('',(#1900,#1901,#1902,#1903));
#3620=EDGE_LOOP('',(#1904,#1905,#1906,#1907));
#3621=EDGE_LOOP('',(#1908,#1909,#1910,#1911));
#3622=EDGE_LOOP('',(#1912,#1913,#1914,#1915));
#3623=EDGE_LOOP('',(#1916,#1917,#1918));
#3624=EDGE_LOOP('',(#1919,#1920,#1921,#1922));
#3625=EDGE_LOOP('',(#1923,#1924,#1925,#1926));
#3626=EDGE_LOOP('',(#1927,#1928,#1929,#1930));
#3627=EDGE_LOOP('',(#1931,#1932,#1933,#1934));
#3628=EDGE_LOOP('',(#1935,#1936,#1937,#1938));
#3629=EDGE_LOOP('',(#1939,#1940,#1941,#1942,#1943,#1944,#1945,#1946,#1947,
#1948,#1949,#1950,#1951,#1952,#1953,#1954,#1955));
#3630=EDGE_LOOP('',(#1956,#1957,#1958,#1959,#1960));
#3631=EDGE_LOOP('',(#1961,#1962,#1963,#1964,#1965));
#3632=EDGE_LOOP('',(#1966,#1967,#1968,#1969,#1970));
#3633=EDGE_LOOP('',(#1971,#1972,#1973,#1974));
#3634=EDGE_LOOP('',(#1975,#1976,#1977,#1978,#1979,#1980,#1981));
#3635=EDGE_LOOP('',(#1982,#1983,#1984,#1985));
#3636=EDGE_LOOP('',(#1986,#1987,#1988,#1989));
#3637=EDGE_LOOP('',(#1990,#1991,#1992,#1993,#1994,#1995,#1996,#1997));
#3638=EDGE_LOOP('',(#1998,#1999,#2000,#2001,#2002,#2003,#2004,#2005));
#3639=EDGE_LOOP('',(#2006));
#3640=EDGE_LOOP('',(#2007));
#3641=EDGE_LOOP('',(#2008,#2009,#2010,#2011,#2012,#2013));
#3642=EDGE_LOOP('',(#2014,#2015,#2016,#2017));
#3643=EDGE_LOOP('',(#2018,#2019,#2020,#2021));
#3644=EDGE_LOOP('',(#2022,#2023,#2024,#2025,#2026,#2027,#2028));
#3645=FACE_BOUND('',#3400,.T.);
#3646=FACE_BOUND('',#3401,.T.);
#3647=FACE_BOUND('',#3402,.T.);
#3648=FACE_BOUND('',#3403,.T.);
#3649=FACE_BOUND('',#3404,.T.);
#3650=FACE_BOUND('',#3405,.T.);
#3651=FACE_BOUND('',#3406,.T.);
#3652=FACE_BOUND('',#3407,.T.);
#3653=FACE_BOUND('',#3408,.T.);
#3654=FACE_BOUND('',#3409,.T.);
#3655=FACE_BOUND('',#3410,.T.);
#3656=FACE_BOUND('',#3411,.T.);
#3657=FACE_BOUND('',#3412,.T.);
#3658=FACE_BOUND('',#3413,.T.);
#3659=FACE_BOUND('',#3414,.T.);
#3660=FACE_BOUND('',#3415,.T.);
#3661=FACE_BOUND('',#3416,.T.);
#3662=FACE_BOUND('',#3417,.T.);
#3663=FACE_BOUND('',#3418,.T.);
#3664=FACE_BOUND('',#3419,.T.);
#3665=FACE_BOUND('',#3420,.T.);
#3666=FACE_BOUND('',#3421,.T.);
#3667=FACE_BOUND('',#3422,.T.);
#3668=FACE_BOUND('',#3423,.T.);
#3669=FACE_BOUND('',#3424,.T.);
#3670=FACE_BOUND('',#3425,.T.);
#3671=FACE_BOUND('',#3426,.T.);
#3672=FACE_BOUND('',#3427,.T.);
#3673=FACE_BOUND('',#3428,.T.);
#3674=FACE_BOUND('',#3429,.T.);
#3675=FACE_BOUND('',#3430,.T.);
#3676=FACE_BOUND('',#3431,.T.);
#3677=FACE_BOUND('',#3432,.T.);
#3678=FACE_BOUND('',#3433,.T.);
#3679=FACE_BOUND('',#3434,.T.);
#3680=FACE_BOUND('',#3435,.T.);
#3681=FACE_BOUND('',#3436,.T.);
#3682=FACE_BOUND('',#3437,.T.);
#3683=FACE_BOUND('',#3438,.T.);
#3684=FACE_BOUND('',#3439,.T.);
#3685=FACE_BOUND('',#3440,.T.);
#3686=FACE_BOUND('',#3441,.T.);
#3687=FACE_BOUND('',#3442,.T.);
#3688=FACE_BOUND('',#3443,.T.);
#3689=FACE_BOUND('',#3444,.T.);
#3690=FACE_BOUND('',#3445,.T.);
#3691=FACE_BOUND('',#3446,.T.);
#3692=FACE_BOUND('',#3447,.T.);
#3693=FACE_BOUND('',#3448,.T.);
#3694=FACE_BOUND('',#3449,.T.);
#3695=FACE_BOUND('',#3450,.T.);
#3696=FACE_BOUND('',#3451,.T.);
#3697=FACE_BOUND('',#3452,.T.);
#3698=FACE_BOUND('',#3453,.T.);
#3699=FACE_BOUND('',#3454,.T.);
#3700=FACE_BOUND('',#3455,.T.);
#3701=FACE_BOUND('',#3456,.T.);
#3702=FACE_BOUND('',#3457,.T.);
#3703=FACE_BOUND('',#3458,.T.);
#3704=FACE_BOUND('',#3459,.T.);
#3705=FACE_BOUND('',#3460,.T.);
#3706=FACE_BOUND('',#3461,.T.);
#3707=FACE_BOUND('',#3462,.T.);
#3708=FACE_BOUND('',#3463,.T.);
#3709=FACE_BOUND('',#3464,.T.);
#3710=FACE_BOUND('',#3465,.T.);
#3711=FACE_BOUND('',#3466,.T.);
#3712=FACE_BOUND('',#3467,.T.);
#3713=FACE_BOUND('',#3468,.T.);
#3714=FACE_BOUND('',#3469,.T.);
#3715=FACE_BOUND('',#3470,.T.);
#3716=FACE_BOUND('',#3471,.T.);
#3717=FACE_BOUND('',#3472,.T.);
#3718=FACE_BOUND('',#3473,.T.);
#3719=FACE_BOUND('',#3474,.T.);
#3720=FACE_BOUND('',#3475,.T.);
#3721=FACE_BOUND('',#3476,.T.);
#3722=FACE_BOUND('',#3477,.T.);
#3723=FACE_BOUND('',#3478,.T.);
#3724=FACE_BOUND('',#3479,.T.);
#3725=FACE_BOUND('',#3480,.T.);
#3726=FACE_BOUND('',#3481,.T.);
#3727=FACE_BOUND('',#3482,.T.);
#3728=FACE_BOUND('',#3483,.T.);
#3729=FACE_BOUND('',#3484,.T.);
#3730=FACE_BOUND('',#3485,.T.);
#3731=FACE_BOUND('',#3486,.T.);
#3732=FACE_BOUND('',#3487,.T.);
#3733=FACE_BOUND('',#3488,.T.);
#3734=FACE_BOUND('',#3489,.T.);
#3735=FACE_BOUND('',#3490,.T.);
#3736=FACE_BOUND('',#3491,.T.);
#3737=FACE_BOUND('',#3492,.T.);
#3738=FACE_BOUND('',#3493,.T.);
#3739=FACE_BOUND('',#3494,.T.);
#3740=FACE_BOUND('',#3495,.T.);
#3741=FACE_BOUND('',#3496,.T.);
#3742=FACE_BOUND('',#3497,.T.);
#3743=FACE_BOUND('',#3498,.T.);
#3744=FACE_BOUND('',#3499,.T.);
#3745=FACE_BOUND('',#3500,.T.);
#3746=FACE_BOUND('',#3501,.T.);
#3747=FACE_BOUND('',#3502,.T.);
#3748=FACE_BOUND('',#3503,.T.);
#3749=FACE_BOUND('',#3504,.T.);
#3750=FACE_BOUND('',#3505,.T.);
#3751=FACE_BOUND('',#3506,.T.);
#3752=FACE_BOUND('',#3507,.T.);
#3753=FACE_BOUND('',#3508,.T.);
#3754=FACE_BOUND('',#3509,.T.);
#3755=FACE_BOUND('',#3510,.T.);
#3756=FACE_BOUND('',#3511,.T.);
#3757=FACE_BOUND('',#3512,.T.);
#3758=FACE_BOUND('',#3513,.T.);
#3759=FACE_BOUND('',#3514,.T.);
#3760=FACE_BOUND('',#3515,.T.);
#3761=FACE_BOUND('',#3516,.T.);
#3762=FACE_BOUND('',#3517,.T.);
#3763=FACE_BOUND('',#3518,.T.);
#3764=FACE_BOUND('',#3519,.T.);
#3765=FACE_BOUND('',#3520,.T.);
#3766=FACE_BOUND('',#3521,.T.);
#3767=FACE_BOUND('',#3522,.T.);
#3768=FACE_BOUND('',#3523,.T.);
#3769=FACE_BOUND('',#3524,.T.);
#3770=FACE_BOUND('',#3525,.T.);
#3771=FACE_BOUND('',#3526,.T.);
#3772=FACE_BOUND('',#3527,.T.);
#3773=FACE_BOUND('',#3528,.T.);
#3774=FACE_BOUND('',#3529,.T.);
#3775=FACE_BOUND('',#3530,.T.);
#3776=FACE_BOUND('',#3531,.T.);
#3777=FACE_BOUND('',#3532,.T.);
#3778=FACE_BOUND('',#3533,.T.);
#3779=FACE_BOUND('',#3534,.T.);
#3780=FACE_BOUND('',#3535,.T.);
#3781=FACE_BOUND('',#3536,.T.);
#3782=FACE_BOUND('',#3537,.T.);
#3783=FACE_BOUND('',#3538,.T.);
#3784=FACE_BOUND('',#3539,.T.);
#3785=FACE_BOUND('',#3540,.T.);
#3786=FACE_BOUND('',#3541,.T.);
#3787=FACE_BOUND('',#3542,.T.);
#3788=FACE_BOUND('',#3543,.T.);
#3789=FACE_BOUND('',#3544,.T.);
#3790=FACE_BOUND('',#3545,.T.);
#3791=FACE_BOUND('',#3546,.T.);
#3792=FACE_BOUND('',#3547,.T.);
#3793=FACE_BOUND('',#3548,.T.);
#3794=FACE_BOUND('',#3549,.T.);
#3795=FACE_BOUND('',#3550,.T.);
#3796=FACE_BOUND('',#3551,.T.);
#3797=FACE_BOUND('',#3552,.T.);
#3798=FACE_BOUND('',#3553,.T.);
#3799=FACE_BOUND('',#3554,.T.);
#3800=FACE_BOUND('',#3555,.T.);
#3801=FACE_BOUND('',#3556,.T.);
#3802=FACE_BOUND('',#3557,.T.);
#3803=FACE_BOUND('',#3558,.T.);
#3804=FACE_BOUND('',#3559,.T.);
#3805=FACE_BOUND('',#3560,.T.);
#3806=FACE_BOUND('',#3561,.T.);
#3807=FACE_BOUND('',#3562,.T.);
#3808=FACE_BOUND('',#3563,.T.);
#3809=FACE_BOUND('',#3564,.T.);
#3810=FACE_BOUND('',#3565,.T.);
#3811=FACE_BOUND('',#3566,.T.);
#3812=FACE_BOUND('',#3567,.T.);
#3813=FACE_BOUND('',#3568,.T.);
#3814=FACE_BOUND('',#3569,.T.);
#3815=FACE_BOUND('',#3570,.T.);
#3816=FACE_BOUND('',#3571,.T.);
#3817=FACE_BOUND('',#3572,.T.);
#3818=FACE_BOUND('',#3573,.T.);
#3819=FACE_BOUND('',#3574,.T.);
#3820=FACE_BOUND('',#3575,.T.);
#3821=FACE_BOUND('',#3576,.T.);
#3822=FACE_BOUND('',#3577,.T.);
#3823=FACE_BOUND('',#3578,.T.);
#3824=FACE_BOUND('',#3579,.T.);
#3825=FACE_BOUND('',#3580,.T.);
#3826=FACE_BOUND('',#3581,.T.);
#3827=FACE_BOUND('',#3582,.T.);
#3828=FACE_BOUND('',#3583,.T.);
#3829=FACE_BOUND('',#3584,.T.);
#3830=FACE_BOUND('',#3585,.T.);
#3831=FACE_BOUND('',#3586,.T.);
#3832=FACE_BOUND('',#3587,.T.);
#3833=FACE_BOUND('',#3588,.T.);
#3834=FACE_BOUND('',#3589,.T.);
#3835=FACE_BOUND('',#3590,.T.);
#3836=FACE_BOUND('',#3591,.T.);
#3837=FACE_BOUND('',#3592,.T.);
#3838=FACE_BOUND('',#3593,.T.);
#3839=FACE_BOUND('',#3594,.T.);
#3840=FACE_BOUND('',#3595,.T.);
#3841=FACE_BOUND('',#3596,.T.);
#3842=FACE_BOUND('',#3597,.T.);
#3843=FACE_BOUND('',#3598,.T.);
#3844=FACE_BOUND('',#3599,.T.);
#3845=FACE_BOUND('',#3600,.T.);
#3846=FACE_BOUND('',#3601,.T.);
#3847=FACE_BOUND('',#3602,.T.);
#3848=FACE_BOUND('',#3603,.T.);
#3849=FACE_BOUND('',#3604,.T.);
#3850=FACE_BOUND('',#3605,.T.);
#3851=FACE_BOUND('',#3606,.T.);
#3852=FACE_BOUND('',#3607,.T.);
#3853=FACE_BOUND('',#3608,.T.);
#3854=FACE_BOUND('',#3609,.T.);
#3855=FACE_BOUND('',#3610,.T.);
#3856=FACE_BOUND('',#3611,.T.);
#3857=FACE_BOUND('',#3612,.T.);
#3858=FACE_BOUND('',#3613,.T.);
#3859=FACE_BOUND('',#3614,.T.);
#3860=FACE_BOUND('',#3615,.T.);
#3861=FACE_BOUND('',#3616,.T.);
#3862=FACE_BOUND('',#3617,.T.);
#3863=FACE_BOUND('',#3618,.T.);
#3864=FACE_BOUND('',#3619,.T.);
#3865=FACE_BOUND('',#3620,.T.);
#3866=FACE_BOUND('',#3621,.T.);
#3867=FACE_BOUND('',#3622,.T.);
#3868=FACE_BOUND('',#3623,.T.);
#3869=FACE_BOUND('',#3624,.T.);
#3870=FACE_BOUND('',#3625,.T.);
#3871=FACE_BOUND('',#3626,.T.);
#3872=FACE_BOUND('',#3627,.T.);
#3873=FACE_BOUND('',#3628,.T.);
#3874=FACE_BOUND('',#3629,.T.);
#3875=FACE_BOUND('',#3630,.T.);
#3876=FACE_BOUND('',#3631,.T.);
#3877=FACE_BOUND('',#3632,.T.);
#3878=FACE_BOUND('',#3633,.T.);
#3879=FACE_BOUND('',#3634,.T.);
#3880=FACE_BOUND('',#3635,.T.);
#3881=FACE_BOUND('',#3636,.T.);
#3882=FACE_BOUND('',#3637,.T.);
#3883=FACE_BOUND('',#3638,.T.);
#3884=FACE_BOUND('',#3639,.T.);
#3885=FACE_BOUND('',#3640,.T.);
#3886=FACE_BOUND('',#3641,.T.);
#3887=FACE_BOUND('',#3642,.T.);
#3888=FACE_BOUND('',#3643,.T.);
#3889=FACE_BOUND('',#3644,.T.);
#3890=PLANE('',#4255);
#3891=PLANE('',#4258);
#3892=PLANE('',#4259);
#3893=PLANE('',#4260);
#3894=PLANE('',#4263);
#3895=PLANE('',#4264);
#3896=PLANE('',#4265);
#3897=PLANE('',#4266);
#3898=PLANE('',#4267);
#3899=PLANE('',#4268);
#3900=PLANE('',#4269);
#3901=PLANE('',#4275);
#3902=PLANE('',#4276);
#3903=PLANE('',#4285);
#3904=PLANE('',#4286);
#3905=PLANE('',#4290);
#3906=PLANE('',#4292);
#3907=PLANE('',#4293);
#3908=PLANE('',#4296);
#3909=PLANE('',#4297);
#3910=PLANE('',#4298);
#3911=PLANE('',#4300);
#3912=PLANE('',#4301);
#3913=PLANE('',#4306);
#3914=PLANE('',#4309);
#3915=PLANE('',#4312);
#3916=PLANE('',#4313);
#3917=PLANE('',#4315);
#3918=PLANE('',#4316);
#3919=PLANE('',#4317);
#3920=PLANE('',#4319);
#3921=PLANE('',#4321);
#3922=PLANE('',#4323);
#3923=PLANE('',#4327);
#3924=PLANE('',#4328);
#3925=PLANE('',#4332);
#3926=PLANE('',#4333);
#3927=PLANE('',#4335);
#3928=PLANE('',#4336);
#3929=PLANE('',#4338);
#3930=PLANE('',#4339);
#3931=PLANE('',#4340);
#3932=PLANE('',#4342);
#3933=PLANE('',#4345);
#3934=PLANE('',#4347);
#3935=PLANE('',#4351);
#3936=PLANE('',#4352);
#3937=PLANE('',#4353);
#3938=PLANE('',#4354);
#3939=PLANE('',#4355);
#3940=PLANE('',#4356);
#3941=PLANE('',#4359);
#3942=PLANE('',#4361);
#3943=PLANE('',#4363);
#3944=PLANE('',#4365);
#3945=PLANE('',#4366);
#3946=PLANE('',#4367);
#3947=PLANE('',#4369);
#3948=PLANE('',#4370);
#3949=PLANE('',#4371);
#3950=PLANE('',#4373);
#3951=PLANE('',#4374);
#3952=PLANE('',#4376);
#3953=PLANE('',#4377);
#3954=PLANE('',#4378);
#3955=PLANE('',#4380);
#3956=PLANE('',#4382);
#3957=PLANE('',#4384);
#3958=PLANE('',#4385);
#3959=PLANE('',#4386);
#3960=PLANE('',#4388);
#3961=PLANE('',#4389);
#3962=PLANE('',#4390);
#3963=PLANE('',#4391);
#3964=PLANE('',#4392);
#3965=PLANE('',#4394);
#3966=PLANE('',#4395);
#3967=PLANE('',#4397);
#3968=PLANE('',#4398);
#3969=PLANE('',#4403);
#3970=PLANE('',#4404);
#3971=PLANE('',#4405);
#3972=PLANE('',#4407);
#3973=PLANE('',#4408);
#3974=PLANE('',#4409);
#3975=PLANE('',#4410);
#3976=PLANE('',#4411);
#3977=PLANE('',#4413);
#3978=PLANE('',#4414);
#3979=PLANE('',#4417);
#3980=PLANE('',#4421);
#3981=PLANE('',#4424);
#3982=PLANE('',#4425);
#3983=PLANE('',#4426);
#3984=PLANE('',#4427);
#3985=PLANE('',#4428);
#3986=PLANE('',#4429);
#3987=PLANE('',#4431);
#3988=PLANE('',#4432);
#3989=PLANE('',#4436);
#3990=PLANE('',#4437);
#3991=PLANE('',#4438);
#3992=PLANE('',#4439);
#3993=PLANE('',#4440);
#3994=PLANE('',#4441);
#3995=PLANE('',#4442);
#3996=PLANE('',#4444);
#3997=PLANE('',#4445);
#3998=PLANE('',#4446);
#3999=PLANE('',#4449);
#4000=PLANE('',#4450);
#4001=PLANE('',#4452);
#4002=PLANE('',#4457);
#4003=PLANE('',#4460);
#4004=PLANE('',#4461);
#4005=PLANE('',#4462);
#4006=PLANE('',#4463);
#4007=PLANE('',#4464);
#4008=PLANE('',#4465);
#4009=PLANE('',#4466);
#4010=PLANE('',#4467);
#4011=PLANE('',#4468);
#4012=PLANE('',#4469);
#4013=PLANE('',#4470);
#4014=PLANE('',#4471);
#4015=PLANE('',#4472);
#4016=PLANE('',#4473);
#4017=PLANE('',#4474);
#4018=PLANE('',#4475);
#4019=PLANE('',#4478);
#4020=PLANE('',#4479);
#4021=PLANE('',#4480);
#4022=ADVANCED_FACE('',(#3645),#3890,.T.);
#4023=ADVANCED_FACE('',(#3646),#608,.T.);
#4024=ADVANCED_FACE('',(#3647),#609,.T.);
#4025=ADVANCED_FACE('',(#3648),#3891,.T.);
#4026=ADVANCED_FACE('',(#3649),#3892,.T.);
#4027=ADVANCED_FACE('',(#3650,#3651),#3893,.T.);
#4028=ADVANCED_FACE('',(#3652),#3894,.T.);
#4029=ADVANCED_FACE('',(#3653),#3895,.T.);
#4030=ADVANCED_FACE('',(#3654),#3896,.T.);
#4031=ADVANCED_FACE('',(#3655),#3897,.T.);
#4032=ADVANCED_FACE('',(#3656),#3898,.T.);
#4033=ADVANCED_FACE('',(#3657),#3899,.T.);
#4034=ADVANCED_FACE('',(#3658),#3900,.T.);
#4035=ADVANCED_FACE('',(#3659),#3901,.T.);
#4036=ADVANCED_FACE('',(#3660),#3902,.T.);
#4037=ADVANCED_FACE('',(#3661),#610,.T.);
#4038=ADVANCED_FACE('',(#3662,#3663),#611,.T.);
#4039=ADVANCED_FACE('',(#3664),#3903,.T.);
#4040=ADVANCED_FACE('',(#3665),#3904,.T.);
#4041=ADVANCED_FACE('',(#3666),#12,.T.);
#4042=ADVANCED_FACE('',(#3667),#13,.F.);
#4043=ADVANCED_FACE('',(#3668),#3905,.T.);
#4044=ADVANCED_FACE('',(#3669),#14,.F.);
#4045=ADVANCED_FACE('',(#3670),#612,.T.);
#4046=ADVANCED_FACE('',(#3671),#3906,.T.);
#4047=ADVANCED_FACE('',(#3672),#3907,.T.);
#4048=ADVANCED_FACE('',(#3673),#613,.T.);
#4049=ADVANCED_FACE('',(#3674,#3675),#614,.T.);
#4050=ADVANCED_FACE('',(#3676),#3908,.T.);
#4051=ADVANCED_FACE('',(#3677),#3909,.T.);
#4052=ADVANCED_FACE('',(#3678),#3910,.T.);
#4053=ADVANCED_FACE('',(#3679),#3911,.T.);
#4054=ADVANCED_FACE('',(#3680),#3912,.T.);
#4055=ADVANCED_FACE('',(#3681,#3682),#615,.T.);
#4056=ADVANCED_FACE('',(#3683,#3684),#616,.T.);
#4057=ADVANCED_FACE('',(#3685),#3913,.T.);
#4058=ADVANCED_FACE('',(#3686),#617,.T.);
#4059=ADVANCED_FACE('',(#3687),#618,.T.);
#4060=ADVANCED_FACE('',(#3688),#619,.T.);
#4061=ADVANCED_FACE('',(#3689),#620,.T.);
#4062=ADVANCED_FACE('',(#3690),#621,.T.);
#4063=ADVANCED_FACE('',(#3691,#3692),#3914,.T.);
#4064=ADVANCED_FACE('',(#3693),#3915,.T.);
#4065=ADVANCED_FACE('',(#3694),#3916,.T.);
#4066=ADVANCED_FACE('',(#3695),#3917,.T.);
#4067=ADVANCED_FACE('',(#3696),#3918,.T.);
#4068=ADVANCED_FACE('',(#3697),#3919,.T.);
#4069=ADVANCED_FACE('',(#3698),#622,.T.);
#4070=ADVANCED_FACE('',(#3699),#3920,.T.);
#4071=ADVANCED_FACE('',(#3700),#623,.T.);
#4072=ADVANCED_FACE('',(#3701),#3921,.T.);
#4073=ADVANCED_FACE('',(#3702),#15,.T.);
#4074=ADVANCED_FACE('',(#3703,#3704),#3922,.T.);
#4075=ADVANCED_FACE('',(#3705,#3706),#16,.F.);
#4076=ADVANCED_FACE('',(#3707),#3923,.T.);
#4077=ADVANCED_FACE('',(#3708,#3709),#3924,.T.);
#4078=ADVANCED_FACE('',(#3710,#3711),#17,.F.);
#4079=ADVANCED_FACE('',(#3712),#3925,.T.);
#4080=ADVANCED_FACE('',(#3713),#624,.T.);
#4081=ADVANCED_FACE('',(#3714),#3926,.T.);
#4082=ADVANCED_FACE('',(#3715),#625,.T.);
#4083=ADVANCED_FACE('',(#3716),#3927,.T.);
#4084=ADVANCED_FACE('',(#3717),#3928,.T.);
#4085=ADVANCED_FACE('',(#3718),#626,.T.);
#4086=ADVANCED_FACE('',(#3719),#3929,.T.);
#4087=ADVANCED_FACE('',(#3720),#627,.T.);
#4088=ADVANCED_FACE('',(#3721),#3930,.T.);
#4089=ADVANCED_FACE('',(#3722),#3931,.T.);
#4090=ADVANCED_FACE('',(#3723),#18,.F.);
#4091=ADVANCED_FACE('',(#3724),#3932,.T.);
#4092=ADVANCED_FACE('',(#3725),#19,.T.);
#4093=ADVANCED_FACE('',(#3726,#3727),#3933,.T.);
#4094=ADVANCED_FACE('',(#3728,#3729),#3934,.T.);
#4095=ADVANCED_FACE('',(#3730,#3731),#20,.F.);
#4096=ADVANCED_FACE('',(#3732),#628,.T.);
#4097=ADVANCED_FACE('',(#3733),#3935,.T.);
#4098=ADVANCED_FACE('',(#3734),#629,.T.);
#4099=ADVANCED_FACE('',(#3735),#630,.T.);
#4100=ADVANCED_FACE('',(#3736),#3936,.T.);
#4101=ADVANCED_FACE('',(#3737),#3937,.T.);
#4102=ADVANCED_FACE('',(#3738),#3938,.T.);
#4103=ADVANCED_FACE('',(#3739),#3939,.T.);
#4104=ADVANCED_FACE('',(#3740),#3940,.T.);
#4105=ADVANCED_FACE('',(#3741,#3742),#21,.F.);
#4106=ADVANCED_FACE('',(#3743,#3744),#3941,.T.);
#4107=ADVANCED_FACE('',(#3745),#3942,.T.);
#4108=ADVANCED_FACE('',(#3746),#3943,.T.);
#4109=ADVANCED_FACE('',(#3747),#631,.T.);
#4110=ADVANCED_FACE('',(#3748),#3944,.T.);
#4111=ADVANCED_FACE('',(#3749),#632,.T.);
#4112=ADVANCED_FACE('',(#3750),#3945,.T.);
#4113=ADVANCED_FACE('',(#3751),#3946,.T.);
#4114=ADVANCED_FACE('',(#3752),#633,.T.);
#4115=ADVANCED_FACE('',(#3753),#3947,.T.);
#4116=ADVANCED_FACE('',(#3754),#634,.T.);
#4117=ADVANCED_FACE('',(#3755),#3948,.T.);
#4118=ADVANCED_FACE('',(#3756),#3949,.T.);
#4119=ADVANCED_FACE('',(#3757),#635,.T.);
#4120=ADVANCED_FACE('',(#3758),#3950,.T.);
#4121=ADVANCED_FACE('',(#3759),#636,.T.);
#4122=ADVANCED_FACE('',(#3760),#3951,.T.);
#4123=ADVANCED_FACE('',(#3761),#3952,.T.);
#4124=ADVANCED_FACE('',(#3762),#3953,.T.);
#4125=ADVANCED_FACE('',(#3763),#3954,.T.);
#4126=ADVANCED_FACE('',(#3764),#3955,.T.);
#4127=ADVANCED_FACE('',(#3765),#3956,.T.);
#4128=ADVANCED_FACE('',(#3766),#637,.T.);
#4129=ADVANCED_FACE('',(#3767),#3957,.T.);
#4130=ADVANCED_FACE('',(#3768),#638,.T.);
#4131=ADVANCED_FACE('',(#3769),#3958,.T.);
#4132=ADVANCED_FACE('',(#3770),#3959,.T.);
#4133=ADVANCED_FACE('',(#3771),#639,.T.);
#4134=ADVANCED_FACE('',(#3772),#3960,.T.);
#4135=ADVANCED_FACE('',(#3773),#640,.T.);
#4136=ADVANCED_FACE('',(#3774),#3961,.T.);
#4137=ADVANCED_FACE('',(#3775),#3962,.T.);
#4138=ADVANCED_FACE('',(#3776),#3963,.T.);
#4139=ADVANCED_FACE('',(#3777),#3964,.T.);
#4140=ADVANCED_FACE('',(#3778,#3779),#22,.F.);
#4141=ADVANCED_FACE('',(#3780),#3965,.T.);
#4142=ADVANCED_FACE('',(#3781),#3966,.T.);
#4143=ADVANCED_FACE('',(#3782,#3783),#23,.F.);
#4144=ADVANCED_FACE('',(#3784),#3967,.T.);
#4145=ADVANCED_FACE('',(#3785),#3968,.T.);
#4146=ADVANCED_FACE('',(#3786),#641,.T.);
#4147=ADVANCED_FACE('',(#3787),#642,.T.);
#4148=ADVANCED_FACE('',(#3788),#643,.T.);
#4149=ADVANCED_FACE('',(#3789),#24,.T.);
#4150=ADVANCED_FACE('',(#3790),#25,.T.);
#4151=ADVANCED_FACE('',(#3791),#3969,.T.);
#4152=ADVANCED_FACE('',(#3792),#3970,.T.);
#4153=ADVANCED_FACE('',(#3793),#3971,.T.);
#4154=ADVANCED_FACE('',(#3794),#26,.F.);
#4155=ADVANCED_FACE('',(#3795),#3972,.T.);
#4156=ADVANCED_FACE('',(#3796),#644,.T.);
#4157=ADVANCED_FACE('',(#3797),#3973,.T.);
#4158=ADVANCED_FACE('',(#3798),#3974,.T.);
#4159=ADVANCED_FACE('',(#3799),#3975,.T.);
#4160=ADVANCED_FACE('',(#3800),#3976,.T.);
#4161=ADVANCED_FACE('',(#3801),#645,.T.);
#4162=ADVANCED_FACE('',(#3802),#646,.T.);
#4163=ADVANCED_FACE('',(#3803),#3977,.T.);
#4164=ADVANCED_FACE('',(#3804),#647,.T.);
#4165=ADVANCED_FACE('',(#3805,#3806),#3978,.T.);
#4166=ADVANCED_FACE('',(#3807),#648,.T.);
#4167=ADVANCED_FACE('',(#3808),#649,.T.);
#4168=ADVANCED_FACE('',(#3809),#3979,.T.);
#4169=ADVANCED_FACE('',(#3810),#650,.T.);
#4170=ADVANCED_FACE('',(#3811),#3980,.T.);
#4171=ADVANCED_FACE('',(#3812),#651,.T.);
#4172=ADVANCED_FACE('',(#3813),#652,.T.);
#4173=ADVANCED_FACE('',(#3814),#653,.T.);
#4174=ADVANCED_FACE('',(#3815),#3981,.T.);
#4175=ADVANCED_FACE('',(#3816),#654,.T.);
#4176=ADVANCED_FACE('',(#3817),#3982,.T.);
#4177=ADVANCED_FACE('',(#3818),#655,.T.);
#4178=ADVANCED_FACE('',(#3819),#656,.T.);
#4179=ADVANCED_FACE('',(#3820),#657,.T.);
#4180=ADVANCED_FACE('',(#3821),#3983,.T.);
#4181=ADVANCED_FACE('',(#3822),#3984,.T.);
#4182=ADVANCED_FACE('',(#3823),#3985,.T.);
#4183=ADVANCED_FACE('',(#3824),#3986,.T.);
#4184=ADVANCED_FACE('',(#3825),#3987,.T.);
#4185=ADVANCED_FACE('',(#3826),#3988,.T.);
#4186=ADVANCED_FACE('',(#3827,#3828),#658,.T.);
#4187=ADVANCED_FACE('',(#3829),#659,.T.);
#4188=ADVANCED_FACE('',(#3830),#3989,.T.);
#4189=ADVANCED_FACE('',(#3831),#660,.T.);
#4190=ADVANCED_FACE('',(#3832),#661,.T.);
#4191=ADVANCED_FACE('',(#3833),#3990,.T.);
#4192=ADVANCED_FACE('',(#3834),#662,.T.);
#4193=ADVANCED_FACE('',(#3835),#3991,.T.);
#4194=ADVANCED_FACE('',(#3836),#3992,.T.);
#4195=ADVANCED_FACE('',(#3837),#663,.T.);
#4196=ADVANCED_FACE('',(#3838),#3993,.T.);
#4197=ADVANCED_FACE('',(#3839),#3994,.T.);
#4198=ADVANCED_FACE('',(#3840),#3995,.T.);
#4199=ADVANCED_FACE('',(#3841),#664,.T.);
#4200=ADVANCED_FACE('',(#3842),#3996,.T.);
#4201=ADVANCED_FACE('',(#3843),#3997,.T.);
#4202=ADVANCED_FACE('',(#3844),#665,.T.);
#4203=ADVANCED_FACE('',(#3845),#3998,.T.);
#4204=ADVANCED_FACE('',(#3846),#27,.F.);
#4205=ADVANCED_FACE('',(#3847),#3999,.T.);
#4206=ADVANCED_FACE('',(#3848,#3849),#4000,.T.);
#4207=ADVANCED_FACE('',(#3850,#3851),#4001,.T.);
#4208=ADVANCED_FACE('',(#3852,#3853),#28,.F.);
#4209=ADVANCED_FACE('',(#3854,#3855),#4002,.T.);
#4210=ADVANCED_FACE('',(#3856,#3857),#29,.F.);
#4211=ADVANCED_FACE('',(#3858),#4003,.T.);
#4212=ADVANCED_FACE('',(#3859),#4004,.T.);
#4213=ADVANCED_FACE('',(#3860),#666,.T.);
#4214=ADVANCED_FACE('',(#3861),#4005,.T.);
#4215=ADVANCED_FACE('',(#3862),#4006,.T.);
#4216=ADVANCED_FACE('',(#3863),#4007,.T.);
#4217=ADVANCED_FACE('',(#3864),#4008,.T.);
#4218=ADVANCED_FACE('',(#3865),#4009,.T.);
#4219=ADVANCED_FACE('',(#3866),#4010,.T.);
#4220=ADVANCED_FACE('',(#3867),#4011,.T.);
#4221=ADVANCED_FACE('',(#3868),#4012,.T.);
#4222=ADVANCED_FACE('',(#3869),#4013,.T.);
#4223=ADVANCED_FACE('',(#3870),#4014,.T.);
#4224=ADVANCED_FACE('',(#3871),#4015,.T.);
#4225=ADVANCED_FACE('',(#3872),#4016,.T.);
#4226=ADVANCED_FACE('',(#3873),#4017,.T.);
#4227=ADVANCED_FACE('',(#3874),#4018,.T.);
#4228=ADVANCED_FACE('',(#3875),#667,.T.);
#4229=ADVANCED_FACE('',(#3876),#668,.T.);
#4230=ADVANCED_FACE('',(#3877),#669,.T.);
#4231=ADVANCED_FACE('',(#3878),#670,.T.);
#4232=ADVANCED_FACE('',(#3879),#671,.T.);
#4233=ADVANCED_FACE('',(#3880),#30,.T.);
#4234=ADVANCED_FACE('',(#3881),#4019,.T.);
#4235=ADVANCED_FACE('',(#3882),#4020,.T.);
#4236=ADVANCED_FACE('',(#3883),#4021,.T.);
#4237=ADVANCED_FACE('',(#3884,#3885),#31,.F.);
#4238=ADVANCED_FACE('',(#3886),#672,.T.);
#4239=ADVANCED_FACE('',(#3887),#32,.F.);
#4240=ADVANCED_FACE('',(#3888),#33,.F.);
#4241=ADVANCED_FACE('',(#3889),#673,.T.);
#4242=CLOSED_SHELL('',(#4022,#4023,#4024,#4025,#4026,#4027,#4028,#4029,
#4030,#4031,#4032,#4033,#4034,#4035,#4036,#4037,#4038,#4039,#4040,#4041,
#4042,#4043,#4044,#4045,#4046,#4047,#4048,#4049,#4050,#4051,#4052,#4053,
#4054,#4055,#4056,#4057,#4058,#4059,#4060,#4061,#4062,#4063,#4064,#4065,
#4066,#4067,#4068,#4069,#4070,#4071,#4072,#4073,#4074,#4075,#4076,#4077,
#4078,#4079,#4080,#4081,#4082,#4083,#4084,#4085,#4086,#4087,#4088,#4089,
#4090,#4091,#4092,#4093,#4094,#4095,#4096,#4097,#4098,#4099,#4100,#4101,
#4102,#4103,#4104,#4105,#4106,#4107,#4108,#4109,#4110,#4111,#4112,#4113,
#4114,#4115,#4116,#4117,#4118,#4119,#4120,#4121,#4122,#4123,#4124,#4125,
#4126,#4127,#4128,#4129,#4130,#4131,#4132,#4133,#4134,#4135,#4136,#4137,
#4138,#4139,#4140,#4141,#4142,#4143,#4144,#4145,#4146,#4147,#4148,#4149,
#4150,#4151,#4152,#4153,#4154,#4155,#4156,#4157,#4158,#4159,#4160,#4161,
#4162,#4163,#4164,#4165,#4166,#4167,#4168,#4169,#4170,#4171,#4172,#4173,
#4174,#4175,#4176,#4177,#4178,#4179,#4180,#4181,#4182,#4183,#4184,#4185,
#4186,#4187,#4188,#4189,#4190,#4191,#4192,#4193,#4194,#4195,#4196,#4197,
#4198,#4199,#4200,#4201,#4202,#4203,#4204,#4205,#4206,#4207,#4208,#4209,
#4210,#4211,#4212,#4213,#4214,#4215,#4216,#4217,#4218,#4219,#4220,#4221,
#4222,#4223,#4224,#4225,#4226,#4227,#4228,#4229,#4230,#4231,#4232,#4233,
#4234,#4235,#4236,#4237,#4238,#4239,#4240,#4241));
#4243=STYLED_ITEM('',(#4244),#4251);
#4244=PRESENTATION_STYLE_ASSIGNMENT((#4245));
#4245=SURFACE_STYLE_USAGE(.BOTH.,#4246);
#4246=SURFACE_SIDE_STYLE('',(#4247));
#4247=SURFACE_STYLE_FILL_AREA(#4248);
#4248=FILL_AREA_STYLE('',(#4249));
#4249=FILL_AREA_STYLE_COLOUR('',#4250);
#4250=COLOUR_RGB('',0.231372549019608,0.380392156862745,0.705882352941177);
#4251=MANIFOLD_SOLID_BREP('mid',#4242);
#4252=SHAPE_DEFINITION_REPRESENTATION(#11685,#4253);
#4253=SHAPE_REPRESENTATION('mid',(#4254),#11680);
#4254=AXIS2_PLACEMENT_3D('',#5227,#4484,#4485);
#4255=AXIS2_PLACEMENT_3D('',#5228,#4486,#4487);
#4256=AXIS2_PLACEMENT_3D('',#5240,#4488,#4489);
#4257=AXIS2_PLACEMENT_3D('',#5553,#4490,#4491);
#4258=AXIS2_PLACEMENT_3D('',#5574,#4492,#4493);
#4259=AXIS2_PLACEMENT_3D('',#5583,#4496,#4497);
#4260=AXIS2_PLACEMENT_3D('',#5592,#4500,#4501);
#4261=AXIS2_PLACEMENT_3D('',#5676,#4518,#4519);
#4262=AXIS2_PLACEMENT_3D('',#5744,#4523,#4524);
#4263=AXIS2_PLACEMENT_3D('',#5801,#4531,#4532);
#4264=AXIS2_PLACEMENT_3D('',#5810,#4537,#4538);
#4265=AXIS2_PLACEMENT_3D('',#5819,#4541,#4542);
#4266=AXIS2_PLACEMENT_3D('',#5826,#4544,#4545);
#4267=AXIS2_PLACEMENT_3D('',#5840,#4550,#4551);
#4268=AXIS2_PLACEMENT_3D('',#5850,#4557,#4558);
#4269=AXIS2_PLACEMENT_3D('',#5857,#4560,#4561);
#4270=AXIS2_PLACEMENT_3D('',#5863,#4564,#4565);
#4271=AXIS2_PLACEMENT_3D('',#5867,#4567,#4568);
#4272=AXIS2_PLACEMENT_3D('',#5952,#4580,#4581);
#4273=AXIS2_PLACEMENT_3D('',#5960,#4585,#4586);
#4274=AXIS2_PLACEMENT_3D('',#5989,#4591,#4592);
#4275=AXIS2_PLACEMENT_3D('',#5990,#4593,#4594);
#4276=AXIS2_PLACEMENT_3D('',#5994,#4597,#4598);
#4277=AXIS2_PLACEMENT_3D('',#6124,#4601,#4602);
#4278=AXIS2_PLACEMENT_3D('',#6136,#4603,#4604);
#4279=AXIS2_PLACEMENT_3D('',#6138,#4605,#4606);
#4280=AXIS2_PLACEMENT_3D('',#6223,#4607,#4608);
#4281=AXIS2_PLACEMENT_3D('',#6230,#4609,#4610);
#4282=AXIS2_PLACEMENT_3D('',#6301,#4611,#4612);
#4283=AXIS2_PLACEMENT_3D('',#6347,#4613,#4614);
#4284=AXIS2_PLACEMENT_3D('',#6354,#4615,#4616);
#4285=AXIS2_PLACEMENT_3D('',#6357,#4618,#4619);
#4286=AXIS2_PLACEMENT_3D('',#6376,#4622,#4623);
#4287=AXIS2_PLACEMENT_3D('',#6380,#4626,#4627);
#4288=AXIS2_PLACEMENT_3D('',#6386,#4628,#4629);
#4289=AXIS2_PLACEMENT_3D('',#6387,#4630,#4631);
#4290=AXIS2_PLACEMENT_3D('',#6397,#4632,#4633);
#4291=AXIS2_PLACEMENT_3D('',#6412,#4634,#4635);
#4292=AXIS2_PLACEMENT_3D('',#6467,#4636,#4637);
#4293=AXIS2_PLACEMENT_3D('',#6476,#4640,#4641);
#4294=AXIS2_PLACEMENT_3D('',#6766,#4646,#4647);
#4295=AXIS2_PLACEMENT_3D('',#6822,#4648,#4649);
#4296=AXIS2_PLACEMENT_3D('',#6886,#4651,#4652);
#4297=AXIS2_PLACEMENT_3D('',#6895,#4657,#4658);
#4298=AXIS2_PLACEMENT_3D('',#6904,#4661,#4662);
#4299=AXIS2_PLACEMENT_3D('',#6905,#4663,#4664);
#4300=AXIS2_PLACEMENT_3D('',#6908,#4666,#4667);
#4301=AXIS2_PLACEMENT_3D('',#6915,#4669,#4670);
#4302=AXIS2_PLACEMENT_3D('',#7176,#4673,#4674);
#4303=AXIS2_PLACEMENT_3D('',#7182,#4675,#4676);
#4304=AXIS2_PLACEMENT_3D('',#7215,#4677,#4678);
#4305=AXIS2_PLACEMENT_3D('',#7246,#4679,#4680);
#4306=AXIS2_PLACEMENT_3D('',#7252,#4681,#4682);
#4307=AXIS2_PLACEMENT_3D('',#7255,#4684,#4685);
#4308=AXIS2_PLACEMENT_3D('',#7528,#4688,#4689);
#4309=AXIS2_PLACEMENT_3D('',#7597,#4690,#4691);
#4310=AXIS2_PLACEMENT_3D('',#7598,#4692,#4693);
#4311=AXIS2_PLACEMENT_3D('',#7605,#4696,#4697);
#4312=AXIS2_PLACEMENT_3D('',#7608,#4699,#4700);
#4313=AXIS2_PLACEMENT_3D('',#7613,#4704,#4705);
#4314=AXIS2_PLACEMENT_3D('',#7614,#4706,#4707);
#4315=AXIS2_PLACEMENT_3D('',#7615,#4708,#4709);
#4316=AXIS2_PLACEMENT_3D('',#7618,#4712,#4713);
#4317=AXIS2_PLACEMENT_3D('',#7620,#4715,#4716);
#4318=AXIS2_PLACEMENT_3D('',#7738,#4717,#4718);
#4319=AXIS2_PLACEMENT_3D('',#7739,#4719,#4720);
#4320=AXIS2_PLACEMENT_3D('',#7745,#4721,#4722);
#4321=AXIS2_PLACEMENT_3D('',#7824,#4723,#4724);
#4322=AXIS2_PLACEMENT_3D('',#7826,#4726,#4727);
#4323=AXIS2_PLACEMENT_3D('',#7827,#4728,#4729);
#4324=AXIS2_PLACEMENT_3D('',#7828,#4730,#4731);
#4325=AXIS2_PLACEMENT_3D('',#7830,#4732,#4733);
#4326=AXIS2_PLACEMENT_3D('',#7832,#4734,#4735);
#4327=AXIS2_PLACEMENT_3D('',#7833,#4736,#4737);
#4328=AXIS2_PLACEMENT_3D('',#7849,#4741,#4742);
#4329=AXIS2_PLACEMENT_3D('',#7850,#4743,#4744);
#4330=AXIS2_PLACEMENT_3D('',#7852,#4745,#4746);
#4331=AXIS2_PLACEMENT_3D('',#7854,#4747,#4748);
#4332=AXIS2_PLACEMENT_3D('',#7855,#4749,#4750);
#4333=AXIS2_PLACEMENT_3D('',#7889,#4757,#4758);
#4334=AXIS2_PLACEMENT_3D('',#7894,#4761,#4762);
#4335=AXIS2_PLACEMENT_3D('',#7918,#4764,#4765);
#4336=AXIS2_PLACEMENT_3D('',#7926,#4770,#4771);
#4337=AXIS2_PLACEMENT_3D('',#7927,#4772,#4773);
#4338=AXIS2_PLACEMENT_3D('',#8047,#4774,#4775);
#4339=AXIS2_PLACEMENT_3D('',#8105,#4776,#4777);
#4340=AXIS2_PLACEMENT_3D('',#8117,#4779,#4780);
#4341=AXIS2_PLACEMENT_3D('',#8123,#4784,#4785);
#4342=AXIS2_PLACEMENT_3D('',#8132,#4786,#4787);
#4343=AXIS2_PLACEMENT_3D('',#8133,#4788,#4789);
#4344=AXIS2_PLACEMENT_3D('',#8138,#4792,#4793);
#4345=AXIS2_PLACEMENT_3D('',#8139,#4794,#4795);
#4346=AXIS2_PLACEMENT_3D('',#8147,#4800,#4801);
#4347=AXIS2_PLACEMENT_3D('',#8149,#4802,#4803);
#4348=AXIS2_PLACEMENT_3D('',#8150,#4804,#4805);
#4349=AXIS2_PLACEMENT_3D('',#8152,#4806,#4807);
#4350=AXIS2_PLACEMENT_3D('',#8154,#4808,#4809);
#4351=AXIS2_PLACEMENT_3D('',#8171,#4810,#4811);
#4352=AXIS2_PLACEMENT_3D('',#8214,#4814,#4815);
#4353=AXIS2_PLACEMENT_3D('',#8216,#4817,#4818);
#4354=AXIS2_PLACEMENT_3D('',#8218,#4820,#4821);
#4355=AXIS2_PLACEMENT_3D('',#8220,#4823,#4824);
#4356=AXIS2_PLACEMENT_3D('',#8222,#4826,#4827);
#4357=AXIS2_PLACEMENT_3D('',#8223,#4828,#4829);
#4358=AXIS2_PLACEMENT_3D('',#8224,#4830,#4831);
#4359=AXIS2_PLACEMENT_3D('',#8226,#4832,#4833);
#4360=AXIS2_PLACEMENT_3D('',#8227,#4834,#4835);
#4361=AXIS2_PLACEMENT_3D('',#8229,#4836,#4837);
#4362=AXIS2_PLACEMENT_3D('',#8238,#4838,#4839);
#4363=AXIS2_PLACEMENT_3D('',#8241,#4841,#4842);
#4364=AXIS2_PLACEMENT_3D('',#8242,#4843,#4844);
#4365=AXIS2_PLACEMENT_3D('',#8279,#4848,#4849);
#4366=AXIS2_PLACEMENT_3D('',#8301,#4854,#4855);
#4367=AXIS2_PLACEMENT_3D('',#8306,#4859,#4860);
#4368=AXIS2_PLACEMENT_3D('',#8307,#4861,#4862);
#4369=AXIS2_PLACEMENT_3D('',#8336,#4866,#4867);
#4370=AXIS2_PLACEMENT_3D('',#8358,#4872,#4873);
#4371=AXIS2_PLACEMENT_3D('',#8363,#4877,#4878);
#4372=AXIS2_PLACEMENT_3D('',#8366,#4880,#4881);
#4373=AXIS2_PLACEMENT_3D('',#8393,#4884,#4885);
#4374=AXIS2_PLACEMENT_3D('',#8422,#4890,#4891);
#4375=AXIS2_PLACEMENT_3D('',#8423,#4892,#4893);
#4376=AXIS2_PLACEMENT_3D('',#8437,#4896,#4897);
#4377=AXIS2_PLACEMENT_3D('',#8445,#4902,#4903);
#4378=AXIS2_PLACEMENT_3D('',#8450,#4907,#4908);
#4379=AXIS2_PLACEMENT_3D('',#8451,#4909,#4910);
#4380=AXIS2_PLACEMENT_3D('',#8452,#4911,#4912);
#4381=AXIS2_PLACEMENT_3D('',#8453,#4913,#4914);
#4382=AXIS2_PLACEMENT_3D('',#8464,#4916,#4917);
#4383=AXIS2_PLACEMENT_3D('',#8465,#4918,#4919);
#4384=AXIS2_PLACEMENT_3D('',#8497,#4925,#4926);
#4385=AXIS2_PLACEMENT_3D('',#8518,#4930,#4931);
#4386=AXIS2_PLACEMENT_3D('',#8521,#4934,#4935);
#4387=AXIS2_PLACEMENT_3D('',#8541,#4939,#4940);
#4388=AXIS2_PLACEMENT_3D('',#8557,#4942,#4943);
#4389=AXIS2_PLACEMENT_3D('',#8581,#4946,#4947);
#4390=AXIS2_PLACEMENT_3D('',#8584,#4950,#4951);
#4391=AXIS2_PLACEMENT_3D('',#8585,#4952,#4953);
#4392=AXIS2_PLACEMENT_3D('',#8587,#4955,#4956);
#4393=AXIS2_PLACEMENT_3D('',#8588,#4957,#4958);
#4394=AXIS2_PLACEMENT_3D('',#8597,#4962,#4963);
#4395=AXIS2_PLACEMENT_3D('',#8598,#4964,#4965);
#4396=AXIS2_PLACEMENT_3D('',#8599,#4966,#4967);
#4397=AXIS2_PLACEMENT_3D('',#8602,#4970,#4971);
#4398=AXIS2_PLACEMENT_3D('',#8603,#4972,#4973);
#4399=AXIS2_PLACEMENT_3D('',#9566,#4974,#4975);
#4400=AXIS2_PLACEMENT_3D('',#9567,#4976,#4977);
#4401=AXIS2_PLACEMENT_3D('',#9568,#4978,#4979);
#4402=AXIS2_PLACEMENT_3D('',#9569,#4980,#4981);
#4403=AXIS2_PLACEMENT_3D('',#9570,#4982,#4983);
#4404=AXIS2_PLACEMENT_3D('',#9572,#4985,#4986);
#4405=AXIS2_PLACEMENT_3D('',#9573,#4987,#4988);
#4406=AXIS2_PLACEMENT_3D('',#9575,#4990,#4991);
#4407=AXIS2_PLACEMENT_3D('',#9576,#4992,#4993);
#4408=AXIS2_PLACEMENT_3D('',#9752,#4996,#4997);
#4409=AXIS2_PLACEMENT_3D('',#9753,#4998,#4999);
#4410=AXIS2_PLACEMENT_3D('',#9758,#5000,#5001);
#4411=AXIS2_PLACEMENT_3D('',#9759,#5002,#5003);
#4412=AXIS2_PLACEMENT_3D('',#9926,#5004,#5005);
#4413=AXIS2_PLACEMENT_3D('',#9948,#5006,#5007);
#4414=AXIS2_PLACEMENT_3D('',#10036,#5017,#5018);
#4415=AXIS2_PLACEMENT_3D('',#10065,#5020,#5021);
#4416=AXIS2_PLACEMENT_3D('',#10093,#5025,#5026);
#4417=AXIS2_PLACEMENT_3D('',#10164,#5028,#5029);
#4418=AXIS2_PLACEMENT_3D('',#10186,#5033,#5034);
#4419=AXIS2_PLACEMENT_3D('',#10188,#5035,#5036);
#4420=AXIS2_PLACEMENT_3D('',#10190,#5037,#5038);
#4421=AXIS2_PLACEMENT_3D('',#10193,#5040,#5041);
#4422=AXIS2_PLACEMENT_3D('',#10311,#5045,#5046);
#4423=AXIS2_PLACEMENT_3D('',#10318,#5047,#5048);
#4424=AXIS2_PLACEMENT_3D('',#10460,#5051,#5052);
#4425=AXIS2_PLACEMENT_3D('',#10515,#5057,#5058);
#4426=AXIS2_PLACEMENT_3D('',#10597,#5062,#5063);
#4427=AXIS2_PLACEMENT_3D('',#10600,#5066,#5067);
#4428=AXIS2_PLACEMENT_3D('',#10609,#5072,#5073);
#4429=AXIS2_PLACEMENT_3D('',#10621,#5076,#5077);
#4430=AXIS2_PLACEMENT_3D('',#10622,#5078,#5079);
#4431=AXIS2_PLACEMENT_3D('',#10625,#5081,#5082);
#4432=AXIS2_PLACEMENT_3D('',#10635,#5084,#5085);
#4433=AXIS2_PLACEMENT_3D('',#10636,#5086,#5087);
#4434=AXIS2_PLACEMENT_3D('',#10699,#5088,#5089);
#4435=AXIS2_PLACEMENT_3D('',#10722,#5090,#5091);
#4436=AXIS2_PLACEMENT_3D('',#10728,#5092,#5093);
#4437=AXIS2_PLACEMENT_3D('',#10907,#5095,#5096);
#4438=AXIS2_PLACEMENT_3D('',#10980,#5099,#5100);
#4439=AXIS2_PLACEMENT_3D('',#10986,#5102,#5103);
#4440=AXIS2_PLACEMENT_3D('',#11093,#5105,#5106);
#4441=AXIS2_PLACEMENT_3D('',#11094,#5107,#5108);
#4442=AXIS2_PLACEMENT_3D('',#11099,#5112,#5113);
#4443=AXIS2_PLACEMENT_3D('',#11164,#5115,#5116);
#4444=AXIS2_PLACEMENT_3D('',#11165,#5117,#5118);
#4445=AXIS2_PLACEMENT_3D('',#11166,#5119,#5120);
#4446=AXIS2_PLACEMENT_3D('',#11196,#5122,#5123);
#4447=AXIS2_PLACEMENT_3D('',#11198,#5125,#5126);
#4448=AXIS2_PLACEMENT_3D('',#11212,#5129,#5130);
#4449=AXIS2_PLACEMENT_3D('',#11213,#5131,#5132);
#4450=AXIS2_PLACEMENT_3D('',#11222,#5135,#5136);
#4451=AXIS2_PLACEMENT_3D('',#11223,#5137,#5138);
#4452=AXIS2_PLACEMENT_3D('',#11241,#5140,#5141);
#4453=AXIS2_PLACEMENT_3D('',#11242,#5142,#5143);
#4454=AXIS2_PLACEMENT_3D('',#11244,#5144,#5145);
#4455=AXIS2_PLACEMENT_3D('',#11246,#5146,#5147);
#4456=AXIS2_PLACEMENT_3D('',#11247,#5148,#5149);
#4457=AXIS2_PLACEMENT_3D('',#11249,#5150,#5151);
#4458=AXIS2_PLACEMENT_3D('',#11250,#5152,#5153);
#4459=AXIS2_PLACEMENT_3D('',#11252,#5154,#5155);
#4460=AXIS2_PLACEMENT_3D('',#11253,#5156,#5157);
#4461=AXIS2_PLACEMENT_3D('',#11264,#5162,#5163);
#4462=AXIS2_PLACEMENT_3D('',#11296,#5165,#5166);
#4463=AXIS2_PLACEMENT_3D('',#11306,#5172,#5173);
#4464=AXIS2_PLACEMENT_3D('',#11312,#5177,#5178);
#4465=AXIS2_PLACEMENT_3D('',#11314,#5180,#5181);
#4466=AXIS2_PLACEMENT_3D('',#11316,#5183,#5184);
#4467=AXIS2_PLACEMENT_3D('',#11318,#5186,#5187);
#4468=AXIS2_PLACEMENT_3D('',#11321,#5190,#5191);
#4469=AXIS2_PLACEMENT_3D('',#11323,#5193,#5194);
#4470=AXIS2_PLACEMENT_3D('',#11324,#5195,#5196);
#4471=AXIS2_PLACEMENT_3D('',#11325,#5197,#5198);
#4472=AXIS2_PLACEMENT_3D('',#11326,#5199,#5200);
#4473=AXIS2_PLACEMENT_3D('',#11327,#5201,#5202);
#4474=AXIS2_PLACEMENT_3D('',#11328,#5203,#5204);
#4475=AXIS2_PLACEMENT_3D('',#11329,#5205,#5206);
#4476=AXIS2_PLACEMENT_3D('',#11651,#5207,#5208);
#4477=AXIS2_PLACEMENT_3D('',#11652,#5209,#5210);
#4478=AXIS2_PLACEMENT_3D('',#11653,#5211,#5212);
#4479=AXIS2_PLACEMENT_3D('',#11656,#5215,#5216);
#4480=AXIS2_PLACEMENT_3D('',#11657,#5217,#5218);
#4481=AXIS2_PLACEMENT_3D('',#11658,#5219,#5220);
#4482=AXIS2_PLACEMENT_3D('',#11668,#5222,#5223);
#4483=AXIS2_PLACEMENT_3D('',#11669,#5224,#5225);
#4484=DIRECTION('',(0.,0.,1.));
#4485=DIRECTION('',(1.,0.,0.));
#4486=DIRECTION('',(-0.033393040946279,0.369019396617294,0.928821613517132));
#4487=DIRECTION('',(0.,-0.929339909273107,0.36922531472294));
#4488=DIRECTION('',(-0.000911235747044511,-0.999660778647414,0.0260287779863023));
#4489=DIRECTION('',(-0.0345370977000801,0.0260447212219781,0.999063992634568));
#4490=DIRECTION('',(-0.591803767806459,0.788132398834088,0.169161527298925));
#4491=DIRECTION('',(0.253488569740131,-0.0172495495469853,0.967184572897815));
#4492=DIRECTION('',(-1.,0.,0.));
#4493=DIRECTION('',(0.,0.,1.));
#4494=DIRECTION('',(0.,0.,-1.));
#4495=DIRECTION('',(0.,0.,-1.));
#4496=DIRECTION('',(0.,1.,0.));
#4497=DIRECTION('',(1.,0.,0.));
#4498=DIRECTION('',(0.,0.,-1.));
#4499=DIRECTION('',(0.,0.,-1.));
#4500=DIRECTION('',(4.3053249983885E-32,-3.3881317890172E-21,-1.));
#4501=DIRECTION('',(-1.,-1.27070765439067E-11,0.));
#4502=DIRECTION('',(1.,-4.3053249983885E-32,4.3053249983885E-32));
#4503=DIRECTION('',(0.,-1.,0.));
#4504=DIRECTION('',(-0.481050193359529,-0.876693054306215,0.));
#4505=DIRECTION('',(0.,-1.,0.));
#4506=DIRECTION('',(-1.,0.,0.));
#4507=DIRECTION('',(0.,1.,0.));
#4508=DIRECTION('',(-0.481050193358953,0.876693054306531,0.));
#4509=DIRECTION('',(0.,-1.,0.));
#4510=DIRECTION('',(-1.,-1.27070765439067E-11,0.));
#4511=DIRECTION('',(-1.,-1.27070765439067E-11,0.));
#4512=DIRECTION('',(-1.,-1.27070765439067E-11,0.));
#4513=DIRECTION('',(-0.999999999999878,4.93979446710577E-7,2.42970155753065E-8));
#4514=DIRECTION('',(0.,-1.,0.));
#4515=DIRECTION('',(1.,0.,0.));
#4516=DIRECTION('',(0.,-1.,0.));
#4517=DIRECTION('',(-1.,0.,0.));
#4518=DIRECTION('',(-2.71866615106283E-9,-7.65428733328952E-10,1.));
#4519=DIRECTION('',(-0.968766699068364,-0.247973955842516,-2.82355964795024E-9));
#4520=DIRECTION('',(0.,1.,-3.3881317890172E-21));
#4521=DIRECTION('',(1.,0.,0.));
#4522=DIRECTION('',(0.,-1.,3.3881317890172E-21));
#4523=DIRECTION('',(2.29005960962591E-12,-3.08648959470439E-11,-1.));
#4524=DIRECTION('',(0.999870428229937,0.0160974144285018,1.79291909179481E-12));
#4525=DIRECTION('',(-1.,0.,-4.45547699611181E-12));
#4526=DIRECTION('',(-0.0332452621590837,-0.999447223491053,-1.30639035001631E-11));
#4527=DIRECTION('',(0.,-1.,0.));
#4528=DIRECTION('',(-1.,3.96812245395041E-9,-1.46368683369552E-12));
#4529=DIRECTION('',(-0.999999999957227,9.24907339861636E-6,-3.13371226540555E-26));
#4530=DIRECTION('',(-1.,-1.27070765439067E-11,0.));
#4531=DIRECTION('',(0.,0.00160700006056146,-0.999998708774569));
#4532=DIRECTION('',(1.,0.,0.));
#4533=DIRECTION('',(0.,-0.999998708774569,-0.00160700006056146));
#4534=DIRECTION('',(-1.,0.,0.));
#4535=DIRECTION('',(0.,-0.999998708774569,-0.00160700006056146));
#4536=DIRECTION('',(1.,0.,0.));
#4537=DIRECTION('',(0.,-0.872340764460839,-0.488898343891528));
#4538=DIRECTION('',(1.,0.,0.));
#4539=DIRECTION('',(0.,-0.488898343891528,0.872340764460839));
#4540=DIRECTION('',(0.,-0.488898343891528,0.872340764460839));
#4541=DIRECTION('',(-1.,0.,0.));
#4542=DIRECTION('',(0.,0.,1.));
#4543=DIRECTION('',(0.,0.576247708403584,-0.817275093563739));
#4544=DIRECTION('',(0.,-0.872340764460839,-0.488898343891528));
#4545=DIRECTION('',(1.,0.,0.));
#4546=DIRECTION('',(0.998721194032316,-0.0247170708294946,0.0441026416473563));
#4547=DIRECTION('',(0.,0.488898343891528,-0.872340764460839));
#4548=DIRECTION('',(1.,0.,0.));
#4549=DIRECTION('',(0.,0.488898343891528,-0.872340764460839));
#4550=DIRECTION('',(0.,0.00160700006056146,-0.999998708774569));
#4551=DIRECTION('',(1.,0.,0.));
#4552=DIRECTION('',(0.,0.999998708774569,0.00160700006056146));
#4553=DIRECTION('',(0.999999978016092,0.000209684767146941,3.36963868600266E-7));
#4554=DIRECTION('',(-0.999999999999984,1.80996474627413E-7,2.908617212557E-10));
#4555=DIRECTION('',(1.,0.,0.));
#4556=DIRECTION('',(0.,0.999998708774569,0.00160700006056146));
#4557=DIRECTION('',(1.,0.,0.));
#4558=DIRECTION('',(0.,0.,-1.));
#4559=DIRECTION('',(0.,-0.576247708403584,0.817275093563739));
#4560=DIRECTION('',(0.,-0.817275093563739,-0.576247708403584));
#4561=DIRECTION('',(1.,0.,0.));
#4562=DIRECTION('',(0.,0.576247708431006,-0.817275093544404));
#4563=DIRECTION('',(0.,0.576247708193319,-0.817275093711993));
#4564=DIRECTION('',(0.,-0.817275093563739,-0.576247708403584));
#4565=DIRECTION('',(-3.81797039578817E-16,0.576247708403584,-0.817275093563739));
#4566=DIRECTION('',(0.,-0.576247708403584,0.817275093563739));
#4567=DIRECTION('',(0.,-0.817275093563739,-0.576247708403584));
#4568=DIRECTION('',(0.,0.576247708403584,-0.817275093563739));
#4569=DIRECTION('',(1.,0.,0.));
#4570=DIRECTION('',(0.,0.576247708403584,-0.817275093563739));
#4571=DIRECTION('',(-0.427528084261282,0.520929119509652,-0.738818373901717));
#4572=DIRECTION('',(0.,-0.576247708403584,0.817275093563739));
#4573=DIRECTION('',(-0.000423605261071137,-0.576121460636522,0.817363984496885));
#4574=DIRECTION('',(0.999999999999901,1.25720346726499E-7,-4.27140261561331E-7));
#4575=DIRECTION('',(0.,-0.576247708403584,0.817275093563739));
#4576=DIRECTION('',(0.,0.576247708403584,-0.817275093563739));
#4577=DIRECTION('',(-0.470912355756427,-0.508354203659429,0.720983742408746));
#4578=DIRECTION('',(0.,-0.576247708403584,0.817275093563739));
#4579=DIRECTION('',(1.,0.,0.));
#4580=DIRECTION('',(0.,-0.817275093563739,-0.576247708403584));
#4581=DIRECTION('',(0.,0.576247708403584,-0.817275093563739));
#4582=DIRECTION('',(0.,0.576247708403584,-0.817275093563739));
#4583=DIRECTION('',(-1.,0.,1.30042306288127E-12));
#4584=DIRECTION('',(0.,-0.576247708403584,0.817275093563739));
#4585=DIRECTION('',(0.,-0.817275093563739,-0.576247708403584));
#4586=DIRECTION('',(0.,0.576247708403584,-0.817275093563739));
#4587=DIRECTION('',(1.,0.,0.));
#4588=DIRECTION('',(0.,0.576247708403584,-0.817275093563739));
#4589=DIRECTION('',(0.,-0.576247708403584,0.817275093563739));
#4590=DIRECTION('',(1.,0.,0.));
#4591=DIRECTION('',(0.,-0.817275093563739,-0.576247708403584));
#4592=DIRECTION('',(0.,0.576247708403584,-0.817275093563739));
#4593=DIRECTION('',(1.,0.,0.));
#4594=DIRECTION('',(0.,0.,-1.));
#4595=DIRECTION('',(0.,-0.998997623295628,-0.0447632511072115));
#4596=DIRECTION('',(0.,0.,1.));
#4597=DIRECTION('',(-1.,0.,0.));
#4598=DIRECTION('',(0.,0.,1.));
#4599=DIRECTION('',(0.,0.,-1.));
#4600=DIRECTION('',(0.,-0.998997640854469,-0.0447628592384965));
#4601=DIRECTION('',(-0.0140720077887499,0.949688252540692,-0.312880490895487));
#4602=DIRECTION('',(0.0422392929669915,0.313196750902784,0.948748458419611));
#4603=DIRECTION('',(-0.971600563672221,-0.0851783135988153,-0.2207645795056));
#4604=DIRECTION('',(-0.236627013678063,0.349616816509787,0.906518470860558));
#4605=DIRECTION('',(7.63075591878435E-7,-0.999999999922978,1.23879601958626E-5));
#4606=DIRECTION('',(0.0565627501624582,1.24112892966996E-5,0.998399046043224));
#4607=DIRECTION('',(0.999977747561592,-0.00154729753802372,-0.00648924124787901));
#4608=DIRECTION('',(-0.00662190238502366,-0.348209812061388,-0.937393235090256));
#4609=DIRECTION('',(0.743173029368525,0.667216518674345,-0.0501594021824078));
#4610=DIRECTION('',(-0.12897006984896,0.216404605740943,0.967747781034533));
#4611=DIRECTION('',(2.1540620910849E-7,0.99999999999769,2.13871532690668E-6));
#4612=DIRECTION('',(0.0700086623308826,-2.14854804162237E-6,0.997546383479999));
#4613=DIRECTION('',(-1.,2.62483055303251E-10,7.1531285072787E-10));
#4614=DIRECTION('',(-7.61949584499844E-10,-0.342467496411958,-0.939529676966793));
#4615=DIRECTION('',(-0.734974915107658,-0.678087334598425,-0.00307259169031992));
#4616=DIRECTION('',(-0.172082791778602,0.182132826956117,0.96809872746464));
#4617=DIRECTION('',(-0.999885868193601,7.09196946316054E-9,0.0151079643476462));
#4618=DIRECTION('',(-0.735518428670592,-0.677504716652175,0.));
#4619=DIRECTION('',(0.,0.,-1.));
#4620=DIRECTION('',(-1.80983217793165E-6,-2.36652973449491E-6,-0.999999999995562));
#4621=DIRECTION('',(2.74016530697717E-8,2.35968224307437E-7,-0.999999999999972));
#4622=DIRECTION('',(-1.,0.,0.));
#4623=DIRECTION('',(0.,0.,1.));
#4624=DIRECTION('',(-2.05821578653652E-16,0.998997632076082,0.0447630551502234));
#4625=DIRECTION('',(0.,0.,-1.));
#4626=DIRECTION('',(0.304852373199287,0.884658656641177,-0.352766341626566));
#4627=DIRECTION('',(0.,0.370397399696222,0.928873385504331));
#4628=DIRECTION('',(-1.,0.,0.));
#4629=DIRECTION('',(0.,0.928873385504331,-0.370397399696222));
#4630=DIRECTION('',(-0.999001892815968,0.000119644904338314,0.0446677046109493));
#4631=DIRECTION('',(-0.0446678648483914,-0.0026758719340055,-0.998998309087297));
#4632=DIRECTION('',(0.0387928528631621,0.357867775731696,0.932966113886022));
#4633=DIRECTION('',(0.,-0.933668910764419,0.358137355035723));
#4634=DIRECTION('',(-0.999015833652768,7.38598008128418E-8,0.0443549784247466));
#4635=DIRECTION('',(-0.0443549784248081,-1.66355870531095E-6,-0.999015833651383));
#4636=DIRECTION('',(0.,-1.,0.));
#4637=DIRECTION('',(0.,0.,1.));
#4638=DIRECTION('',(0.,0.,1.));
#4639=DIRECTION('',(0.,0.,1.));
#4640=DIRECTION('',(-0.000386195371631157,1.35902289894914E-5,-0.999999925334218));
#4641=DIRECTION('',(-0.999999925426565,-5.24848392654663E-9,0.000386195371595493));
#4642=DIRECTION('',(-0.999999925426565,0.,0.000386195371666821));
#4643=DIRECTION('',(-6.7669350194945E-6,-0.999999999884793,-1.35876166434711E-5));
#4644=DIRECTION('',(-0.769050853191195,0.639187524721148,0.000305690607704255));
#4645=DIRECTION('',(-0.768957232092384,0.639300149997824,0.000305655982269939));
#4646=DIRECTION('',(-0.999346279877692,-0.0138444077842652,-0.0333967852902287));
#4647=DIRECTION('',(0.0361359035447177,-0.354415973818636,-0.934389380278476));
#4648=DIRECTION('',(-0.710223122378453,-0.218533904747981,-0.669198064039789));
#4649=DIRECTION('',(-0.703385919528653,0.259222421790045,0.661854957109287));
#4650=DIRECTION('',(-0.993280483871259,-0.11573193319252,-1.8063635772892E-11));
#4651=DIRECTION('',(-1.,0.,0.));
#4652=DIRECTION('',(0.,0.,1.));
#4653=DIRECTION('',(0.,0.,1.));
#4654=DIRECTION('',(0.,1.,0.));
#4655=DIRECTION('',(0.,0.,1.));
#4656=DIRECTION('',(0.,1.,0.));
#4657=DIRECTION('',(0.,0.,-1.));
#4658=DIRECTION('',(-1.,0.,0.));
#4659=DIRECTION('',(0.763276033837669,-0.646072516184551,0.));
#4660=DIRECTION('',(1.,0.,0.));
#4661=DIRECTION('',(-0.646072516184551,-0.763276033837669,0.));
#4662=DIRECTION('',(-0.763276033837669,0.646072516184551,0.));
#4663=DIRECTION('',(-0.980192518721049,0.0432186125425654,-0.193273841409495));
#4664=DIRECTION('',(-0.0721047340059145,-0.986797975003027,0.1450195292499));
#4665=DIRECTION('',(0.763276033837669,-0.646072516184551,0.));
#4666=DIRECTION('',(0.,0.,1.));
#4667=DIRECTION('',(1.,0.,0.));
#4668=DIRECTION('',(1.,0.,0.));
#4669=DIRECTION('',(0.,1.,0.));
#4670=DIRECTION('',(1.,0.,0.));
#4671=DIRECTION('',(0.1708482427679,0.,-0.985297355087854));
#4672=DIRECTION('',(-0.998445193355506,0.0374862948329215,0.04125498230499));
#4673=DIRECTION('',(0.737771208439736,0.674914664147091,-0.0135587653048625));
#4674=DIRECTION('',(-0.156762510788942,0.190829533701247,0.969025079282529));
#4675=DIRECTION('',(-0.99999983691444,-0.000140213141907951,-0.000553634687785928));
#4676=DIRECTION('',(0.00056756837995257,-0.351833828066943,-0.936062303104817));
#4677=DIRECTION('',(1.,5.46336357653384E-12,1.45592976947633E-11));
#4678=DIRECTION('',(-1.55506108376634E-11,0.351620596375809,0.936142593948337));
#4679=DIRECTION('',(-1.,-5.86922373093182E-12,-1.53440451531374E-11));
#4680=DIRECTION('',(1.6428256037969E-11,-0.357106003451555,-0.934063864143591));
#4681=DIRECTION('',(-0.707106781186548,0.707106781186548,0.));
#4682=DIRECTION('',(0.,0.,-1.));
#4683=DIRECTION('',(0.,0.,1.));
#4684=DIRECTION('',(0.707106781186528,-0.707106781186567,-2.31549665350014E-12));
#4685=DIRECTION('',(0.210161582976059,0.210161582972922,0.954811090259907));
#4686=DIRECTION('',(0.,0.,-1.));
#4687=DIRECTION('',(4.34314946427998E-11,0.0275191221874638,0.999621277241552));
#4688=DIRECTION('',(0.993948303258082,-0.0452661528945442,-0.100088689933018));
#4689=DIRECTION('',(0.0450283345965229,0.9989749573272,-0.00463505302900035));
#4690=DIRECTION('',(0.,0.,1.));
#4691=DIRECTION('',(1.,0.,0.));
#4692=DIRECTION('',(0.,0.,1.));
#4693=DIRECTION('',(1.,0.,0.));
#4694=DIRECTION('',(-1.,0.,0.));
#4695=DIRECTION('',(0.,1.,0.));
#4696=DIRECTION('',(0.,0.,1.));
#4697=DIRECTION('',(1.,0.,0.));
#4698=DIRECTION('',(0.,1.,0.));
#4699=DIRECTION('',(-1.,0.,0.));
#4700=DIRECTION('',(0.,0.,1.));
#4701=DIRECTION('',(0.,0.,1.));
#4702=DIRECTION('',(0.,1.,0.));
#4703=DIRECTION('',(0.,-0.707106781186246,-0.707106781186849));
#4704=DIRECTION('',(0.,0.,-1.));
#4705=DIRECTION('',(-1.,0.,0.));
#4706=DIRECTION('',(0.,0.,-1.));
#4707=DIRECTION('',(-1.,0.,0.));
#4708=DIRECTION('',(1.,0.,0.));
#4709=DIRECTION('',(0.,0.,-1.));
#4710=DIRECTION('',(0.,0.,1.));
#4711=DIRECTION('',(-1.3539044428356E-7,1.1756049929855E-6,0.9999999999993));
#4712=DIRECTION('',(0.,-0.707106781186548,0.707106781186548));
#4713=DIRECTION('',(1.,0.,0.));
#4714=DIRECTION('',(-0.612985466451005,-0.558680954534806,-0.558680954534806));
#4715=DIRECTION('',(0.673610606757532,-0.739086429630358,0.));
#4716=DIRECTION('',(-0.717950649111728,-0.654347249498261,0.237437449687513));
#4717=DIRECTION('',(0.854870139418491,-0.496162892950924,-0.151721548862314));
#4718=DIRECTION('',(-0.510895706191236,-0.855965161829169,-0.0794305931623537));
#4719=DIRECTION('',(-0.591792173809478,0.788137749909544,0.169177156216122));
#4720=DIRECTION('',(-0.799664385622212,-0.600447225297486,0.));
#4721=DIRECTION('',(-0.591792173809478,0.788137749909544,0.169177156216122));
#4722=DIRECTION('',(-0.0590473372769194,0.166925606458527,-0.984199803835054));
#4723=DIRECTION('',(0.591803767567825,-0.788132398826038,-0.169161528171281));
#4724=DIRECTION('',(0.799656779868895,0.600457354363913,0.));
#4725=DIRECTION('',(0.799656716599227,0.600457438622728,-6.13912209282575E-7));
#4726=DIRECTION('',(0.,0.,1.));
#4727=DIRECTION('',(1.,0.,0.));
#4728=DIRECTION('',(0.,0.,1.));
#4729=DIRECTION('',(1.,0.,0.));
#4730=DIRECTION('',(0.,0.,1.));
#4731=DIRECTION('',(1.,0.,0.));
#4732=DIRECTION('',(0.,0.,-1.));
#4733=DIRECTION('',(1.,0.,0.));
#4734=DIRECTION('',(0.,0.,1.));
#4735=DIRECTION('',(1.,0.,0.));
#4736=DIRECTION('',(0.673610606755826,-0.739086429631913,0.));
#4737=DIRECTION('',(-0.718014396580404,-0.654405349562192,0.23708429886364));
#4738=DIRECTION('',(0.,0.,-1.));
#4739=DIRECTION('',(0.,0.,-1.));
#4740=DIRECTION('',(-0.718064103377685,-0.654447471899845,0.236817334594203));
#4741=DIRECTION('',(0.,0.,-1.));
#4742=DIRECTION('',(-1.,0.,0.));
#4743=DIRECTION('',(0.,0.,-1.));
#4744=DIRECTION('',(-1.,0.,0.));
#4745=DIRECTION('',(0.,0.,1.));
#4746=DIRECTION('',(-1.,0.,0.));
#4747=DIRECTION('',(0.,0.,-1.));
#4748=DIRECTION('',(-1.,0.,0.));
#4749=DIRECTION('',(-1.,0.,0.));
#4750=DIRECTION('',(0.,0.,1.));
#4751=DIRECTION('',(0.,-1.,0.));
#4752=DIRECTION('',(0.,0.,1.));
#4753=DIRECTION('',(0.,1.,0.));
#4754=DIRECTION('',(0.,0.,1.));
#4755=DIRECTION('',(0.,0.999999600390515,-0.000893990385908799));
#4756=DIRECTION('',(0.,0.,1.));
#4757=DIRECTION('',(0.,-1.,0.));
#4758=DIRECTION('',(1.,0.,0.));
#4759=DIRECTION('',(-1.,0.,0.));
#4760=DIRECTION('',(0.,0.,1.));
#4761=DIRECTION('',(-5.88960662643033E-12,1.,7.29095818443688E-9));
#4762=DIRECTION('',(0.000931957840411985,7.29096022885198E-9,-0.999999565727198));
#4763=DIRECTION('',(0.,0.,1.));
#4764=DIRECTION('',(1.,0.,0.));
#4765=DIRECTION('',(0.,0.,-1.));
#4766=DIRECTION('',(0.,-1.,0.));
#4767=DIRECTION('',(0.,0.,-1.));
#4768=DIRECTION('',(0.,1.,0.));
#4769=DIRECTION('',(0.,-0.999999508943217,0.000991016308918559));
#4770=DIRECTION('',(0.,0.,-1.));
#4771=DIRECTION('',(-1.,0.,0.));
#4772=DIRECTION('',(0.,0.,1.));
#4773=DIRECTION('',(-1.,0.,0.));
#4774=DIRECTION('',(-0.6299529267198,-0.757858893235617,-0.169732754826061));
#4775=DIRECTION('',(0.769017235056209,-0.639228043961232,0.));
#4776=DIRECTION('',(0.,-1.,0.));
#4777=DIRECTION('',(0.,0.,-1.));
#4778=DIRECTION('',(0.,0.,-1.));
#4779=DIRECTION('',(-1.,0.,0.));
#4780=DIRECTION('',(-3.97934831126989E-24,0.452907222129208,-0.891557652730997));
#4781=DIRECTION('',(0.,0.,1.));
#4782=DIRECTION('',(-9.65701706323839E-9,-0.937410928676411,0.348225143833741));
#4783=DIRECTION('',(-9.66253799686076E-9,-0.937946848151359,0.346779050755566));
#4784=DIRECTION('',(-0.0607728265846703,0.169223205460227,-0.983702277258051));
#4785=DIRECTION('',(-0.00332008359993135,-0.985552715485232,-0.169336416770213));
#4786=DIRECTION('',(-0.630068094031312,-0.757771681159574,-0.169694655532645));
#4787=DIRECTION('',(0.768923619607058,-0.63934065036597,0.));
#4788=DIRECTION('',(0.,0.,1.));
#4789=DIRECTION('',(1.,0.,0.));
#4790=DIRECTION('',(0.,0.,-1.));
#4791=DIRECTION('',(0.,0.,1.));
#4792=DIRECTION('',(0.,0.,1.));
#4793=DIRECTION('',(1.,0.,0.));
#4794=DIRECTION('',(0.,0.,1.));
#4795=DIRECTION('',(1.,0.,0.));
#4796=DIRECTION('',(0.,1.,0.));
#4797=DIRECTION('',(-1.,0.,0.));
#4798=DIRECTION('',(-1.,0.,0.));
#4799=DIRECTION('',(0.,1.,0.));
#4800=DIRECTION('',(0.,0.,1.));
#4801=DIRECTION('',(1.,0.,0.));
#4802=DIRECTION('',(0.,0.,1.));
#4803=DIRECTION('',(1.,0.,0.));
#4804=DIRECTION('',(0.,0.,1.));
#4805=DIRECTION('',(1.,0.,0.));
#4806=DIRECTION('',(0.,0.,-1.));
#4807=DIRECTION('',(1.,0.,0.));
#4808=DIRECTION('',(0.,0.,1.));
#4809=DIRECTION('',(1.,0.,0.));
#4810=DIRECTION('',(0.713162426885731,-0.700998825161964,0.));
#4811=DIRECTION('',(-0.700998825161964,-0.713162426885731,0.));
#4812=DIRECTION('',(-0.676035975782062,-0.687751024352038,0.264525779369646));
#4813=DIRECTION('',(-0.676331385890798,-0.688066964969338,0.262944306226464));
#4814=DIRECTION('',(1.,0.,0.));
#4815=DIRECTION('',(0.,0.,-1.));
#4816=DIRECTION('',(0.,0.707106781186246,0.707106781186849));
#4817=DIRECTION('',(0.,-0.707106781186548,0.707106781186548));
#4818=DIRECTION('',(1.,0.,0.));
#4819=DIRECTION('',(-0.545773927614172,0.592507729880633,0.592507729880633));
#4820=DIRECTION('',(-0.735518428669623,-0.677504716653226,0.));
#4821=DIRECTION('',(0.,0.,-1.));
#4822=DIRECTION('',(0.,0.,-1.));
#4823=DIRECTION('',(0.,-1.,0.));
#4824=DIRECTION('',(1.,0.,0.));
#4825=DIRECTION('',(0.,0.,1.));
#4826=DIRECTION('',(-1.,0.,0.));
#4827=DIRECTION('',(0.,0.,1.));
#4828=DIRECTION('',(0.,0.,-1.));
#4829=DIRECTION('',(-1.,0.,0.));
#4830=DIRECTION('',(0.,0.,1.));
#4831=DIRECTION('',(-1.,0.,0.));
#4832=DIRECTION('',(0.,0.,-1.));
#4833=DIRECTION('',(-1.,0.,0.));
#4834=DIRECTION('',(0.,0.,-1.));
#4835=DIRECTION('',(-1.,0.,0.));
#4836=DIRECTION('',(0.,0.,-1.));
#4837=DIRECTION('',(-1.,0.,0.));
#4838=DIRECTION('',(0.,0.,-1.));
#4839=DIRECTION('',(-1.,0.,0.));
#4840=DIRECTION('',(1.,0.,0.));
#4841=DIRECTION('',(0.,0.,-1.));
#4842=DIRECTION('',(-1.,0.,0.));
#4843=DIRECTION('',(0.,0.,-1.));
#4844=DIRECTION('',(-1.,0.,0.));
#4845=DIRECTION('',(1.,0.,0.));
#4846=DIRECTION('',(0.,0.,1.));
#4847=DIRECTION('',(0.,0.,1.));
#4848=DIRECTION('',(1.,0.,0.));
#4849=DIRECTION('',(0.,0.,-1.));
#4850=DIRECTION('',(0.,-0.999998125881471,0.00193603552266733));
#4851=DIRECTION('',(0.,-1.,0.));
#4852=DIRECTION('',(0.,0.,1.));
#4853=DIRECTION('',(0.,0.,1.));
#4854=DIRECTION('',(0.,-1.,0.));
#4855=DIRECTION('',(1.,0.,0.));
#4856=DIRECTION('',(0.,0.,1.));
#4857=DIRECTION('',(-1.,0.,0.));
#4858=DIRECTION('',(-0.999998214299907,0.,-0.00188981401150913));
#4859=DIRECTION('',(0.,0.,-1.));
#4860=DIRECTION('',(-1.,0.,0.));
#4861=DIRECTION('',(0.,0.,1.));
#4862=DIRECTION('',(-1.,0.,0.));
#4863=DIRECTION('',(1.,0.,0.));
#4864=DIRECTION('',(-1.00201051208641E-7,0.,1.));
#4865=DIRECTION('',(-1.00226436061415E-7,0.,1.));
#4866=DIRECTION('',(-1.,0.,0.));
#4867=DIRECTION('',(0.,0.,1.));
#4868=DIRECTION('',(-1.2306610530989E-7,0.,1.));
#4869=DIRECTION('',(0.,-1.,0.));
#4870=DIRECTION('',(0.,0.999998944931364,0.00145263077139068));
#4871=DIRECTION('',(-1.51600631145955E-7,0.,0.999999999999989));
#4872=DIRECTION('',(0.,-1.,0.));
#4873=DIRECTION('',(1.,0.,0.));
#4874=DIRECTION('',(-0.999987165337252,0.,0.00506647419482222));
#4875=DIRECTION('',(1.,0.,0.));
#4876=DIRECTION('',(0.,0.,-1.));
#4877=DIRECTION('',(0.,0.,-1.));
#4878=DIRECTION('',(-1.,0.,0.));
#4879=DIRECTION('',(-1.,0.,0.));
#4880=DIRECTION('',(0.,0.,1.));
#4881=DIRECTION('',(-1.,0.,0.));
#4882=DIRECTION('',(0.,0.,1.));
#4883=DIRECTION('',(0.,0.,1.));
#4884=DIRECTION('',(0.,-1.,0.));
#4885=DIRECTION('',(1.,0.,0.));
#4886=DIRECTION('',(-1.,0.,0.));
#4887=DIRECTION('',(0.,0.,1.));
#4888=DIRECTION('',(-0.999999996052921,0.,-8.88490706320432E-5));
#4889=DIRECTION('',(0.,0.,1.));
#4890=DIRECTION('',(0.,0.,-1.));
#4891=DIRECTION('',(-1.,0.,0.));
#4892=DIRECTION('',(0.,0.,-1.));
#4893=DIRECTION('',(-1.,0.,0.));
#4894=DIRECTION('',(1.,0.,0.));
#4895=DIRECTION('',(0.,1.,0.));
#4896=DIRECTION('',(-1.,0.,0.));
#4897=DIRECTION('',(0.,0.,1.));
#4898=DIRECTION('',(0.,0.,1.));
#4899=DIRECTION('',(0.,1.,0.));
#4900=DIRECTION('',(0.,0.999999968426816,0.000251289410947576));
#4901=DIRECTION('',(0.,-1.,0.));
#4902=DIRECTION('',(1.,0.,0.));
#4903=DIRECTION('',(0.,0.,-1.));
#4904=DIRECTION('',(0.,-0.999999966380265,-0.000259305744506038));
#4905=DIRECTION('',(0.,-1.,0.));
#4906=DIRECTION('',(0.,0.,-1.));
#4907=DIRECTION('',(0.,0.,-1.));
#4908=DIRECTION('',(-1.,0.,0.));
#4909=DIRECTION('',(0.,0.,1.));
#4910=DIRECTION('',(-1.,0.,0.));
#4911=DIRECTION('',(0.,0.,-1.));
#4912=DIRECTION('',(-1.,0.,0.));
#4913=DIRECTION('',(0.,0.,-1.));
#4914=DIRECTION('',(-1.,0.,0.));
#4915=DIRECTION('',(1.,0.,0.));
#4916=DIRECTION('',(0.,0.,-1.));
#4917=DIRECTION('',(-1.,0.,0.));
#4918=DIRECTION('',(0.,0.,1.));
#4919=DIRECTION('',(-1.,0.,0.));
#4920=DIRECTION('',(1.,0.,0.));
#4921=DIRECTION('',(0.,-1.,0.));
#4922=DIRECTION('',(-1.,0.,0.));
#4923=DIRECTION('',(0.,0.,1.));
#4924=DIRECTION('',(0.,0.,1.));
#4925=DIRECTION('',(1.,0.,0.));
#4926=DIRECTION('',(0.,0.,-1.));
#4927=DIRECTION('',(0.,0.,1.));
#4928=DIRECTION('',(0.,0.999999989866632,-0.000142361284132005));
#4929=DIRECTION('',(0.,0.,1.));
#4930=DIRECTION('',(0.,-1.,0.));
#4931=DIRECTION('',(1.,0.,0.));
#4932=DIRECTION('',(-0.999999999286857,0.,3.77661998609727E-5));
#4933=DIRECTION('',(0.,0.,1.));
#4934=DIRECTION('',(0.,0.,-1.));
#4935=DIRECTION('',(-1.,0.,0.));
#4936=DIRECTION('',(1.,0.,0.));
#4937=DIRECTION('',(0.,-1.,0.));
#4938=DIRECTION('',(-1.,0.,0.));
#4939=DIRECTION('',(0.,0.,1.));
#4940=DIRECTION('',(-1.,0.,0.));
#4941=DIRECTION('',(-1.01915099748163E-6,0.,0.999999999999481));
#4942=DIRECTION('',(-1.,0.,0.));
#4943=DIRECTION('',(0.,0.,1.));
#4944=DIRECTION('',(0.,-0.999999954583503,0.000301385122289676));
#4945=DIRECTION('',(-6.73918839526227E-7,0.,0.999999999999773));
#4946=DIRECTION('',(0.,-1.,0.));
#4947=DIRECTION('',(1.,0.,0.));
#4948=DIRECTION('',(0.,0.,-1.));
#4949=DIRECTION('',(1.,0.,0.));
#4950=DIRECTION('',(0.0396737463005445,0.35801862055241,0.932871192176192));
#4951=DIRECTION('',(0.,-0.933606232503324,0.358300715364831));
#4952=DIRECTION('',(-0.0510030975438939,-0.360067091405702,-0.931531198472475));
#4953=DIRECTION('',(0.,0.932745170917468,-0.360536331220785));
#4954=DIRECTION('',(0.,-0.932745170917468,0.360536331220785));
#4955=DIRECTION('',(-1.,0.,0.));
#4956=DIRECTION('',(0.,0.,1.));
#4957=DIRECTION('',(0.,0.,-1.));
#4958=DIRECTION('',(-1.,0.,0.));
#4959=DIRECTION('',(0.,0.,1.));
#4960=DIRECTION('',(0.,0.,1.));
#4961=DIRECTION('',(0.,0.,-1.));
#4962=DIRECTION('',(0.,1.,0.));
#4963=DIRECTION('',(1.,0.,0.));
#4964=DIRECTION('',(0.,1.,0.));
#4965=DIRECTION('',(1.,0.,0.));
#4966=DIRECTION('',(0.,0.,-1.));
#4967=DIRECTION('',(-1.,0.,0.));
#4968=DIRECTION('',(0.,0.,-1.));
#4969=DIRECTION('',(0.,0.,1.));
#4970=DIRECTION('',(0.,1.,0.));
#4971=DIRECTION('',(1.,0.,0.));
#4972=DIRECTION('',(0.,1.,0.));
#4973=DIRECTION('',(1.,0.,0.));
#4974=DIRECTION('',(1.,0.,0.));
#4975=DIRECTION('',(0.,-0.353592024708556,-0.935399743458648));
#4976=DIRECTION('',(1.,0.,0.));
#4977=DIRECTION('',(0.,0.,-1.));
#4978=DIRECTION('',(1.,0.,0.));
#4979=DIRECTION('',(0.,-0.351451256142126,-0.936206181648103));
#4980=DIRECTION('',(1.,0.,0.));
#4981=DIRECTION('',(0.,0.,-1.));
#4982=DIRECTION('',(1.,0.,0.));
#4983=DIRECTION('',(0.,0.,-1.));
#4984=DIRECTION('',(0.,0.,-1.));
#4985=DIRECTION('',(0.,-1.,0.));
#4986=DIRECTION('',(0.,0.,1.));
#4987=DIRECTION('',(1.,0.,0.));
#4988=DIRECTION('',(0.,0.,-1.));
#4989=DIRECTION('',(-2.05821578653652E-16,0.998997632076082,0.0447630551502234));
#4990=DIRECTION('',(-2.05821578653652E-16,0.998997632076082,0.0447630551502234));
#4991=DIRECTION('',(-1.9526275361136E-9,-0.0447630551502373,0.998997632076081));
#4992=DIRECTION('',(-1.,0.,0.));
#4993=DIRECTION('',(0.,0.,1.));
#4994=DIRECTION('',(0.,0.576116952735721,-0.817367271653635));
#4995=DIRECTION('',(0.,0.930380136731328,-0.366596237263552));
#4996=DIRECTION('',(0.031995583904043,-0.366408543743491,-0.929903791627077));
#4997=DIRECTION('',(0.,0.930380136731328,-0.366596237263552));
#4998=DIRECTION('',(-1.48107584643224E-7,-0.817364057797364,-0.576121512374782));
#4999=DIRECTION('',(0.,0.576121512374788,-0.817364057797373));
#5000=DIRECTION('',(0.00017158359787367,-0.817367259621608,-0.576116944255011));
#5001=DIRECTION('',(0.,0.576116952735721,-0.817367271653635));
#5002=DIRECTION('',(1.,0.,0.));
#5003=DIRECTION('',(0.,0.,-1.));
#5004=DIRECTION('',(0.0154979031020392,-0.999876626346465,-0.00255872731096323));
#5005=DIRECTION('',(-0.984392353644925,-0.0157064628315369,0.175285484597915));
#5006=DIRECTION('',(0.,-1.,0.));
#5007=DIRECTION('',(1.,0.,0.));
#5008=DIRECTION('',(-1.,0.,0.));
#5009=DIRECTION('',(0.,0.,1.));
#5010=DIRECTION('',(-1.,-1.68757221011832E-8,7.70410708503289E-10));
#5011=DIRECTION('',(-0.999999999999729,-1.66377393935707E-7,-7.16611697660398E-7));
#5012=DIRECTION('',(-0.999999999866481,4.27481680542415E-8,-1.63412154297359E-5));
#5013=DIRECTION('',(-0.99999999931209,3.04179570261831E-7,-3.70907954838087E-5));
#5014=DIRECTION('',(-0.999999998324647,3.39310187735268E-7,-5.78842960052445E-5));
#5015=DIRECTION('',(-0.999999997416631,9.36171507357855E-8,-7.18799574016737E-5));
#5016=DIRECTION('',(0.178104108532582,-2.77047546857513E-10,-0.98401164958745));
#5017=DIRECTION('',(0.,0.,1.));
#5018=DIRECTION('',(1.,0.,0.));
#5019=DIRECTION('',(1.,0.,0.));
#5020=DIRECTION('',(1.47378344984302E-8,-2.1859533886615E-7,0.999999999999976));
#5021=DIRECTION('',(0.99860819353186,0.0527415946955967,-3.18825553166893E-9));
#5022=DIRECTION('',(0.,1.,0.));
#5023=DIRECTION('',(-1.,0.,0.));
#5024=DIRECTION('',(0.,1.,0.));
#5025=DIRECTION('',(0.,0.,1.));
#5026=DIRECTION('',(1.,0.,0.));
#5027=DIRECTION('',(0.100768701529847,0.0278821521496839,0.994519107098245));
#5028=DIRECTION('',(1.,0.,0.));
#5029=DIRECTION('',(0.,0.,-1.));
#5030=DIRECTION('',(0.,0.,-1.));
#5031=DIRECTION('',(0.,1.,0.));
#5032=DIRECTION('',(0.,0.,1.));
#5033=DIRECTION('',(1.1261627060708E-9,3.65632489942349E-11,1.));
#5034=DIRECTION('',(0.999996570472712,0.00261897743692532,-1.126254603756E-9));
#5035=DIRECTION('',(9.50659182452513E-11,-1.18231372360273E-10,1.));
#5036=DIRECTION('',(0.999998730232703,-0.00159359122169798,-9.52542164927083E-11));
#5037=DIRECTION('',(-1.47018028324912E-6,0.999999999998905,-1.70904070267541E-7));
#5038=DIRECTION('',(0.98989707054842,1.47955927334736E-6,0.141787833460661));
#5039=DIRECTION('',(-0.0595619228882906,-0.895300481025589,0.441462825181462));
#5040=DIRECTION('',(0.,-0.442247986653312,-0.896892813161691));
#5041=DIRECTION('',(-1.,0.,0.));
#5042=DIRECTION('',(1.,0.,0.));
#5043=DIRECTION('',(-0.0298206600594795,-0.89649393373175,0.442051303601506));
#5044=DIRECTION('',(0.14392618388173,0.0293108196611613,-0.989154249570831));
#5045=DIRECTION('',(1.14351197378659E-8,-1.,1.23186992797483E-9));
#5046=DIRECTION('',(0.994264326090543,1.15012808005551E-8,0.106950688935221));
#5047=DIRECTION('',(9.95127067558199E-9,1.,1.27269772019603E-9));
#5048=DIRECTION('',(0.991905918192577,-1.00323251727822E-8,0.126974995390989));
#5049=DIRECTION('',(-0.0583513191122126,2.18386172914747E-8,0.998296110158637));
#5050=DIRECTION('',(0.162487394699016,0.0241229781991579,-0.986415697607621));
#5051=DIRECTION('',(1.,0.,0.));
#5052=DIRECTION('',(0.,0.,-1.));
#5053=DIRECTION('',(0.,-1.,0.));
#5054=DIRECTION('',(0.,0.,1.));
#5055=DIRECTION('',(0.,-0.999999593847651,-0.000901279387237813));
#5056=DIRECTION('',(-0.164017083731807,-0.0400404560221242,0.985644539438866));
#5057=DIRECTION('',(0.,-1.,0.));
#5058=DIRECTION('',(1.,0.,0.));
#5059=DIRECTION('',(-0.17809620806355,0.,0.984013079523532));
#5060=DIRECTION('',(0.16840872161846,0.0398962588508237,-0.984909534430723));
#5061=DIRECTION('',(-0.151822500627507,-0.0320050267218462,0.987889470825428));
#5062=DIRECTION('',(-0.98401307948298,9.07865556896357E-6,-0.17809620805621));
#5063=DIRECTION('',(-0.17809620806355,0.,0.984013079523532));
#5064=DIRECTION('',(-7.63316735788863E-6,0.999999995632338,9.31507314412894E-5));
#5065=DIRECTION('',(0.1780962080512,-1.36386501290114E-6,-0.984013079524822));
#5066=DIRECTION('',(1.,0.,0.));
#5067=DIRECTION('',(0.,0.,-1.));
#5068=DIRECTION('',(0.,1.,0.));
#5069=DIRECTION('',(0.,0.,1.));
#5070=DIRECTION('',(0.,1.,0.));
#5071=DIRECTION('',(0.,0.,1.));
#5072=DIRECTION('',(0.,0.,1.));
#5073=DIRECTION('',(1.,0.,0.));
#5074=DIRECTION('',(-0.763276033836794,-0.646072516185585,0.));
#5075=DIRECTION('',(-1.,0.,0.));
#5076=DIRECTION('',(0.646072516185585,-0.763276033836794,0.));
#5077=DIRECTION('',(-0.763276033836794,-0.646072516185585,0.));
#5078=DIRECTION('',(-0.646072513987857,0.763276035697054,-5.02583349937247E-10));
#5079=DIRECTION('',(0.75041326360267,0.635184862329621,-0.18281171865198));
#5080=DIRECTION('',(-0.763276033836794,-0.646072516185585,0.));
#5081=DIRECTION('',(0.,0.,-1.));
#5082=DIRECTION('',(-1.,0.,0.));
#5083=DIRECTION('',(-1.,0.,0.));
#5084=DIRECTION('',(0.,1.,0.));
#5085=DIRECTION('',(1.,0.,0.));
#5086=DIRECTION('',(1.7100991696046E-9,1.,-2.00912711489341E-10));
#5087=DIRECTION('',(-0.993181694101348,1.72186087093345E-9,0.11657668078126));
#5088=DIRECTION('',(0.371309032307779,0.926135797484707,-0.0663482263819222));
#5089=DIRECTION('',(-0.912596999302767,0.377185158085037,0.157791233545943));
#5090=DIRECTION('',(1.02992508102187E-12,-1.,-1.80062389444439E-13));
#5091=DIRECTION('',(-0.985038518657957,-1.04554680774274E-12,0.172334316838343));
#5092=DIRECTION('',(7.18799658519991E-5,9.31512798751675E-5,-0.999999993078055));
#5093=DIRECTION('',(0.,0.99999999566142,9.31512801158112E-5));
#5094=DIRECTION('',(0.166731382437074,0.0303897684925817,-0.985533920309996));
#5095=DIRECTION('',(-1.,0.,0.));
#5096=DIRECTION('',(-3.97934831126989E-24,0.452907222129208,-0.891557652730997));
#5097=DIRECTION('',(2.69384220831634E-10,0.100651698260378,0.994921723371895));
#5098=DIRECTION('',(0.,0.,1.));
#5099=DIRECTION('',(1.,0.,0.));
#5100=DIRECTION('',(2.91951753513274E-24,-0.43323455938419,0.901281208366838));
#5101=DIRECTION('',(0.,0.,-1.));
#5102=DIRECTION('',(0.,1.,0.));
#5103=DIRECTION('',(1.,0.,0.));
#5104=DIRECTION('',(-0.0363133623964092,4.81455294667634E-8,0.999340452354184));
#5105=DIRECTION('',(9.24907339861597E-6,0.999999999957186,2.87963690912636E-7));
#5106=DIRECTION('',(-0.999999999957227,9.24907339861636E-6,0.));
#5107=DIRECTION('',(1.,0.,0.));
#5108=DIRECTION('',(0.,0.,-1.));
#5109=DIRECTION('',(0.,-3.27822500299266E-9,-1.));
#5110=DIRECTION('',(0.,1.,0.));
#5111=DIRECTION('',(0.,0.896892813540088,0.442247985885911));
#5112=DIRECTION('',(0.,0.,-1.));
#5113=DIRECTION('',(-1.,0.,0.));
#5114=DIRECTION('',(-1.,1.12901179697493E-9,3.49951716902799E-13));
#5115=DIRECTION('',(7.10883671358356E-7,0.999999999999746,4.78880538387227E-8));
#5116=DIRECTION('',(0.996755145029734,-7.12431627074686E-7,0.0804933590816442));
#5117=DIRECTION('',(0.999447223491103,-0.0332452621575735,1.12051674033462E-10));
#5118=DIRECTION('',(0.,-3.37045542015485E-9,-1.));
#5119=DIRECTION('',(1.74598761282307E-9,0.44224798674585,-0.896892813116062));
#5120=DIRECTION('',(0.0595619229331486,-0.895300481023632,-0.44146282517938));
#5121=DIRECTION('',(-0.0586765074874742,-0.895347511109829,-0.441486015428017));
#5122=DIRECTION('',(0.,1.,0.));
#5123=DIRECTION('',(1.,0.,0.));
#5124=DIRECTION('',(1.,0.,0.));
#5125=DIRECTION('',(0.,0.,1.));
#5126=DIRECTION('',(-1.,-1.78321693129456E-13,-1.06311999050871E-22));
#5127=DIRECTION('',(0.,0.,1.));
#5128=DIRECTION('',(0.,0.,-1.));
#5129=DIRECTION('',(0.,0.,-1.));
#5130=DIRECTION('',(-1.,0.,0.));
#5131=DIRECTION('',(1.,0.,0.));
#5132=DIRECTION('',(-7.27083450359052E-23,5.50494421589634E-7,-0.999999999999849));
#5133=DIRECTION('',(0.,0.,1.));
#5134=DIRECTION('',(0.,1.,0.));
#5135=DIRECTION('',(0.,0.,-1.));
#5136=DIRECTION('',(-1.,-1.78321638273595E-13,-8.04655450005559E-23));
#5137=DIRECTION('',(0.,0.,-1.));
#5138=DIRECTION('',(-1.,0.,0.));
#5139=DIRECTION('',(1.,0.,0.));
#5140=DIRECTION('',(0.,0.,1.));
#5141=DIRECTION('',(1.,0.,0.));
#5142=DIRECTION('',(0.,0.,1.));
#5143=DIRECTION('',(1.,0.,0.));
#5144=DIRECTION('',(0.,0.,1.));
#5145=DIRECTION('',(1.,0.,0.));
#5146=DIRECTION('',(0.,0.,1.));
#5147=DIRECTION('',(1.,0.,0.));
#5148=DIRECTION('',(0.,0.,1.));
#5149=DIRECTION('',(1.,0.,0.));
#5150=DIRECTION('',(0.,0.,1.));
#5151=DIRECTION('',(1.,0.,0.));
#5152=DIRECTION('',(0.,0.,-1.));
#5153=DIRECTION('',(1.,0.,0.));
#5154=DIRECTION('',(0.,0.,-1.));
#5155=DIRECTION('',(-1.,0.,0.));
#5156=DIRECTION('',(0.,1.,0.));
#5157=DIRECTION('',(-1.,-1.31195978320721E-23,0.));
#5158=DIRECTION('',(-0.00311816263397549,4.47639508577886E-10,0.999995138519077));
#5159=DIRECTION('',(-1.,0.,0.));
#5160=DIRECTION('',(-1.,0.,0.));
#5161=DIRECTION('',(0.,0.,1.));
#5162=DIRECTION('',(-1.,0.,0.));
#5163=DIRECTION('',(1.85225720326214E-23,-5.49790502747514E-7,0.999999999999849));
#5164=DIRECTION('',(0.,1.,0.));
#5165=DIRECTION('',(0.,-0.707106781186548,-0.707106781186548));
#5166=DIRECTION('',(1.,0.,0.));
#5167=DIRECTION('',(1.,0.,0.));
#5168=DIRECTION('',(-0.361723499394287,-0.659225344622821,0.659225344622667));
#5169=DIRECTION('',(0.,0.707106781186768,-0.707106781186327));
#5170=DIRECTION('',(0.,0.707106781186768,-0.707106781186327));
#5171=DIRECTION('',(-0.361723499393797,0.659225344622955,-0.659225344622801));
#5172=DIRECTION('',(0.,0.,-1.));
#5173=DIRECTION('',(-1.,0.,0.));
#5174=DIRECTION('',(0.,1.,0.));
#5175=DIRECTION('',(0.,-1.,0.));
#5176=DIRECTION('',(-1.,0.,0.));
#5177=DIRECTION('',(1.,0.,0.));
#5178=DIRECTION('',(0.,0.,1.));
#5179=DIRECTION('',(0.,0.,-1.));
#5180=DIRECTION('',(0.876693054306215,-0.481050193359529,0.));
#5181=DIRECTION('',(-0.481050193359529,-0.876693054306215,0.));
#5182=DIRECTION('',(0.,0.,1.));
#5183=DIRECTION('',(1.,0.,0.));
#5184=DIRECTION('',(0.,0.,-1.));
#5185=DIRECTION('',(0.,0.,1.));
#5186=DIRECTION('',(-1.,0.,0.));
#5187=DIRECTION('',(0.,0.,1.));
#5188=DIRECTION('',(0.,0.,1.));
#5189=DIRECTION('',(0.,0.,1.));
#5190=DIRECTION('',(-0.876693054306531,-0.481050193358953,0.));
#5191=DIRECTION('',(-0.481050193358953,0.876693054306531,0.));
#5192=DIRECTION('',(0.,0.,-1.));
#5193=DIRECTION('',(-1.,0.,0.));
#5194=DIRECTION('',(0.,-0.707106781188111,0.707106781184984));
#5195=DIRECTION('',(0.,1.,0.));
#5196=DIRECTION('',(1.,0.,0.));
#5197=DIRECTION('',(-5.67083046953552E-7,0.000901279387237668,-0.99999959384749));
#5198=DIRECTION('',(0.,0.999999593847651,0.000901279387237813));
#5199=DIRECTION('',(1.63412461352033E-5,0.000859436734919861,-0.999999630550663));
#5200=DIRECTION('',(0.,0.999999630684181,0.000859436735034612));
#5201=DIRECTION('',(3.70909954441822E-5,0.000686080254941524,-0.999999763959043));
#5202=DIRECTION('',(0.,0.999999764646914,0.000686080255413459));
#5203=DIRECTION('',(5.78844201070585E-5,0.000377920869767793,-0.999999926912602));
#5204=DIRECTION('',(0.,0.999999928587905,0.000377920870400925));
#5205=DIRECTION('',(0.,0.,-1.));
#5206=DIRECTION('',(-1.,0.,0.));
#5207=DIRECTION('',(0.565772468409509,0.760436989156193,-0.318805739460373));
#5208=DIRECTION('',(-0.802300992256501,0.596919691268627,0.));
#5209=DIRECTION('',(1.,0.,0.));
#5210=DIRECTION('',(0.,0.922232089275671,-0.386636746197554));
#5211=DIRECTION('',(0.,1.,0.));
#5212=DIRECTION('',(1.,0.,0.));
#5213=DIRECTION('',(0.,0.,1.));
#5214=DIRECTION('',(0.,0.,-1.));
#5215=DIRECTION('',(-1.,0.,0.));
#5216=DIRECTION('',(0.,0.,1.));
#5217=DIRECTION('',(1.,0.,0.));
#5218=DIRECTION('',(0.,0.,1.));
#5219=DIRECTION('',(0.,0.,1.));
#5220=DIRECTION('',(1.,0.,0.));
#5221=DIRECTION('',(0.,0.,-1.));
#5222=DIRECTION('',(0.,0.,-1.));
#5223=DIRECTION('',(-1.,0.,0.));
#5224=DIRECTION('',(0.,0.,-1.));
#5225=DIRECTION('',(-1.,0.,0.));
#5226=DIRECTION('',(0.,0.,-1.));
#5227=CARTESIAN_POINT('',(0.,0.,0.));
#5228=CARTESIAN_POINT('',(0.0595435274299603,0.0531009198109332,0.0121360109067706));
#5229=CARTESIAN_POINT('',(0.0594140754911226,0.053235655407394,0.0120778265992389));
#5230=CARTESIAN_POINT('',(0.0594141120224778,0.0531452939056461,0.0121137283980991));
#5231=CARTESIAN_POINT('',(0.0594141485538329,0.0530549324038982,0.0121496301969593));
#5232=CARTESIAN_POINT('',(0.059414185085188,0.0529645709021502,0.0121855319958194));
#5233=CARTESIAN_POINT('',(0.059414076282084,0.0532356466546986,0.0120778045697985));
#5234=CARTESIAN_POINT('',(0.0594141857204775,0.0529645627653654,0.0121855115134994));
#5235=CARTESIAN_POINT('',(0.0594113953215746,0.0529669587651053,0.0121844635481889));
#5236=CARTESIAN_POINT('',(0.0595009052845599,0.0530569790233689,0.0121519434000657));
#5237=CARTESIAN_POINT('',(0.059590950367123,0.0531465301193296,0.0121196013066394));
#5238=CARTESIAN_POINT('',(0.0596814735484822,0.0532356532604524,0.0120874195225848));
#5239=CARTESIAN_POINT('',(0.0596814735484822,0.0532356532604524,0.0120874195225847));
#5240=CARTESIAN_POINT('',(0.0698865518365145,0.0457351331756382,-0.275620152459836));
#5241=CARTESIAN_POINT('',(0.0476081980652151,0.0363002751875343,0.0162855974881977));
#5242=CARTESIAN_POINT('',(0.0488054475437817,0.0361607803403437,0.0164795508559777));
#5243=CARTESIAN_POINT('',(0.0508475297410341,0.0359354664064397,0.0167893828217335));
#5244=CARTESIAN_POINT('',(0.0537452292838985,0.0355863999730312,0.0171783034828007));
#5245=CARTESIAN_POINT('',(0.056307623912089,0.0352618716053762,0.0174868090075707));
#5246=CARTESIAN_POINT('',(0.0588687908597559,0.0349479128448427,0.0177619754772642));
#5247=CARTESIAN_POINT('',(0.0610460749213207,0.0346746267042988,0.0179673053593344));
#5248=CARTESIAN_POINT('',(0.0623698281171879,0.0345081847697198,0.0180785653740615));
#5249=CARTESIAN_POINT('',(0.0628372847938481,0.0344489764216623,0.018116184117252));
#5250=CARTESIAN_POINT('',(0.0476236051199152,0.0367485208368193,0.0161199901973915));
#5251=CARTESIAN_POINT('',(0.0488217361401004,0.0366062000683777,0.0163132307028346));
#5252=CARTESIAN_POINT('',(0.0508641728712212,0.0363782480401603,0.0166221601779931));
#5253=CARTESIAN_POINT('',(0.0537625676913705,0.0360244512991315,0.01701018072899));
#5254=CARTESIAN_POINT('',(0.0563252771918237,0.0356971895131879,0.0173180999193157));
#5255=CARTESIAN_POINT('',(0.0588865267568804,0.035378179028551,0.0175929811727553));
#5256=CARTESIAN_POINT('',(0.0610631303394105,0.0351026889332738,0.0177984719382754));
#5257=CARTESIAN_POINT('',(0.0623869268706875,0.0349343663417672,0.0179098915255489));
#5258=CARTESIAN_POINT('',(0.0628544262805037,0.0348744409268599,0.0179475750178675));
#5259=CARTESIAN_POINT('',(0.0476790139593194,0.0383499033394665,0.0155251261576271));
#5260=CARTESIAN_POINT('',(0.0488800713073089,0.0381978452647912,0.0157156721695971));
#5261=CARTESIAN_POINT('',(0.050923649572384,0.0379590267263025,0.0160212030158813));
#5262=CARTESIAN_POINT('',(0.0538243707813214,0.0375877926658104,0.0164058085134818));
#5263=CARTESIAN_POINT('',(0.0563880090507208,0.0372498274439526,0.0167114979937389));
#5264=CARTESIAN_POINT('',(0.0589490637786148,0.0369125424909578,0.0169853394063421));
#5265=CARTESIAN_POINT('',(0.0611229844945222,0.0366285601719686,0.0171915643565261));
#5266=CARTESIAN_POINT('',(0.062446990133301,0.0364533429359169,0.0173036847188355));
#5267=CARTESIAN_POINT('',(0.062914668838734,0.0363908277511488,0.0173416516798925));
#5268=CARTESIAN_POINT('',(0.0477726423975642,0.0411038870775685,0.0144893216715431));
#5269=CARTESIAN_POINT('',(0.0489765639149424,0.0409384127092657,0.014675034902996));
#5270=CARTESIAN_POINT('',(0.0510196073937877,0.0406831974105679,0.0149744743511681));
#5271=CARTESIAN_POINT('',(0.053920890349475,0.0402877168522995,0.0153530042066009));
#5272=CARTESIAN_POINT('',(0.05648314591829,0.039932553217799,0.0156548439848843));
#5273=CARTESIAN_POINT('',(0.059038643028664,0.0395749533181995,0.0159273847383115));
#5274=CARTESIAN_POINT('',(0.0612071363617119,0.0392777621636579,0.0161361174432619));
#5275=CARTESIAN_POINT('',(0.0625319603449279,0.0390949721640306,0.0162503999807437));
#5276=CARTESIAN_POINT('',(0.0630001094503971,0.0390300530460832,0.0162892340961965));
#5277=CARTESIAN_POINT('',(0.0478517495651347,0.0434181863805426,0.0136114559745722));
#5278=CARTESIAN_POINT('',(0.0490603976347215,0.0432408969014226,0.0137939501233282));
#5279=CARTESIAN_POINT('',(0.0511040919892683,0.0429708815235366,0.0140890594423393));
#5280=CARTESIAN_POINT('',(0.054007957560501,0.0425531481390991,0.0144646665469149));
#5281=CARTESIAN_POINT('',(0.056570139683777,0.0421835841806999,0.0147658327366585));
#5282=CARTESIAN_POINT('',(0.059120023819309,0.0418041869764991,0.0150392292975589));
#5283=CARTESIAN_POINT('',(0.0613126482685433,0.0414810620380811,0.0152490258326925));
#5284=CARTESIAN_POINT('',(0.0626365253893144,0.0412833689619542,0.015364735947383));
#5285=CARTESIAN_POINT('',(0.0631038331894797,0.0412135392227634,0.0154041595672769));
#5286=CARTESIAN_POINT('',(0.0478889073949108,0.0445726487760206,0.013169792795819));
#5287=CARTESIAN_POINT('',(0.0491009009395129,0.0443882253990834,0.0133502242452521));
#5288=CARTESIAN_POINT('',(0.0511436104968832,0.0441090541880727,0.0136423511443773));
#5289=CARTESIAN_POINT('',(0.054047739285601,0.0436770740038988,0.0140169460354332));
#5290=CARTESIAN_POINT('',(0.056607798672531,0.0433001833999,0.0143191266809367));
#5291=CARTESIAN_POINT('',(0.059147682681065,0.0429092175720988,0.0145941698719648));
#5292=CARTESIAN_POINT('',(0.0613727036487725,0.0425892914208523,0.0148055688480613));
#5293=CARTESIAN_POINT('',(0.062667680551937,0.0423957157242028,0.0149229412195902));
#5294=CARTESIAN_POINT('',(0.0631246380401335,0.0423280883044199,0.0149628907710793));
#5295=CARTESIAN_POINT('',(0.0478894386212063,0.0445891535284627,0.0131634785655285));
#5296=CARTESIAN_POINT('',(0.0491014799943363,0.0444046281618726,0.0133438805256149));
#5297=CARTESIAN_POINT('',(0.0511441754725702,0.0441253260546461,0.0136359647866239));
#5298=CARTESIAN_POINT('',(0.0540483080243723,0.0436931421913357,0.014010545206586));
#5299=CARTESIAN_POINT('',(0.0566083370636374,0.043316146842066,0.0143127403552394));
#5300=CARTESIAN_POINT('',(0.0591480781055222,0.0429250156236347,0.0145878070872877));
#5301=CARTESIAN_POINT('',(0.0613735622295173,0.042605135203792,0.0147992289726548));
#5302=CARTESIAN_POINT('',(0.0626681259612014,0.0424116183711916,0.0149166251086109));
#5303=CARTESIAN_POINT('',(0.063124935476335,0.0423440224368324,0.0149565821790724));
#5304=CARTESIAN_POINT('',(0.0478899698475018,0.0446056582809034,0.0131571643352378));
#5305=CARTESIAN_POINT('',(0.0491020590491597,0.044421030924661,0.0133375368059777));
#5306=CARTESIAN_POINT('',(0.0511447404482572,0.0441415979212195,0.0136295784288704));
#5307=CARTESIAN_POINT('',(0.0540488767631437,0.0437092103787724,0.0140041443777388));
#5308=CARTESIAN_POINT('',(0.056608875454744,0.0433321102842333,0.0143063540295422));
#5309=CARTESIAN_POINT('',(0.0591484735299792,0.0429408136751704,0.0145814443026107));
#5310=CARTESIAN_POINT('',(0.0613744208102621,0.0426209789867331,0.0147928890972483));
#5311=CARTESIAN_POINT('',(0.0626685713704658,0.0424275210181804,0.0149103089976317));
#5312=CARTESIAN_POINT('',(0.0631252329125364,0.0423599565692444,0.0149502735870655));
#5313=CARTESIAN_POINT('',(0.0478905010737973,0.044622163033343,0.0131508501049473));
#5314=CARTESIAN_POINT('',(0.0491026381039831,0.044437433687449,0.0133311930863406));
#5315=CARTESIAN_POINT('',(0.0511453054239441,0.0441578697877926,0.0136231920711169));
#5316=CARTESIAN_POINT('',(0.054049445501915,0.0437252785662087,0.0139977435488916));
#5317=CARTESIAN_POINT('',(0.0566094138458504,0.0433480737264018,0.0142999677038448));
#5318=CARTESIAN_POINT('',(0.0591488689544365,0.0429566117267061,0.0145750815179336));
#5319=CARTESIAN_POINT('',(0.0613752793910068,0.0426368227696749,0.0147865492218418));
#5320=CARTESIAN_POINT('',(0.0626690167797301,0.0424434236651692,0.0149039928866525));
#5321=CARTESIAN_POINT('',(0.0631255303487378,0.0423758907016561,0.0149439649950586));
#5322=CARTESIAN_POINT('',(0.048002810890667,0.0445553690048056,0.0131867295888923));
#5323=CARTESIAN_POINT('',(0.0494433729905844,0.0443375414178234,0.0134006526003529));
#5324=CARTESIAN_POINT('',(0.0522700013811826,0.0439492840729377,0.0137997240663917));
#5325=CARTESIAN_POINT('',(0.0551141803888235,0.0435220716233123,0.0141454353528326));
#5326=CARTESIAN_POINT('',(0.0565258751968115,0.0433098403406709,0.0143056268823631));
#5327=CARTESIAN_POINT('',(0.0565259376632663,0.0433098781778443,0.0143056153401878));
#5328=CARTESIAN_POINT('',(0.0480028403841268,0.0445552388566402,0.0131863900371414));
#5329=CARTESIAN_POINT('',(0.0565259658500287,0.0433098267120439,0.0143056371691862));
#5330=CARTESIAN_POINT('',(0.0572764779574844,0.0419382752892975,0.014896665364254));
#5331=CARTESIAN_POINT('',(0.0593103875136341,0.0395642892188186,0.0159432635336387));
#5332=CARTESIAN_POINT('',(0.0616414641899685,0.0374023414310917,0.0169007724992918));
#5333=CARTESIAN_POINT('',(0.0628187128216458,0.036333284990885,0.0173623445721296));
#5334=CARTESIAN_POINT('',(0.0628187128216458,0.036333284990885,0.0173623445721296));
#5335=CARTESIAN_POINT('',(0.0628187128335533,0.0363332849908837,0.0173623445724709));
#5336=CARTESIAN_POINT('',(0.0623515759505699,0.0363333382017488,0.0173489558100962));
#5337=CARTESIAN_POINT('',(0.0613249271813764,0.0363333895107421,0.0173158198783189));
#5338=CARTESIAN_POINT('',(0.0598112830891166,0.0363335182067708,0.0172530303682804));
#5339=CARTESIAN_POINT('',(0.0584633607286594,0.0363335445100833,0.0171866326464537));
#5340=CARTESIAN_POINT('',(0.0573781102870224,0.0363333301479113,0.0171272979732511));
#5341=CARTESIAN_POINT('',(0.0564305376317478,0.0363331219532194,0.017070135126518));
#5342=CARTESIAN_POINT('',(0.0556037860536329,0.0363332278828757,0.0170162209964448));
#5343=CARTESIAN_POINT('',(0.0548762148189314,0.0363332849921009,0.0169663665287859));
#5344=CARTESIAN_POINT('',(0.0542561440726841,0.0363332822761855,0.016921078668665));
#5345=CARTESIAN_POINT('',(0.0538116532498979,0.0363332254997833,0.0168868504920771));
#5346=CARTESIAN_POINT('',(0.0536491919346204,0.0363332234501252,0.0168741267403765));
#5347=CARTESIAN_POINT('',(0.0534792072951469,0.0363332299510516,0.0168606925036437));
#5348=CARTESIAN_POINT('',(0.0532021108891024,0.0363332375934519,0.016838425834023));
#5349=CARTESIAN_POINT('',(0.0528053307228235,0.036333243332602,0.0168056048196681));
#5350=CARTESIAN_POINT('',(0.0523432277101758,0.0363332333427897,0.0167658407243062));
#5351=CARTESIAN_POINT('',(0.0519749993215044,0.0363332251329375,0.016733006035022));
#5352=CARTESIAN_POINT('',(0.0516703772480099,0.0363332194118381,0.0167050668078963));
#5353=CARTESIAN_POINT('',(0.0513095932712157,0.0363332720103208,0.0166714306893798));
#5354=CARTESIAN_POINT('',(0.0507853480931488,0.0363333907537547,0.0166208037488837));
#5355=CARTESIAN_POINT('',(0.0502200734163558,0.0363332825260854,0.016563344783427));
#5356=CARTESIAN_POINT('',(0.0498942157346939,0.0363332357624594,0.016529292214284));
#5357=CARTESIAN_POINT('',(0.0497401281949735,0.0363332335765135,0.0165130278493906));
#5358=CARTESIAN_POINT('',(0.0494420558536831,0.0363332090945342,0.0164812218727082));
#5359=CARTESIAN_POINT('',(0.0491447914611567,0.036333099809053,0.0164488847754369));
#5360=CARTESIAN_POINT('',(0.04869976221867,0.0363329490591914,0.0163996245513669));
#5361=CARTESIAN_POINT('',(0.0482608900704461,0.0363329291005381,0.0163496903589431));
#5362=CARTESIAN_POINT('',(0.0479037900207897,0.0363331340487896,0.0163081411064532));
#5363=CARTESIAN_POINT('',(0.0477825028823249,0.0363332263445711,0.0162938414855794));
#5364=CARTESIAN_POINT('',(0.0477508158883172,0.0363332263994433,0.0162901146761432));
#5365=CARTESIAN_POINT('',(0.047750816436011,0.0363332246572003,0.0162901100193844));
#5366=CARTESIAN_POINT('',(0.0477508158883176,0.0363332263994414,0.0162901146761439));
#5367=CARTESIAN_POINT('',(0.0477561751633434,0.0365372270348683,0.0162144217993865));
#5368=CARTESIAN_POINT('',(0.0477666771720079,0.0369513282031843,0.0160604321131331));
#5369=CARTESIAN_POINT('',(0.0477848674524408,0.0376912004720803,0.0157838449082961));
#5370=CARTESIAN_POINT('',(0.0478073842717277,0.0386317470125985,0.0154310360033197));
#5371=CARTESIAN_POINT('',(0.0478262553639802,0.0394221764304692,0.0151331355928106));
#5372=CARTESIAN_POINT('',(0.0478400671774575,0.0399825166229344,0.0149215154868376));
#5373=CARTESIAN_POINT('',(0.047846078406218,0.0402222850546449,0.0148308868093703));
#5374=CARTESIAN_POINT('',(0.0478495973211306,0.0403607033205979,0.0147785469225106));
#5375=CARTESIAN_POINT('',(0.0478513266020011,0.0404285182478046,0.0147529016809522));
#5376=CARTESIAN_POINT('',(0.0478560453111768,0.0406107385831842,0.0146839716004531));
#5377=CARTESIAN_POINT('',(0.0478612508912985,0.0408077119478205,0.0146094336615351));
#5378=CARTESIAN_POINT('',(0.047870777533684,0.0411593533719715,0.014476318260789));
#5379=CARTESIAN_POINT('',(0.047883785513047,0.0416128503136088,0.0143045372481471));
#5380=CARTESIAN_POINT('',(0.0478995444723601,0.0421164782173345,0.0141136157029014));
#5381=CARTESIAN_POINT('',(0.0479130580632558,0.0425141016836644,0.0139627942537972));
#5382=CARTESIAN_POINT('',(0.0479326328476645,0.0430290938566032,0.013767359564037));
#5383=CARTESIAN_POINT('',(0.0479604966036844,0.0436896208046345,0.0135164483444619));
#5384=CARTESIAN_POINT('',(0.0479850664598094,0.0442067870408934,0.013319642597027));
#5385=CARTESIAN_POINT('',(0.0480028094051659,0.0445553696960869,0.0131867291882193));
#5386=CARTESIAN_POINT('',(0.0463774129438614,0.0447888141856915,0.0129336342002764));
#5387=CARTESIAN_POINT('',(0.0471919312281817,0.0446762151120311,0.013066296253903));
#5388=CARTESIAN_POINT('',(0.048925838306227,0.0444131747103249,0.0133263773136088));
#5389=CARTESIAN_POINT('',(0.051481812972737,0.0440587476146988,0.0136859748707389));
#5390=CARTESIAN_POINT('',(0.054047739285601,0.0436770740038988,0.0140169460354332));
#5391=CARTESIAN_POINT('',(0.056607798672531,0.0433001833999,0.0143191266809367));
#5392=CARTESIAN_POINT('',(0.0588867788631184,0.0429493786490682,0.0145659166846545));
#5393=CARTESIAN_POINT('',(0.0603584056088732,0.0427355407901157,0.0147086666502031));
#5394=CARTESIAN_POINT('',(0.0609544551655376,0.0426485327295318,0.0147648815713369));
#5395=CARTESIAN_POINT('',(0.046432244095485,0.0462946310183022,0.0123630989097902));
#5396=CARTESIAN_POINT('',(0.0472471404641445,0.046173499817603,0.0124934972270235));
#5397=CARTESIAN_POINT('',(0.048993797103744,0.0459021340398928,0.0127500760013621));
#5398=CARTESIAN_POINT('',(0.051556650492488,0.0455385228551997,0.0131059960361195));
#5399=CARTESIAN_POINT('',(0.054130688037414,0.0451467245701007,0.0134356563157703));
#5400=CARTESIAN_POINT('',(0.056696503355739,0.0447649703246995,0.0137384348674236));
#5401=CARTESIAN_POINT('',(0.0589618693899448,0.0444040903335393,0.0139865232861514));
#5402=CARTESIAN_POINT('',(0.0604359966865151,0.0441846354215909,0.0141308220541748));
#5403=CARTESIAN_POINT('',(0.0610269969483921,0.0440953190018022,0.0141878036742712));
#5404=CARTESIAN_POINT('',(0.046545820694189,0.0493004915085289,0.0112140624661948));
#5405=CARTESIAN_POINT('',(0.0473434905839034,0.0491829711624154,0.0113419090753056));
#5406=CARTESIAN_POINT('',(0.0490845650131007,0.0488944097136707,0.0115948623148689));
#5407=CARTESIAN_POINT('',(0.051625322662053,0.0484992380636999,0.0119470118835156));
#5408=CARTESIAN_POINT('',(0.054169676679728,0.0480804275113993,0.0122748126755973));
#5409=CARTESIAN_POINT('',(0.056711158118356,0.0476714901334994,0.0125777540824342));
#5410=CARTESIAN_POINT('',(0.0589973870360213,0.0472870611453277,0.0128266750797671));
#5411=CARTESIAN_POINT('',(0.0605033208162681,0.0470558979372791,0.0129724139200945));
#5412=CARTESIAN_POINT('',(0.0610986570916909,0.0469624570914014,0.0130301345785606));
#5413=CARTESIAN_POINT('',(0.04672322187788,0.0538190853475361,0.00947447656069906));
#5414=CARTESIAN_POINT('',(0.047504742787064,0.053696865636177,0.00960048451513398));
#5415=CARTESIAN_POINT('',(0.0492536159940954,0.053374273114488,0.00985128782161164));
#5416=CARTESIAN_POINT('',(0.051811982818202,0.0529282196608989,0.0102029738482411));
#5417=CARTESIAN_POINT('',(0.054402459388821,0.0524765779410998,0.010531820452939));
#5418=CARTESIAN_POINT('',(0.056996439976507,0.0520335869485997,0.0108378416928422));
#5419=CARTESIAN_POINT('',(0.0592646187788721,0.0516413965058477,0.0110909110400783));
#5420=CARTESIAN_POINT('',(0.0607662395935408,0.0513890101761354,0.0112396780292666));
#5421=CARTESIAN_POINT('',(0.0613542641198317,0.0512878349468729,0.0112986155620739));
#5422=CARTESIAN_POINT('',(0.0468865302501624,0.0582139261815097,0.00776275149937));
#5423=CARTESIAN_POINT('',(0.0476760635356299,0.0580915982583605,0.00789033068256693));
#5424=CARTESIAN_POINT('',(0.0494232912365933,0.057763334295815,0.0081439039640493));
#5425=CARTESIAN_POINT('',(0.0519445505830431,0.0572838906780842,0.0085006823637259));
#5426=CARTESIAN_POINT('',(0.0545005746394782,0.0567997839479371,0.00883558039799753));
#5427=CARTESIAN_POINT('',(0.0570461202571541,0.0563257920218765,0.00914855373041233));
#5428=CARTESIAN_POINT('',(0.0592683764746173,0.0558992773905902,0.00940928414849851));
#5429=CARTESIAN_POINT('',(0.0607399119535766,0.0556233366939562,0.00956359912901481));
#5430=CARTESIAN_POINT('',(0.0613138735553875,0.0555143923412736,0.00962448459672234));
#5431=CARTESIAN_POINT('',(0.0470598973248678,0.0611154766366521,0.00663655646030051));
#5432=CARTESIAN_POINT('',(0.0478666283448217,0.0609621747204051,0.00676528593182344));
#5433=CARTESIAN_POINT('',(0.0494997892931235,0.060649037106075,0.0070199123303047));
#5434=CARTESIAN_POINT('',(0.0520890291050532,0.0601641449385557,0.00738435098876146));
#5435=CARTESIAN_POINT('',(0.0546681430372453,0.0596611320056455,0.00772793204221911));
#5436=CARTESIAN_POINT('',(0.0571459393753823,0.059161951466864,0.0080493590546964));
#5437=CARTESIAN_POINT('',(0.059676771067389,0.0587199229396306,0.00831838449039204));
#5438=CARTESIAN_POINT('',(0.0612704075093969,0.0584347516546872,0.00847628003715723));
#5439=CARTESIAN_POINT('',(0.0618789289359019,0.0583228870580798,0.00853826818775519));
#5440=CARTESIAN_POINT('',(0.0469678609146063,0.0624967095908743,0.00609845312327464));
#5441=CARTESIAN_POINT('',(0.0477757259556265,0.0623415665126183,0.0062272553772042));
#5442=CARTESIAN_POINT('',(0.0493909753766047,0.062028769139719,0.00648216631947863));
#5443=CARTESIAN_POINT('',(0.0522894839597045,0.0615409514156826,0.00685061528648415));
#5444=CARTESIAN_POINT('',(0.0551943958560065,0.0610305817884203,0.00719837405117737));
#5445=CARTESIAN_POINT('',(0.0578103250316142,0.0605397144254314,0.00752374505419528));
#5446=CARTESIAN_POINT('',(0.0601450761481095,0.0600851846170884,0.00779725165536914));
#5447=CARTESIAN_POINT('',(0.0617532560627992,0.0597899720395991,0.00795645896379616));
#5448=CARTESIAN_POINT('',(0.0623708850433108,0.0596749063787446,0.0080188070993502));
#5449=CARTESIAN_POINT('',(0.0600860919538163,0.054807694381668,0.00986615744266105));
#5450=CARTESIAN_POINT('',(0.0604948248235405,0.0547939677538224,0.00988520669223242));
#5451=CARTESIAN_POINT('',(0.0609095287498943,0.0547807814298328,0.00990337925395855));
#5452=CARTESIAN_POINT('',(0.0613167887092067,0.0547697037696004,0.00992044287675866));
#5453=CARTESIAN_POINT('',(0.0613167875244786,0.0547697072378156,0.0099204538342921));
#5454=CARTESIAN_POINT('',(0.060086092977473,0.0548076822715995,0.00986612675202878));
#5455=CARTESIAN_POINT('',(0.0613167797682059,0.0547697040127999,0.00992044250214318));
#5456=CARTESIAN_POINT('',(0.0598324007152077,0.0534297183764382,0.0104034423984843));
#5457=CARTESIAN_POINT('',(0.0583869527980204,0.0520580903585958,0.0108921643391974));
#5458=CARTESIAN_POINT('',(0.057237315064548,0.0504650818100327,0.01147668070322));
#5459=CARTESIAN_POINT('',(0.057237315064548,0.0504650818100328,0.0114766804578891));
#5460=CARTESIAN_POINT('',(0.057237315064548,0.0501469178614986,0.0116039315531448));
#5461=CARTESIAN_POINT('',(0.057237315064548,0.0507604581920003,0.0113584560868944));
#5462=CARTESIAN_POINT('',(0.057237315064548,0.0513741645753996,0.0111133934425702));
#5463=CARTESIAN_POINT('',(0.057237315064548,0.0519881871076979,0.0108691284103329));
#5464=CARTESIAN_POINT('',(0.057237315064548,0.0534557910863001,0.0102852991299728));
#5465=CARTESIAN_POINT('',(0.057237315064548,0.0549252162751994,0.0097060063400345));
#5466=CARTESIAN_POINT('',(0.057237315064548,0.0563956800453997,0.00912943921379111));
#5467=CARTESIAN_POINT('',(0.057237315064548,0.0566392919689989,0.00903391926317409));
#5468=CARTESIAN_POINT('',(0.057237315064548,0.0568829334883994,0.00893847477618829));
#5469=CARTESIAN_POINT('',(0.057237315064548,0.0571265697473979,0.0088430169259641));
#5470=CARTESIAN_POINT('',(0.057237315064548,0.0571265697473648,0.0088430169259641));
#5471=CARTESIAN_POINT('',(0.057237315064548,0.0571265697473979,0.0088430169259641));
#5472=CARTESIAN_POINT('',(0.057192469944767,0.0571265697472985,0.00884100904680009));
#5473=CARTESIAN_POINT('',(0.057147625369391,0.0571265697473979,0.00883898888792601));
#5474=CARTESIAN_POINT('',(0.057102781351626,0.0571265697473979,0.00883695660035438));
#5475=CARTESIAN_POINT('',(0.056246243927481,0.0571265697473979,0.00879813915157639));
#5476=CARTESIAN_POINT('',(0.055389882692813,0.0571265697473979,0.00875489617555059));
#5477=CARTESIAN_POINT('',(0.054533715280296,0.0571265697473979,0.00870885841782866));
#5478=CARTESIAN_POINT('',(0.054135622264084,0.0571265697473979,0.00868745219567564));
#5479=CARTESIAN_POINT('',(0.053737560273934,0.0571265697473979,0.00866543229601076));
#5480=CARTESIAN_POINT('',(0.053339544854762,0.0571265697473979,0.00864264391572352));
#5481=CARTESIAN_POINT('',(0.052878285117126,0.0571265697473979,0.008616234480794));
#5482=CARTESIAN_POINT('',(0.052417079676189,0.0571265697473979,0.00858879318224491));
#5483=CARTESIAN_POINT('',(0.051955960500233,0.0571265697473979,0.00856006751087398));
#5484=CARTESIAN_POINT('',(0.051556986840619,0.0571265697473979,0.00853521322844382));
#5485=CARTESIAN_POINT('',(0.051158070523464,0.0571265697472985,0.00850938967652974));
#5486=CARTESIAN_POINT('',(0.050759210019552,0.0571265697472985,0.00848280325028237));
#5487=CARTESIAN_POINT('',(0.050759210019552,0.0571265697472985,0.00848280325028237));
#5488=CARTESIAN_POINT('',(0.050759210019552,0.0571265697472985,0.00848280325028237));
#5489=CARTESIAN_POINT('',(0.050759210019552,0.0557888290631006,0.00900700028949678));
#5490=CARTESIAN_POINT('',(0.050759210019552,0.0544513226977994,0.00953179859863622));
#5491=CARTESIAN_POINT('',(0.050759210019552,0.0531143251326984,0.0100578868336411));
#5492=CARTESIAN_POINT('',(0.050759210019552,0.0521250350865987,0.0104471574410959));
#5493=CARTESIAN_POINT('',(0.050759210019552,0.0511360337686995,0.0108371619655331));
#5494=CARTESIAN_POINT('',(0.050759210019553,0.0501469178614986,0.0112268747639751));
#5495=CARTESIAN_POINT('',(0.050759210019553,0.0501469178614986,0.0112268749431079));
#5496=CARTESIAN_POINT('',(0.050759210019553,0.0501469178614986,0.0112268747639751));
#5497=CARTESIAN_POINT('',(0.050759210019552,0.0500901355597989,0.0112492470557477));
#5498=CARTESIAN_POINT('',(0.050759210019552,0.0500333528806003,0.0112716183861153));
#5499=CARTESIAN_POINT('',(0.050759210019552,0.0499765697472991,0.0112939885610354));
#5500=CARTESIAN_POINT('',(0.050759210019552,0.0495287908139002,0.0114703946960867));
#5501=CARTESIAN_POINT('',(0.050759210019552,0.0490809823016996,0.0116467259355336));
#5502=CARTESIAN_POINT('',(0.050759210019552,0.0486331011623005,0.0118228723451061));
#5503=CARTESIAN_POINT('',(0.050759210019552,0.0484605631499981,0.0118907295257263));
#5504=CARTESIAN_POINT('',(0.050759210019552,0.0482880142943998,0.0119585591503415));
#5505=CARTESIAN_POINT('',(0.050759210019552,0.0481154578350989,0.0120263694000273));
#5506=CARTESIAN_POINT('',(0.050759210019553,0.0474488389524979,0.01228833034847));
#5507=CARTESIAN_POINT('',(0.050759210019553,0.0467821068207996,0.0125500033430485));
#5508=CARTESIAN_POINT('',(0.050759210019552,0.0461154578351,0.0128118874659917));
#5509=CARTESIAN_POINT('',(0.0507592101862185,0.0461154580017595,0.0128118875927528));
#5510=CARTESIAN_POINT('',(0.050759210019552,0.0461154578351,0.0128118874659917));
#5511=CARTESIAN_POINT('',(0.051028197962232,0.0461154578351,0.012833140301565));
#5512=CARTESIAN_POINT('',(0.051297228811744,0.0461154578351,0.0128538770292503));
#5513=CARTESIAN_POINT('',(0.051566306323844,0.0461154578351,0.0128739515553239));
#5514=CARTESIAN_POINT('',(0.052424380166705,0.0461154578351,0.0129379681488931));
#5515=CARTESIAN_POINT('',(0.05328300986446,0.0461154578351,0.012995267677175));
#5516=CARTESIAN_POINT('',(0.054141795192133,0.0461154578351,0.013048455016236));
#5517=CARTESIAN_POINT('',(0.054996749055769,0.0461154578351,0.0131014050603967));
#5518=CARTESIAN_POINT('',(0.055851999533347,0.0461154578351,0.0131503138224866));
#5519=CARTESIAN_POINT('',(0.056707483787311,0.0461154578351,0.0131934715118364));
#5520=CARTESIAN_POINT('',(0.056884082135911,0.0461154578351,0.0132023805906788));
#5521=CARTESIAN_POINT('',(0.057060693442695,0.0461154578351,0.0132110432778968));
#5522=CARTESIAN_POINT('',(0.057237315064548,0.0461154578351,0.0132194732228195));
#5523=CARTESIAN_POINT('',(0.0556485717326086,0.0461154578351,0.0131372273156022));
#5524=CARTESIAN_POINT('',(0.05564857182592,0.0461154559589401,0.0131372226037856));
#5525=CARTESIAN_POINT('',(0.0556978282081349,0.0451358015363022,0.0135308232647134));
#5526=CARTESIAN_POINT('',(0.0560456657012201,0.0441875220787874,0.0139291886687012));
#5527=CARTESIAN_POINT('',(0.0565260747068623,0.0433096277828892,0.0143057228917682));
#5528=CARTESIAN_POINT('',(0.0480028716859056,0.0445551072959012,0.0131860511959719));
#5529=CARTESIAN_POINT('',(0.0475243867531343,0.0446253344170618,0.0131145824275943));
#5530=CARTESIAN_POINT('',(0.047049949054222,0.0446948478355122,0.0130417610184405));
#5531=CARTESIAN_POINT('',(0.0465897663995137,0.0447592123891477,0.0129679740153166));
#5532=CARTESIAN_POINT('',(0.0465891990010153,0.0447616199989571,0.0129736128359745));
#5533=CARTESIAN_POINT('',(0.046588299831116,0.0447594335503582,0.0129677326933164));
#5534=CARTESIAN_POINT('',(0.0466356629725198,0.0457954707129125,0.0125752542029545));
#5535=CARTESIAN_POINT('',(0.0467374710916506,0.0478661288091473,0.0117876144145376));
#5536=CARTESIAN_POINT('',(0.0468865481956247,0.0504521158181883,0.0107998040510176));
#5537=CARTESIAN_POINT('',(0.0470187648880085,0.0525193463837511,0.0100076947371215));
#5538=CARTESIAN_POINT('',(0.0471295044975745,0.0540683458172026,0.00941309178093795));
#5539=CARTESIAN_POINT('',(0.0472295382045674,0.0556172139083159,0.00881528534867844));
#5540=CARTESIAN_POINT('',(0.0473610845985337,0.0566457469530959,0.00842322987617659));
#5541=CARTESIAN_POINT('',(0.047542480857228,0.0571529627821212,0.00823916569247719));
#5542=CARTESIAN_POINT('',(0.047542466814181,0.0571529242200004,0.00823904558940331));
#5543=CARTESIAN_POINT('',(0.0475424808572673,0.0571529628408562,0.00823916566938154));
#5544=CARTESIAN_POINT('',(0.0477531860099015,0.0577467285427495,0.00802355362040281));
#5545=CARTESIAN_POINT('',(0.0482012792748149,0.0582404296521905,0.00786502729668052));
#5546=CARTESIAN_POINT('',(0.0486782008198652,0.0586813982575028,0.0077271683554321));
#5547=CARTESIAN_POINT('',(0.0486781897317102,0.0586813977786391,0.007727128464339));
#5548=CARTESIAN_POINT('',(0.0486781997661223,0.0586813992928416,0.00772716786981641));
#5549=CARTESIAN_POINT('',(0.0493028618374766,0.0592609332887493,0.00754583144296185));
#5550=CARTESIAN_POINT('',(0.0499764684201872,0.0597915997687229,0.00738694362787833));
#5551=CARTESIAN_POINT('',(0.0506387558135923,0.0603321575382485,0.00721970572082595));
#5552=CARTESIAN_POINT('',(0.050638720302546,0.0603321682642992,0.00721959976118661));
#5553=CARTESIAN_POINT('',(-0.00560333837619854,0.064159384095192,-0.207371671134519));
#5554=CARTESIAN_POINT('',(0.050891360737944,0.0605353784451209,0.00715684869311633));
#5555=CARTESIAN_POINT('',(0.0594400783144844,0.0601129607711912,0.00775595119530329));
#5556=CARTESIAN_POINT('',(0.0565853105123979,0.060216438634354,0.0076091916003152));
#5557=CARTESIAN_POINT('',(0.053734654916169,0.0603550841023577,0.00741255483077573));
#5558=CARTESIAN_POINT('',(0.050891360737944,0.060535378445121,0.00715684869311643));
#5559=CARTESIAN_POINT('',(0.0594400805963022,0.0601129606884813,0.0077559513126083));
#5560=CARTESIAN_POINT('',(0.0594400828781201,0.0559472251366251,0.00939490847922561));
#5561=CARTESIAN_POINT('',(0.0594400828781201,0.0573358123625832,0.00884861155850899));
#5562=CARTESIAN_POINT('',(0.05944008287812,0.0587256267630158,0.00830543374562545));
#5563=CARTESIAN_POINT('',(0.05944008287812,0.0601129607172603,0.00775595138575583));
#5564=CARTESIAN_POINT('',(0.059440081936901,0.055947207842701,0.00939486452122174));
#5565=CARTESIAN_POINT('',(0.0594196592080353,0.0548307453302019,0.00983413128458791));
#5566=CARTESIAN_POINT('',(0.0594216128737298,0.0552287431425268,0.00967737604661071));
#5567=CARTESIAN_POINT('',(0.0594284199196173,0.0556009031511647,0.00953096863046442));
#5568=CARTESIAN_POINT('',(0.0594400803456979,0.0559472253561157,0.00939490903614904));
#5569=CARTESIAN_POINT('',(0.059419664872199,0.0548306805282,0.00983396682721605));
#5570=CARTESIAN_POINT('',(0.0600860923150122,0.0548076898845735,0.00986614602516304));
#5571=CARTESIAN_POINT('',(0.0598639479475453,0.0548153750330629,0.00985547444504485));
#5572=CARTESIAN_POINT('',(0.0596418035800785,0.0548230601815523,0.00984480286492666));
#5573=CARTESIAN_POINT('',(0.0594196592126116,0.0548307453300418,0.00983413128480848));
#5574=CARTESIAN_POINT('',(0.057237315064548,0.0571265697473979,0.0365392192593149));
#5575=CARTESIAN_POINT('',(0.057237315064548,0.0504650818100328,0.0294));
#5576=CARTESIAN_POINT('',(0.057237315064548,0.0504650818100322,0.0130932720879067));
#5577=CARTESIAN_POINT('',(0.057237315064548,0.0501469178614986,0.0132203256680873));
#5578=CARTESIAN_POINT('',(0.057237315064548,0.0524709115071005,0.0122920510001745));
#5579=CARTESIAN_POINT('',(0.057237315064548,0.0547966062535998,0.011367924039801));
#5580=CARTESIAN_POINT('',(0.057237315064548,0.0571265697472985,0.0104547900343109));
#5581=CARTESIAN_POINT('',(0.057237315064548,0.0571265697472985,0.0104547900343109));
#5582=CARTESIAN_POINT('',(0.057237315064548,0.0571265697472985,0.0365392192593149));
#5583=CARTESIAN_POINT('',(0.091862992456379,0.0461154578452998,0.0161918380796647));
#5584=CARTESIAN_POINT('',(0.050759210019553,0.0461154578351,0.0144257987862707));
#5585=CARTESIAN_POINT('',(0.052916768720793,0.0461154578351,0.0145941876564116));
#5586=CARTESIAN_POINT('',(0.055075728616212,0.0461154578351,0.0147294177731233));
#5587=CARTESIAN_POINT('',(0.057237315064548,0.0461154578351,0.0148338657424279));
#5588=CARTESIAN_POINT('',(0.0507592101862195,0.0461154580018004,0.0144257985548592));
#5589=CARTESIAN_POINT('',(0.0556485717310755,0.0461154578452998,0.0147514944942056));
#5590=CARTESIAN_POINT('',(0.0556485717310755,0.0461154578452998,0.0294));
#5591=CARTESIAN_POINT('',(0.050759210019552,0.0461154578452998,0.0365392192593167));
#5592=CARTESIAN_POINT('',(0.0722111176393245,-0.0201722629335794,0.0194770685045294));
#5593=CARTESIAN_POINT('',(0.0722111176393245,-0.0096020199579315,0.0194770685045294));
#5594=CARTESIAN_POINT('',(0.060478562499092,-0.00960202214080043,0.0194770706873892));
#5595=CARTESIAN_POINT('',(0.063478562499092,-0.00960202214080043,0.0194770706873892));
#5596=CARTESIAN_POINT('',(0.063478562499092,-0.00391216008406125,0.019477070687391));
#5597=CARTESIAN_POINT('',(0.063478562499092,0.00177770197269922,0.019477070687391));
#5598=CARTESIAN_POINT('',(0.064478562499091,0.00360015847809869,0.0194770706873856));
#5599=CARTESIAN_POINT('',(0.064478562499091,0.00360015847809869,0.0194770706873947));
#5600=CARTESIAN_POINT('',(0.064478562499091,0.00360015847809869,0.0194770706873856));
#5601=CARTESIAN_POINT('',(0.064478562499091,0.00660015847809881,0.0194770706873947));
#5602=CARTESIAN_POINT('',(0.095437140644726,0.00660015847809881,0.0194770706873856));
#5603=CARTESIAN_POINT('',(0.059478562499093,0.00660015847809881,0.0194770706873947));
#5604=CARTESIAN_POINT('',(0.059478562499093,0.00660015847809881,0.0194770706873856));
#5605=CARTESIAN_POINT('',(0.059478562499093,0.00360015847809869,0.0194770706873947));
#5606=CARTESIAN_POINT('',(0.060478562499092,0.00177770197269922,0.0194770706873856));
#5607=CARTESIAN_POINT('',(0.060478562499092,0.00177770197269922,0.019477070687391));
#5608=CARTESIAN_POINT('',(0.060478562499092,-0.00391216008406125,0.019477070687391));
#5609=CARTESIAN_POINT('',(0.0868251711783972,-0.0216853194985109,0.0194770685045294));
#5610=CARTESIAN_POINT('',(0.0868251726181104,-0.0211856110136832,0.0194770685045294));
#5611=CARTESIAN_POINT('',(0.0868251740578236,-0.0206859025288554,0.0194770685045294));
#5612=CARTESIAN_POINT('',(0.0868251754975368,-0.0201861940440277,0.0194770685045294));
#5613=CARTESIAN_POINT('',(0.086825175216799,-0.0201861915643012,0.0194771343742883));
#5614=CARTESIAN_POINT('',(0.086825171599228,-0.0216856192595216,0.0194768510983838));
#5615=CARTESIAN_POINT('',(0.0868251752126425,-0.0201861886338987,0.0194770685045294));
#5616=CARTESIAN_POINT('',(0.085335835662713,-0.0201863617189854,0.0194770685045294));
#5617=CARTESIAN_POINT('',(0.0838464961127836,-0.0201865348040722,0.0194770685045294));
#5618=CARTESIAN_POINT('',(0.0823571565628541,-0.0201867078891589,0.0194770685045294));
#5619=CARTESIAN_POINT('',(0.0823571565596415,-0.0201867119169794,0.0194770049616276));
#5620=CARTESIAN_POINT('',(0.0823571563440688,-0.0201867153973829,0.0194770685045294));
#5621=CARTESIAN_POINT('',(0.0823571485225118,-0.020686422844798,0.0194770685045294));
#5622=CARTESIAN_POINT('',(0.0823571407009548,-0.0211861302922132,0.0194770685045294));
#5623=CARTESIAN_POINT('',(0.0823571328793979,-0.0216858377396283,0.0194770685045294));
#5624=CARTESIAN_POINT('',(0.082357134585762,-0.0216858378707313,0.0194767217008719));
#5625=CARTESIAN_POINT('',(0.072211117639344,-0.0216859196181005,0.0194770685045294));
#5626=CARTESIAN_POINT('',(0.0819571318285316,-0.0216858350256399,0.0194765967649705));
#5627=CARTESIAN_POINT('',(0.0819571318189621,-0.0216858347019485,0.0194770685045294));
#5628=CARTESIAN_POINT('',(0.0819571399921642,-0.021186140991251,0.0194770685045294));
#5629=CARTESIAN_POINT('',(0.0819571481653662,-0.0206864472805536,0.0194770685045294));
#5630=CARTESIAN_POINT('',(0.0819571563385683,-0.0201867535698561,0.0194770685045294));
#5631=CARTESIAN_POINT('',(0.0819571560287985,-0.0201867500875022,0.0194771109828005));
#5632=CARTESIAN_POINT('',(0.0819571560269282,-0.0201867461638069,0.0194770685045294));
#5633=CARTESIAN_POINT('',(0.0804678164377848,-0.020186857302048,0.0194770685045294));
#5634=CARTESIAN_POINT('',(0.0789784768486414,-0.020186968440289,0.0194770685045294));
#5635=CARTESIAN_POINT('',(0.077489137259498,-0.0201870795785301,0.0194770685045294));
#5636=CARTESIAN_POINT('',(0.077489137258248,-0.020187082984501,0.0194770280069712));
#5637=CARTESIAN_POINT('',(0.077489137030866,-0.0201870858370849,0.0194770685045294));
#5638=CARTESIAN_POINT('',(0.0774891291028454,-0.0206866637033932,0.0194770685045294));
#5639=CARTESIAN_POINT('',(0.0774891211748247,-0.0211862415697015,0.0194770685045294));
#5640=CARTESIAN_POINT('',(0.0774891132468041,-0.0216858194360098,0.0194770685045294));
#5641=CARTESIAN_POINT('',(0.0774891151022965,-0.0216858198165803,0.0194765139137907));
#5642=CARTESIAN_POINT('',(0.072211117639344,-0.0216859197154609,0.0194770685045294));
#5643=CARTESIAN_POINT('',(0.0770891143036476,-0.021685819538598,0.0194764436631688));
#5644=CARTESIAN_POINT('',(0.0770891142931329,-0.0216858190015123,0.0194770685045294));
#5645=CARTESIAN_POINT('',(0.0770891218699772,-0.0211862484615654,0.0194770685045294));
#5646=CARTESIAN_POINT('',(0.0770891294468216,-0.0206866779216184,0.0194770685045294));
#5647=CARTESIAN_POINT('',(0.0770891370236659,-0.0201871073816715,0.0194770685045294));
#5648=CARTESIAN_POINT('',(0.077089136734337,-0.0201871045361006,0.0194770876458989));
#5649=CARTESIAN_POINT('',(0.0770891367339137,-0.0201871012256109,0.0194770685045294));
#5650=CARTESIAN_POINT('',(0.0755997971234441,-0.0201871506320384,0.0194770685045294));
#5651=CARTESIAN_POINT('',(0.0741104575129746,-0.0201872000384658,0.0194770685045294));
#5652=CARTESIAN_POINT('',(0.072621117902505,-0.0201872494448933,0.0194770685045294));
#5653=CARTESIAN_POINT('',(0.0726211179023115,-0.02018725221218,0.0194770510759417));
#5654=CARTESIAN_POINT('',(0.0726211176568328,-0.0201872544535213,0.0194770685045294));
#5655=CARTESIAN_POINT('',(0.0726211158320908,-0.0206867788101212,0.0194770685045294));
#5656=CARTESIAN_POINT('',(0.0726211140073488,-0.0211863031667211,0.0194770685045294));
#5657=CARTESIAN_POINT('',(0.0726211121826068,-0.0216858275233209,0.0194770685045294));
#5658=CARTESIAN_POINT('',(0.0726211125974305,-0.0216858280917828,0.0194764071494852));
#5659=CARTESIAN_POINT('',(0.072211117639344,-0.0216859198128408,0.0194770685045294));
#5660=CARTESIAN_POINT('',(0.0722211140054547,-0.0216858296045677,0.0194763936743212));
#5661=CARTESIAN_POINT('',(0.0722211138153749,-0.0216858289962836,0.0194770685045294));
#5662=CARTESIAN_POINT('',(0.0722211150939699,-0.021186305791532,0.0194770685045294));
#5663=CARTESIAN_POINT('',(0.0722211163725648,-0.0206867825867803,0.0194770685045294));
#5664=CARTESIAN_POINT('',(0.0722211176511598,-0.0201872593820287,0.0194770685045294));
#5665=CARTESIAN_POINT('',(0.072221117732513,-0.0201872577467803,0.0194770694825152));
#5666=CARTESIAN_POINT('',(0.0708897316377825,-0.0201872535155605,0.0194770705816783));
#5667=CARTESIAN_POINT('',(0.06953144895317,-0.0201872528443996,0.0194770703862646));
#5668=CARTESIAN_POINT('',(0.06953144895317,-0.0219359160008014,0.0194770706873856));
#5669=CARTESIAN_POINT('',(0.06953144895317,-0.0196859160008014,0.0194770706219856));
#5670=CARTESIAN_POINT('',(0.053128570449424,-0.0196859160008014,0.0194770706873856));
#5671=CARTESIAN_POINT('',(0.055897262277133,-0.0196859160008014,0.0194770706219856));
#5672=CARTESIAN_POINT('',(0.055897262277132,-0.015003699290201,0.0194770706873856));
#5673=CARTESIAN_POINT('',(0.055897262277133,-0.0150036992348017,0.019477070687391));
#5674=CARTESIAN_POINT('',(0.095437140644726,-0.0150036986096609,0.0194770706873856));
#5675=CARTESIAN_POINT('',(0.0467689186154622,-0.0150036980017809,0.0194770706900967));
#5676=CARTESIAN_POINT('',(0.0821792476381445,-0.00554853523982146,0.0194770707908771));
#5677=CARTESIAN_POINT('',(0.0466730360181746,-0.014637014190266,0.0194770696087606));
#5678=CARTESIAN_POINT('',(0.0458444176210941,0.0220135703943797,0.0194770685045294));
#5679=CARTESIAN_POINT('',(0.0458038516710805,0.0189541850655571,0.0194770685045294));
#5680=CARTESIAN_POINT('',(0.0457529157326482,0.0128352916124712,0.0194770685045294));
#5681=CARTESIAN_POINT('',(0.0457534300570835,0.00518636434214745,0.0194770685045294));
#5682=CARTESIAN_POINT('',(0.0457908627406532,-0.000932863650781154,0.0194770685045294));
#5683=CARTESIAN_POINT('',(0.0458356949043463,-0.00475697968083907,0.0194770685045294));
#5684=CARTESIAN_POINT('',(0.0458766425214796,-0.00781664034910664,0.0194770685045294));
#5685=CARTESIAN_POINT('',(0.0459401977184964,-0.0101083097968544,0.0194770685045294));
#5686=CARTESIAN_POINT('',(0.0461603606757247,-0.0123858702024378,0.0194770685045294));
#5687=CARTESIAN_POINT('',(0.0464814900011404,-0.0138884970995255,0.0194770685045294));
#5688=CARTESIAN_POINT('',(0.0466730359884686,-0.0146370141978689,0.0194770685045294));
#5689=CARTESIAN_POINT('',(0.045844685932679,0.0220135668366996,0.0194770729765128));
#5690=CARTESIAN_POINT('',(0.0460462249826844,0.0264443812778722,0.0194770685045294));
#5691=CARTESIAN_POINT('',(0.0460455217437021,0.0264297598610751,0.0194770685045294));
#5692=CARTESIAN_POINT('',(0.0460448185047199,0.026415138444278,0.0194770685045294));
#5693=CARTESIAN_POINT('',(0.0460441152657376,0.026400517027481,0.0194770685045294));
#5694=CARTESIAN_POINT('',(0.0459737913675105,0.0249383753477738,0.0194770685045294));
#5695=CARTESIAN_POINT('',(0.0459078590166613,0.0234760339479554,0.0194770685045294));
#5696=CARTESIAN_POINT('',(0.0458450619167232,0.0220135506924433,0.0194770685045294));
#5697=CARTESIAN_POINT('',(0.0460441573147517,0.026401391279937,0.0194770685045294));
#5698=CARTESIAN_POINT('',(0.0460441573147517,0.026401391279937,0.0194770685045294));
#5699=CARTESIAN_POINT('',(0.0464608963622122,0.026782199880421,0.0194770685045294));
#5700=CARTESIAN_POINT('',(0.0469276849551342,0.0271035142704934,0.0194770685045294));
#5701=CARTESIAN_POINT('',(0.0474257549261964,0.0273689520956089,0.0194770685045294));
#5702=CARTESIAN_POINT('',(0.04742591977191,0.0273686427775992,0.0194770715390382));
#5703=CARTESIAN_POINT('',(0.0474257549261997,0.0273689520956028,0.0194770685045294));
#5704=CARTESIAN_POINT('',(0.0481543707098626,0.0277572553465304,0.0194770685045294));
#5705=CARTESIAN_POINT('',(0.0496849803633923,0.0282840859046625,0.0194770685045294));
#5706=CARTESIAN_POINT('',(0.0520240458466073,0.028927552479716,0.0194770685045294));
#5707=CARTESIAN_POINT('',(0.0543798755683784,0.0295136233847515,0.0194770685045294));
#5708=CARTESIAN_POINT('',(0.0575571039992589,0.0301737576338869,0.0194770685045294));
#5709=CARTESIAN_POINT('',(0.0615623271771314,0.030822680621751,0.0194770685045294));
#5710=CARTESIAN_POINT('',(0.0647995550666423,0.0310431592080168,0.0194770685045294));
#5711=CARTESIAN_POINT('',(0.0664165921389817,0.0311636143308818,0.0194770685045294));
#5712=CARTESIAN_POINT('',(0.0664166020355529,0.0311634814754073,0.0194770695930531));
#5713=CARTESIAN_POINT('',(0.0664166020954867,0.0311636092066987,0.0194770685045294));
#5714=CARTESIAN_POINT('',(0.0664166020791398,0.0163620994041996,0.0194770706873871));
#5715=CARTESIAN_POINT('',(0.095437140644726,0.0163620994041996,0.0194770706873856));
#5716=CARTESIAN_POINT('',(0.076146870440297,0.0163620994041996,0.0194770706873886));
#5717=CARTESIAN_POINT('',(0.0761468704975838,0.029733290764499,0.0194770685045294));
#5718=CARTESIAN_POINT('',(0.0761468518996833,0.0307495817930137,0.0194771692690565));
#5719=CARTESIAN_POINT('',(0.0761468182031615,0.030749293394449,0.0194770685045294));
#5720=CARTESIAN_POINT('',(0.0792815087502635,0.0303830357860983,0.0194770685045294));
#5721=CARTESIAN_POINT('',(0.0854978184230742,0.0292279730898664,0.0194770685045294));
#5722=CARTESIAN_POINT('',(0.0914649783961552,0.0271421666078222,0.0194770685045294));
#5723=CARTESIAN_POINT('',(0.0943266444862768,0.0258075355389324,0.0194770685045294));
#5724=CARTESIAN_POINT('',(0.0943267109962307,0.0258076781470914,0.0194770144632067));
#5725=CARTESIAN_POINT('',(0.0944989065923118,0.023148321547545,0.0194770685045294));
#5726=CARTESIAN_POINT('',(0.0944464668315316,0.0240350949532608,0.0194770685045294));
#5727=CARTESIAN_POINT('',(0.094392624297516,0.0249217775783536,0.0194770685045294));
#5728=CARTESIAN_POINT('',(0.0943268031326636,0.0258076849926458,0.0194770685045294));
#5729=CARTESIAN_POINT('',(0.0944989063594059,0.023148321533772,0.0194770695864068));
#5730=CARTESIAN_POINT('',(0.0944989061265,0.023148321519999,0.0194770706682843));
#5731=CARTESIAN_POINT('',(0.094498906167535,0.0231483207678984,0.0194770706682843));
#5732=CARTESIAN_POINT('',(0.094498906208571,0.0231483200157996,0.0194770706682843));
#5733=CARTESIAN_POINT('',(0.0944989067943145,0.0231483092784384,0.0194770706682843));
#5734=CARTESIAN_POINT('',(0.094550307938465,0.0222060633096994,0.0194770706698778));
#5735=CARTESIAN_POINT('',(0.094598125710339,0.0212635306863991,0.0194770706714749));
#5736=CARTESIAN_POINT('',(0.094642144714668,0.0203208139969,0.0194770706730683));
#5737=CARTESIAN_POINT('',(0.094686138959738,0.0193786345967997,0.0194770706746617));
#5738=CARTESIAN_POINT('',(0.094726308614936,0.0184361912659998,0.0194770706762588));
#5739=CARTESIAN_POINT('',(0.094762101080764,0.0174935845640008,0.0194770706778522));
#5740=CARTESIAN_POINT('',(0.09483360352752,0.0156105457859983,0.0194770706810355));
#5741=CARTESIAN_POINT('',(0.094887584838363,0.0137271856303993,0.0194770706842223));
#5742=CARTESIAN_POINT('',(0.094917852674786,0.0118427450439995,0.0194770706874056));
#5743=CARTESIAN_POINT('',(0.094917852674786,0.0118427450439995,0.0194770706874056));
#5744=CARTESIAN_POINT('',(-0.121955542461047,0.00835119171723875,0.0194770706870167));
#5745=CARTESIAN_POINT('',(0.09493598094925,0.0104314645688994,0.0194770706874492));
#5746=CARTESIAN_POINT('',(0.0920855766987715,0.0104314645688994,0.0194770706874365));
#5747=CARTESIAN_POINT('',(0.089235172448293,0.0104314645688994,0.0194770706874238));
#5748=CARTESIAN_POINT('',(0.089198143150541,0.0093182584630398,0.0194770706874093));
#5749=CARTESIAN_POINT('',(0.089161113852789,0.00820505235719971,0.0194770706873947));
#5750=CARTESIAN_POINT('',(0.089161113852786,-0.0207034872251004,0.0194770706873856));
#5751=CARTESIAN_POINT('',(0.0891611140194515,-0.00722135910928046,0.0194770708540777));
#5752=CARTESIAN_POINT('',(0.091655904973992,-0.00722135983630068,0.0194770706874146));
#5753=CARTESIAN_POINT('',(0.094150696095199,-0.00722135984620032,0.0194770706874183));
#5754=CARTESIAN_POINT('',(0.094150696095199,-0.00722135984620032,0.0194770706874183));
#5755=CARTESIAN_POINT('',(0.094018458466767,-0.00834218931059994,0.0194770706874147));
#5756=CARTESIAN_POINT('',(0.093863531804453,-0.00946028466769988,0.0194770706874092));
#5757=CARTESIAN_POINT('',(0.09367965276334,-0.0105740538355992,0.0194770706874056));
#5758=CARTESIAN_POINT('',(0.093529248212698,-0.0114850677456015,0.0194770706874019));
#5759=CARTESIAN_POINT('',(0.093359089739848,-0.0123930725681003,0.0194770706873947));
#5760=CARTESIAN_POINT('',(0.093164340522673,-0.0132956902962,0.019477070687391));
#5761=CARTESIAN_POINT('',(0.093164340522673,-0.0132956902962,0.019477070687391));
#5762=CARTESIAN_POINT('',(0.093164340522673,-0.0132956902962,0.019477070687391));
#5763=CARTESIAN_POINT('',(0.093076176972916,-0.0137043122646006,0.0194770706873437));
#5764=CARTESIAN_POINT('',(0.092982929414155,-0.0141120615634005,0.0194770706873001));
#5765=CARTESIAN_POINT('',(0.092883982981974,-0.0145184363680002,0.0194770706872528));
#5766=CARTESIAN_POINT('',(0.092766021714549,-0.0150029054483998,0.0194770706871982));
#5767=CARTESIAN_POINT('',(0.092639960772127,-0.0154854209923006,0.0194770706871436));
#5768=CARTESIAN_POINT('',(0.092504758323812,-0.0159651327043999,0.0194770706870891));
#5769=CARTESIAN_POINT('',(0.092503346287408,-0.0159701430524013,0.0194770706870891));
#5770=CARTESIAN_POINT('',(0.092501933235179,-0.0159751531743009,0.0194770706870891));
#5771=CARTESIAN_POINT('',(0.092500519165472,-0.0159801630682015,0.0194770706870891));
#5772=CARTESIAN_POINT('',(0.092255673173866,-0.016847625574501,0.019477070686989));
#5773=CARTESIAN_POINT('',(0.091980322271619,-0.0177082553074009,0.0194770706868908));
#5774=CARTESIAN_POINT('',(0.091665878978527,-0.0185531227961011,0.0194770706867926));
#5775=CARTESIAN_POINT('',(0.091658207639342,-0.0185737357200999,0.0194770706867889));
#5776=CARTESIAN_POINT('',(0.091650512487754,-0.0185943408959002,0.0194770706867889));
#5777=CARTESIAN_POINT('',(0.091642793359903,-0.0186149380822016,0.0194770706867853));
#5778=CARTESIAN_POINT('',(0.091493078297887,-0.0190144273888002,0.019477070686738));
#5779=CARTESIAN_POINT('',(0.091334343869775,-0.019410911248201,0.0194770706866943));
#5780=CARTESIAN_POINT('',(0.091165394534563,-0.0198026303266996,0.019477070686647));
#5781=CARTESIAN_POINT('',(0.09115122412657,-0.0198354852601011,0.0194770706866434));
#5782=CARTESIAN_POINT('',(0.091136980733098,-0.0198683092881992,0.0194770706866398));
#5783=CARTESIAN_POINT('',(0.091122663630491,-0.0199011014060009,0.0194770706866252));
#5784=CARTESIAN_POINT('',(0.091081091994632,-0.0199963177371014,0.0194770706865816));
#5785=CARTESIAN_POINT('',(0.09103889891009,-0.0200912650294,0.0194770706864506));
#5786=CARTESIAN_POINT('',(0.090996066661174,-0.0201859186801006,0.019477070685974));
#5787=CARTESIAN_POINT('',(0.090996066661174,-0.0201859186801006,0.0194770695952517));
#5788=CARTESIAN_POINT('',(0.090532086317565,-0.0201859143887013,0.0194770685045294));
#5789=CARTESIAN_POINT('',(0.0885451448934305,-0.0201859198005004,0.0194770935267096));
#5790=CARTESIAN_POINT('',(0.0885451448920544,-0.0201859430896505,0.0194770685045294));
#5791=CARTESIAN_POINT('',(0.0881051551682736,-0.020186006642991,0.0194770685045294));
#5792=CARTESIAN_POINT('',(0.0876651654444927,-0.0201860701963315,0.0194770685045294));
#5793=CARTESIAN_POINT('',(0.0872251757207119,-0.020186133749672,0.0194770685045294));
#5794=CARTESIAN_POINT('',(0.0872251757195315,-0.0201861367386993,0.0194770460780436));
#5795=CARTESIAN_POINT('',(0.0872251754855092,-0.0201861392234832,0.0194770685045294));
#5796=CARTESIAN_POINT('',(0.0872251745486456,-0.0206859023879016,0.0194770685045294));
#5797=CARTESIAN_POINT('',(0.0872251736117819,-0.0211856655523199,0.0194770685045294));
#5798=CARTESIAN_POINT('',(0.0872251726749183,-0.0216854287167383,0.0194770685045294));
#5799=CARTESIAN_POINT('',(0.0872251724129925,-0.0216856741039208,0.0194769535305017));
#5800=CARTESIAN_POINT('',(0.072211117639344,-0.0216859195207011,0.0194770685045294));
#5801=CARTESIAN_POINT('',(0.05944008287812,0.0572814749920987,0.00626471637632631));
#5802=CARTESIAN_POINT('',(0.083182120435455,0.0572814749920987,0.00626471637632631));
#5803=CARTESIAN_POINT('',(0.0831821189638089,0.0611600841692092,0.00627091214143098));
#5804=CARTESIAN_POINT('',(0.083182120185455,0.0572814750069988,0.00626471634974526));
#5805=CARTESIAN_POINT('',(0.05944008287812,0.0572814749920987,0.00626471637632629));
#5806=CARTESIAN_POINT('',(0.0816821206021215,0.0572814750896598,0.00626471654314997));
#5807=CARTESIAN_POINT('',(0.081682120435455,0.0540622851903407,0.00625954313144011));
#5808=CARTESIAN_POINT('',(0.0816821196649551,0.0611600846516816,0.00627091191329462));
#5809=CARTESIAN_POINT('',(0.085916105610756,0.0611600121338007,0.00627094919379589));
#5810=CARTESIAN_POINT('',(0.05944008287812,0.0548517780000992,0.0106000219830671));
#5811=CARTESIAN_POINT('',(0.0831821443544695,0.0554184876176475,0.00958884265064321));
#5812=CARTESIAN_POINT('',(0.0826822199468602,0.0554052039087357,0.00961254475749579));
#5813=CARTESIAN_POINT('',(0.0821822181538014,0.0553926595514527,0.00963492764006976));
#5814=CARTESIAN_POINT('',(0.0816821278513811,0.055380960825242,0.00965580166407375));
#5815=CARTESIAN_POINT('',(0.083182144098039,0.0554184904102399,0.00958883880710914));
#5816=CARTESIAN_POINT('',(0.081682120435455,0.0553810365978986,0.00965566646306155));
#5817=CARTESIAN_POINT('',(0.081682120435455,0.056743343660278,0.00722490350569021));
#5818=CARTESIAN_POINT('',(0.083182120435455,0.0548517780000992,0.0106000219830671));
#5819=CARTESIAN_POINT('',(0.081682120435455,0.0540631477326006,0.00572280317548767));
#5820=CARTESIAN_POINT('',(0.081682120435455,0.0553810718465537,0.00965576012797503));
#5821=CARTESIAN_POINT('',(0.081682120435455,0.0569098637997089,0.00908043412524909));
#5822=CARTESIAN_POINT('',(0.081682120435455,0.0584422013969456,0.00851460730129992));
#5823=CARTESIAN_POINT('',(0.081682120435455,0.0599753697016653,0.00795106327417075));
#5824=CARTESIAN_POINT('',(0.0816821071400127,0.0599753679295975,0.00795105845311321));
#5825=CARTESIAN_POINT('',(0.081682120435455,0.0637660455609996,0.00257488900651288));
#5826=CARTESIAN_POINT('',(0.05944008287812,0.0548517780000992,0.0106000219830671));
#5827=CARTESIAN_POINT('',(0.060940082865773,0.0553725821627005,0.00967075237607131));
#5828=CARTESIAN_POINT('',(0.060656013709594,0.0553789617788407,0.00965936923417648));
#5829=CARTESIAN_POINT('',(0.0603719547705353,0.055385447047989,0.00964779690191083));
#5830=CARTESIAN_POINT('',(0.060087924092011,0.0553922256353996,0.00963570187602744));
#5831=CARTESIAN_POINT('',(0.0609400828719465,0.0553725820847089,0.0096707521782998));
#5832=CARTESIAN_POINT('',(0.060087926158645,0.0553922465347991,0.00963566458522792));
#5833=CARTESIAN_POINT('',(0.059497540993902,0.0554067048985587,0.00960986654305319));
#5834=CARTESIAN_POINT('',(0.05944008287812,0.0554082850089994,0.00960704715376733));
#5835=CARTESIAN_POINT('',(0.05944008287812,0.0548517780000992,0.0106000219830671));
#5836=CARTESIAN_POINT('',(0.05944008287812,0.0572814749920987,0.00626471637632631));
#5837=CARTESIAN_POINT('',(0.05944008287812,0.0572814749920987,0.00626471637632629));
#5838=CARTESIAN_POINT('',(0.06094008287812,0.0572814749920987,0.00626471637632631));
#5839=CARTESIAN_POINT('',(0.06094008287812,0.0544321599700997,0.0113487459614629));
#5840=CARTESIAN_POINT('',(0.05944008287812,0.0572814749920987,0.00626471637632631));
#5841=CARTESIAN_POINT('',(0.05944008287812,0.0572814749920987,0.00626471637632631));
#5842=CARTESIAN_POINT('',(0.0594400828781105,0.0611600247000794,0.00627094921398989));
#5843=CARTESIAN_POINT('',(0.059440083755315,0.0611600247002588,0.00627094921399022));
#5844=CARTESIAN_POINT('',(0.0595003089193915,0.0611601530206993,0.00627076827553511));
#5845=CARTESIAN_POINT('',(0.0594400835801235,0.0611600136549608,0.00627094919624039));
#5846=CARTESIAN_POINT('',(0.060107193165757,0.0611601018610983,0.00627082290973865));
#5847=CARTESIAN_POINT('',(0.085916105610756,0.0611600121338007,0.00627094919379589));
#5848=CARTESIAN_POINT('',(0.06094008287812,0.0611600121338007,0.00627094919379625));
#5849=CARTESIAN_POINT('',(0.06094008287812,0.0540709937245598,0.0062595571260732));
#5850=CARTESIAN_POINT('',(0.06094008287812,0.0540631477326006,0.0111419351839091));
#5851=CARTESIAN_POINT('',(0.06094008287812,0.060056243169509,0.00783639446037858));
#5852=CARTESIAN_POINT('',(0.06094008287812,0.0584966526410211,0.00845202037664044));
#5853=CARTESIAN_POINT('',(0.06094008287812,0.0569324051321186,0.00905573874282089));
#5854=CARTESIAN_POINT('',(0.06094008287812,0.0553725823188925,0.00967075277231196));
#5855=CARTESIAN_POINT('',(0.0609400826780245,0.0600562425742712,0.00783639293766271));
#5856=CARTESIAN_POINT('',(0.06094008287812,0.0637660455609996,0.00257488900651288));
#5857=CARTESIAN_POINT('',(0.085916105610756,0.0637660455609996,0.00257488900651288));
#5858=CARTESIAN_POINT('',(0.079671342110995,0.061297202190401,0.00607637659127205));
#5859=CARTESIAN_POINT('',(0.079671342110995,0.0612029466312967,0.00621005646496583));
#5860=CARTESIAN_POINT('',(0.079671342110995,0.0613914577494992,0.00594269671755598));
#5861=CARTESIAN_POINT('',(0.079671342110995,0.0611836767129397,0.006237386420647));
#5862=CARTESIAN_POINT('',(0.079671342020917,0.061164395035924,0.00626473526467801));
#5863=CARTESIAN_POINT('',(0.0803713421109925,0.0955341606422202,-0.0424808896919824));
#5864=CARTESIAN_POINT('',(0.0810713421101795,0.061164406970839,0.00626471612633876));
#5865=CARTESIAN_POINT('',(0.081071342110994,0.0632611528201981,0.00329096345843628));
#5866=CARTESIAN_POINT('',(0.0810713421109945,0.0613914577494779,0.00594269671757083));
#5867=CARTESIAN_POINT('',(0.080371342110999,0.0635823479794997,0.00283542185708805));
#5868=CARTESIAN_POINT('',(0.08256222979308,0.062882340004899,0.00382822247840777));
#5869=CARTESIAN_POINT('',(0.085916105610756,0.0628823415834994,0.00382822023952553));
#5870=CARTESIAN_POINT('',(0.0836936930127965,0.0628823418503889,0.0038282182226154));
#5871=CARTESIAN_POINT('',(0.0836936929344009,0.0628823435247848,0.00382821849463821));
#5872=CARTESIAN_POINT('',(0.0837711582026504,0.0628825729087965,0.0038278931660739));
#5873=CARTESIAN_POINT('',(0.0839322925366565,0.0629017280279773,0.0038007245599424));
#5874=CARTESIAN_POINT('',(0.0841045029902837,0.0630597585770429,0.00357659523623894));
#5875=CARTESIAN_POINT('',(0.0841123180786544,0.0631939671268349,0.00338625094164851));
#5876=CARTESIAN_POINT('',(0.0841126766883403,0.0632823384781609,0.00326091646591861));
#5877=CARTESIAN_POINT('',(0.084112685251305,0.0632823384665997,0.00326091648228203));
#5878=CARTESIAN_POINT('',(0.084112684880386,0.0637660455609996,0.00257488900651288));
#5879=CARTESIAN_POINT('',(0.084112682853141,0.0637693121951658,0.00257025602738462));
#5880=CARTESIAN_POINT('',(0.0869808010252805,0.0637622022928166,0.00258033980018729));
#5881=CARTESIAN_POINT('',(0.0860247910459866,0.0637685120075224,0.00257139091830655));
#5882=CARTESIAN_POINT('',(0.0850687665107477,0.0637728719106724,0.0025652073965278));
#5883=CARTESIAN_POINT('',(0.0841126828531556,0.0637693122011093,0.00257025602739224));
#5884=CARTESIAN_POINT('',(0.0869808213102407,0.0637634452260893,0.0025790491283293));
#5885=CARTESIAN_POINT('',(0.086785633632762,0.064003012642079,0.00223880559909618));
#5886=CARTESIAN_POINT('',(0.089801116661643,0.0603288744683201,0.00744961089656771));
#5887=CARTESIAN_POINT('',(0.0898011146219614,0.0603289406542624,0.00744963331052793));
#5888=CARTESIAN_POINT('',(0.0875988457521226,0.0601983495447502,0.00763484682146894));
#5889=CARTESIAN_POINT('',(0.0853923960379678,0.0600976861675907,0.00777761471414187));
#5890=CARTESIAN_POINT('',(0.0831824692336567,0.0600219128403116,0.00788508178470647));
#5891=CARTESIAN_POINT('',(0.083182473870143,0.0600218388364198,0.00788512494931837));
#5892=CARTESIAN_POINT('',(0.083182120435455,0.0637660455609996,0.00257488900651288));
#5893=CARTESIAN_POINT('',(0.0816821061077141,0.0599753971478123,0.0079510536165857));
#5894=CARTESIAN_POINT('',(0.0804873840134018,0.0599412123361925,0.00799953692455836));
#5895=CARTESIAN_POINT('',(0.0792921723394447,0.0599129605148103,0.00803960564782912));
#5896=CARTESIAN_POINT('',(0.0780965984916815,0.0598907622582811,0.00807108877898483));
#5897=CARTESIAN_POINT('',(0.0780965993137512,0.0598907474068917,0.00807110952565368));
#5898=CARTESIAN_POINT('',(0.078096600099819,0.0598907326774985,0.0080711307325346));
#5899=CARTESIAN_POINT('',(0.073573811914568,0.0598113866131106,0.00818366491054675));
#5900=CARTESIAN_POINT('',(0.0690468634419742,0.0598273702786189,0.00816099575016075));
#5901=CARTESIAN_POINT('',(0.0645257418528335,0.0599334183071287,0.00801059096562332));
#5902=CARTESIAN_POINT('',(0.064525739576749,0.0599333743721999,0.00801062840620306));
#5903=CARTESIAN_POINT('',(0.0645257391629634,0.0599333799282351,0.00801064539727388));
#5904=CARTESIAN_POINT('',(0.0633292167708109,0.0599600818209262,0.00797277489205682));
#5905=CARTESIAN_POINT('',(0.0621347165473792,0.0600095938937183,0.00790255338256762));
#5906=CARTESIAN_POINT('',(0.0609400824779289,0.0600562408726355,0.00783639535104226));
#5907=CARTESIAN_POINT('',(0.0601071946826224,0.0611622990144785,0.00626770670399325));
#5908=CARTESIAN_POINT('',(0.060107196232336,0.0611644067125585,0.00626471648168103));
#5909=CARTESIAN_POINT('',(0.0598037525935275,0.0611644066899384,0.0062647166221891));
#5910=CARTESIAN_POINT('',(0.05950030895237,0.0611644145334402,0.00626472223065873));
#5911=CARTESIAN_POINT('',(0.0595003089514078,0.0611644066081131,0.0062647166407605));
#5912=CARTESIAN_POINT('',(0.059500308951695,0.061176077556638,0.00624816407940772));
#5913=CARTESIAN_POINT('',(0.0595003089519823,0.0611877485051631,0.00623161151805494));
#5914=CARTESIAN_POINT('',(0.0595003089522695,0.0611994194536881,0.00621505895670216));
#5915=CARTESIAN_POINT('',(0.059500308703101,0.0611994234072988,0.00621506174528065));
#5916=CARTESIAN_POINT('',(0.0595003087022706,0.0611994195977514,0.00621505875238145));
#5917=CARTESIAN_POINT('',(0.0594601577374891,0.0611994196116397,0.00621505873268396));
#5918=CARTESIAN_POINT('',(0.0594200067727076,0.0611994196255281,0.00621505871298647));
#5919=CARTESIAN_POINT('',(0.0593798558079261,0.0611994196394165,0.00621505869328898));
#5920=CARTESIAN_POINT('',(0.059379855806983,0.0611994150042978,0.00621505572996323));
#5921=CARTESIAN_POINT('',(0.0593798555579261,0.0611994194953552,0.00621505889760695));
#5922=CARTESIAN_POINT('',(0.0593798555581094,0.0611877485942247,0.00623161139174143));
#5923=CARTESIAN_POINT('',(0.0593798555582927,0.0611760776930943,0.00624816388587591));
#5924=CARTESIAN_POINT('',(0.059379855558476,0.0611644067919638,0.00626471638001039));
#5925=CARTESIAN_POINT('',(0.0593798555583295,0.0611644064457391,0.00626471613572674));
#5926=CARTESIAN_POINT('',(0.059379855558256,0.0637660455609996,0.00257488900651288));
#5927=CARTESIAN_POINT('',(0.059379855421236,0.0611310496493189,0.00631203045146389));
#5928=CARTESIAN_POINT('',(0.0593798554202773,0.0611310474728605,0.00631202891634461));
#5929=CARTESIAN_POINT('',(0.0593999313947803,0.0611310474800661,0.00631202890612516));
#5930=CARTESIAN_POINT('',(0.0594200073692832,0.0611310474872717,0.00631202889590571));
#5931=CARTESIAN_POINT('',(0.0594400833437861,0.0611310474944773,0.00631202888568625));
#5932=CARTESIAN_POINT('',(0.0594400833453605,0.061131052968241,0.00631203702256639));
#5933=CARTESIAN_POINT('',(0.05944008287812,0.0637660455609996,0.00257488900651288));
#5934=CARTESIAN_POINT('',(0.060987451703915,0.0714342011672979,-0.00830062945404804));
#5935=CARTESIAN_POINT('',(0.0538840719751955,0.0637660461883591,0.00257488500832888));
#5936=CARTESIAN_POINT('',(0.0538840719752224,0.0637660513519247,0.00257488079341493));
#5937=CARTESIAN_POINT('',(0.0554258879830967,0.0637660476279729,0.00257488607498572));
#5938=CARTESIAN_POINT('',(0.056967703990178,0.0637660206837337,0.00257492428920385));
#5939=CARTESIAN_POINT('',(0.0585095199974355,0.0637659989000219,0.00257495518439854));
#5940=CARTESIAN_POINT('',(0.058509519999422,0.0637660455847993,0.00257488896607857));
#5941=CARTESIAN_POINT('',(0.058509519999422,0.0637660455609996,0.00257488900651288));
#5942=CARTESIAN_POINT('',(0.058509519999421,0.0632823415834984,0.00326091206164848));
#5943=CARTESIAN_POINT('',(0.0585095281914696,0.0632823415945867,0.00326091204601297));
#5944=CARTESIAN_POINT('',(0.0585098860880849,0.0631941459772715,0.00338599728338919));
#5945=CARTESIAN_POINT('',(0.0585172415075034,0.0630614970983338,0.00357412926785248));
#5946=CARTESIAN_POINT('',(0.0586886489854266,0.0629019451313239,0.00380041710703918));
#5947=CARTESIAN_POINT('',(0.0588507816721984,0.0628825777002932,0.00382788536205529));
#5948=CARTESIAN_POINT('',(0.0589285121923332,0.0628823475439772,0.00382821178595591));
#5949=CARTESIAN_POINT('',(0.058928512138693,0.0628823415834994,0.00382822023947075));
#5950=CARTESIAN_POINT('',(0.085916105610756,0.0628823415834994,0.00382822023952553));
#5951=CARTESIAN_POINT('',(0.060059972330231,0.0628823415834994,0.00382822023952553));
#5952=CARTESIAN_POINT('',(0.062250860579197,0.0635823479794997,0.00283542185708805));
#5953=CARTESIAN_POINT('',(0.0615508636961045,0.0613914567535989,0.00594269812999027));
#5954=CARTESIAN_POINT('',(0.061550863696103,0.0654676034165593,0.000161619790289595));
#5955=CARTESIAN_POINT('',(0.061550863696105,0.0611644067945996,0.00626471637632813));
#5956=CARTESIAN_POINT('',(0.0622508636961065,0.0611644067945996,0.00626471637632722));
#5957=CARTESIAN_POINT('',(0.062950863696108,0.0611644067945996,0.00626471637632631));
#5958=CARTESIAN_POINT('',(0.062950863696108,0.063261153855219,0.00329096199052294));
#5959=CARTESIAN_POINT('',(0.062950863696107,0.0613914587452982,0.0059426953051783));
#5960=CARTESIAN_POINT('',(0.062250860579197,0.0635823479794997,0.00283542185708805));
#5961=CARTESIAN_POINT('',(0.0644417487656565,0.0628823415834994,0.00382822023952553));
#5962=CARTESIAN_POINT('',(0.085916105610756,0.0628823415834994,0.00382822023952553));
#5963=CARTESIAN_POINT('',(0.065573211262101,0.0628823415834994,0.00382822040613741));
#5964=CARTESIAN_POINT('',(0.0655732112076602,0.062882347550617,0.00382821177653678));
#5965=CARTESIAN_POINT('',(0.0656504395795817,0.0628825763936989,0.00382788721515731));
#5966=CARTESIAN_POINT('',(0.0658105282364014,0.0629013636368289,0.00380124182349547));
#5967=CARTESIAN_POINT('',(0.0659841522044067,0.0630590269934555,0.00357763254460204));
#5968=CARTESIAN_POINT('',(0.0659918337875675,0.0631938297722596,0.00338644574758293));
#5969=CARTESIAN_POINT('',(0.0659921929669348,0.063282341597933,0.00326091204123794));
#5970=CARTESIAN_POINT('',(0.065992203652497,0.0632823415834984,0.00326091206164848));
#5971=CARTESIAN_POINT('',(0.065992201158968,0.0637660455609996,0.00257488900651288));
#5972=CARTESIAN_POINT('',(0.065992201158968,0.0637660449386894,0.00257489083126213));
#5973=CARTESIAN_POINT('',(0.0766299976744217,0.063765826365238,0.00257519988538321));
#5974=CARTESIAN_POINT('',(0.0730840663665716,0.0637698006194874,0.00256956331804219));
#5975=CARTESIAN_POINT('',(0.0695381345867499,0.063766120131016,0.00257478324606265));
#5976=CARTESIAN_POINT('',(0.0659922030291737,0.0637660441639026,0.00257489098797431));
#5977=CARTESIAN_POINT('',(0.076629998414314,0.0637660455682987,0.00257488898011935));
#5978=CARTESIAN_POINT('',(0.076629998414314,0.0637660455609996,0.00257488900651288));
#5979=CARTESIAN_POINT('',(0.076629998414312,0.0632823384665997,0.00326091648228022));
#5980=CARTESIAN_POINT('',(0.0766300064821477,0.0632823384773442,0.00326091646710564));
#5981=CARTESIAN_POINT('',(0.0766303588948091,0.0631941656699354,0.00338596935386578));
#5982=CARTESIAN_POINT('',(0.0766373781061632,0.0630615740996369,0.00357402005918032));
#5983=CARTESIAN_POINT('',(0.0768090864600578,0.0629021296667003,0.00380015538596865));
#5984=CARTESIAN_POINT('',(0.0769711876738554,0.062882338511621,0.0038282245962799));
#5985=CARTESIAN_POINT('',(0.0770489901116922,0.0628823384665893,0.00382822466014698));
#5986=CARTESIAN_POINT('',(0.0770489906369161,0.0628823392458199,0.00382822244983849));
#5987=CARTESIAN_POINT('',(0.085916105610756,0.0628823415834994,0.00382822023952553));
#5988=CARTESIAN_POINT('',(0.078180453924541,0.0628823415834994,0.00382822023952553));
#5989=CARTESIAN_POINT('',(0.080371342110999,0.0635823479794997,0.00283542185708805));
#5990=CARTESIAN_POINT('',(0.061550863696103,0.0669046931409003,0.00117488896604255));
#5991=CARTESIAN_POINT('',(0.061550863696105,0.0612779317741001,0.00626980322242845));
#5992=CARTESIAN_POINT('',(0.061550863696104,0.0613914567536056,0.00627489006852931));
#5993=CARTESIAN_POINT('',(0.061550863696103,0.0613914567535989,0.00559988900160761));
#5994=CARTESIAN_POINT('',(0.062950863696108,0.0602599900260987,0.00117488896604073));
#5995=CARTESIAN_POINT('',(0.062950863696108,0.061391458745339,0.00559988900160761));
#5996=CARTESIAN_POINT('',(0.0629508636961007,0.0613914587453452,0.00627489006853024));
#5997=CARTESIAN_POINT('',(0.062950863696108,0.06127793276994,0.00626980322242754));
#5998=CARTESIAN_POINT('',(0.061550863696105,0.0613937272532006,0.00627499180544893));
#5999=CARTESIAN_POINT('',(0.061550863696105,0.0613914567535989,0.00627489006852694));
#6000=CARTESIAN_POINT('',(0.061550863696105,0.0611644067945996,0.00626471637632813));
#6001=CARTESIAN_POINT('',(0.061550863696105,0.0611621362949997,0.00626461463940614));
#6002=CARTESIAN_POINT('',(0.062002343166906,0.061246923729561,0.00627499180544529));
#6003=CARTESIAN_POINT('',(0.062002493535182,0.0612461067302004,0.0062748900685233));
#6004=CARTESIAN_POINT('',(0.062017530362771,0.0611644067945996,0.00626471637632449));
#6005=CARTESIAN_POINT('',(0.062017680731047,0.061163589795239,0.0062646146394025));
#6006=CARTESIAN_POINT('',(0.062499387462387,0.0612469253183008,0.00627499180544893));
#6007=CARTESIAN_POINT('',(0.062499237062061,0.0612461083031999,0.00627489006852694));
#6008=CARTESIAN_POINT('',(0.062484197029441,0.0611644067945996,0.00626471637632813));
#6009=CARTESIAN_POINT('',(0.062484046629115,0.0611635897794987,0.00626461463940614));
#6010=CARTESIAN_POINT('',(0.062950863696108,0.0613937292648004,0.00627499180544893));
#6011=CARTESIAN_POINT('',(0.062950863696108,0.0613914587452982,0.00627489006852694));
#6012=CARTESIAN_POINT('',(0.062950863696108,0.0611644067945996,0.00626471637632813));
#6013=CARTESIAN_POINT('',(0.062950863696108,0.0611621362750991,0.00626461463940614));
#6014=CARTESIAN_POINT('',(0.0615508636961107,0.0613914567536105,0.00627489006852754));
#6015=CARTESIAN_POINT('',(0.0620042977934805,0.0612465830825249,0.00627493743186278));
#6016=CARTESIAN_POINT('',(0.0624974300096148,0.0612465837836641,0.00627493743293968));
#6017=CARTESIAN_POINT('',(0.0629508636960935,0.0613914587453429,0.00627489006852915));
#6018=CARTESIAN_POINT('',(0.0707298221587144,0.0373638777536887,0.0186304517166304));
#6019=CARTESIAN_POINT('',(0.0707610431414667,0.0381944874469195,0.0182972113662924));
#6020=CARTESIAN_POINT('',(0.0708154445720751,0.039640232561057,0.0177155829738607));
#6021=CARTESIAN_POINT('',(0.0708698098741208,0.0410850994332634,0.0171329947442348));
#6022=CARTESIAN_POINT('',(0.0709216754819426,0.0424639632054175,0.0165769158025868));
#6023=CARTESIAN_POINT('',(0.0711829720317583,0.0494118390410519,0.0137730858255701));
#6024=CARTESIAN_POINT('',(0.0714649425468175,0.0570507112223072,0.0107112689111654));
#6025=CARTESIAN_POINT('',(0.071688956176452,0.0640597080138599,0.00819929284828383));
#6026=CARTESIAN_POINT('',(0.0717175707337223,0.0649642821457958,0.00787924259063989));
#6027=CARTESIAN_POINT('',(0.0717799869433839,0.0668942976447374,0.00719634273931017));
#6028=CARTESIAN_POINT('',(0.07184240324071,0.0688243131790049,0.00651344264434592));
#6029=CARTESIAN_POINT('',(0.0718982808463478,0.0705521394906445,0.00590208322010733));
#6030=CARTESIAN_POINT('',(0.0707781703228645,0.0373569747678126,0.0186326269211364));
#6031=CARTESIAN_POINT('',(0.0708093786340739,0.0381874868505702,0.0182994489455788));
#6032=CARTESIAN_POINT('',(0.0708637584839382,0.0396330621749707,0.017717928837568));
#6033=CARTESIAN_POINT('',(0.0709181033262464,0.0410777591860477,0.0171354472395035));
#6034=CARTESIAN_POINT('',(0.0709699499680789,0.0424564609243937,0.0165794689891211));
#6035=CARTESIAN_POINT('',(0.0712311544454005,0.0494035181150961,0.0137761384142085));
#6036=CARTESIAN_POINT('',(0.0715130615756847,0.057041458630183,0.010714794123984));
#6037=CARTESIAN_POINT('',(0.0717370780839329,0.0640495753817586,0.00820318047330679));
#6038=CARTESIAN_POINT('',(0.0717656937407025,0.0649540356105753,0.00788317606201393));
#6039=CARTESIAN_POINT('',(0.071828111699099,0.0668838079906372,0.00720037385550892));
#6040=CARTESIAN_POINT('',(0.0718905297464431,0.0688135804082972,0.00651757141220728));
#6041=CARTESIAN_POINT('',(0.0719464089197911,0.0705411890741557,0.00590629941511355));
#6042=CARTESIAN_POINT('',(0.0708265184870146,0.0373500717819363,0.0186348021256424));
#6043=CARTESIAN_POINT('',(0.0708577141266812,0.0381804862542204,0.0183016865248652));
#6044=CARTESIAN_POINT('',(0.0709120723958013,0.0396258917888836,0.0177202747012753));
#6045=CARTESIAN_POINT('',(0.0709663967783719,0.0410704189388298,0.0171378997347722));
#6046=CARTESIAN_POINT('',(0.0710182244542151,0.0424489586433669,0.0165820221756555));
#6047=CARTESIAN_POINT('',(0.0712793368590427,0.0493951971891422,0.013779191002847));
#6048=CARTESIAN_POINT('',(0.0715611806045518,0.0570322060380582,0.0107183193368026));
#6049=CARTESIAN_POINT('',(0.0717851999914138,0.0640394427496546,0.00820706809832976));
#6050=CARTESIAN_POINT('',(0.0718138167476828,0.064943789075358,0.00788710953338798));
#6051=CARTESIAN_POINT('',(0.071876236454814,0.0668733183365343,0.00720440497170768));
#6052=CARTESIAN_POINT('',(0.0719386562521763,0.0688028476375862,0.00652170018006865));
#6053=CARTESIAN_POINT('',(0.0719945369932344,0.0705302386576638,0.00591051561011978));
#6054=CARTESIAN_POINT('',(0.0708748666511647,0.0373431687960592,0.0186369773301485));
#6055=CARTESIAN_POINT('',(0.0709060496192885,0.0381734856578685,0.0183039241041517));
#6056=CARTESIAN_POINT('',(0.0709603863076644,0.0396187214027913,0.0177226205649826));
#6057=CARTESIAN_POINT('',(0.0710146902304975,0.0410630786916002,0.0171403522300409));
#6058=CARTESIAN_POINT('',(0.0710664989403515,0.0424414563623401,0.0165845753621898));
#6059=CARTESIAN_POINT('',(0.071327519272685,0.049386876263199,0.0137822435914854));
#6060=CARTESIAN_POINT('',(0.071609299633419,0.057022953445939,0.0107218445496212));
#6061=CARTESIAN_POINT('',(0.0718333218988945,0.0640293101175384,0.00821095572335272));
#6062=CARTESIAN_POINT('',(0.071861939754663,0.0649335425401407,0.00789104300476202));
#6063=CARTESIAN_POINT('',(0.0719243612105289,0.0668628286824314,0.00720843608790643));
#6064=CARTESIAN_POINT('',(0.0719867827579095,0.0687921148668748,0.00652582894793001));
#6065=CARTESIAN_POINT('',(0.0720426650666776,0.0705192882411714,0.00591473180512601));
#6066=CARTESIAN_POINT('',(0.0789794088056648,0.0361860299257734,0.019001604134987));
#6067=CARTESIAN_POINT('',(0.079008467658946,0.0369999844663999,0.0186790067152437));
#6068=CARTESIAN_POINT('',(0.0790591867942236,0.0384167585707562,0.0181158547578139));
#6069=CARTESIAN_POINT('',(0.0791100610769097,0.0398326422512552,0.0175514609378524));
#6070=CARTESIAN_POINT('',(0.0791586905417428,0.041183858398415,0.0170125628206545));
#6071=CARTESIAN_POINT('',(0.0794042768773148,0.0479920498752682,0.0142939451986832));
#6072=CARTESIAN_POINT('',(0.0796754321276388,0.0554719530258962,0.0113127715557272));
#6073=CARTESIAN_POINT('',(0.0798999369315431,0.0623307896986392,0.00886263343301059));
#6074=CARTESIAN_POINT('',(0.0799287390950112,0.0632159286848505,0.00855040588078562));
#6075=CARTESIAN_POINT('',(0.0799914536890971,0.0651044611143572,0.00788416704350336));
#6076=CARTESIAN_POINT('',(0.0800541685898182,0.066992993966368,0.00721792912932855));
#6077=CARTESIAN_POINT('',(0.0801103136918646,0.0686836836509803,0.00662148728923254));
#6078=CARTESIAN_POINT('',(0.0871203649203312,0.0349408389971029,0.0189133870497695));
#6079=CARTESIAN_POINT('',(0.0871464742744628,0.0357440183574634,0.0186114363284073));
#6080=CARTESIAN_POINT('',(0.0871922327385691,0.0371419168964424,0.0180834932498725));
#6081=CARTESIAN_POINT('',(0.0872385164098681,0.0385384833895698,0.0175525961436515));
#6082=CARTESIAN_POINT('',(0.0872829361399167,0.0398710478520667,0.0170448355545951));
#6083=CARTESIAN_POINT('',(0.0875084094189837,0.0465834662732495,0.0144777537997123));
#6084=CARTESIAN_POINT('',(0.0877696192456485,0.0539343172647808,0.0116046696607434));
#6085=CARTESIAN_POINT('',(0.0880047534884233,0.0606237205050461,0.00916307093006466));
#6086=CARTESIAN_POINT('',(0.0880351091793991,0.0614860355069064,0.0088508481148147));
#6087=CARTESIAN_POINT('',(0.0881005444188982,0.0633238602854219,0.00818536256394392));
#6088=CARTESIAN_POINT('',(0.0881659770772227,0.065161681810603,0.0075198684039276));
#6089=CARTESIAN_POINT('',(0.0882245529731761,0.0668069697969531,0.00692408486285141));
#6090=CARTESIAN_POINT('',(0.0952977283156895,0.0336054094729638,0.0183733132662568));
#6091=CARTESIAN_POINT('',(0.0953201174669339,0.0344034275312136,0.018102180081584));
#6092=CARTESIAN_POINT('',(0.0953596489148145,0.0357920989888866,0.0176264685771182));
#6093=CARTESIAN_POINT('',(0.0954002264955702,0.0371785962645787,0.0171446548677084));
#6094=CARTESIAN_POINT('',(0.0954394390263813,0.038501116255973,0.0166822582466968));
#6095=CARTESIAN_POINT('',(0.0956402175331999,0.0451597721166242,0.0143343527537092));
#6096=CARTESIAN_POINT('',(0.0958915846448161,0.0524099852533772,0.0115977090911518));
#6097=CARTESIAN_POINT('',(0.0961470200300374,0.0589094143155578,0.0091114527276211));
#6098=CARTESIAN_POINT('',(0.0961802496598345,0.0597453110123512,0.00879144783295578));
#6099=CARTESIAN_POINT('',(0.0962508086802838,0.0615224485261248,0.0081110787367439));
#6100=CARTESIAN_POINT('',(0.0963213500514072,0.0632995754944043,0.00743068050894044));
#6101=CARTESIAN_POINT('',(0.0963844865888957,0.0648905216449156,0.00682153819573956));
#6102=CARTESIAN_POINT('',(0.085384887411383,0.0495101827343525,0.0133478463981194));
#6103=CARTESIAN_POINT('',(0.085384887411383,0.0494989765278011,0.0133521398535922));
#6104=CARTESIAN_POINT('',(0.085384887411383,0.0494877703212498,0.0133564333090651));
#6105=CARTESIAN_POINT('',(0.085384887411383,0.0494765641146984,0.013360726764538));
#6106=CARTESIAN_POINT('',(0.085384887411383,0.0490228069217995,0.0135345756307247));
#6107=CARTESIAN_POINT('',(0.085384887411383,0.0485691141651987,0.0137085928226147));
#6108=CARTESIAN_POINT('',(0.085384887411383,0.0481154578452987,0.0138827043624801));
#6109=CARTESIAN_POINT('',(0.085384887411383,0.0474487421148009,0.0141385866791384));
#6110=CARTESIAN_POINT('',(0.085384887411383,0.046782105188699,0.0143946738994359));
#6111=CARTESIAN_POINT('',(0.085384887411383,0.0461154578452998,0.0146507307680636));
#6112=CARTESIAN_POINT('',(0.0853848836293488,0.0494765077378484,0.0133605788178069));
#6113=CARTESIAN_POINT('',(0.085384887411383,0.0461154578452998,0.0146507307680636));
#6114=CARTESIAN_POINT('',(0.084548940024651,0.0494765639808074,0.0134011618013531));
#6115=CARTESIAN_POINT('',(0.0848276030464059,0.0494766762701456,0.0133879758445116));
#6116=CARTESIAN_POINT('',(0.0851062476357529,0.0494766384274239,0.0133743990712415));
#6117=CARTESIAN_POINT('',(0.085384872519678,0.0494764512911828,0.0133604312225164));
#6118=CARTESIAN_POINT('',(0.084548940040991,0.049476564113899,0.0134011621478126));
#6119=CARTESIAN_POINT('',(0.0845489263724002,0.0499764548735463,0.013208862368503));
#6120=CARTESIAN_POINT('',(0.0845489345001269,0.0498098543693316,0.0132730395925247));
#6121=CARTESIAN_POINT('',(0.0845489390883026,0.0496432240471466,0.0133371394112017));
#6122=CARTESIAN_POINT('',(0.084548940024651,0.0494765639808074,0.0134011618013531));
#6123=CARTESIAN_POINT('',(0.084548940009769,0.0499765697577992,0.0132091605999081));
#6124=CARTESIAN_POINT('',(0.0684795234492547,-0.064108410011228,-0.332351010999826));
#6125=CARTESIAN_POINT('',(0.083865614949516,0.0499766892459004,0.0132402517040969));
#6126=CARTESIAN_POINT('',(0.083865613719007,0.0499766786129095,0.0132402240592701));
#6127=CARTESIAN_POINT('',(0.0838682083665811,0.0475643572546247,0.0141679400339679));
#6128=CARTESIAN_POINT('',(0.0838711146942087,0.0451571236413902,0.0151015942987842));
#6129=CARTESIAN_POINT('',(0.0838752411306355,0.0427493481179954,0.0160303300605528));
#6130=CARTESIAN_POINT('',(0.083875242725437,0.0427493562122993,0.0160303512210226));
#6131=CARTESIAN_POINT('',(0.0838752411306355,0.0427493481179958,0.0160303300605526));
#6132=CARTESIAN_POINT('',(0.083854373388864,0.0427493893144377,0.0160314829850923));
#6133=CARTESIAN_POINT('',(0.0838335057797228,0.042749429852206,0.016032634021233));
#6134=CARTESIAN_POINT('',(0.0838126383032514,0.0427494697303124,0.0160337831674988));
#6135=CARTESIAN_POINT('',(0.083812638861603,0.0427494735798995,0.0160337931441022));
#6136=CARTESIAN_POINT('',(0.541733457466435,-0.634260796280812,-1.73809513612738));
#6137=CARTESIAN_POINT('',(0.083812640353814,0.0423179924380985,0.0162002524326485));
#6138=CARTESIAN_POINT('',(0.066690957213531,0.042314235510398,-0.286017586424463));
#6139=CARTESIAN_POINT('',(0.083108763864329,0.0423179923680799,0.0162393072698136));
#6140=CARTESIAN_POINT('',(0.083108762949706,0.042317992384799,0.0162393073130147));
#6141=CARTESIAN_POINT('',(0.083108763337616,0.0416597103007987,0.0164940944487858));
#6142=CARTESIAN_POINT('',(0.08310876455026,0.0410014141027002,0.0167485007255086));
#6143=CARTESIAN_POINT('',(0.083108764778952,0.0403429918210989,0.0170023074707056));
#6144=CARTESIAN_POINT('',(0.0831087645825406,0.0403429916246874,0.0170023065854351));
#6145=CARTESIAN_POINT('',(0.0790989911141802,0.0363332181563271,0.0187764637045982));
#6146=CARTESIAN_POINT('',(0.0804361981572398,0.0376704251993867,0.0181878619303468));
#6147=CARTESIAN_POINT('',(0.0817725162044725,0.0390067432466194,0.0175952417183956));
#6148=CARTESIAN_POINT('',(0.0831087643861291,0.040342991428276,0.0170023057001645));
#6149=CARTESIAN_POINT('',(0.079098993145669,0.0363332163834705,0.0187764642921682));
#6150=CARTESIAN_POINT('',(0.0790989961925627,0.0363332137241764,0.0187764651735458));
#6151=CARTESIAN_POINT('',(0.0841832231346001,0.0363332504317478,0.0185187985078582));
#6152=CARTESIAN_POINT('',(0.089559947273235,0.0363331706974119,0.01807797900842));
#6153=CARTESIAN_POINT('',(0.0952287950379927,0.0363332336578195,0.0174539440344469));
#6154=CARTESIAN_POINT('',(0.095228792153947,0.0363332246572003,0.0174539178343398));
#6155=CARTESIAN_POINT('',(0.092648191894423,0.0595612997417103,0.00914375730584407));
#6156=CARTESIAN_POINT('',(0.0930277744937263,0.0592073314732049,0.00924814700079302));
#6157=CARTESIAN_POINT('',(0.0935789831646743,0.0586623532223297,0.00941101170982388));
#6158=CARTESIAN_POINT('',(0.0941196322555125,0.0577852246193855,0.00969943264820967));
#6159=CARTESIAN_POINT('',(0.0943756645586737,0.0568306661625047,0.0100389983658412));
#6160=CARTESIAN_POINT('',(0.0944588704772042,0.0555911644074438,0.0104993480859946));
#6161=CARTESIAN_POINT('',(0.0945247182295332,0.0541188729533665,0.0110484034820071));
#6162=CARTESIAN_POINT('',(0.0945831392242913,0.0526418670696637,0.0115989635769438));
#6163=CARTESIAN_POINT('',(0.0946575316047736,0.050673293078657,0.0123310761057245));
#6164=CARTESIAN_POINT('',(0.0947845891521394,0.0472252518456104,0.0136063987653584));
#6165=CARTESIAN_POINT('',(0.0949754590806042,0.0422894714974325,0.0153994536674474));
#6166=CARTESIAN_POINT('',(0.0951425199104079,0.0383223907790437,0.016780098663088));
#6167=CARTESIAN_POINT('',(0.095228786136153,0.0363332336093498,0.0174539450309912));
#6168=CARTESIAN_POINT('',(0.0926480142121455,0.0595611600620796,0.00914392976485659));
#6169=CARTESIAN_POINT('',(0.0835245942012158,0.0676915886907111,0.00671608291918873));
#6170=CARTESIAN_POINT('',(0.0865574963904513,0.0649816458135116,0.00755663055749341));
#6171=CARTESIAN_POINT('',(0.0896017543434766,0.0622714983126585,0.0083546140548104));
#6172=CARTESIAN_POINT('',(0.092648184588308,0.0595613013400907,0.00914375723867957));
#6173=CARTESIAN_POINT('',(0.083524590581628,0.0676915901283994,0.00671610061468665));
#6174=CARTESIAN_POINT('',(0.08352457395216,0.0676915880859764,0.00671608399666295));
#6175=CARTESIAN_POINT('',(0.0834229280071465,0.067696784745737,0.00671854744344582));
#6176=CARTESIAN_POINT('',(0.0832588687161425,0.0677032960858237,0.00672309755557288));
#6177=CARTESIAN_POINT('',(0.0830362078021202,0.0677087234861216,0.00673019198002674));
#6178=CARTESIAN_POINT('',(0.0829126019853983,0.0677110529045972,0.0067343023029172));
#6179=CARTESIAN_POINT('',(0.0827871784920935,0.0677128082458735,0.00673861587383102));
#6180=CARTESIAN_POINT('',(0.0827703125536032,0.067712948283536,0.00673922033737351));
#6181=CARTESIAN_POINT('',(0.082686692218944,0.0677138366439082,0.00674216248072987));
#6182=CARTESIAN_POINT('',(0.082564416867152,0.0677149223820515,0.00674648957994011));
#6183=CARTESIAN_POINT('',(0.082384733303142,0.0677163408480466,0.0067527546170611));
#6184=CARTESIAN_POINT('',(0.0822291417746812,0.0677174670241208,0.00675810321001745));
#6185=CARTESIAN_POINT('',(0.0820595911609901,0.0677186041610586,0.0067638308356019));
#6186=CARTESIAN_POINT('',(0.0820255208019828,0.0677188153641386,0.00676496330935387));
#6187=CARTESIAN_POINT('',(0.081926744627018,0.0677194330000448,0.00676825735135481));
#6188=CARTESIAN_POINT('',(0.0817639389781503,0.0677203833813469,0.00677362042392563));
#6189=CARTESIAN_POINT('',(0.0813700164333105,0.0677224467743202,0.00678630345074069));
#6190=CARTESIAN_POINT('',(0.0808218270994829,0.0677246256597852,0.00680302774448182));
#6191=CARTESIAN_POINT('',(0.0801255576175976,0.0677263606709537,0.00682216490035574));
#6192=CARTESIAN_POINT('',(0.0795208310764132,0.0677274476324789,0.00683755700008057));
#6193=CARTESIAN_POINT('',(0.078849920935667,0.0677280635942815,0.00685289576930372));
#6194=CARTESIAN_POINT('',(0.0783105140985194,0.0677281847432204,0.00686362919298856));
#6195=CARTESIAN_POINT('',(0.0780070119315404,0.0677282388317456,0.00686918103188394));
#6196=CARTESIAN_POINT('',(0.0778425876382336,0.0677282914801741,0.00687204281358797));
#6197=CARTESIAN_POINT('',(0.077758771471082,0.0677283298841649,0.00687347392439964));
#6198=CARTESIAN_POINT('',(0.0775708871966393,0.0677284457027789,0.00687655352046195));
#6199=CARTESIAN_POINT('',(0.0773533954923631,0.0677285865395047,0.00687993402861381));
#6200=CARTESIAN_POINT('',(0.0769496539904144,0.067728865522353,0.00688580369561534));
#6201=CARTESIAN_POINT('',(0.0763602327426135,0.0677292989031862,0.00689304210187192));
#6202=CARTESIAN_POINT('',(0.075627243878771,0.0677297663360927,0.00689994180338401));
#6203=CARTESIAN_POINT('',(0.0748316850426663,0.0677301958340796,0.0069048457979331));
#6204=CARTESIAN_POINT('',(0.074126726238654,0.0677300986124975,0.00690717807290775));
#6205=CARTESIAN_POINT('',(0.0731553900489217,0.0677288721628034,0.00690807849705222));
#6206=CARTESIAN_POINT('',(0.0724343709213351,0.0677268538850143,0.0069059641647602));
#6207=CARTESIAN_POINT('',(0.0719522573547346,0.0677250247211098,0.00690337960318711));
#6208=CARTESIAN_POINT('',(0.071952257354734,0.0677250247210992,0.0069033796031813));
#6209=CARTESIAN_POINT('',(0.071686459064251,0.0595585742566005,0.00984676774618266));
#6210=CARTESIAN_POINT('',(0.0717386640721615,0.0611036061498389,0.00926904985586126));
#6211=CARTESIAN_POINT('',(0.071795272670165,0.0628264790872386,0.00863846020546162));
#6212=CARTESIAN_POINT('',(0.071849952212773,0.064558170237099,0.00802385057159254));
#6213=CARTESIAN_POINT('',(0.0718586290185315,0.0648312162130402,0.00792724740956501));
#6214=CARTESIAN_POINT('',(0.0718909146289605,0.0658290812056208,0.00757418960211408));
#6215=CARTESIAN_POINT('',(0.071923200263958,0.0668269462098383,0.00722113173566332));
#6216=CARTESIAN_POINT('',(0.071952257354734,0.0677250247210992,0.0069033796031813));
#6217=CARTESIAN_POINT('',(0.071686459064251,0.0595585742566005,0.00984676774618266));
#6218=CARTESIAN_POINT('',(0.076161111726906,0.0595546861556002,0.00982322241503744));
#6219=CARTESIAN_POINT('',(0.074670384657383,0.059555839998799,0.00984165944845837));
#6220=CARTESIAN_POINT('',(0.07317879625272,0.0595571499192982,0.0098494010041045));
#6221=CARTESIAN_POINT('',(0.071686459064251,0.0595585742566005,0.00984676774618266));
#6222=CARTESIAN_POINT('',(0.076161111726906,0.0595546861556002,0.00982322241503744));
#6223=CARTESIAN_POINT('',(0.0785592871582715,0.185211876523241,0.349415005282375));
#6224=CARTESIAN_POINT('',(0.0761614815382024,0.0591243102234999,0.00998277835409211));
#6225=CARTESIAN_POINT('',(0.0761614818563952,0.0591243100906103,0.00998277722694253));
#6226=CARTESIAN_POINT('',(0.0784751134615245,0.0566125656836692,0.0108857589711879));
#6227=CARTESIAN_POINT('',(0.080789676798364,0.05409980976223,0.0117834681253229));
#6228=CARTESIAN_POINT('',(0.0831087676459568,0.051582138646087,0.0126555352965547));
#6229=CARTESIAN_POINT('',(0.083108765967817,0.0515821384345344,0.0126555354456455));
#6230=CARTESIAN_POINT('',(0.16684780809303,-0.0889273200873806,-0.615693914031494));
#6231=CARTESIAN_POINT('',(0.083416898734862,0.0512476229118999,0.0127712281173585));
#6232=CARTESIAN_POINT('',(0.0838053441675141,0.051247202209364,0.0127549463826603));
#6233=CARTESIAN_POINT('',(0.083675863304898,0.0512473510007781,0.0127603959247193));
#6234=CARTESIAN_POINT('',(0.0835463824422819,0.0512474997921922,0.0127658454667782));
#6235=CARTESIAN_POINT('',(0.0834169015796657,0.0512476485836063,0.0127712950088372));
#6236=CARTESIAN_POINT('',(0.0838053452068065,0.0512472108604989,0.0127549689880308));
#6237=CARTESIAN_POINT('',(0.0837826157796879,0.0525881774009581,0.0122430298229649));
#6238=CARTESIAN_POINT('',(0.0837901778648607,0.0521410657637097,0.0124133549457699));
#6239=CARTESIAN_POINT('',(0.0837977549573992,0.0516940821112144,0.0125840153684096));
#6240=CARTESIAN_POINT('',(0.0838053470487637,0.051247226947234,0.0127550108985452));
#6241=CARTESIAN_POINT('',(0.083782613003703,0.0525881537269992,0.0122429678009316));
#6242=CARTESIAN_POINT('',(0.0838269650777271,0.0525884654009071,0.0122409349047948));
#6243=CARTESIAN_POINT('',(0.08381218197838,0.0525883694009179,0.0122416332108355));
#6244=CARTESIAN_POINT('',(0.0837973988790336,0.052588273400935,0.0122423315168922));
#6245=CARTESIAN_POINT('',(0.0837826157796879,0.0525881774009581,0.0122430298229649));
#6246=CARTESIAN_POINT('',(0.083826967797613,0.0525884885952994,0.0122409956704937));
#6247=CARTESIAN_POINT('',(0.083826967797613,0.0525884885952994,0.0122409956704937));
#6248=CARTESIAN_POINT('',(0.083826967767427,0.0544977902217987,0.0115124528623633));
#6249=CARTESIAN_POINT('',(0.083826967793328,0.0564098855207984,0.010790784517028));
#6250=CARTESIAN_POINT('',(0.083826967794177,0.0583265697471997,0.0100817654472389));
#6251=CARTESIAN_POINT('',(0.083826967794177,0.0583265697471997,0.0100817654472389));
#6252=CARTESIAN_POINT('',(0.0838269677941776,0.0583265697472031,0.0100817654472495));
#6253=CARTESIAN_POINT('',(0.0840887515422829,0.0583265697482498,0.0100716956179797));
#6254=CARTESIAN_POINT('',(0.084603675553204,0.0583265448419883,0.0100511988991587));
#6255=CARTESIAN_POINT('',(0.0853476621875479,0.0583264890517152,0.0100196714703038));
#6256=CARTESIAN_POINT('',(0.085950095095637,0.0583264735399735,0.00999258378288259));
#6257=CARTESIAN_POINT('',(0.0863507811011965,0.0583265023203343,0.00997384380467617));
#6258=CARTESIAN_POINT('',(0.0865908905450935,0.0583265340095698,0.00996236693413286));
#6259=CARTESIAN_POINT('',(0.0867284583907752,0.0583265646174453,0.00995573672094995));
#6260=CARTESIAN_POINT('',(0.0870204538244353,0.0583266094994882,0.00994142446893869));
#6261=CARTESIAN_POINT('',(0.0873382360029377,0.0583265938369243,0.00992553286274999));
#6262=CARTESIAN_POINT('',(0.0878842406812455,0.0583264666128457,0.00989760091454234));
#6263=CARTESIAN_POINT('',(0.0885458247648466,0.058326135315191,0.00986211657677195));
#6264=CARTESIAN_POINT('',(0.0890687621523537,0.0583259949996335,0.00983269995305543));
#6265=CARTESIAN_POINT('',(0.0893664024039938,0.0583261765445591,0.00981542828911032));
#6266=CARTESIAN_POINT('',(0.0894882027964609,0.058326332162433,0.00980826345666316));
#6267=CARTESIAN_POINT('',(0.0895664379060813,0.0583264760022504,0.00980361474393611));
#6268=CARTESIAN_POINT('',(0.0895831962664884,0.0583265151148176,0.00980262297403379));
#6269=CARTESIAN_POINT('',(0.0897474855006201,0.0583268821686557,0.0097927743917873));
#6270=CARTESIAN_POINT('',(0.0898953291412405,0.0583271065118795,0.00978385831795757));
#6271=CARTESIAN_POINT('',(0.0900715266261157,0.0583272197964412,0.00977319023245546));
#6272=CARTESIAN_POINT('',(0.0901972828977171,0.0583271000497211,0.00976555987536311));
#6273=CARTESIAN_POINT('',(0.0902866979021319,0.0583267982741586,0.00976018174291426));
#6274=CARTESIAN_POINT('',(0.0903132241315994,0.058326709621681,0.00975858632787247));
#6275=CARTESIAN_POINT('',(0.0904378976543447,0.0583257825877057,0.00975122715569736));
#6276=CARTESIAN_POINT('',(0.0905574498214622,0.058324361932918,0.00974430793710545));
#6277=CARTESIAN_POINT('',(0.0906881800293728,0.0583224386841246,0.00973682826800519));
#6278=CARTESIAN_POINT('',(0.0908567356348001,0.0583168337370367,0.00972823049637734));
#6279=CARTESIAN_POINT('',(0.0910300419101584,0.0583069054848132,0.0097208639909442));
#6280=CARTESIAN_POINT('',(0.0913925370801645,0.0582723466963919,0.00971021664953625));
#6281=CARTESIAN_POINT('',(0.0916759793035504,0.0582233913645698,0.0097096683392407));
#6282=CARTESIAN_POINT('',(0.0920596377658729,0.0581166392298492,0.00972362987184956));
#6283=CARTESIAN_POINT('',(0.0924380870334078,0.0579540888603902,0.00975832737922405));
#6284=CARTESIAN_POINT('',(0.0928300639233931,0.0576435011781318,0.00984700187891166));
#6285=CARTESIAN_POINT('',(0.0930540242115432,0.0573008968506968,0.00995944509317479));
#6286=CARTESIAN_POINT('',(0.093204328740046,0.0569546590520271,0.010078562606023));
#6287=CARTESIAN_POINT('',(0.0932833664285195,0.0566751418276887,0.0101777932874042));
#6288=CARTESIAN_POINT('',(0.0933527205853669,0.0562833145685081,0.0103199318145851));
#6289=CARTESIAN_POINT('',(0.0933770665640906,0.0560233137396784,0.0104158352039643));
#6290=CARTESIAN_POINT('',(0.0933907216846368,0.0557719184683479,0.0105092886697383));
#6291=CARTESIAN_POINT('',(0.0933939948884605,0.0556616772947033,0.0105504678684314));
#6292=CARTESIAN_POINT('',(0.093393994649806,0.0556616760332993,0.0105504645104661));
#6293=CARTESIAN_POINT('',(0.093393994649806,0.0556616760332993,0.0105504645104661));
#6294=CARTESIAN_POINT('',(0.093393994643814,0.0554519083332998,0.0106292633829248));
#6295=CARTESIAN_POINT('',(0.093393994637821,0.0552421445634987,0.0107080727187854));
#6296=CARTESIAN_POINT('',(0.093393994631836,0.0550323823936001,0.0107868863117469));
#6297=CARTESIAN_POINT('',(0.093393994474549,0.0533474063234003,0.0114199795900345));
#6298=CARTESIAN_POINT('',(0.093393994317837,0.0516625236617987,0.0120533365487095));
#6299=CARTESIAN_POINT('',(0.093393994167408,0.0499765697118999,0.012683824301344));
#6300=CARTESIAN_POINT('',(0.093393994167408,0.0499765697118999,0.012683824301344));
#6301=CARTESIAN_POINT('',(0.0683150411438805,0.0499773180914396,-0.33471041832814));
#6302=CARTESIAN_POINT('',(0.09269894001442,0.049976569755799,0.0127333025429393));
#6303=CARTESIAN_POINT('',(0.0926989414545285,0.0494765718879003,0.0129205587352512));
#6304=CARTESIAN_POINT('',(0.0926989419844747,0.0496432432138016,0.0128581543438721));
#6305=CARTESIAN_POINT('',(0.0926989416566089,0.049809909993333,0.0127957378099184));
#6306=CARTESIAN_POINT('',(0.0926989404768322,0.049976572224581,0.0127333091336914));
#6307=CARTESIAN_POINT('',(0.09269894004099,0.0494765643961994,0.0129205387262077));
#6308=CARTESIAN_POINT('',(0.091862992417684,0.0494765641468109,0.0129786351936774));
#6309=CARTESIAN_POINT('',(0.0921416618410636,0.0494766738990445,0.012959562199826));
#6310=CARTESIAN_POINT('',(0.092420311744693,0.0494766764066354,0.0129402033920185));
#6311=CARTESIAN_POINT('',(0.0926989414545285,0.0494765718879003,0.0129205587352512));
#6312=CARTESIAN_POINT('',(0.0918629924460823,0.0494765642494643,0.0129786354672586));
#6313=CARTESIAN_POINT('',(0.091862992456379,0.0461154578452998,0.0142359735877358));
#6314=CARTESIAN_POINT('',(0.091862992456379,0.0467823302839996,0.0139874813303118));
#6315=CARTESIAN_POINT('',(0.091862992456379,0.0474489726376,0.0137383691107948));
#6316=CARTESIAN_POINT('',(0.091862992456379,0.0481154578452987,0.0134888366838145));
#6317=CARTESIAN_POINT('',(0.091862992456378,0.0485692255536989,0.0133189447808268));
#6318=CARTESIAN_POINT('',(0.091862992456379,0.0490229200066992,0.0131488568762338));
#6319=CARTESIAN_POINT('',(0.091862992456378,0.0494765643593986,0.0129786357602475));
#6320=CARTESIAN_POINT('',(0.091862992456379,0.0461154578452998,0.0142359735877358));
#6321=CARTESIAN_POINT('',(0.085384887411383,0.0461154578452998,0.0146507307680636));
#6322=CARTESIAN_POINT('',(0.087544323040486,0.0461154578452998,0.0145329036530216));
#6323=CARTESIAN_POINT('',(0.089706131380779,0.0461154578452998,0.0143940127324454));
#6324=CARTESIAN_POINT('',(0.091862992456379,0.0461154578452998,0.0142359735877358));
#6325=CARTESIAN_POINT('',(0.077068556887944,0.0602795705654984,0.00954357302521522));
#6326=CARTESIAN_POINT('',(0.077068556887943,0.0613783281829985,0.00914047931148298));
#6327=CARTESIAN_POINT('',(0.077068556887943,0.0624791954041992,0.00874296343178276));
#6328=CARTESIAN_POINT('',(0.077068556887942,0.0635823516921992,0.00835214751798913));
#6329=CARTESIAN_POINT('',(0.077068556887944,0.0602795705654984,0.00954357302521522));
#6330=CARTESIAN_POINT('',(0.077068556887943,0.0635823512816185,0.00835214614849149));
#6331=CARTESIAN_POINT('',(0.0836741197381462,0.0635823519904872,0.00818096250699144));
#6332=CARTESIAN_POINT('',(0.0836741197381747,0.0644278482826777,0.00787811661819713));
#6333=CARTESIAN_POINT('',(0.0830167495328669,0.0661147656314156,0.00730211955233391));
#6334=CARTESIAN_POINT('',(0.0803588967935072,0.067272458529652,0.00698313753853894));
#6335=CARTESIAN_POINT('',(0.0777251943588891,0.0661061364010791,0.00745171202825673));
#6336=CARTESIAN_POINT('',(0.0770685566009018,0.0644291454477166,0.00805214439581551));
#6337=CARTESIAN_POINT('',(0.0770685568879441,0.0635823508710378,0.00835214477899385));
#6338=CARTESIAN_POINT('',(0.0836741197381461,0.0635823519905429,0.00818096250700823));
#6339=CARTESIAN_POINT('',(0.083674119738147,0.0602795705654984,0.00937033238009236));
#6340=CARTESIAN_POINT('',(0.083674119738146,0.060925512332199,0.00913491262030539));
#6341=CARTESIAN_POINT('',(0.083674119738146,0.0615720661800996,0.00890114781821058));
#6342=CARTESIAN_POINT('',(0.083674119738147,0.0622192810323998,0.00866926211442615));
#6343=CARTESIAN_POINT('',(0.083674119738147,0.0626736310229994,0.00850647631399398));
#6344=CARTESIAN_POINT('',(0.083674119738147,0.0631279879462987,0.00834370985911983));
#6345=CARTESIAN_POINT('',(0.083674119738147,0.0635823519903997,0.00818096250702502));
#6346=CARTESIAN_POINT('',(0.083674119738147,0.060279570565358,0.00937033255767429));
#6347=CARTESIAN_POINT('',(0.0836741200630655,0.20631820360002,0.410014572073283));
#6348=CARTESIAN_POINT('',(0.0836741196791886,0.0585570797780165,0.0100023980659266));
#6349=CARTESIAN_POINT('',(0.083674119738147,0.0585570796311998,0.010002398031796));
#6350=CARTESIAN_POINT('',(0.081978308744043,0.0586040189425994,0.0100493373432214));
#6351=CARTESIAN_POINT('',(0.080280298422271,0.0586402690883983,0.0100855874889544));
#6352=CARTESIAN_POINT('',(0.078582861244047,0.0586663235052978,0.0101116397523488));
#6353=CARTESIAN_POINT('',(0.0785828617300389,0.0586663227920077,0.0101116403849635));
#6354=CARTESIAN_POINT('',(0.61880790889997,-0.513109123098721,-3.02907185892713));
#6355=CARTESIAN_POINT('',(0.077096857265465,0.0602795705653989,0.00954314541531631));
#6356=CARTESIAN_POINT('',(0.077082707076718,0.0602795705653989,0.00954335922026577));
#6357=CARTESIAN_POINT('',(0.076161481263845,0.0591243107338997,0.0100402339413681));
#6358=CARTESIAN_POINT('',(0.0780964862635634,0.0570236141603092,0.00913316075280005));
#6359=CARTESIAN_POINT('',(0.0787916776305997,0.056268894599928,0.00940115929965562));
#6360=CARTESIAN_POINT('',(0.0794868865123543,0.0555141560250697,0.00966905876837409));
#6361=CARTESIAN_POINT('',(0.0801821912543099,0.054759313381645,0.00993641597029371));
#6362=CARTESIAN_POINT('',(0.078096463950948,0.0570236343303989,0.00913327543364131));
#6363=CARTESIAN_POINT('',(0.08018217334074,0.0547593284003991,0.0099365049605508));
#6364=CARTESIAN_POINT('',(0.0801821735753294,0.05475933257445,0.00993651617030126));
#6365=CARTESIAN_POINT('',(0.0811571421840242,0.0537008788671255,0.010310237459709));
#6366=CARTESIAN_POINT('',(0.0821325608547815,0.0526419365595994,0.0106813770171704));
#6367=CARTESIAN_POINT('',(0.0831087686221234,0.0515821375863327,0.0110479900081197));
#6368=CARTESIAN_POINT('',(0.083108763815961,0.0515821337359199,0.0110479916751349));
#6369=CARTESIAN_POINT('',(0.0831087642311045,0.0515821348052405,0.011851764077704));
#6370=CARTESIAN_POINT('',(0.0761614812419275,0.0591243105451405,0.00918288216778775));
#6371=CARTESIAN_POINT('',(0.076161481088597,0.0591243105555996,0.00838298492245932));
#6372=CARTESIAN_POINT('',(0.0761614812638475,0.0591243107338997,0.00838298485432289));
#6373=CARTESIAN_POINT('',(0.076806371666162,0.0584241993343525,0.00863366881385257));
#6374=CARTESIAN_POINT('',(0.0774513524173562,0.057723989849485,0.00888384526808841));
#6375=CARTESIAN_POINT('',(0.078096464028434,0.0570236382994001,0.00913328637693608));
#6376=CARTESIAN_POINT('',(0.081071342110994,0.0602599869092,0.00117488896604073));
#6377=CARTESIAN_POINT('',(0.081071342110994,0.0611644060910397,0.00626473576128383));
#6378=CARTESIAN_POINT('',(0.081071342110994,0.0613914577494775,0.00627490948500692));
#6379=CARTESIAN_POINT('',(0.081071342110994,0.0613914577494779,0.00559988896605547));
#6380=CARTESIAN_POINT('',(0.070131850445583,-0.07003838597252,-0.305950008931183));
#6381=CARTESIAN_POINT('',(0.0926989404768322,0.049976572224581,0.0127333091336914));
#6382=CARTESIAN_POINT('',(0.0924203113286679,0.0499766805485744,0.0127528173867376));
#6383=CARTESIAN_POINT('',(0.0921416621245218,0.049976681795312,0.0127720397821974));
#6384=CARTESIAN_POINT('',(0.0918629935385151,0.0499765757465778,0.012790976355394));
#6385=CARTESIAN_POINT('',(0.0918629926727852,0.0499765721559411,0.0127909680696476));
#6386=CARTESIAN_POINT('',(0.091862992456379,-0.00697624643004069,-0.331096657409148));
#6387=CARTESIAN_POINT('',(0.123752507386437,0.393267444074599,0.904767905019055));
#6388=CARTESIAN_POINT('',(0.0838496979319911,0.0512475296728994,0.0127529543492536));
#6389=CARTESIAN_POINT('',(0.083834913142545,0.0512474180452808,0.0127536119209275));
#6390=CARTESIAN_POINT('',(0.0838201283530988,0.0512473064176622,0.0127542694926014));
#6391=CARTESIAN_POINT('',(0.0838053435636527,0.0512471947900436,0.0127549270642752));
#6392=CARTESIAN_POINT('',(0.0838496969649665,0.0512475206576379,0.0127529310755206));
#6393=CARTESIAN_POINT('',(0.0838496964202136,0.0512475147895817,0.0127529155323282));
#6394=CARTESIAN_POINT('',(0.0838421043043772,0.0516943700062081,0.0125819201515048));
#6395=CARTESIAN_POINT('',(0.0838345271873685,0.0521413537112371,0.0124112598782141));
#6396=CARTESIAN_POINT('',(0.0838269650777271,0.0525884654009071,0.0122409349047948));
#6397=CARTESIAN_POINT('',(0.0838311687788,0.0510327575689384,0.0128361072233961));
#6398=CARTESIAN_POINT('',(0.0838126395691341,0.0508179857424694,0.0129192599934462));
#6399=CARTESIAN_POINT('',(0.0838274243898927,0.0508180973617586,0.0129186024236654));
#6400=CARTESIAN_POINT('',(0.0838422092106513,0.0508182089810478,0.0129179448538845));
#6401=CARTESIAN_POINT('',(0.0838569940314099,0.050818320600337,0.0129172872841037));
#6402=CARTESIAN_POINT('',(0.083812641353984,0.0508180029504999,0.0129193040267123));
#6403=CARTESIAN_POINT('',(0.0838569929787435,0.0508183110113585,0.0129172616937749));
#6404=CARTESIAN_POINT('',(0.0838569940399052,0.0508183207980899,0.0129172872078963));
#6405=CARTESIAN_POINT('',(0.0838545620465436,0.0509613903975595,0.0128625095963456));
#6406=CARTESIAN_POINT('',(0.0838521300531821,0.0511044599970292,0.0128077319847949));
#6407=CARTESIAN_POINT('',(0.0838496980598206,0.0512475295964989,0.0127529543732442));
#6408=CARTESIAN_POINT('',(0.0838053433648063,0.0512471947784304,0.0127549270769979));
#6409=CARTESIAN_POINT('',(0.0838077754008485,0.0511041251946869,0.0128097046807417));
#6410=CARTESIAN_POINT('',(0.0838102074368906,0.0509610556109433,0.0128644822844854));
#6411=CARTESIAN_POINT('',(0.0838126394729328,0.0508179860271998,0.0129192598882292));
#6412=CARTESIAN_POINT('',(0.136633286125655,0.507311472641099,1.2021077401781));
#6413=CARTESIAN_POINT('',(0.0838126427381406,0.0508180149933539,0.012919336250981));
#6414=CARTESIAN_POINT('',(0.0838174141734495,0.0505375022512305,0.0130268046730251));
#6415=CARTESIAN_POINT('',(0.0838221900068114,0.0502570275345003,0.0131343721532119));
#6416=CARTESIAN_POINT('',(0.0838269702370328,0.0499765909132531,0.0132420386646608));
#6417=CARTESIAN_POINT('',(0.083826967794151,0.0499765697473986,0.0132419836428048));
#6418=CARTESIAN_POINT('',(0.0838269702370328,0.0499765909132531,0.0132420386646608));
#6419=CARTESIAN_POINT('',(0.0838398522364498,0.0499766274108125,0.0132414526806688));
#6420=CARTESIAN_POINT('',(0.0838527342358669,0.0499766639083726,0.0132408666966787));
#6421=CARTESIAN_POINT('',(0.083865616235284,0.0499767004059333,0.0132402807126901));
#6422=CARTESIAN_POINT('',(0.0838656162342877,0.0499767004065318,0.0132402807125038));
#6423=CARTESIAN_POINT('',(0.0838627373365291,0.050257198212622,0.0131325062773401));
#6424=CARTESIAN_POINT('',(0.0838598628375486,0.0505377341308081,0.0130248309166527));
#6425=CARTESIAN_POINT('',(0.0838569927385406,0.0508183080909548,0.0129172546573393));
#6426=CARTESIAN_POINT('',(0.0834754414172371,0.0499882571426397,0.0132529082983041));
#6427=CARTESIAN_POINT('',(0.0835914069808214,0.0532774121490921,0.0119812939008494));
#6428=CARTESIAN_POINT('',(0.0837076004900762,0.056573918895424,0.0107236824758772));
#6429=CARTESIAN_POINT('',(0.0838220226846537,0.0598915889781257,0.00950633570629781));
#6430=CARTESIAN_POINT('',(0.0867759514676301,0.0493927340811029,0.0133391673710569));
#6431=CARTESIAN_POINT('',(0.0868901867047573,0.0526580175569609,0.0120867622235876));
#6432=CARTESIAN_POINT('',(0.0870060781015906,0.0559272152238594,0.0108416968244492));
#6433=CARTESIAN_POINT('',(0.087122102107869,0.0592124271284405,0.00962827823882131));
#6434=CARTESIAN_POINT('',(0.090081276068223,0.0487955725639913,0.0133709406739535));
#6435=CARTESIAN_POINT('',(0.0901938343103443,0.052038729041689,0.0121396569113213));
#6436=CARTESIAN_POINT('',(0.0903097543877896,0.0552811876808479,0.0109067557709001));
#6437=CARTESIAN_POINT('',(0.0904280904092118,0.0585326806592632,0.00969376881697637));
#6438=CARTESIAN_POINT('',(0.0933914158182454,0.048196719524039,0.013348256709929));
#6439=CARTESIAN_POINT('',(0.0935023391079416,0.0514195276657581,0.0121399907140484));
#6440=CARTESIAN_POINT('',(0.0936186021473707,0.0546358584894374,0.0109188500089495));
#6441=CARTESIAN_POINT('',(0.0937399444487492,0.057852416452642,0.00970276760425173));
#6442=CARTESIAN_POINT('',(0.091862992456377,0.0571265697473979,0.0101066267997135));
#6443=CARTESIAN_POINT('',(0.091862992456377,0.0550563734829996,0.010880687629025));
#6444=CARTESIAN_POINT('',(0.091862992456377,0.0529879583812978,0.0116595153092562));
#6445=CARTESIAN_POINT('',(0.091862992456377,0.0509190264869996,0.0124369508924351));
#6446=CARTESIAN_POINT('',(0.091862992456377,0.0506048888387998,0.0125549933405196));
#6447=CARTESIAN_POINT('',(0.091862992456377,0.0502907392763987,0.0126730036951044));
#6448=CARTESIAN_POINT('',(0.091862992456377,0.0499765697559997,0.012790960397218));
#6449=CARTESIAN_POINT('',(0.091862992456377,0.0571265697473979,0.0101066267997135));
#6450=CARTESIAN_POINT('',(0.0853848874872154,0.0499765703506089,0.0131692426727531));
#6451=CARTESIAN_POINT('',(0.0851062525016055,0.0499766818426242,0.0131828402113374));
#6452=CARTESIAN_POINT('',(0.0848275983721289,0.0499766436295875,0.0131960466894226));
#6453=CARTESIAN_POINT('',(0.0845489263724002,0.0499764548735463,0.013208862368503));
#6454=CARTESIAN_POINT('',(0.085384887411383,0.0499765697575936,0.0131692420135878));
#6455=CARTESIAN_POINT('',(0.085384887411383,0.0499765697575985,0.0131692411236904));
#6456=CARTESIAN_POINT('',(0.085384887411383,0.0502906804210994,0.0130490014545244));
#6457=CARTESIAN_POINT('',(0.085384887411382,0.0506048298082007,0.0129288542419959));
#6458=CARTESIAN_POINT('',(0.085384887411382,0.0509190264869996,0.0128088245426002));
#6459=CARTESIAN_POINT('',(0.085384887411382,0.0529853498063986,0.0120194458392139));
#6460=CARTESIAN_POINT('',(0.085384887411382,0.0550537185240998,0.011235149663738));
#6461=CARTESIAN_POINT('',(0.085384887411382,0.0571265697473979,0.0104630630744482));
#6462=CARTESIAN_POINT('',(0.085384887411382,0.0571265697473979,0.0104630630744482));
#6463=CARTESIAN_POINT('',(0.085384887411382,0.0571265697473979,0.0104630630744482));
#6464=CARTESIAN_POINT('',(0.087543389787809,0.0571265697473979,0.0103682519622976));
#6465=CARTESIAN_POINT('',(0.089707161276726,0.0571265697473979,0.0102499859821196));
#6466=CARTESIAN_POINT('',(0.091862992456377,0.0571265697473979,0.0101066267997135));
#6467=CARTESIAN_POINT('',(0.0919276396824035,0.0571265697473979,0.00842817172373418));
#6468=CARTESIAN_POINT('',(0.085384887411382,0.0571265697473979,0.00966951596257741));
#6469=CARTESIAN_POINT('',(0.0853844424143866,0.0571264906998698,0.00886844998513836));
#6470=CARTESIAN_POINT('',(0.0918640724403577,0.0571265697473979,0.00850216126361563));
#6471=CARTESIAN_POINT('',(0.0897055026611662,0.0571265697473979,0.00864734832182272));
#6472=CARTESIAN_POINT('',(0.0875454728614911,0.0571265697473979,0.00876619926391487));
#6473=CARTESIAN_POINT('',(0.0853841317177033,0.0571265697473979,0.00886139594142069));
#6474=CARTESIAN_POINT('',(0.091863393806059,0.0571226382805257,0.00849207166261095));
#6475=CARTESIAN_POINT('',(0.091862992456377,0.0571265697473979,0.0107975414737552));
#6476=CARTESIAN_POINT('',(0.080304114750094,0.0720659681183999,0.00258052715590015));
#6477=CARTESIAN_POINT('',(0.0934355850049313,0.0604772889571167,0.00257529834967112));
#6478=CARTESIAN_POINT('',(0.0938118186676863,0.0601049056120115,0.00257514798918575));
#6479=CARTESIAN_POINT('',(0.0945437978289468,0.0593446371677473,0.00257485496997741));
#6480=CARTESIAN_POINT('',(0.095380208466069,0.0583191927004948,0.00257451801601029));
#6481=CARTESIAN_POINT('',(0.0958882858174201,0.0573816628881686,0.00257430905762833));
#6482=CARTESIAN_POINT('',(0.0962179249972188,0.0563994728987039,0.00257416840430541));
#6483=CARTESIAN_POINT('',(0.0964482180723923,0.0551099891129378,0.00257406194179779));
#6484=CARTESIAN_POINT('',(0.0966341605112531,0.0535496743217779,0.00257396892664626));
#6485=CARTESIAN_POINT('',(0.0968383675513907,0.0514672114152489,0.00257386176167674));
#6486=CARTESIAN_POINT('',(0.0970457620481524,0.0488593563315187,0.0025737462255256));
#6487=CARTESIAN_POINT('',(0.0972737982662162,0.045728372470392,0.00257361560819623));
#6488=CARTESIAN_POINT('',(0.0975633427649036,0.0415523798610599,0.00257344703474255));
#6489=CARTESIAN_POINT('',(0.0977855880566125,0.0384208027542023,0.00257331864577996));
#6490=CARTESIAN_POINT('',(0.097936077256349,0.0363332365711095,0.00257323215703862));
#6491=CARTESIAN_POINT('',(0.0934356376554235,0.0604773422340994,0.00257509501518719));
#6492=CARTESIAN_POINT('',(0.0979360607694865,0.0363332353787801,0.00257332432814215));
#6493=CARTESIAN_POINT('',(0.0979360772563495,0.0363332365711095,0.00257323215703862));
#6494=CARTESIAN_POINT('',(0.0980707661677119,0.0344648498889474,0.00257315474899582));
#6495=CARTESIAN_POINT('',(0.0982067103037685,0.0325965538107302,0.00257307685742233));
#6496=CARTESIAN_POINT('',(0.098340844457508,0.0307281272312506,0.00257299966308215));
#6497=CARTESIAN_POINT('',(0.0983408265113308,0.0307281259385479,0.00257310491271566));
#6498=CARTESIAN_POINT('',(0.0983408444575049,0.0307281272312472,0.00257299966308216));
#6499=CARTESIAN_POINT('',(0.0985036231606738,0.0284606898121301,0.00257290598369965));
#6500=CARTESIAN_POINT('',(0.0986713146452745,0.0261936070385444,0.00257281041184327));
#6501=CARTESIAN_POINT('',(0.0988314594598784,0.0239259797537063,0.00257271774707609));
#6502=CARTESIAN_POINT('',(0.0988314390129966,0.0239259783047416,0.00257283915167665));
#6503=CARTESIAN_POINT('',(0.0992450180373734,0.00944274578773824,0.00257236120217484));
#6504=CARTESIAN_POINT('',(0.0994721719171364,0.0142711390929912,0.00257233909536684));
#6505=CARTESIAN_POINT('',(0.099172202391918,0.0191053652317274,0.00257252064046288));
#6506=CARTESIAN_POINT('',(0.0988314594615079,0.0239259797550993,0.00257271774707548));
#6507=CARTESIAN_POINT('',(0.0992449949702643,0.00944274687358865,0.00257250276431414));
#6508=CARTESIAN_POINT('',(0.0992450180817883,0.00944274581343446,0.00257236120215804));
#6509=CARTESIAN_POINT('',(0.0991231739877662,0.00678506544532372,0.00257237213929924));
#6510=CARTESIAN_POINT('',(0.0987596065559639,0.00281705801288266,0.0025724586212355));
#6511=CARTESIAN_POINT('',(0.0980449605296856,-0.00245679764293081,0.00257266294133243));
#6512=CARTESIAN_POINT('',(0.0973261463662107,-0.00637041432810774,0.00257288735710526));
#6513=CARTESIAN_POINT('',(0.0961956972105323,-0.0101922374453071,0.00257327199191445));
#6514=CARTESIAN_POINT('',(0.0951152895072463,-0.0140252057718331,0.00257363714947893));
#6515=CARTESIAN_POINT('',(0.0940221170262167,-0.0178553683508532,0.00257400727487262));
#6516=CARTESIAN_POINT('',(0.0932952039424662,-0.0204091842099073,0.00257425329841719));
#6517=CARTESIAN_POINT('',(0.0929310790243168,-0.0216859215407446,0.00257437657063179));
#6518=CARTESIAN_POINT('',(0.0929310790315074,-0.0216859215427924,0.00257437657062901));
#6519=CARTESIAN_POINT('',(0.0803041142580388,-0.021685916000802,0.00257925304642167));
#6520=CARTESIAN_POINT('',(0.0916043014347869,-0.0216859194943986,0.0025748889660621));
#6521=CARTESIAN_POINT('',(0.0916043065614545,-0.0209283139356416,0.00257489926011602));
#6522=CARTESIAN_POINT('',(0.0916072788852984,-0.020185919381017,0.00257490820153098));
#6523=CARTESIAN_POINT('',(0.0916100088239797,-0.020186724325656,0.00257490713630183));
#6524=CARTESIAN_POINT('',(0.0923212123687471,-0.0177747046280862,0.00257466525266651));
#6525=CARTESIAN_POINT('',(0.0930250197504245,-0.0153604676944082,0.0025744262555281));
#6526=CARTESIAN_POINT('',(0.0937012229223343,-0.0129383978329242,0.00257419802545983));
#6527=CARTESIAN_POINT('',(0.0937011560169581,-0.0129383791503348,0.00257423706154905));
#6528=CARTESIAN_POINT('',(0.097404200368403,0.0095209672749795,0.0025730731805397));
#6529=CARTESIAN_POINT('',(0.0972274075113947,0.00572014040156817,0.00257308980301649));
#6530=CARTESIAN_POINT('',(0.0966247643417452,-0.00188398351556206,0.00257321919924372));
#6531=CARTESIAN_POINT('',(0.094717417980209,-0.00927109359494179,0.0025738554151106));
#6532=CARTESIAN_POINT('',(0.0937010895215374,-0.012938360725762,0.0025741980774829));
#6533=CARTESIAN_POINT('',(0.0974041857005827,0.00952096795768915,0.00257317517179737));
#6534=CARTESIAN_POINT('',(0.0975166023725036,0.0124190252301051,0.00257306915667689));
#6535=CARTESIAN_POINT('',(0.0975163082356809,0.0124094577584897,0.00257306914024704));
#6536=CARTESIAN_POINT('',(0.0975160140988582,0.0123998902868743,0.00257306912381718));
#6537=CARTESIAN_POINT('',(0.0975157199620355,0.0123903228152589,0.00257306910738733));
#6538=CARTESIAN_POINT('',(0.0974863062797643,0.0114335756537176,0.00257306746440215));
#6539=CARTESIAN_POINT('',(0.097448675149447,0.0104770954368878,0.00257306899858545));
#6540=CARTESIAN_POINT('',(0.0974041986648285,0.00952093065239978,0.0025730731806999));
#6541=CARTESIAN_POINT('',(0.0975157217949222,0.0123903873026888,0.00257307008763283));
#6542=CARTESIAN_POINT('',(0.0973892699988734,0.0238330310350655,0.00257327345081807));
#6543=CARTESIAN_POINT('',(0.0976140291641076,0.0200234860931985,0.00257313487727027));
#6544=CARTESIAN_POINT('',(0.0976329870035447,0.0162045965367685,0.00257307565625245));
#6545=CARTESIAN_POINT('',(0.0975157219445222,0.0123903873008241,0.00257306910749807));
#6546=CARTESIAN_POINT('',(0.0973892549559286,0.0238330301442523,0.00257336403958806));
#6547=CARTESIAN_POINT('',(0.0973892698807658,0.0238330310925789,0.00257327345086447));
#6548=CARTESIAN_POINT('',(0.097124959076594,0.0280079458278445,0.00257343226453283));
#6549=CARTESIAN_POINT('',(0.0967119090938961,0.0321718462527495,0.0025736483709008));
#6550=CARTESIAN_POINT('',(0.0962837979859624,0.0363332339876991,0.00257387025965802));
#6551=CARTESIAN_POINT('',(0.0962837875967565,0.0363332329157863,0.00257392844404173));
#6552=CARTESIAN_POINT('',(0.0962837701980834,0.0363332311292986,0.00257387027035073));
#6553=CARTESIAN_POINT('',(0.0960895866215108,0.0382211150357052,0.00257397091993136));
#6554=CARTESIAN_POINT('',(0.0957989723386306,0.0410529959927672,0.00257412163974427));
#6555=CARTESIAN_POINT('',(0.0954122432477825,0.0448289659582397,0.0025743223090407));
#6556=CARTESIAN_POINT('',(0.0951229751442181,0.0476608954997947,0.00257447250962562));
#6557=CARTESIAN_POINT('',(0.0948362999378645,0.0504935742747335,0.00257462171902782));
#6558=CARTESIAN_POINT('',(0.0945969412971707,0.0528525804248699,0.00257474621767009));
#6559=CARTESIAN_POINT('',(0.094395604082222,0.0547421583937519,0.00257484965297564));
#6560=CARTESIAN_POINT('',(0.0942357429790286,0.0561487433686063,0.00257493050641175));
#6561=CARTESIAN_POINT('',(0.0939923359541291,0.0575802519608757,0.00257504396361622));
#6562=CARTESIAN_POINT('',(0.0933673018123916,0.0583349779429237,0.00257529560582659));
#6563=CARTESIAN_POINT('',(0.0930302441157758,0.058675389640979,0.00257543040223199));
#6564=CARTESIAN_POINT('',(0.0930302929643285,0.0586754381059595,0.00257518361763177));
#6565=CARTESIAN_POINT('',(0.0930302790260515,0.0586754242093406,0.00257543038921959));
#6566=CARTESIAN_POINT('',(0.0928274892125694,0.0588802619878681,0.00257551148950534));
#6567=CARTESIAN_POINT('',(0.0926138326628914,0.0590739977686783,0.00257559663559592));
#6568=CARTESIAN_POINT('',(0.092396165688579,0.0592629267296001,0.00257568326516827));
#6569=CARTESIAN_POINT('',(0.0923962504275595,0.0592630245292192,0.00257531036385151));
#6570=CARTESIAN_POINT('',(0.0789509365649335,0.0704378653308009,0.00258102762079992));
#6571=CARTESIAN_POINT('',(0.092030600369073,0.0595667105713194,0.0025755962946928));
#6572=CARTESIAN_POINT('',(0.078952106072592,0.0704397570135402,0.00258102719484984));
#6573=CARTESIAN_POINT('',(0.086981499990359,0.0637640427794786,0.00257783555535838));
#6574=CARTESIAN_POINT('',(0.0848195882681368,0.0662212295217261,0.00257870386945471));
#6575=CARTESIAN_POINT('',(0.0826576765459146,0.0686784162639736,0.00257957218355104));
#6576=CARTESIAN_POINT('',(0.0804957648236924,0.0711356030062212,0.00258044049764736));
#6577=CARTESIAN_POINT('',(0.0804957961084616,0.0711356311083053,0.00257880841606462));
#6578=CARTESIAN_POINT('',(0.0934355848802177,0.0604772887268204,0.00257529834971615));
#6579=CARTESIAN_POINT('',(0.0914447223709565,0.0624439360927387,0.00257609393885023));
#6580=CARTESIAN_POINT('',(0.087158632973079,0.0660385818143433,0.00257779805892383));
#6581=CARTESIAN_POINT('',(0.0827309409059987,0.0694554731950332,0.00257955444957457));
#6582=CARTESIAN_POINT('',(0.0804955351621505,0.0711352829931804,0.00258044058199255));
#6583=CARTESIAN_POINT('',(0.049827311302238,0.0613795930894998,0.00836834223703546));
#6584=CARTESIAN_POINT('',(0.049142831773274,0.0608123244919003,0.00857441614627852));
#6585=CARTESIAN_POINT('',(0.048447015398095,0.0602537603677007,0.00878248240224594));
#6586=CARTESIAN_POINT('',(0.047165488480769,0.0590409404540999,0.00924562291725079));
#6587=CARTESIAN_POINT('',(0.046598688488199,0.0583365147668999,0.00952707421929291));
#6588=CARTESIAN_POINT('',(0.046087858295386,0.0566995629851999,0.0102602898418022));
#6589=CARTESIAN_POINT('',(0.046050544514155,0.0558557459275999,0.0106682717003382));
#6590=CARTESIAN_POINT('',(0.045968682732224,0.0541898978072997,0.0114770000858657));
#6591=CARTESIAN_POINT('',(0.045917855163138,0.0533569182842992,0.0118818510590313));
#6592=CARTESIAN_POINT('',(0.045760400383939,0.0508592556628997,0.0130931460546631));
#6593=CARTESIAN_POINT('',(0.04565707466056,0.0491928622404991,0.0138980232010576));
#6594=CARTESIAN_POINT('',(0.04548088885634,0.0458546773990989,0.0154984875807163));
#6595=CARTESIAN_POINT('',(0.045405506046249,0.0441833216359004,0.0162942408140038));
#6596=CARTESIAN_POINT('',(0.0452271018672188,0.0395229868677393,0.0184891289886391));
#6597=CARTESIAN_POINT('',(0.0451460239900274,0.0365279074289191,0.0198749374909642));
#6598=CARTESIAN_POINT('',(0.0450916114052512,0.0335196183160988,0.0212251730264381));
#6599=CARTESIAN_POINT('',(0.049273795735882,0.0623625245246995,0.0018523014091984));
#6600=CARTESIAN_POINT('',(0.048563000392252,0.0618234495543995,0.00186071459415644));
#6601=CARTESIAN_POINT('',(0.047846817323294,0.0612884296755993,0.00186920917237467));
#6602=CARTESIAN_POINT('',(0.046485362399014,0.0601383706334993,0.00188811733248941));
#6603=CARTESIAN_POINT('',(0.045854213114431,0.0594883734996987,0.00189960837325044));
#6604=CARTESIAN_POINT('',(0.044974559348972,0.0579320255006994,0.0019295416317159));
#6605=CARTESIAN_POINT('',(0.044751278891967,0.0570562177065987,0.00194620116303623));
#6606=CARTESIAN_POINT('',(0.044456533688415,0.0553033591153991,0.00197921876532883));
#6607=CARTESIAN_POINT('',(0.044366227867036,0.0544159128447994,0.00199574749222257));
#6608=CARTESIAN_POINT('',(0.044157020008122,0.0517537441866995,0.00204520109808391));
#6609=CARTESIAN_POINT('',(0.044073104240982,0.0499746280204985,0.00207806161303188));
#6610=CARTESIAN_POINT('',(0.04389000264176,0.0464181271312008,0.00214340365119961));
#6611=CARTESIAN_POINT('',(0.043799731165281,0.0446396824714004,0.00217589176611683));
#6612=CARTESIAN_POINT('',(0.043546973417303,0.0396898961455605,0.00226550218514833));
#6613=CARTESIAN_POINT('',(0.0433862234910066,0.0365182115161194,0.0023220803853539));
#6614=CARTESIAN_POINT('',(0.0432266761487236,0.0333459733404986,0.00237720620689133));
#6615=CARTESIAN_POINT('',(0.0498273113022377,0.0613795930895003,0.00836834223703224));
#6616=CARTESIAN_POINT('',(0.0493872947347153,0.0610198873694171,0.00847781570646583));
#6617=CARTESIAN_POINT('',(0.0485008961635808,0.0603038151050604,0.00869394618255572));
#6618=CARTESIAN_POINT('',(0.0472250518395014,0.0591924048194319,0.00903194382734239));
#6619=CARTESIAN_POINT('',(0.0462488950789664,0.0577605801582821,0.00951342276236062));
#6620=CARTESIAN_POINT('',(0.0459818123100378,0.0561132547069331,0.0101339617122115));
#6621=CARTESIAN_POINT('',(0.0458873729709251,0.0544733961906019,0.0107645145048249));
#6622=CARTESIAN_POINT('',(0.0457574525314553,0.0528301964860755,0.0113911478011633));
#6623=CARTESIAN_POINT('',(0.0456367738028803,0.0511868615397782,0.0120160289629742));
#6624=CARTESIAN_POINT('',(0.0454848971247016,0.0489936360508813,0.0128469524127458));
#6625=CARTESIAN_POINT('',(0.0453191296914373,0.046249215917694,0.0138809002057011));
#6626=CARTESIAN_POINT('',(0.0451544034582343,0.042950788764051,0.015112141524267));
#6627=CARTESIAN_POINT('',(0.0450173593716788,0.0396462858561033,0.016330502597597));
#6628=CARTESIAN_POINT('',(0.0449414434109018,0.0374385410806493,0.0171319018810381));
#6629=CARTESIAN_POINT('',(0.0449070032870836,0.0363333089576265,0.0175293778486734));
#6630=CARTESIAN_POINT('',(0.0498273113022386,0.0613795930894998,0.00836834223703402));
#6631=CARTESIAN_POINT('',(0.044906871095876,0.0363332246572003,0.0175291319867133));
#6632=CARTESIAN_POINT('',(0.0493351091079569,0.0622536142013391,0.0025749088278651));
#6633=CARTESIAN_POINT('',(0.0494991737739295,0.0619622774693158,0.00450605407862657));
#6634=CARTESIAN_POINT('',(0.049663238439902,0.0616709407372924,0.00643719932938804));
#6635=CARTESIAN_POINT('',(0.0498273031058746,0.0613796040052691,0.00836834458014951));
#6636=CARTESIAN_POINT('',(0.0493351771407032,0.0622535236122594,0.00257488938153061));
#6637=CARTESIAN_POINT('',(0.049335177097871,0.0622535236692983,0.00257488896607675));
#6638=CARTESIAN_POINT('',(0.048625489772504,0.0617164777670993,0.00257488896607675));
#6639=CARTESIAN_POINT('',(0.0479091753147,0.0611836682,0.00257488896607675));
#6640=CARTESIAN_POINT('',(0.047228552787053,0.0606093818309983,0.00257488896607675));
#6641=CARTESIAN_POINT('',(0.047155225007383,0.0605475103198998,0.00257488896607675));
#6642=CARTESIAN_POINT('',(0.047082409717188,0.0604846845518008,0.00257488896607675));
#6643=CARTESIAN_POINT('',(0.047010306949077,0.0604208412041984,0.00257488961967602));
#6644=CARTESIAN_POINT('',(0.047010306949077,0.0604208412041984,0.00257488961967602));
#6645=CARTESIAN_POINT('',(0.047010308549843,0.0604208393963761,0.0025748808865167));
#6646=CARTESIAN_POINT('',(0.0466193383985055,0.0600746415749373,0.00257488230963866));
#6647=CARTESIAN_POINT('',(0.0458859242769506,0.059337996048607,0.00257489179590587));
#6648=CARTESIAN_POINT('',(0.0451103555293737,0.0579620449935091,0.00257489932199586));
#6649=CARTESIAN_POINT('',(0.0447355001875709,0.0564568379403726,0.00257488663332424));
#6650=CARTESIAN_POINT('',(0.0444434003069648,0.0544000379671845,0.0025748721931216));
#6651=CARTESIAN_POINT('',(0.0442475776433506,0.0518257605315511,0.00257487352005524));
#6652=CARTESIAN_POINT('',(0.0440699329350242,0.0487270232124774,0.00257490321961167));
#6653=CARTESIAN_POINT('',(0.0438991666733737,0.0456289742618403,0.00257489817915399));
#6654=CARTESIAN_POINT('',(0.0436755581180531,0.0414976241391453,0.0025748715093844));
#6655=CARTESIAN_POINT('',(0.0435109960817808,0.0383990324089536,0.00257487991280899));
#6656=CARTESIAN_POINT('',(0.0434024383784377,0.0363332228420306,0.00257488342137093));
#6657=CARTESIAN_POINT('',(0.0434024370155147,0.0363332229136605,0.00257488853519074));
#6658=CARTESIAN_POINT('',(0.0449069714079116,0.0363332179024135,0.0175291218957838));
#6659=CARTESIAN_POINT('',(0.0444053510692156,0.0363330064365435,0.0125427498521848));
#6660=CARTESIAN_POINT('',(0.0439038407383745,0.0363330078062214,0.00755801002527316));
#6661=CARTESIAN_POINT('',(0.0434024402654741,0.0363332220738962,0.00257490257618562));
#6662=CARTESIAN_POINT('',(0.0433974262607451,0.036333224216573,0.00252507150169475));
#6663=CARTESIAN_POINT('',(0.0433924122560161,0.0363332263592497,0.00247524042720387));
#6664=CARTESIAN_POINT('',(0.0433873982512871,0.0363332285019265,0.00242540935271299));
#6665=CARTESIAN_POINT('',(0.0442864980998365,0.0246539479975999,0.0215001169674882));
#6666=CARTESIAN_POINT('',(0.0445006933484492,0.0307024744455769,0.0195391724427923));
#6667=CARTESIAN_POINT('',(0.0447684733571047,0.0376403655815315,0.0170714837544149));
#6668=CARTESIAN_POINT('',(0.0450378315329123,0.0445308705808674,0.0145008055647207));
#6669=CARTESIAN_POINT('',(0.0451071524457633,0.0463043116937404,0.0138356686169393));
#6670=CARTESIAN_POINT('',(0.0454015869850816,0.0538345620872657,0.010998503215022));
#6671=CARTESIAN_POINT('',(0.0457206634293949,0.0620660038738486,0.00778336405585063));
#6672=CARTESIAN_POINT('',(0.0459788240195708,0.0694701023016545,0.00489734889219296));
#6673=CARTESIAN_POINT('',(0.0460079378466356,0.0703153063941954,0.00456810261041443));
#6674=CARTESIAN_POINT('',(0.0460440943657397,0.0713632842461766,0.00415984525973463));
#6675=CARTESIAN_POINT('',(0.0460802508321883,0.0724112578825596,0.00375157708097479));
#6676=CARTESIAN_POINT('',(0.0461127918029675,0.0733544307351014,0.00338412695514592));
#6677=CARTESIAN_POINT('',(0.0529528501974093,0.0241493395537713,0.0232347696829659));
#6678=CARTESIAN_POINT('',(0.0531725468002156,0.0300034609612737,0.0211491850190806));
#6679=CARTESIAN_POINT('',(0.0534413747206668,0.0366946292824281,0.01854787200701));
#6680=CARTESIAN_POINT('',(0.053706734493501,0.0433561224776666,0.0159000104634573));
#6681=CARTESIAN_POINT('',(0.053774864391257,0.0450714792674388,0.0152172169453981));
#6682=CARTESIAN_POINT('',(0.0540636033776656,0.0523579927073664,0.0123129024958321));
#6683=CARTESIAN_POINT('',(0.0543689059534198,0.0603594056392394,0.00911574006512392));
#6684=CARTESIAN_POINT('',(0.0546034533038678,0.067656694165671,0.00641526372183146));
#6685=CARTESIAN_POINT('',(0.0546298121272877,0.0684912090996612,0.00610914916668384));
#6686=CARTESIAN_POINT('',(0.0546632037331724,0.0695283444102256,0.0057287607803855));
#6687=CARTESIAN_POINT('',(0.0546965942752681,0.0705654782781132,0.00534836842087594));
#6688=CARTESIAN_POINT('',(0.0547266449104746,0.0714988975937999,0.0050060120880243));
#6689=CARTESIAN_POINT('',(0.0616866976443726,0.0234325405858152,0.0241979080310254));
#6690=CARTESIAN_POINT('',(0.061900596201129,0.029127647166778,0.022082263844453));
#6691=CARTESIAN_POINT('',(0.0621593150985923,0.03562822461724,0.0194598208035502));
#6692=CARTESIAN_POINT('',(0.0624142643994164,0.0421076989240211,0.0168165464372179));
#6693=CARTESIAN_POINT('',(0.0624797287104634,0.0437766052583163,0.0161358809819133));
#6694=CARTESIAN_POINT('',(0.0627571896696079,0.050867064630946,0.013243792937397));
#6695=CARTESIAN_POINT('',(0.0630502346519246,0.0586684803472996,0.0100989348264585));
#6696=CARTESIAN_POINT('',(0.0632736057599448,0.0658316656342797,0.00752430180657587));
#6697=CARTESIAN_POINT('',(0.0632987168012213,0.0666515814970832,0.00723345417473932));
#6698=CARTESIAN_POINT('',(0.0633308243209827,0.0676718828803637,0.00687152431746108));
#6699=CARTESIAN_POINT('',(0.0633629318157468,0.0686921841821256,0.00650959411514242));
#6700=CARTESIAN_POINT('',(0.0633918285401416,0.0696104552855375,0.00618385664772492));
#6701=CARTESIAN_POINT('',(0.0704853333283059,0.0225012660067122,0.0243913766367764));
#6702=CARTESIAN_POINT('',(0.0706837165263215,0.028072223916806,0.022339926375627));
#6703=CARTESIAN_POINT('',(0.0709222197178744,0.0344381220801208,0.019808663928201));
#6704=CARTESIAN_POINT('',(0.0711606286391047,0.0407830477896561,0.0172515524942484));
#6705=CARTESIAN_POINT('',(0.0712220016910697,0.0424172836798589,0.0165927508238022));
#6706=CARTESIAN_POINT('',(0.0714827248692588,0.0493600717146494,0.0137920360441371));
#6707=CARTESIAN_POINT('',(0.0717643011423606,0.056993151210283,0.0107331629427771));
#6708=CARTESIAN_POINT('',(0.071988333929043,0.0639966704543735,0.00822343506978567));
#6709=CARTESIAN_POINT('',(0.072013644444249,0.0647982507934853,0.00793985690808527));
#6710=CARTESIAN_POINT('',(0.0720459331225659,0.0657957101073133,0.00758696078585935));
#6711=CARTESIAN_POINT('',(0.0720782218264552,0.0667931694344944,0.00723406461016917));
#6712=CARTESIAN_POINT('',(0.0721072816800454,0.0676908828379407,0.00691645800387463));
#6713=CARTESIAN_POINT('',(0.0636190101504326,0.035608671605587,0.0192901657741317));
#6714=CARTESIAN_POINT('',(0.0636701773568863,0.0357472727468807,0.0192361327433921));
#6715=CARTESIAN_POINT('',(0.0637213360826982,0.035885850919441,0.0191820353846279));
#6716=CARTESIAN_POINT('',(0.0637724327388115,0.0360244211682035,0.0191278699018805));
#6717=CARTESIAN_POINT('',(0.0636190101504326,0.035608671605587,0.0192901657741317));
#6718=CARTESIAN_POINT('',(0.0637724327388115,0.0360244211682035,0.0191278699018805));
#6719=CARTESIAN_POINT('',(0.0636190101504326,0.035608671605587,0.0192901657741317));
#6720=CARTESIAN_POINT('',(0.0627732221369438,0.0363733507512926,0.0189638880033032));
#6721=CARTESIAN_POINT('',(0.0610838211280118,0.0379002909059942,0.0182999856040089));
#6722=CARTESIAN_POINT('',(0.0586730559168471,0.0402880250106814,0.0172407209215346));
#6723=CARTESIAN_POINT('',(0.056908335858921,0.0424947016189292,0.0162665854799908));
#6724=CARTESIAN_POINT('',(0.0559225950341354,0.0444777184805784,0.0154202857999891));
#6725=CARTESIAN_POINT('',(0.0556760945113834,0.0455680562625808,0.0149714515410308));
#6726=CARTESIAN_POINT('',(0.0556485717318637,0.0461154578296224,0.0147514944550909));
#6727=CARTESIAN_POINT('',(0.050759210019552,0.0501469178614986,0.0128418393932566));
#6728=CARTESIAN_POINT('',(0.050759210019552,0.0500901354399996,0.0128641835063368));
#6729=CARTESIAN_POINT('',(0.050759210019552,0.0500333527437,0.0128865269158591));
#6730=CARTESIAN_POINT('',(0.050759210019552,0.0499765697472991,0.012908869557064));
#6731=CARTESIAN_POINT('',(0.050759210019552,0.0493562476659992,0.013152950260293));
#6732=CARTESIAN_POINT('',(0.050759210019552,0.0487358886489986,0.0133969372433617));
#6733=CARTESIAN_POINT('',(0.050759210019553,0.0481154578350989,0.0136407413651264));
#6734=CARTESIAN_POINT('',(0.050759210019553,0.047448888987299,0.0139026766732181));
#6735=CARTESIAN_POINT('',(0.050759210019552,0.0467822367469992,0.014164399532257));
#6736=CARTESIAN_POINT('',(0.050759210019553,0.0461154578351,0.0144257987862707));
#6737=CARTESIAN_POINT('',(0.050759210019552,0.0501469178615182,0.0128418392141438));
#6738=CARTESIAN_POINT('',(0.050759210019552,0.0571265697472985,0.0100963714410204));
#6739=CARTESIAN_POINT('',(0.050759210019552,0.0547993169126997,0.0110097389997332));
#6740=CARTESIAN_POINT('',(0.050759210019552,0.0524733480078989,0.0119263796979499));
#6741=CARTESIAN_POINT('',(0.050759210019552,0.0501469178614986,0.0128418393932566));
#6742=CARTESIAN_POINT('',(0.050759210019552,0.0571265697472985,0.0100963714410204));
#6743=CARTESIAN_POINT('',(0.057237315064548,0.0571265697472985,0.0104547900343109));
#6744=CARTESIAN_POINT('',(0.055077336853347,0.0571265697473979,0.0103587457488116));
#6745=CARTESIAN_POINT('',(0.052916573614043,0.0571265697473979,0.0102396726546426));
#6746=CARTESIAN_POINT('',(0.050759210019552,0.0571265697472985,0.0100963714410204));
#6747=CARTESIAN_POINT('',(0.0572373149986051,0.0504650817186581,0.0130932717088865));
#6748=CARTESIAN_POINT('',(0.0578816901728693,0.0513579674936755,0.0127659049525709));
#6749=CARTESIAN_POINT('',(0.0586263822751535,0.0521774702351894,0.0124696446990069));
#6750=CARTESIAN_POINT('',(0.0594113933005148,0.0529669567325233,0.0121844523137186));
#6751=CARTESIAN_POINT('',(0.0596814722065675,0.0532356519392919,0.0120874120888804));
#6752=CARTESIAN_POINT('',(0.0609141705519533,0.054449285374435,0.0116491944139343));
#6753=CARTESIAN_POINT('',(0.0622326267481601,0.0555900884019436,0.0112376164119484));
#6754=CARTESIAN_POINT('',(0.0635451599955559,0.0567311942577362,0.0108247731163367));
#6755=CARTESIAN_POINT('',(0.0635451599955559,0.0567311942577362,0.0108247731163367));
#6756=CARTESIAN_POINT('',(0.0636144146965595,0.056584236257357,0.0108836639234942));
#6757=CARTESIAN_POINT('',(0.0635913317356305,0.0566332218939036,0.0108640304664569));
#6758=CARTESIAN_POINT('',(0.0635682472505444,0.0566822080395787,0.0108444000722426));
#6759=CARTESIAN_POINT('',(0.063545159870035,0.056731194205525,0.010824773133657));
#6760=CARTESIAN_POINT('',(0.0636144140413696,0.0565842359486182,0.010883663923492));
#6761=CARTESIAN_POINT('',(0.0663974491864981,0.0591207214225383,0.00996272242903923));
#6762=CARTESIAN_POINT('',(0.0654695877727572,0.0582750594473798,0.0102686889462292));
#6763=CARTESIAN_POINT('',(0.0645420026674286,0.0574296493024131,0.0105761861871252));
#6764=CARTESIAN_POINT('',(0.0636144140413705,0.056584235948619,0.0108836639234967));
#6765=CARTESIAN_POINT('',(0.0663974491443789,0.0591207214268185,0.00996272231314242));
#6766=CARTESIAN_POINT('',(0.0516680030064365,0.2040231810102,0.39064991441283));
#6767=CARTESIAN_POINT('',(0.06639693778975,0.0595638136644006,0.00979434158036157));
#6768=CARTESIAN_POINT('',(0.071686459064251,0.0595585742566005,0.00984676774618266));
#6769=CARTESIAN_POINT('',(0.069924252232023,0.0595602441119993,0.0098436639222141));
#6770=CARTESIAN_POINT('',(0.068161002778059,0.0595620738400005,0.009826098924264));
#6771=CARTESIAN_POINT('',(0.06639693778975,0.0595638136644006,0.00979434158036157));
#6772=CARTESIAN_POINT('',(0.0719522573547386,0.067725024721103,0.00690337960318325));
#6773=CARTESIAN_POINT('',(0.0718456819957225,0.0677245947838993,0.00690281732135006));
#6774=CARTESIAN_POINT('',(0.0715365930388837,0.0677232390245507,0.00690111691927451));
#6775=CARTESIAN_POINT('',(0.0709110876328011,0.0677198403619029,0.00689644567952447));
#6776=CARTESIAN_POINT('',(0.0702663382598408,0.0677156374677338,0.00689008188375252));
#6777=CARTESIAN_POINT('',(0.0697131484675128,0.0677116238364981,0.00688369026437798));
#6778=CARTESIAN_POINT('',(0.0691857049783877,0.0677073471277287,0.00687655094116947));
#6779=CARTESIAN_POINT('',(0.0687429851111644,0.0677034685838891,0.00686986933040614));
#6780=CARTESIAN_POINT('',(0.0683519159419722,0.0676998259209787,0.00686347075885317));
#6781=CARTESIAN_POINT('',(0.0680999408615742,0.0676973883789288,0.00685906596460614));
#6782=CARTESIAN_POINT('',(0.0677280757789441,0.0676937562114765,0.0068522760333379));
#6783=CARTESIAN_POINT('',(0.0671248132871909,0.0676877085627529,0.00684036375862223));
#6784=CARTESIAN_POINT('',(0.0663275968722445,0.0676794751963929,0.00682251463439004));
#6785=CARTESIAN_POINT('',(0.0656307058526366,0.0676723015772901,0.00680465287215749));
#6786=CARTESIAN_POINT('',(0.0652010841904106,0.0676680560106488,0.00679276359304487));
#6787=CARTESIAN_POINT('',(0.0649602084718256,0.0676657642262869,0.00678582958516695));
#6788=CARTESIAN_POINT('',(0.0648162663324515,0.067664427279776,0.00678161025336849));
#6789=CARTESIAN_POINT('',(0.0645679490206233,0.0676622062491956,0.00677412505184248));
#6790=CARTESIAN_POINT('',(0.0642748292527401,0.0676596920416801,0.00676499280376943));
#6791=CARTESIAN_POINT('',(0.0637445823331535,0.0676553918616185,0.00674778303388963));
#6792=CARTESIAN_POINT('',(0.0630273262083883,0.0676504312516167,0.0067226191992433));
#6793=CARTESIAN_POINT('',(0.0622279353930413,0.0676456612642119,0.00669181121225794));
#6794=CARTESIAN_POINT('',(0.0617304147298522,0.0676420814278542,0.00667173251733807));
#6795=CARTESIAN_POINT('',(0.0614338979243421,0.0676393742488522,0.00665965754912335));
#6796=CARTESIAN_POINT('',(0.0612402944106447,0.067637456767064,0.00665171409276792));
#6797=CARTESIAN_POINT('',(0.0609442317990756,0.0676341315296658,0.00663946475770858));
#6798=CARTESIAN_POINT('',(0.0606080020438741,0.0676297467924122,0.00662544711059575));
#6799=CARTESIAN_POINT('',(0.0602084812860391,0.0676235326780433,0.00660869114028634));
#6800=CARTESIAN_POINT('',(0.059856188707473,0.0676165195565858,0.00659395193385193));
#6801=CARTESIAN_POINT('',(0.0596382179579865,0.0676114027805527,0.00658493221160512));
#6802=CARTESIAN_POINT('',(0.0595113913756943,0.0676081132470878,0.00657973749358419));
#6803=CARTESIAN_POINT('',(0.059445391555682,0.0676063480426926,0.00657704460659325));
#6804=CARTESIAN_POINT('',(0.0592843693893696,0.0676016663719159,0.00657054702040147));
#6805=CARTESIAN_POINT('',(0.0591110116986682,0.067596086286799,0.00656365897975147));
#6806=CARTESIAN_POINT('',(0.0588971814604416,0.0675884282903702,0.00655533082770372));
#6807=CARTESIAN_POINT('',(0.0586552270967477,0.0675779913964412,0.00654635157142077));
#6808=CARTESIAN_POINT('',(0.0584706471978754,0.0675690328098936,0.00653977576946652));
#6809=CARTESIAN_POINT('',(0.0581624301702797,0.0675508995083211,0.00652971935081818));
#6810=CARTESIAN_POINT('',(0.0579969961335343,0.0675394822949514,0.00652482699445247));
#6811=CARTESIAN_POINT('',(0.0577964480095747,0.0675234942404471,0.00651958430273054));
#6812=CARTESIAN_POINT('',(0.0577321028017569,0.0675180878782411,0.00651799152044483));
#6813=CARTESIAN_POINT('',(0.0575825189921427,0.0675045399669416,0.00651459412335009));
#6814=CARTESIAN_POINT('',(0.0574881565772908,0.0674956077800518,0.00651256505780879));
#6815=CARTESIAN_POINT('',(0.0574455800415086,0.0674910857817523,0.00651182174340479));
#6816=CARTESIAN_POINT('',(0.0574334956434824,0.0674893792198455,0.00651176648072404));
#6817=CARTESIAN_POINT('',(0.057433472136774,0.067489385521899,0.00651178114617642));
#6818=CARTESIAN_POINT('',(0.0498273011949043,0.0613796041527217,0.00836833720852643));
#6819=CARTESIAN_POINT('',(0.052363257296198,0.0634161578157444,0.00775167092799439));
#6820=CARTESIAN_POINT('',(0.0548949493233079,0.065453032674803,0.00711859231075208));
#6821=CARTESIAN_POINT('',(0.0574334601346982,0.067489393901503,0.00651175905856243));
#6822=CARTESIAN_POINT('',(0.339001805252394,-0.0723202070935478,-0.25911286209183));
#6823=CARTESIAN_POINT('',(0.04489865200063,0.0360670095730989,0.0176248078082185));
#6824=CARTESIAN_POINT('',(0.0446661511624579,0.0249274193468704,0.0214773273533887));
#6825=CARTESIAN_POINT('',(0.0447172498598899,0.0286586827294977,0.0202445103921727));
#6826=CARTESIAN_POINT('',(0.0447841553969798,0.0323698658561373,0.0189524958473801));
#6827=CARTESIAN_POINT('',(0.0448987005398059,0.0360670900097575,0.0176250360283849));
#6828=CARTESIAN_POINT('',(0.0446659874248402,0.0249274087487465,0.0214772884899278));
#6829=CARTESIAN_POINT('',(0.0664166186143413,0.0302013984741087,0.0214770706873856));
#6830=CARTESIAN_POINT('',(0.0626412514234207,0.0300986544640919,0.0214770706873856));
#6831=CARTESIAN_POINT('',(0.0569819818237065,0.0294352948268069,0.0214770706873856));
#6832=CARTESIAN_POINT('',(0.0498057952431466,0.027340821337526,0.0214770706873856));
#6833=CARTESIAN_POINT('',(0.0463373063432957,0.0258165699307386,0.0214770706873855));
#6834=CARTESIAN_POINT('',(0.04466569948015,0.0249279504095009,0.0214770706873855));
#6835=CARTESIAN_POINT('',(0.0664166076027337,0.0302018030997612,0.0214769127164768));
#6836=CARTESIAN_POINT('',(0.066416602104871,0.0301701208636916,0.0214892726556292));
#6837=CARTESIAN_POINT('',(0.06641660210489,0.0301807248661609,0.0214851357808855));
#6838=CARTESIAN_POINT('',(0.066416602104909,0.0301913288686302,0.0214809989061419));
#6839=CARTESIAN_POINT('',(0.066416602104928,0.0302019328710994,0.0214768620313982));
#6840=CARTESIAN_POINT('',(0.066416602106828,0.0312623331180252,0.021063174557033));
#6841=CARTESIAN_POINT('',(0.0664166021086797,0.0323214187466285,0.0206461237333346));
#6842=CARTESIAN_POINT('',(0.06641660211055,0.0333795081647583,0.0202265613648502));
#6843=CARTESIAN_POINT('',(0.0664166021105689,0.0333901948678814,0.0202223237849285));
#6844=CARTESIAN_POINT('',(0.0664166021105878,0.0334008815710045,0.0202180862050068));
#6845=CARTESIAN_POINT('',(0.0664166021106067,0.0334115682741276,0.0202138486250851));
#6846=CARTESIAN_POINT('',(0.0664166021030427,0.0333796252458569,0.0202265149387986));
#6847=CARTESIAN_POINT('',(0.0637724327388111,0.0360244211682038,0.0191278699018805));
#6848=CARTESIAN_POINT('',(0.0646524558484384,0.0351442359257918,0.0195007358758804));
#6849=CARTESIAN_POINT('',(0.065533737464769,0.0342627081675089,0.0198674737608372));
#6850=CARTESIAN_POINT('',(0.0664166021030427,0.0333796252458568,0.0202265149387986));
#6851=CARTESIAN_POINT('',(0.0589764096830323,0.0629709448449303,0.00827630754512087));
#6852=CARTESIAN_POINT('',(0.059004734847843,0.0629742911818401,0.00827629625911551));
#6853=CARTESIAN_POINT('',(0.058948079154093,0.0629676446238996,0.00827630754512348));
#6854=CARTESIAN_POINT('',(0.0655536420042977,0.0635823482575356,0.00827630762552148));
#6855=CARTESIAN_POINT('',(0.0655536419288091,0.0644790757860691,0.00794725084129159));
#6856=CARTESIAN_POINT('',(0.0649918062255806,0.0658015626300209,0.00745603954082982));
#6857=CARTESIAN_POINT('',(0.0633790988061753,0.0667938064811121,0.00704515372648376));
#6858=CARTESIAN_POINT('',(0.0619412323142287,0.0669752598981152,0.00692269454853063));
#6859=CARTESIAN_POINT('',(0.0605508832769574,0.0665330739786428,0.00702135017154842));
#6860=CARTESIAN_POINT('',(0.0591444589170728,0.0652538053801801,0.00742561040957838));
#6861=CARTESIAN_POINT('',(0.0588400911665097,0.0638521761608972,0.00793699400889618));
#6862=CARTESIAN_POINT('',(0.0590045414880439,0.0629742546474824,0.00827629544503852));
#6863=CARTESIAN_POINT('',(0.0655536420042988,0.0635823482575377,0.00827630762552076));
#6864=CARTESIAN_POINT('',(0.0655536420043,0.0635823482575398,0.00827630762552003));
#6865=CARTESIAN_POINT('',(0.0655536420043,0.0624794216766372,0.00868102975159995));
#6866=CARTESIAN_POINT('',(0.0655536420043,0.0613786029313304,0.00909157628872411));
#6867=CARTESIAN_POINT('',(0.0655536420043,0.0602795638409592,0.00950704040188032));
#6868=CARTESIAN_POINT('',(0.065553642304571,0.0602795679581991,0.00950705129331028));
#6869=CARTESIAN_POINT('',(0.065553638685635,0.0602795675408192,0.00950703893370152));
#6870=CARTESIAN_POINT('',(0.064955494000085,0.0597344126192715,0.0097005871407113));
#6871=CARTESIAN_POINT('',(0.0643574852237653,0.0591893815667289,0.0098949100851));
#6872=CARTESIAN_POINT('',(0.0637595429036635,0.0586444110830316,0.0100896118567001));
#6873=CARTESIAN_POINT('',(0.0637535634804625,0.0586389613781946,0.0100915588744161));
#6874=CARTESIAN_POINT('',(0.0637475840572615,0.0586335116733577,0.0100935058921321));
#6875=CARTESIAN_POINT('',(0.0637416046340604,0.0586280619685207,0.0100954529098481));
#6876=CARTESIAN_POINT('',(0.0637595137673402,0.0586443592992383,0.0100896520540877));
#6877=CARTESIAN_POINT('',(0.058948079600875,0.0585325609419426,0.00997787934251736));
#6878=CARTESIAN_POINT('',(0.0605466113107245,0.0585782424340279,0.0100235608346027));
#6879=CARTESIAN_POINT('',(0.0621504420154614,0.0586154976662147,0.0100608160667894));
#6880=CARTESIAN_POINT('',(0.0637595717150857,0.0586443266385029,0.0100896450390777));
#6881=CARTESIAN_POINT('',(0.0589480793529283,0.0585325647914531,0.00997788242297262));
#6882=CARTESIAN_POINT('',(0.058948079154093,0.0629676439173998,0.00827630754512348));
#6883=CARTESIAN_POINT('',(0.05894807921109,0.0614853794736003,0.00883710341886354));
#6884=CARTESIAN_POINT('',(0.058948079320268,0.0600073126319991,0.00940488034124019));
#6885=CARTESIAN_POINT('',(0.058948079303817,0.0585325672929997,0.00997788338640886));
#6886=CARTESIAN_POINT('',(0.087619053426976,0.0470255064225,0.00627489006852148));
#6887=CARTESIAN_POINT('',(0.087619053426976,0.0470255064224396,0.00627489006852148));
#6888=CARTESIAN_POINT('',(0.087619053426976,0.0470255064224805,0.00627489006851966));
#6889=CARTESIAN_POINT('',(0.087619053426976,0.0470255064224805,0.00777489006851784));
#6890=CARTESIAN_POINT('',(0.087619053426976,0.0470255064225,0.00777489006851784));
#6891=CARTESIAN_POINT('',(0.08761905342697,0.0499819601542999,0.00777489006852148));
#6892=CARTESIAN_POINT('',(0.087619053426976,0.0499819601542999,0.00625989006852206));
#6893=CARTESIAN_POINT('',(0.08761905342697,0.0499819601542999,0.00627489006852148));
#6894=CARTESIAN_POINT('',(0.087619053426976,0.0390503110312981,0.00627489006851784));
#6895=CARTESIAN_POINT('',(0.097006095055557,0.0390503110312981,0.00627489006851784));
#6896=CARTESIAN_POINT('',(0.10035551609754,0.0362447690219981,0.00627489006851784));
#6897=CARTESIAN_POINT('',(0.095202333035746,0.0406066740937998,0.00627483398290452));
#6898=CARTESIAN_POINT('',(0.097006095055557,0.0499819601542999,0.00627489006851784));
#6899=CARTESIAN_POINT('',(0.094246282267803,0.0499819601542999,0.00627489006851784));
#6900=CARTESIAN_POINT('',(0.0952023233994366,0.0406066731070157,0.00627489006851784));
#6901=CARTESIAN_POINT('',(0.0948823189919546,0.0437316338596018,0.00627489006851784));
#6902=CARTESIAN_POINT('',(0.0945621712006501,0.0468565802305643,0.00627489006851784));
#6903=CARTESIAN_POINT('',(0.0942462826106304,0.0499819601586371,0.00627489006851784));
#6904=CARTESIAN_POINT('',(0.10035551609754,0.0362447690219981,0.00627489006851784));
#6905=CARTESIAN_POINT('',(1.31611177101117,16.7495090459881,-2.44926035927407));
#6906=CARTESIAN_POINT('',(0.094917204851022,0.0408480195658995,0.00777483588629867));
#6907=CARTESIAN_POINT('',(0.097201328563542,0.0389146208007407,0.00777489006851784));
#6908=CARTESIAN_POINT('',(0.097186749353984,0.0388973967879984,0.00777489006851784));
#6909=CARTESIAN_POINT('',(0.0949171955421019,0.0408480186129837,0.00777489006851784));
#6910=CARTESIAN_POINT('',(0.0946055412850257,0.043892531580271,0.00777489006851784));
#6911=CARTESIAN_POINT('',(0.0942938699430448,0.0469370430742337,0.00777489006851784));
#6912=CARTESIAN_POINT('',(0.0939861852852223,0.0499819601499639,0.00777489006851784));
#6913=CARTESIAN_POINT('',(0.0939861853914569,0.0499819601521319,0.00777489006851784));
#6914=CARTESIAN_POINT('',(0.08761905342697,0.0499819601542999,0.00777489006851784));
#6915=CARTESIAN_POINT('',(0.08761905342697,0.0499819601542999,0.00625989006852206));
#6916=CARTESIAN_POINT('',(0.0941162337390685,0.0499819601542999,0.00702489003230631));
#6917=CARTESIAN_POINT('',(0.0963120603522505,0.0361936157635601,0.00249365840811434));
#6918=CARTESIAN_POINT('',(0.096280635468578,0.0364993453217597,0.00249366333581175));
#6919=CARTESIAN_POINT('',(0.096249120006137,0.0368052364297391,0.00249367114564474));
#6920=CARTESIAN_POINT('',(0.0960805905366095,0.0384425608173,0.0024937316989406));
#6921=CARTESIAN_POINT('',(0.0959441798687985,0.0397735448260583,0.00249378134414663));
#6922=CARTESIAN_POINT('',(0.0955084232674345,0.044025136209699,0.00249392238381819));
#6923=CARTESIAN_POINT('',(0.095208914262417,0.0469470084080186,0.00249402607872353));
#6924=CARTESIAN_POINT('',(0.094741555946442,0.0515666050636199,0.0024941279289971));
#6925=CARTESIAN_POINT('',(0.0945716774252235,0.0532583704598206,0.00249412664185341));
#6926=CARTESIAN_POINT('',(0.0943606473137445,0.055171023030999,0.00249442085913987));
#6927=CARTESIAN_POINT('',(0.0943352498329185,0.0553975737294596,0.00249445194818705));
#6928=CARTESIAN_POINT('',(0.0942483863233045,0.0561085609124401,0.00249420507442421));
#6929=CARTESIAN_POINT('',(0.0941796192139735,0.0565583602534989,0.0024941757890365));
#6930=CARTESIAN_POINT('',(0.0940554570133295,0.057052736772059,0.00249444104498905));
#6931=CARTESIAN_POINT('',(0.094002806153022,0.0572413242736385,0.00249438881508411));
#6932=CARTESIAN_POINT('',(0.0939444513527925,0.0574036440304191,0.00249435586783184));
#6933=CARTESIAN_POINT('',(0.0938851326905145,0.0575483107687198,0.00249439672210783));
#6934=CARTESIAN_POINT('',(0.0938213832272975,0.05768610701314,0.00249450262724749));
#6935=CARTESIAN_POINT('',(0.093745254418353,0.0578189527830393,0.00249441324254036));
#6936=CARTESIAN_POINT('',(0.0936619611828055,0.0579507774329588,0.00249435906535085));
#6937=CARTESIAN_POINT('',(0.093567160850416,0.0580878593903602,0.00249439290157975));
#6938=CARTESIAN_POINT('',(0.0934508364721635,0.0582331144127206,0.00249443205687862));
#6939=CARTESIAN_POINT('',(0.093281310651214,0.0584331885507403,0.00249439272753678));
#6940=CARTESIAN_POINT('',(0.09316468574653,0.058559456012679,0.00249437011538751));
#6941=CARTESIAN_POINT('',(0.0930400952415285,0.0586852863796992,0.00249439429719015));
#6942=CARTESIAN_POINT('',(0.0930122623599775,0.0587133962400799,0.00249439969928117));
#6943=CARTESIAN_POINT('',(0.092984429478426,0.0587415061004606,0.00249440510137219));
#6944=CARTESIAN_POINT('',(0.092956596596875,0.0587696159608395,0.00249441050346321));
#6945=CARTESIAN_POINT('',(0.095843683508297,0.0360871842558997,0.00525261834521027));
#6946=CARTESIAN_POINT('',(0.095812207297048,0.0363935926106987,0.00525262317770991));
#6947=CARTESIAN_POINT('',(0.0957806378400545,0.0367001754132001,0.0052526309533631));
#6948=CARTESIAN_POINT('',(0.0956118241531565,0.03834118538356,0.00525269159437089));
#6949=CARTESIAN_POINT('',(0.0954752045063945,0.0396750597509197,0.00525274118018055));
#6950=CARTESIAN_POINT('',(0.0950387414634955,0.0439361735713195,0.00525288181075213));
#6951=CARTESIAN_POINT('',(0.0947386862913045,0.0468650437878999,0.00525298505035803));
#6952=CARTESIAN_POINT('',(0.0942703591285965,0.0514958616375392,0.00525308651667435));
#6953=CARTESIAN_POINT('',(0.0941000767719325,0.0531920178494598,0.00525308646065605));
#6954=CARTESIAN_POINT('',(0.0938901925828775,0.0551006427977399,0.00525338279198011));
#6955=CARTESIAN_POINT('',(0.0938649465099715,0.0553265345129805,0.00525341320100857));
#6956=CARTESIAN_POINT('',(0.0937794038281645,0.0560282182049186,0.00525316144617973));
#6957=CARTESIAN_POINT('',(0.093711547897436,0.0564676507655602,0.00525314777069068));
#6958=CARTESIAN_POINT('',(0.09359884654229,0.0569198993735594,0.00525341122202548));
#6959=CARTESIAN_POINT('',(0.0935517406210505,0.05708963211754,0.00525336068746142));
#6960=CARTESIAN_POINT('',(0.093501639983612,0.0572297622499605,0.00525332917111825));
#6961=CARTESIAN_POINT('',(0.093452314696286,0.0573511282861006,0.00525336552728295));
#6962=CARTESIAN_POINT('',(0.0934009345682485,0.0574630877837592,0.00525346644021928));
#6963=CARTESIAN_POINT('',(0.0933393488919665,0.0575710873274993,0.00525337545119364));
#6964=CARTESIAN_POINT('',(0.093269808618941,0.0576815462421187,0.00525332196170079));
#6965=CARTESIAN_POINT('',(0.0931892333153315,0.0577987350899001,0.00525335630130218));
#6966=CARTESIAN_POINT('',(0.093086125659678,0.0579280624340193,0.00525339479615087));
#6967=CARTESIAN_POINT('',(0.092932549864115,0.0581097369237806,0.0052533527353841));
#6968=CARTESIAN_POINT('',(0.0928227745527845,0.0582288846165788,0.00525333058609216));
#6969=CARTESIAN_POINT('',(0.0927047100998635,0.0583483344681994,0.00525335428849805));
#6970=CARTESIAN_POINT('',(0.092678335104967,0.0583750189540595,0.00525335958349428));
#6971=CARTESIAN_POINT('',(0.0926519601100705,0.0584017034399391,0.00525336487849052));
#6972=CARTESIAN_POINT('',(0.092625585115174,0.0584283879258187,0.00525337017348676));
#6973=CARTESIAN_POINT('',(0.0950750605712671,0.0359125254094711,0.00978016966469055));
#6974=CARTESIAN_POINT('',(0.0950435001253367,0.0362200477261575,0.00978017434173601));
#6975=CARTESIAN_POINT('',(0.0950118420600242,0.0365277656364971,0.00978018206178751));
#6976=CARTESIAN_POINT('',(0.0948425619729218,0.0381748236954216,0.00978024284662282));
#6977=CARTESIAN_POINT('',(0.0947055993831898,0.0395134412505209,0.00978029233601999));
#6978=CARTESIAN_POINT('',(0.094267977064056,0.0437901815753956,0.00978043229726273));
#6979=CARTESIAN_POINT('',(0.0939670255200029,0.0467305364267286,0.00978053479711274));
#6980=CARTESIAN_POINT('',(0.0934971085874288,0.0513797677304084,0.0097806356293441));
#6981=CARTESIAN_POINT('',(0.0933261632086213,0.0530831308347766,0.00978063760037456));
#6982=CARTESIAN_POINT('',(0.0931181603498232,0.0549851460105151,0.00978093748759179));
#6983=CARTESIAN_POINT('',(0.0930931566823598,0.0552100034155912,0.0097809670951351));
#6984=CARTESIAN_POINT('',(0.0930098081425312,0.0558961992051824,0.00978070547489688));
#6985=CARTESIAN_POINT('',(0.09294336333133,0.0563193847434215,0.00978072337162877));
#6986=CARTESIAN_POINT('',(0.0928493002969865,0.0567028079595951,0.00978098513410678));
#6987=CARTESIAN_POINT('',(0.0928112179783817,0.0568417629842362,0.00978093887723841));
#6988=CARTESIAN_POINT('',(0.0927744164452759,0.0569460220496283,0.00978091463728684));
#6989=CARTESIAN_POINT('',(0.0927410622760114,0.0570300905455434,0.0097809613131406));
#6990=CARTESIAN_POINT('',(0.0927098821625399,0.0570992808122827,0.00978104651017085));
#6991=CARTESIAN_POINT('',(0.0926727178036125,0.0571652332192767,0.00978093599095541));
#6992=CARTESIAN_POINT('',(0.0926256425041486,0.0572407036557391,0.00978088435125793));
#6993=CARTESIAN_POINT('',(0.0925684606063535,0.0573250353235308,0.00978091666670752));
#6994=CARTESIAN_POINT('',(0.0924872228789872,0.0574279501578243,0.00978095310235784));
#6995=CARTESIAN_POINT('',(0.0923601107916971,0.0575790597507923,0.00978090469623328));
#6996=CARTESIAN_POINT('',(0.092261505757789,0.0576865961741851,0.00978088367680303));
#6997=CARTESIAN_POINT('',(0.0921541605344227,0.0577955616634425,0.00978090647534792));
#6998=CARTESIAN_POINT('',(0.0921301801605818,0.0578199039964061,0.00978091156842624));
#6999=CARTESIAN_POINT('',(0.0921061997867403,0.0578442463293503,0.00978091666150455));
#7000=CARTESIAN_POINT('',(0.0920822194128988,0.0578685886623157,0.00978092175458287));
#7001=CARTESIAN_POINT('',(0.094306437818153,0.0357378650207447,0.0143077209558425));
#7002=CARTESIAN_POINT('',(0.094274793130594,0.0360465013517912,0.0143077254786822));
#7003=CARTESIAN_POINT('',(0.0942430464547518,0.0363553543899666,0.0143077331439174));
#7004=CARTESIAN_POINT('',(0.0940732999835951,0.0380084603982519,0.0143077940723095));
#7005=CARTESIAN_POINT('',(0.0939359944530638,0.0393518211661877,0.0143078434672813));
#7006=CARTESIAN_POINT('',(0.093497212867911,0.0436441876747172,0.014307982760943));
#7007=CARTESIAN_POINT('',(0.0931953648727602,0.0465960284433339,0.0143080845380625));
#7008=CARTESIAN_POINT('',(0.0927238582195385,0.0512636710476052,0.0143081847165326));
#7009=CARTESIAN_POINT('',(0.0925522498723193,0.0529742453587503,0.0143081887658966));
#7010=CARTESIAN_POINT('',(0.0923461285927493,0.0548696461903482,0.0143084922706067));
#7011=CARTESIAN_POINT('',(0.0923213607618787,0.0550935608167662,0.0143085218923276));
#7012=CARTESIAN_POINT('',(0.0922402291579375,0.0557638345693349,0.014308245705728));
#7013=CARTESIAN_POINT('',(0.0921751483403225,0.0561721491082114,0.0143083085119586));
#7014=CARTESIAN_POINT('',(0.0920989670894631,0.0564889195519565,0.0143085851544531));
#7015=CARTESIAN_POINT('',(0.0920695374964225,0.0565980675131114,0.0143085505069796));
#7016=CARTESIAN_POINT('',(0.0920448764301565,0.0566689880696782,0.0143085531266742));
#7017=CARTESIAN_POINT('',(0.0920260691870738,0.0567175880039832,0.0143085938083784));
#7018=CARTESIAN_POINT('',(0.0920157889786091,0.0567408062380898,0.0143086306658214));
#7019=CARTESIAN_POINT('',(0.0920043503359283,0.0567623343480241,0.0143085077925847));
#7020=CARTESIAN_POINT('',(0.0919789892124199,0.0568036346110097,0.0143084628024019));
#7021=CARTESIAN_POINT('',(0.0919452647976358,0.0568545762354886,0.0143084967668278));
#7022=CARTESIAN_POINT('',(0.0918869081736918,0.0569295774577842,0.0143085217976233));
#7023=CARTESIAN_POINT('',(0.0917873815683679,0.0570486866498012,0.014308458002308));
#7024=CARTESIAN_POINT('',(0.0916997683543434,0.0571448065381199,0.0143084395332054));
#7025=CARTESIAN_POINT('',(0.0916031716101458,0.0572432510441096,0.0143084611223414));
#7026=CARTESIAN_POINT('',(0.0915815923915731,0.0572652430432049,0.014308465945244));
#7027=CARTESIAN_POINT('',(0.0915600131730004,0.0572872350423178,0.0143084707681466));
#7028=CARTESIAN_POINT('',(0.0915384339544283,0.0573092270414309,0.0143084755910491));
#7029=CARTESIAN_POINT('',(0.0940061917547812,0.035669637431353,0.0160763123335897));
#7030=CARTESIAN_POINT('',(0.0939745141589647,0.0359787089363566,0.0160763167963818));
#7031=CARTESIAN_POINT('',(0.0939427328689343,0.0362880053910908,0.016076324440324));
#7032=CARTESIAN_POINT('',(0.0937728042167064,0.0379434738820379,0.0160763854247649));
#7033=CARTESIAN_POINT('',(0.0936353647262522,0.0392886874834526,0.0160764347830871));
#7034=CARTESIAN_POINT('',(0.0931961302879874,0.0435871580073624,0.0160765738165749));
#7035=CARTESIAN_POINT('',(0.0928939321413915,0.0465434856051732,0.016076675312836));
#7036=CARTESIAN_POINT('',(0.0924218044008531,0.0512183201088903,0.0160767752358471));
#7037=CARTESIAN_POINT('',(0.0922499374121254,0.0529317112179352,0.0160767800957272));
#7038=CARTESIAN_POINT('',(0.0920445505278115,0.0548245291013173,0.0160770850409685));
#7039=CARTESIAN_POINT('',(0.0920198757448786,0.0550480851215923,0.0160771147445977));
#7040=CARTESIAN_POINT('',(0.0919396022387481,0.055712099321131,0.016076832442695));
#7041=CARTESIAN_POINT('',(0.0918750888849667,0.0561147004082024,0.0160769133908713));
#7042=CARTESIAN_POINT('',(0.0918056455908915,0.0564063272096658,0.0160772056748243));
#7043=CARTESIAN_POINT('',(0.09177944811757,0.0565043164986672,0.016077180920814));
#7044=CARTESIAN_POINT('',(0.0917589278312153,0.0565639236651372,0.0160772184025875));
#7045=CARTESIAN_POINT('',(0.0917444659751717,0.0566018724879911,0.0160773126084476));
#7046=CARTESIAN_POINT('',(0.0917418473628925,0.0566064733872329,0.0160772960255305));
#7047=CARTESIAN_POINT('',(0.0917419581607056,0.0566072196877548,0.0160771238794374));
#7048=CARTESIAN_POINT('',(0.0917250196016325,0.0566350775434828,0.0160770847539099));
#7049=CARTESIAN_POINT('',(0.0917009396401928,0.0566719779951955,0.016077109720266));
#7050=CARTESIAN_POINT('',(0.0916519817928769,0.0567354351488843,0.0160771241222691));
#7051=CARTESIAN_POINT('',(0.0915636031222141,0.0568415589103679,0.0160770502784302));
#7052=CARTESIAN_POINT('',(0.0914802377818135,0.0569332744002997,0.0160770333681878));
#7053=CARTESIAN_POINT('',(0.0913878439569583,0.0570276050210002,0.0160770544717896));
#7054=CARTESIAN_POINT('',(0.0913672036490693,0.0570486779991729,0.0160770591862263));
#7055=CARTESIAN_POINT('',(0.0913465633411802,0.0570697509773473,0.016077063900663));
#7056=CARTESIAN_POINT('',(0.0913259230332917,0.0570908239555219,0.0160770686150996));
#7057=CARTESIAN_POINT('',(0.0923531104390597,0.0579954626318369,0.00814420989336292));
#7058=CARTESIAN_POINT('',(0.0925141472864356,0.0578187855545546,0.00819886231972722));
#7059=CARTESIAN_POINT('',(0.0928364956363239,0.0574572463384318,0.00831112874572218));
#7060=CARTESIAN_POINT('',(0.0930720332894899,0.0567934066188335,0.00854291402453829));
#7061=CARTESIAN_POINT('',(0.0931464129736415,0.056117069276917,0.00879130733322891));
#7062=CARTESIAN_POINT('',(0.0932128445204159,0.0552116233989538,0.00912649098609715));
#7063=CARTESIAN_POINT('',(0.0932558155084578,0.0540770426755122,0.00954972759294525));
#7064=CARTESIAN_POINT('',(0.0933319449630802,0.0522630645354654,0.0102259390626838));
#7065=CARTESIAN_POINT('',(0.0934127629998863,0.0499946434284258,0.0110714561048715));
#7066=CARTESIAN_POINT('',(0.0935140093924506,0.0472709004441351,0.0120807218109119));
#7067=CARTESIAN_POINT('',(0.0936181600953106,0.0445441018076239,0.0130813848048961));
#7068=CARTESIAN_POINT('',(0.0937615061205668,0.0409029341430488,0.0143998524399066));
#7069=CARTESIAN_POINT('',(0.0938736479000284,0.038163856430623,0.0153653259797603));
#7070=CARTESIAN_POINT('',(0.0939521018644664,0.0363332013634909,0.0159957179429285));
#7071=CARTESIAN_POINT('',(0.09235323166709,0.0579955495323006,0.00814413361386097));
#7072=CARTESIAN_POINT('',(0.0939520982381111,0.0363332293477106,0.0159957996602702));
#7073=CARTESIAN_POINT('',(0.0923531462605304,0.0579954655350925,0.00814405005232628));
#7074=CARTESIAN_POINT('',(0.0925789151095272,0.0582220549924707,0.00628775947086103));
#7075=CARTESIAN_POINT('',(0.0928046186284432,0.0584487129805828,0.00443146923829422));
#7076=CARTESIAN_POINT('',(0.0930302748406043,0.0586754201259714,0.00257517921759629));
#7077=CARTESIAN_POINT('',(0.0962837615028536,0.0363332250683384,0.0025739239086421));
#7078=CARTESIAN_POINT('',(0.0955066925120546,0.0363313552864344,0.00704788027299591));
#7079=CARTESIAN_POINT('',(0.0947294586484427,0.0363313863998807,0.0115218373298608));
#7080=CARTESIAN_POINT('',(0.0939520742250528,0.036333339441,0.0159957954410014));
#7081=CARTESIAN_POINT('',(0.0758421714700895,0.0281900648624095,0.0204738393493577));
#7082=CARTESIAN_POINT('',(0.0820095370310496,0.0273928110470747,0.0204876732180322));
#7083=CARTESIAN_POINT('',(0.0882057181707755,0.0265257078380009,0.020173603724456));
#7084=CARTESIAN_POINT('',(0.0944309669364663,0.0255889928553573,0.0195314885931651));
#7085=CARTESIAN_POINT('',(0.0759687486523527,0.0316027975533937,0.0191664319597395));
#7086=CARTESIAN_POINT('',(0.0821325490499947,0.0307601869978024,0.0192281604496155));
#7087=CARTESIAN_POINT('',(0.0883224322761526,0.0298606772907449,0.0189903463409708));
#7088=CARTESIAN_POINT('',(0.0945385967467809,0.0289045182484528,0.0184528596546876));
#7089=CARTESIAN_POINT('',(0.0761218604544598,0.0356357841279953,0.0175741544875792));
#7090=CARTESIAN_POINT('',(0.0822813946034072,0.03474080650333,0.0176943916283055));
#7091=CARTESIAN_POINT('',(0.0884641395655817,0.0338049794827251,0.0175472603643576));
#7092=CARTESIAN_POINT('',(0.0946702332751952,0.0328285515766166,0.0171326419918545));
#7093=CARTESIAN_POINT('',(0.0762753344023385,0.0396660571226328,0.0159688835850971));
#7094=CARTESIAN_POINT('',(0.0824309387797422,0.0387166980603355,0.0161426904241122));
#7095=CARTESIAN_POINT('',(0.0886076110514291,0.0377399139970262,0.0160751263530192));
#7096=CARTESIAN_POINT('',(0.094805440632721,0.0367359225989196,0.0157660869376605));
#7097=CARTESIAN_POINT('',(0.0763282348083854,0.0410556476368231,0.0154150741807483));
#7098=CARTESIAN_POINT('',(0.0824825057640292,0.0400873841562573,0.0156070143712151));
#7099=CARTESIAN_POINT('',(0.0886571490490113,0.0390961485236481,0.0155661653097422));
#7100=CARTESIAN_POINT('',(0.0948522386181556,0.0380821482309271,0.0152924267025442));
#7101=CARTESIAN_POINT('',(0.0765893616394736,0.0479149975057398,0.0126778737388038));
#7102=CARTESIAN_POINT('',(0.0827372137145516,0.0468524628250218,0.0129570877217512));
#7103=CARTESIAN_POINT('',(0.0889022652304207,0.0457879124971473,0.0130436572375629));
#7104=CARTESIAN_POINT('',(0.0950845200275208,0.0447215022372172,0.0129375023723657));
#7105=CARTESIAN_POINT('',(0.0768733129739069,0.0554704829725364,0.00966599191685841));
#7106=CARTESIAN_POINT('',(0.0830158225815593,0.054293485377962,0.0100169136670516));
#7107=CARTESIAN_POINT('',(0.0891749386228464,0.0531247675050399,0.0101940955486193));
#7108=CARTESIAN_POINT('',(0.0953506431412735,0.0519643320892742,0.0101975227043103));
#7109=CARTESIAN_POINT('',(0.0771037828663711,0.0624111737553742,0.00717502106615414));
#7110=CARTESIAN_POINT('',(0.0832433807298516,0.0611098754974949,0.00755651715412084));
#7111=CARTESIAN_POINT('',(0.0894039087068853,0.0597974304921562,0.00773659624357953));
#7112=CARTESIAN_POINT('',(0.0955854898369329,0.0584736910228724,0.00771534762959152));
#7113=CARTESIAN_POINT('',(0.077126952814329,0.0631190461547064,0.00692402328582336));
#7114=CARTESIAN_POINT('',(0.0832662746191081,0.0618048705202145,0.00730827052752912));
#7115=CARTESIAN_POINT('',(0.0894270190380153,0.0604772621318793,0.00748780338454662));
#7116=CARTESIAN_POINT('',(0.0956093249526981,0.059136058199199,0.00746272204784021));
#7117=CARTESIAN_POINT('',(0.0771286567846911,0.0631714264498004,0.00690545061406098));
#7118=CARTESIAN_POINT('',(0.083267960368064,0.0618563039319593,0.00728989935757277));
#7119=CARTESIAN_POINT('',(0.0894287251278682,0.0605275898990877,0.0074693856939462));
#7120=CARTESIAN_POINT('',(0.0956110899999461,0.0591851216380413,0.00744400988330913));
#7121=CARTESIAN_POINT('',(0.0771303607551398,0.0632238067449483,0.00688687794248037));
#7122=CARTESIAN_POINT('',(0.0832696461173522,0.0619077373439581,0.00727152818831624));
#7123=CARTESIAN_POINT('',(0.0894304312188303,0.0605779176671966,0.00745096800576444));
#7124=CARTESIAN_POINT('',(0.0956128550502847,0.0592341850788332,0.00742529772414908));
#7125=CARTESIAN_POINT('',(0.077131665998388,0.0632639301074403,0.0068726512561673));
#7126=CARTESIAN_POINT('',(0.0832709374033167,0.0619471353930561,0.00725745585330415));
#7127=CARTESIAN_POINT('',(0.0894317380869951,0.0606164687922581,0.00743686003821379));
#7128=CARTESIAN_POINT('',(0.0956142070825592,0.0592717677284209,0.00741096419324361));
#7129=CARTESIAN_POINT('',(0.0943268161116821,0.0258076748999921,0.0194769979828159));
#7130=CARTESIAN_POINT('',(0.0942596873200709,0.0293305129299872,0.0183547383076547));
#7131=CARTESIAN_POINT('',(0.0941019661744335,0.0328397971993849,0.0171986667840956));
#7132=CARTESIAN_POINT('',(0.0939521155537386,0.0363332014469507,0.0159957164786209));
#7133=CARTESIAN_POINT('',(0.0761468704859536,0.0334077557643912,0.0184433157290054));
#7134=CARTESIAN_POINT('',(0.0761468704859299,0.0333989035861744,0.0184467771535827));
#7135=CARTESIAN_POINT('',(0.0761468704859062,0.0333900514079575,0.0184502385781601));
#7136=CARTESIAN_POINT('',(0.0761468704858825,0.0333811992297406,0.0184537000027375));
#7137=CARTESIAN_POINT('',(0.0761468704835356,0.0325047459409399,0.0187964153074273));
#7138=CARTESIAN_POINT('',(0.0761468704811873,0.0316276971463625,0.0191376078262431));
#7139=CARTESIAN_POINT('',(0.076146870478835,0.0307498883367998,0.0194768362295675));
#7140=CARTESIAN_POINT('',(0.0761468704788115,0.0307411102487042,0.0194802285136008));
#7141=CARTESIAN_POINT('',(0.076146870478788,0.0307323321606085,0.019483620797634));
#7142=CARTESIAN_POINT('',(0.0761468704787644,0.030723554072513,0.0194870130816673));
#7143=CARTESIAN_POINT('',(0.076146863848512,0.0333812596780311,0.0184536860825524));
#7144=CARTESIAN_POINT('',(0.078165854725333,0.0354000817674987,0.0175745277803299));
#7145=CARTESIAN_POINT('',(0.0774932430685813,0.0347274500319834,0.0178692265557436));
#7146=CARTESIAN_POINT('',(0.0768202543842919,0.0340545915113218,0.0181625479401788));
#7147=CARTESIAN_POINT('',(0.076146825690077,0.0333812288035986,0.0184536902905429));
#7148=CARTESIAN_POINT('',(0.0781658547253377,0.035400081767494,0.01757452778033));
#7149=CARTESIAN_POINT('',(0.0781658547253424,0.0354000817674893,0.0175745277803301));
#7150=CARTESIAN_POINT('',(0.0798145968923085,0.0370488239344554,0.0168521653844801));
#7151=CARTESIAN_POINT('',(0.0814617132162871,0.038695940258434,0.0161224372361846));
#7152=CARTESIAN_POINT('',(0.0831087648049978,0.0403429918471447,0.0153924158598573));
#7153=CARTESIAN_POINT('',(0.0831087647919749,0.0403429918341218,0.0153924158489001));
#7154=CARTESIAN_POINT('',(0.083108764778952,0.0422099105091985,0.0146707566166927));
#7155=CARTESIAN_POINT('',(0.083108764778952,0.0415877311665283,0.0149116379033731));
#7156=CARTESIAN_POINT('',(0.083108764778952,0.0409654501363687,0.0151522561264957));
#7157=CARTESIAN_POINT('',(0.083108764778952,0.0403429918732385,0.0153924158512813));
#7158=CARTESIAN_POINT('',(0.083108751521546,0.0422099088035992,0.0146707522112406));
#7159=CARTESIAN_POINT('',(0.0837923562679881,0.042210385016812,0.0146332850673406));
#7160=CARTESIAN_POINT('',(0.083564490324621,0.0422102425568284,0.0146458162247592));
#7161=CARTESIAN_POINT('',(0.0833366243812539,0.0422101000968448,0.0146583473821778));
#7162=CARTESIAN_POINT('',(0.0831087584378868,0.0422099576368613,0.0146708785395964));
#7163=CARTESIAN_POINT('',(0.083792348039938,0.0422103266549989,0.0146331341315813));
#7164=CARTESIAN_POINT('',(0.0837956163320782,0.0423180407721634,0.0145914941234269));
#7165=CARTESIAN_POINT('',(0.0837945296440482,0.0422821555203796,0.0146054244380648));
#7166=CARTESIAN_POINT('',(0.0837934429560181,0.0422462702685958,0.0146193547527027));
#7167=CARTESIAN_POINT('',(0.0837923562679881,0.042210385016812,0.0146332850673406));
#7168=CARTESIAN_POINT('',(0.083795611155191,0.0423180040261002,0.0145913990598851));
#7169=CARTESIAN_POINT('',(0.0838041131328651,0.0423176745024754,0.0145910211057876));
#7170=CARTESIAN_POINT('',(0.083812616594115,0.0423173552427993,0.0145906697492969));
#7171=CARTESIAN_POINT('',(0.083812640325101,0.0508179941205995,0.011311446698171));
#7172=CARTESIAN_POINT('',(0.083812648254592,0.0479819709898983,0.0123981219464145));
#7173=CARTESIAN_POINT('',(0.083812656270552,0.0451508031943,0.0134973404380758));
#7174=CARTESIAN_POINT('',(0.083812616594115,0.0423173552427993,0.0145906697492969));
#7175=CARTESIAN_POINT('',(0.083812640325101,0.0508179941205995,0.011311446698171));
#7176=CARTESIAN_POINT('',(0.186880683555708,-0.0747411005915399,-0.630416560007894));
#7177=CARTESIAN_POINT('',(0.0801821737139901,0.0547593325946168,0.00993651615869611));
#7178=CARTESIAN_POINT('',(0.0811890387648251,0.0547860070652156,0.00989768003393298));
#7179=CARTESIAN_POINT('',(0.0821890236041566,0.0548167790970646,0.00985287780234199));
#7180=CARTESIAN_POINT('',(0.0831821204371484,0.0548515275842308,0.00980228630612536));
#7181=CARTESIAN_POINT('',(0.083182120433481,0.0548515275475001,0.00980228620871231));
#7182=CARTESIAN_POINT('',(0.0828542083827435,0.258720009045101,0.550460166823181));
#7183=CARTESIAN_POINT('',(0.083182120435455,0.0600218376675201,0.00788512173517651));
#7184=CARTESIAN_POINT('',(0.083182120435455,0.0584841691484234,0.00844432870136723));
#7185=CARTESIAN_POINT('',(0.083182120435455,0.0569500736849765,0.00901318983669139));
#7186=CARTESIAN_POINT('',(0.083182120435455,0.0554184918846801,0.00958884273000615));
#7187=CARTESIAN_POINT('',(0.0914476156775252,0.0588625693208535,0.00788374611335935));
#7188=CARTESIAN_POINT('',(0.0908986783640464,0.0593513247220593,0.00773938614442366));
#7189=CARTESIAN_POINT('',(0.0903498444281578,0.0598400811816972,0.00759463761303723));
#7190=CARTESIAN_POINT('',(0.0898010677727044,0.0603288382278014,0.00744967378328487));
#7191=CARTESIAN_POINT('',(0.091447594550489,0.0588625483156395,0.0078837553334133));
#7192=CARTESIAN_POINT('',(0.0917807742534853,0.0585661457288595,0.00797123340647176));
#7193=CARTESIAN_POINT('',(0.0916697362619193,0.0586649728848116,0.00794207974504378));
#7194=CARTESIAN_POINT('',(0.0915587030071064,0.0587638000979847,0.00791290824794936));
#7195=CARTESIAN_POINT('',(0.0914476740315328,0.0588626273628517,0.00788372063790059));
#7196=CARTESIAN_POINT('',(0.091780746947163,0.0585661185784598,0.00797124537211799));
#7197=CARTESIAN_POINT('',(0.0917807469470355,0.058566118578419,0.00797124537246299));
#7198=CARTESIAN_POINT('',(0.0919784909929813,0.0583821307039655,0.0080261355669105));
#7199=CARTESIAN_POINT('',(0.0921722264215786,0.0581941636722348,0.00808272896742459));
#7200=CARTESIAN_POINT('',(0.0923533573935135,0.0579956597444991,0.00814411902855148));
#7201=CARTESIAN_POINT('',(0.085384887411383,0.0461154578452998,0.0130419285505336));
#7202=CARTESIAN_POINT('',(0.08754430272638,0.0461154578452998,0.012925544433037));
#7203=CARTESIAN_POINT('',(0.089706130654504,0.0461154578452998,0.0127881244514606));
#7204=CARTESIAN_POINT('',(0.091862992456379,0.0461154578452998,0.0126314419952464));
#7205=CARTESIAN_POINT('',(0.085384887411383,0.0461154578452998,0.0130419285505322));
#7206=CARTESIAN_POINT('',(0.0918629924537272,0.0461154578316799,0.0126314420422944));
#7207=CARTESIAN_POINT('',(0.0918629924484235,0.04611545780444,0.0126314421363903));
#7208=CARTESIAN_POINT('',(0.0918629924484235,0.0468952109602107,0.0123405938406966));
#7209=CARTESIAN_POINT('',(0.091862992456379,0.0476746670047424,0.0120489511442948));
#7210=CARTESIAN_POINT('',(0.091862992456379,0.0484539449085197,0.0117568321443239));
#7211=CARTESIAN_POINT('',(0.091862992456379,0.0484617376875575,0.0117539109543242));
#7212=CARTESIAN_POINT('',(0.091862992456379,0.0484695304665953,0.0117509897643245));
#7213=CARTESIAN_POINT('',(0.091862992456379,0.048477323245633,0.0117480685743248));
#7214=CARTESIAN_POINT('',(0.091862992456379,0.048453981627909,0.0117568183797479));
#7215=CARTESIAN_POINT('',(0.0918629924972244,-0.873579697126355,-2.44770456037303));
#7216=CARTESIAN_POINT('',(0.0918631752255047,0.0499729618119932,0.0111756027313818));
#7217=CARTESIAN_POINT('',(0.0921989400409921,0.0499767016390442,0.0111629685837444));
#7218=CARTESIAN_POINT('',(0.0920870263471916,0.0499741057983621,0.0111639448935321));
#7219=CARTESIAN_POINT('',(0.0919751126533911,0.049971509958345,0.0111649212050868));
#7220=CARTESIAN_POINT('',(0.0918631989595907,0.0499689141189923,0.011165897518409));
#7221=CARTESIAN_POINT('',(0.092198940040991,0.0499765697472991,0.0111626179061273));
#7222=CARTESIAN_POINT('',(0.0922056623249454,0.0571263431341551,0.00847904824539592));
#7223=CARTESIAN_POINT('',(0.0921752749912382,0.0547426313139608,0.00937217618055278));
#7224=CARTESIAN_POINT('',(0.0922220385142315,0.0523593597293183,0.0102668379569812));
#7225=CARTESIAN_POINT('',(0.0921931002748886,0.049976763777191,0.0111629452132479));
#7226=CARTESIAN_POINT('',(0.09219894004099,0.0571265697473979,0.00847942434871357));
#7227=CARTESIAN_POINT('',(0.0918633968966543,0.0571186976499733,0.00848191285735744));
#7228=CARTESIAN_POINT('',(0.0919752446114327,0.0571212711926272,0.0084809485997804));
#7229=CARTESIAN_POINT('',(0.0920870923262111,0.0571238447359316,0.00847998434393956));
#7230=CARTESIAN_POINT('',(0.0921989400409895,0.0571264182798865,0.00847902008983503));
#7231=CARTESIAN_POINT('',(0.0850489400409905,0.057126400021289,0.00887551302324951));
#7232=CARTESIAN_POINT('',(0.0851607741967225,0.0571264038959422,0.00887551158053296));
#7233=CARTESIAN_POINT('',(0.0852726083524545,0.0571264077705953,0.00887551013781639));
#7234=CARTESIAN_POINT('',(0.0853844425081865,0.0571264116452485,0.0088755086950999));
#7235=CARTESIAN_POINT('',(0.085048940040991,0.0571265697473979,0.00887596885070662));
#7236=CARTESIAN_POINT('',(0.0850489400409908,0.0499767439678702,0.011578166337299));
#7237=CARTESIAN_POINT('',(0.0850489400409908,0.0523554697818632,0.0106654555836343));
#7238=CARTESIAN_POINT('',(0.0850489400409908,0.0547387276394521,0.00976455633772347));
#7239=CARTESIAN_POINT('',(0.0850489400409908,0.0571264000212917,0.00887551302324852));
#7240=CARTESIAN_POINT('',(0.085048940040991,0.0499765697472991,0.0115777122800314));
#7241=CARTESIAN_POINT('',(0.085384887435945,0.0499767609421464,0.0115781598243148));
#7242=CARTESIAN_POINT('',(0.0852729049709606,0.0499767552840519,0.0115781619953104));
#7243=CARTESIAN_POINT('',(0.0851609225059761,0.0499767496259575,0.0115781641663061));
#7244=CARTESIAN_POINT('',(0.0850489400409916,0.0499767439678631,0.0115781663373018));
#7245=CARTESIAN_POINT('',(0.085384887399854,0.0499742125842152,0.0115708013898097));
#7246=CARTESIAN_POINT('',(0.0853848873853765,0.615286495857598,1.49021505226963));
#7247=CARTESIAN_POINT('',(0.0853848874113825,0.04947935448549,0.0117543426654544));
#7248=CARTESIAN_POINT('',(0.085384887411383,0.0494807880991992,0.0117512063739968));
#7249=CARTESIAN_POINT('',(0.085384887411383,0.0483586959833251,0.0121806248420506));
#7250=CARTESIAN_POINT('',(0.085384887411383,0.0472370624612951,0.0126112390125895));
#7251=CARTESIAN_POINT('',(0.085384887411383,0.0461154578452998,0.0130419285505304));
#7252=CARTESIAN_POINT('',(0.083108764778952,0.0403429918210989,0.0170023074707056));
#7253=CARTESIAN_POINT('',(0.078165854725333,0.0354000817674987,0.0183804339977883));
#7254=CARTESIAN_POINT('',(0.0781658547253344,0.0354000817675001,0.0191863402152488));
#7255=CARTESIAN_POINT('',(-0.153080520366694,-0.19584629332106,-1.03606700175476));
#7256=CARTESIAN_POINT('',(0.083108764778952,0.0403429918210989,0.0161973615934108));
#7257=CARTESIAN_POINT('',(0.0594650491377182,0.0403326096359648,0.0156382162307575));
#7258=CARTESIAN_POINT('',(0.0594651894685625,0.0403324696279414,0.0156382783079702));
#7259=CARTESIAN_POINT('',(0.0594657304255704,0.0403319299515724,0.0156385175927007));
#7260=CARTESIAN_POINT('',(0.0594662716265505,0.0403313901909393,0.0156387569205165));
#7261=CARTESIAN_POINT('',(0.059469993837659,0.0403276604159793,0.0156404095172776));
#7262=CARTESIAN_POINT('',(0.059500217307137,0.0402973573320598,0.0156538350902614));
#7263=CARTESIAN_POINT('',(0.059533429910958,0.0402640572397992,0.0156685884671698));
#7264=CARTESIAN_POINT('',(0.059563321254397,0.040234087156799,0.0156818665063875));
#7265=CARTESIAN_POINT('',(0.0596217298415885,0.040175720210419,0.0157077269175798));
#7266=CARTESIAN_POINT('',(0.0601260513760785,0.0396718163085002,0.015930873202417));
#7267=CARTESIAN_POINT('',(0.060680321286134,0.0391176962048388,0.0161750196369982));
#7268=CARTESIAN_POINT('',(0.0611794091960475,0.0386186149596597,0.0163933321066059));
#7269=CARTESIAN_POINT('',(0.0612911180016435,0.0385069051428602,0.0164421605678253));
#7270=CARTESIAN_POINT('',(0.061909132285131,0.0378888681222982,0.0167120542929009));
#7271=CARTESIAN_POINT('',(0.062527591638224,0.0372702456024392,0.0169795939640664));
#7272=CARTESIAN_POINT('',(0.064202247641048,0.0355954856267999,0.0176953107826116));
#7273=CARTESIAN_POINT('',(0.065334753708536,0.0344875382743997,0.0181579498622482));
#7274=CARTESIAN_POINT('',(0.06641660211048,0.0333359240019995,0.0186390847434009));
#7275=CARTESIAN_POINT('',(0.0664316402196077,0.0333199161204236,0.0186457727034098));
#7276=CARTESIAN_POINT('',(0.0664466783287354,0.0333039082388478,0.0186524606634187));
#7277=CARTESIAN_POINT('',(0.0664617164378631,0.0332879003572719,0.0186591486234277));
#7278=CARTESIAN_POINT('',(0.060885875350736,0.0389115178911855,0.0167951888624737));
#7279=CARTESIAN_POINT('',(0.0609052688010132,0.0388921211001462,0.0168034148966169));
#7280=CARTESIAN_POINT('',(0.0609800213259288,0.0388173557237473,0.0168350854592499));
#7281=CARTESIAN_POINT('',(0.0610547750610805,0.0387425892486597,0.0168666122737217));
#7282=CARTESIAN_POINT('',(0.061112641595899,0.0386847074486187,0.0168909833775902));
#7283=CARTESIAN_POINT('',(0.0611355128858335,0.0386617823447608,0.016901072748472));
#7284=CARTESIAN_POINT('',(0.0611606459131975,0.0386365901812998,0.0169121605596844));
#7285=CARTESIAN_POINT('',(0.0611832654384755,0.0386139174335192,0.0169221400347571));
#7286=CARTESIAN_POINT('',(0.061224444332183,0.0385727656933988,0.0169403184407561));
#7287=CARTESIAN_POINT('',(0.061578590568189,0.0382188930198204,0.017096595738839));
#7288=CARTESIAN_POINT('',(0.0619678008593535,0.0378297772608995,0.0172676342582237));
#7289=CARTESIAN_POINT('',(0.0623182547570145,0.0374793230016391,0.0174206157436172));
#7290=CARTESIAN_POINT('',(0.0624017202076615,0.0373958544464994,0.0174569356989129));
#7291=CARTESIAN_POINT('',(0.0628859195470485,0.0369116204786603,0.0176670834246694));
#7292=CARTESIAN_POINT('',(0.063370311333164,0.0364271007689183,0.0178754711209173));
#7293=CARTESIAN_POINT('',(0.064681471433701,0.0351158212180991,0.0184333563671385));
#7294=CARTESIAN_POINT('',(0.065566074899933,0.0342475589814004,0.0187950205394841));
#7295=CARTESIAN_POINT('',(0.066416602110504,0.0333504944499996,0.0191683505295982));
#7296=CARTESIAN_POINT('',(0.0664284247660495,0.0333380249077851,0.0191735399601338));
#7297=CARTESIAN_POINT('',(0.066440247421595,0.0333255553655705,0.0191787293906695));
#7298=CARTESIAN_POINT('',(0.0664520700771405,0.033313085823356,0.0191839188212051));
#7299=CARTESIAN_POINT('',(0.0623067015637526,0.0374904261463857,0.0179521614941924));
#7300=CARTESIAN_POINT('',(0.0623453481334627,0.0374517725723321,0.017968551485266));
#7301=CARTESIAN_POINT('',(0.0624943122262859,0.0373027814959099,0.0180316533258017));
#7302=CARTESIAN_POINT('',(0.062643278495609,0.0371537883063784,0.01809446762693));
#7303=CARTESIAN_POINT('',(0.062755289354138,0.0370417544813008,0.018141557237906));
#7304=CARTESIAN_POINT('',(0.0627708084645295,0.0370262073575205,0.0181483104066829));
#7305=CARTESIAN_POINT('',(0.0627878619154375,0.0370091231227185,0.0181557326521989));
#7306=CARTESIAN_POINT('',(0.0628032096225545,0.0369937477101399,0.0181624135631266));
#7307=CARTESIAN_POINT('',(0.062827158822778,0.0369698111762986,0.0181729099639319));
#7308=CARTESIAN_POINT('',(0.0630311297603,0.0367659697311407,0.0182623182752582));
#7309=CARTESIAN_POINT('',(0.063255280432572,0.0365418583170189,0.0183602488794522));
#7310=CARTESIAN_POINT('',(0.063457100317982,0.0363400310436397,0.0184478993806323));
#7311=CARTESIAN_POINT('',(0.0635123224136805,0.0362848037501191,0.0184717108300038));
#7312=CARTESIAN_POINT('',(0.063862706808967,0.0359343728350599,0.0186221125564381));
#7313=CARTESIAN_POINT('',(0.0642130310281045,0.0355839559354987,0.0187713482777683));
#7314=CARTESIAN_POINT('',(0.065160695226354,0.0346361568094995,0.0191714019516653));
#7315=CARTESIAN_POINT('',(0.06579739609133,0.0340075796883994,0.0194320912167236));
#7316=CARTESIAN_POINT('',(0.066416602110527,0.0333650648980992,0.019697616315792));
#7317=CARTESIAN_POINT('',(0.0664252093124903,0.0333561336952474,0.0197013072168542));
#7318=CARTESIAN_POINT('',(0.0664338165144536,0.0333472024923955,0.0197049981179165));
#7319=CARTESIAN_POINT('',(0.0664424237164169,0.0333382712895437,0.0197086890189788));
#7320=CARTESIAN_POINT('',(0.0637275277767704,0.0360693344016077,0.0191091341259097));
#7321=CARTESIAN_POINT('',(0.0637854274659135,0.0360114240445383,0.0191336880739139));
#7322=CARTESIAN_POINT('',(0.0640086031266444,0.0357882072680864,0.0192282211923528));
#7323=CARTESIAN_POINT('',(0.064231781930139,0.0355649873641007,0.0193223229801379));
#7324=CARTESIAN_POINT('',(0.064397937112378,0.0353988015139386,0.0193921310982219));
#7325=CARTESIAN_POINT('',(0.064406104043227,0.0353906323702003,0.0193955480648935));
#7326=CARTESIAN_POINT('',(0.0644150779176765,0.0353816560641391,0.0193993047447109));
#7327=CARTESIAN_POINT('',(0.064423153806633,0.0353735779868387,0.0194026870914992));
#7328=CARTESIAN_POINT('',(0.064429873313373,0.0353668566592998,0.0194055014871111));
#7329=CARTESIAN_POINT('',(0.064483668952411,0.0353130464425409,0.0194280408116777));
#7330=CARTESIAN_POINT('',(0.0645427600057915,0.0352539393730798,0.0194528635006804));
#7331=CARTESIAN_POINT('',(0.0645959458789485,0.035200739085619,0.019475183017644));
#7332=CARTESIAN_POINT('',(0.0646229246196985,0.0351737530537602,0.0194864859610915));
#7333=CARTESIAN_POINT('',(0.0648394940708855,0.0349571251914398,0.019577141688207));
#7334=CARTESIAN_POINT('',(0.0650557507230445,0.0347408111019583,0.0196672254346227));
#7335=CARTESIAN_POINT('',(0.065639919019007,0.0341564924008999,0.0199094475361922));
#7336=CARTESIAN_POINT('',(0.066028717282727,0.0337676003954996,0.0200691618939595));
#7337=CARTESIAN_POINT('',(0.066416602110551,0.0333796353460993,0.0202268821019857));
#7338=CARTESIAN_POINT('',(0.0664219938589321,0.0333742424826074,0.0202290744735746));
#7339=CARTESIAN_POINT('',(0.0664273856073133,0.0333688496191155,0.0202312668451635));
#7340=CARTESIAN_POINT('',(0.0664327773556944,0.0333634567556236,0.0202334592167525));
#7341=CARTESIAN_POINT('',(0.0637724333046645,0.0360244209595287,0.0191278699018805));
#7342=CARTESIAN_POINT('',(0.0637724343141032,0.0360244236967707,0.0185885392925899));
#7343=CARTESIAN_POINT('',(0.0637722369304068,0.0360238867053711,0.0180492049770329));
#7344=CARTESIAN_POINT('',(0.0637732379046643,0.0360266010170823,0.0175098815625743));
#7345=CARTESIAN_POINT('',(0.0637732369023756,0.0360266020119517,0.0175098815647569));
#7346=CARTESIAN_POINT('',(0.066416602110515,0.0333577796918095,0.019432984067754));
#7347=CARTESIAN_POINT('',(0.0664166021029834,0.0333359221712898,0.0186390843800601));
#7348=CARTESIAN_POINT('',(0.0637732369023756,0.0360266020119518,0.0175098815647569));
#7349=CARTESIAN_POINT('',(0.064664402039413,0.0351394346697236,0.0178859468586033));
#7350=CARTESIAN_POINT('',(0.0655567744085078,0.0342511986350492,0.0182566396196938));
#7351=CARTESIAN_POINT('',(0.0664166034667391,0.0333359224632726,0.0186390818955288));
#7352=CARTESIAN_POINT('',(0.0460096878732328,0.0262691014523391,0.0195081807572388));
#7353=CARTESIAN_POINT('',(0.0464912397686122,0.0264455299285006,0.0195938606013088));
#7354=CARTESIAN_POINT('',(0.0469768651383082,0.026550712405688,0.0196770540141881));
#7355=CARTESIAN_POINT('',(0.0474653457890565,0.0266065858378672,0.019757888878959));
#7356=CARTESIAN_POINT('',(0.0460651738638047,0.0291196607520535,0.0186433389948263));
#7357=CARTESIAN_POINT('',(0.0465546670632347,0.0291036987111381,0.0187312149470527));
#7358=CARTESIAN_POINT('',(0.0470458590419026,0.0290733925311818,0.018816441288995));
#7359=CARTESIAN_POINT('',(0.0475382401938218,0.0290336358588686,0.0188991305645708));
#7360=CARTESIAN_POINT('',(0.046157130382602,0.0329550413795349,0.0173417322944512));
#7361=CARTESIAN_POINT('',(0.0466537312359867,0.0329060120486022,0.0174297262432979));
#7362=CARTESIAN_POINT('',(0.0471497282799028,0.032857396912599,0.0175149710349477));
#7363=CARTESIAN_POINT('',(0.0476453253959427,0.0328087622786244,0.0175976297590077));
#7364=CARTESIAN_POINT('',(0.0463100095253339,0.0378158975105497,0.0155710607778187));
#7365=CARTESIAN_POINT('',(0.0468137106544296,0.0377491399534576,0.0156550214257669));
#7366=CARTESIAN_POINT('',(0.0473150243347155,0.03768572965754,0.0157366714927936));
#7367=CARTESIAN_POINT('',(0.0478147218457447,0.0376242409751314,0.0158160927312034));
#7368=CARTESIAN_POINT('',(0.0464217355715852,0.0412969373300433,0.0142772349028525));
#7369=CARTESIAN_POINT('',(0.0469284263513709,0.0412213543840304,0.0143581170049029));
#7370=CARTESIAN_POINT('',(0.0474317538622482,0.0411502945139764,0.0144370230813127));
#7371=CARTESIAN_POINT('',(0.0479328065493371,0.0410819591837173,0.0145139738652586));
#7372=CARTESIAN_POINT('',(0.0464935128917646,0.0436259382968441,0.0134032497103916));
#7373=CARTESIAN_POINT('',(0.0470037949098676,0.0435442408337784,0.0134825789204172));
#7374=CARTESIAN_POINT('',(0.0475096526357073,0.0434678467070178,0.0135600482856839));
#7375=CARTESIAN_POINT('',(0.0480125175711942,0.0433947044269578,0.0136356838226359));
#7376=CARTESIAN_POINT('',(0.0465250832067825,0.0447892238612257,0.0129640022315184));
#7377=CARTESIAN_POINT('',(0.0470382235667762,0.0447038746510392,0.0130423968821554));
#7378=CARTESIAN_POINT('',(0.0475459806117927,0.0446242771471883,0.0131189594404399));
#7379=CARTESIAN_POINT('',(0.0480500979228157,0.0445482277350776,0.0131937480548012));
#7380=CARTESIAN_POINT('',(0.0477508158883167,0.036333226399445,0.0162901146761479));
#7381=CARTESIAN_POINT('',(0.0477396956505467,0.0359099348982053,0.0164471737527965));
#7382=CARTESIAN_POINT('',(0.0477230679122011,0.035317991722569,0.0166655258313262));
#7383=CARTESIAN_POINT('',(0.0477002054575881,0.0345865629579258,0.0169325760059926));
#7384=CARTESIAN_POINT('',(0.0476847537453175,0.0341222826572349,0.0171010348940541));
#7385=CARTESIAN_POINT('',(0.0476665132992459,0.0336212774168177,0.0172813487353692));
#7386=CARTESIAN_POINT('',(0.0476524520938944,0.0332622397338716,0.0174097816422023));
#7387=CARTESIAN_POINT('',(0.0476398972424518,0.0329570760517357,0.0175185034945473));
#7388=CARTESIAN_POINT('',(0.0476326569036904,0.0327890686814111,0.0175781722572753));
#7389=CARTESIAN_POINT('',(0.047620877637268,0.0325202866120359,0.0176734401513075));
#7390=CARTESIAN_POINT('',(0.047607823915386,0.0322270909241034,0.0177770639667047));
#7391=CARTESIAN_POINT('',(0.0475904805460431,0.0318419326536845,0.0179127393133641));
#7392=CARTESIAN_POINT('',(0.0475778537867834,0.0315589210772549,0.0180121722441388));
#7393=CARTESIAN_POINT('',(0.0475603794532094,0.0311568302362318,0.0181532555561981));
#7394=CARTESIAN_POINT('',(0.0475324074565796,0.0304886366489507,0.0183871589945865));
#7395=CARTESIAN_POINT('',(0.0474986187650737,0.0296116833188575,0.0186933123785032));
#7396=CARTESIAN_POINT('',(0.0474631641119517,0.0285749589899281,0.019055078946205));
#7397=CARTESIAN_POINT('',(0.0474382837891529,0.0277802769876532,0.0193328696690716));
#7398=CARTESIAN_POINT('',(0.0474258971569442,0.027368685213055,0.0194771906205789));
#7399=CARTESIAN_POINT('',(0.0462751578614281,0.0363335704619124,0.0161109222820645));
#7400=CARTESIAN_POINT('',(0.0461779197475623,0.0330488112159384,0.0173074959386673));
#7401=CARTESIAN_POINT('',(0.0461051196058968,0.0297452140136178,0.0184535978624453));
#7402=CARTESIAN_POINT('',(0.0460441573147517,0.026401391279937,0.0194770685045294));
#7403=CARTESIAN_POINT('',(0.046275132659017,0.036333497527127,0.0161107200180045));
#7404=CARTESIAN_POINT('',(0.0465900975280525,0.0447637924244334,0.0129794982782104));
#7405=CARTESIAN_POINT('',(0.0464608053351131,0.0419588775516705,0.014034583148731));
#7406=CARTESIAN_POINT('',(0.0463585585523151,0.0391508936248062,0.015084626463585));
#7407=CARTESIAN_POINT('',(0.0462751578614285,0.0363335704619124,0.0161109222820645));
#7408=CARTESIAN_POINT('',(0.0475767283777147,0.0572374451938421,0.0082313719197269));
#7409=CARTESIAN_POINT('',(0.0474675164843829,0.0573443622474718,0.00736229872561205));
#7410=CARTESIAN_POINT('',(0.047197145827878,0.057610408236044,0.00521705407702729));
#7411=CARTESIAN_POINT('',(0.0469255830193429,0.0578815577638822,0.00307270871389773));
#7412=CARTESIAN_POINT('',(0.0467638697141241,0.0580446013756081,0.00179718615635714));
#7413=CARTESIAN_POINT('',(0.0475669402670206,0.0572076914792056,0.00824678557618695));
#7414=CARTESIAN_POINT('',(0.0474569397835804,0.057314855717819,0.00737575639336033));
#7415=CARTESIAN_POINT('',(0.047184627043247,0.0575815233493326,0.00522568428292432));
#7416=CARTESIAN_POINT('',(0.0469111317441388,0.0578533088475084,0.00307651315516343));
#7417=CARTESIAN_POINT('',(0.0467482696957274,0.0580167303189485,0.00179811926404352));
#7418=CARTESIAN_POINT('',(0.0475571521563266,0.0571779377645694,0.008262199232647));
#7419=CARTESIAN_POINT('',(0.047446363082778,0.0572853491881671,0.00738921406110861));
#7420=CARTESIAN_POINT('',(0.0471721082586159,0.0575526384626228,0.00523431448882136));
#7421=CARTESIAN_POINT('',(0.0468966804689346,0.0578250599311346,0.00308031759642912));
#7422=CARTESIAN_POINT('',(0.0467326696773308,0.0579888592622896,0.00179905237172991));
#7423=CARTESIAN_POINT('',(0.0475473640456325,0.0571481840499338,0.00827761288910705));
#7424=CARTESIAN_POINT('',(0.0474357863819756,0.0572558426585176,0.00740267172885688));
#7425=CARTESIAN_POINT('',(0.0471595894739849,0.057523753575916,0.00524294469471839));
#7426=CARTESIAN_POINT('',(0.0468822291937304,0.057796811014761,0.00308412203769482));
#7427=CARTESIAN_POINT('',(0.0467170696589343,0.0579609882056334,0.00179998547941629));
#7428=CARTESIAN_POINT('',(0.0474505160663683,0.0568537873856344,0.00843012255393281));
#7429=CARTESIAN_POINT('',(0.0473311357367167,0.0569638917538726,0.00753582795969321));
#7430=CARTESIAN_POINT('',(0.0470357229759186,0.0572379534867444,0.00532833584198737));
#7431=CARTESIAN_POINT('',(0.0467392417628503,0.0575173035027646,0.00312176489445526));
#7432=CARTESIAN_POINT('',(0.0465627160451044,0.0576852194079829,0.00180921806746999));
#7433=CARTESIAN_POINT('',(0.047326116010237,0.0562412703327485,0.00873727004259972));
#7434=CARTESIAN_POINT('',(0.0471912179126431,0.0563542335622794,0.00780448824046161));
#7435=CARTESIAN_POINT('',(0.0468576087869051,0.0566352644464378,0.00550194341039668));
#7436=CARTESIAN_POINT('',(0.0465230738330465,0.05692114788327,0.00320021854662234));
#7437=CARTESIAN_POINT('',(0.0463238864964013,0.057092736187672,0.00183102115184131));
#7438=CARTESIAN_POINT('',(0.0472644125619799,0.0554717342282447,0.00907151888674209));
#7439=CARTESIAN_POINT('',(0.0471153102840179,0.055588503945216,0.00809715746816534));
#7440=CARTESIAN_POINT('',(0.0467470695425277,0.0558780924170234,0.00569176189730364));
#7441=CARTESIAN_POINT('',(0.0463786496004143,0.0561705368504799,0.00328676694670897));
#7442=CARTESIAN_POINT('',(0.0461594383024041,0.056345387200263,0.00185600934686562));
#7443=CARTESIAN_POINT('',(0.0472353936731569,0.0550588026156707,0.00923823300997105));
#7444=CARTESIAN_POINT('',(0.0470811041169441,0.0551784356615312,0.00824322737721661));
#7445=CARTESIAN_POINT('',(0.0467001659612801,0.0554745268077781,0.00578677050521203));
#7446=CARTESIAN_POINT('',(0.0463192300176556,0.0557722229311955,0.00333051789146408));
#7447=CARTESIAN_POINT('',(0.0460926036934184,0.0559498211003788,0.00186920854344265));
#7448=CARTESIAN_POINT('',(0.0472264808498759,0.0549332025658633,0.00928815109696464));
#7449=CARTESIAN_POINT('',(0.0470706771766304,0.055053585996039,0.00828694277746953));
#7450=CARTESIAN_POINT('',(0.046686023296013,0.0553513723225732,0.00581514771643191));
#7451=CARTESIAN_POINT('',(0.0463014081804594,0.0556504193189346,0.00334350531828812));
#7452=CARTESIAN_POINT('',(0.0460725988742193,0.0558287184847222,0.00187302505546809));
#7453=CARTESIAN_POINT('',(0.0471721672723205,0.0541687693843124,0.00959183338853857));
#7454=CARTESIAN_POINT('',(0.0470077224015951,0.054292822350018,0.0085528836917381));
#7455=CARTESIAN_POINT('',(0.0466018021060509,0.0545988180973545,0.00598778773768967));
#7456=CARTESIAN_POINT('',(0.0461960163820892,0.0549042158144893,0.00342258607213112));
#7457=CARTESIAN_POINT('',(0.0459546192677642,0.055085738840212,0.00189636802245825));
#7458=CARTESIAN_POINT('',(0.0471161889351568,0.053331046057984,0.00993522700732805));
#7459=CARTESIAN_POINT('',(0.0469478649305675,0.0534547243983987,0.0088542012090174));
#7460=CARTESIAN_POINT('',(0.0465320277285889,0.0537593706464616,0.0061852415881984));
#7461=CARTESIAN_POINT('',(0.0461156463097631,0.0540624578359497,0.00351620010113965));
#7462=CARTESIAN_POINT('',(0.0458677680393066,0.0542423061213354,0.00192820320341461));
#7463=CARTESIAN_POINT('',(0.0470679321649865,0.0525782483072364,0.0102457362163085));
#7464=CARTESIAN_POINT('',(0.0468980077970377,0.0526989406856884,0.00912669515657992));
#7465=CARTESIAN_POINT('',(0.0464780896939576,0.0529960679436135,0.0063638906998037));
#7466=CARTESIAN_POINT('',(0.0460573512969423,0.0532912656905934,0.0036010218565105));
#7467=CARTESIAN_POINT('',(0.0458068034840104,0.0534662908474004,0.00195720447972083));
#7468=CARTESIAN_POINT('',(0.047052478272039,0.0523358723360428,0.0103458543233754));
#7469=CARTESIAN_POINT('',(0.046882054659083,0.0524552916753963,0.00921454163226379));
#7470=CARTESIAN_POINT('',(0.0464608787135333,0.0527492524668208,0.00642144323918771));
#7471=CARTESIAN_POINT('',(0.0460388281358736,0.0530412214744821,0.00362828672796221));
#7472=CARTESIAN_POINT('',(0.04578748424747,0.053214302840167,0.00196645088916924));
#7473=CARTESIAN_POINT('',(0.0469565751957403,0.050815157237527,0.0109743641878097));
#7474=CARTESIAN_POINT('',(0.0467834185982808,0.0509256640226312,0.0097659864337707));
#7475=CARTESIAN_POINT('',(0.0463553788488668,0.0511975404534119,0.0067826444540027));
#7476=CARTESIAN_POINT('',(0.0459262148822725,0.0514672011369894,0.00379928688228715));
#7477=CARTESIAN_POINT('',(0.0456705683566793,0.0516269237943978,0.00202430029474578));
#7478=CARTESIAN_POINT('',(0.0468610341987897,0.0491432552223743,0.0116646525333753));
#7479=CARTESIAN_POINT('',(0.0466890858680799,0.0492413485489133,0.010371665547961));
#7480=CARTESIAN_POINT('',(0.0462640645561605,0.0494826664310969,0.00717944342828233));
#7481=CARTESIAN_POINT('',(0.0458379799595442,0.0497219568487837,0.00398723328108952));
#7482=CARTESIAN_POINT('',(0.0455841773698058,0.0498636624409664,0.00208799835572022));
#7483=CARTESIAN_POINT('',(0.0467830652980846,0.0476353396274926,0.0122786020585152));
#7484=CARTESIAN_POINT('',(0.0466106685682201,0.0477207467527103,0.010909845321706));
#7485=CARTESIAN_POINT('',(0.0461846731058847,0.0479309030201589,0.00753055347568922));
#7486=CARTESIAN_POINT('',(0.045757891578481,0.0481394126742094,0.00415127162366675));
#7487=CARTESIAN_POINT('',(0.0455037500684452,0.0482629312467773,0.002140738328112));
#7488=CARTESIAN_POINT('',(0.0467667726433546,0.0473168973840136,0.0124080514900297));
#7489=CARTESIAN_POINT('',(0.0465942445356487,0.0473996709679328,0.011023310202762));
#7490=CARTESIAN_POINT('',(0.0461679494965552,0.0476033559940487,0.0076045539206454));
#7491=CARTESIAN_POINT('',(0.0457409201212508,0.0478054674611308,0.00418580751308789));
#7492=CARTESIAN_POINT('',(0.0454866453108054,0.0479252034878903,0.00215179479681134));
#7493=CARTESIAN_POINT('',(0.046689625497765,0.0457912459742294,0.0130273805992203));
#7494=CARTESIAN_POINT('',(0.0465163972055049,0.0458617683048344,0.0115661418484253));
#7495=CARTESIAN_POINT('',(0.0460884658437045,0.0460353312321309,0.00795852205500344));
#7496=CARTESIAN_POINT('',(0.0456599922372883,0.0462076140716383,0.00435091508259302));
#7497=CARTESIAN_POINT('',(0.0454049105869179,0.0463096986966805,0.00220454055636417));
#7498=CARTESIAN_POINT('',(0.0466136254046332,0.0441112259525832,0.0137008852562839));
#7499=CARTESIAN_POINT('',(0.0464385605878892,0.0441686872399787,0.0121560957031307));
#7500=CARTESIAN_POINT('',(0.0460061637786545,0.0443101123281453,0.00834219816371751));
#7501=CARTESIAN_POINT('',(0.0455733703408559,0.0444505102084274,0.00452831383699375));
#7502=CARTESIAN_POINT('',(0.0453157595831822,0.0445337065530923,0.00225921373347417));
#7503=CARTESIAN_POINT('',(0.0465524105915738,0.0425960413891015,0.0143003550255627));
#7504=CARTESIAN_POINT('',(0.0463746835688539,0.0426421179981695,0.0126809833376732));
#7505=CARTESIAN_POINT('',(0.0459357600746297,0.0427555166485868,0.00868295041395736));
#7506=CARTESIAN_POINT('',(0.0454965383563931,0.0428680769512622,0.00468492984851156));
#7507=CARTESIAN_POINT('',(0.0452351311973255,0.0429347723297571,0.0023062765023893));
#7508=CARTESIAN_POINT('',(0.0465189508136923,0.0417590437533752,0.0146308444223698));
#7509=CARTESIAN_POINT('',(0.0463397061805553,0.0417989122205869,0.0129703300729351));
#7510=CARTESIAN_POINT('',(0.0458970569297135,0.0418970234451114,0.00887072034355375));
#7511=CARTESIAN_POINT('',(0.0454541547943106,0.0419943887261534,0.00477112249108878));
#7512=CARTESIAN_POINT('',(0.0451905710558056,0.0420520735824855,0.00233203490312505));
#7513=CARTESIAN_POINT('',(0.046440055945145,0.0396788992178467,0.0154478207094157));
#7514=CARTESIAN_POINT('',(0.046256508899132,0.0397036048594238,0.0136854966971152));
#7515=CARTESIAN_POINT('',(0.0458032816869298,0.039764369101069,0.00933452985076348));
#7516=CARTESIAN_POINT('',(0.0453498971732129,0.0398245925391741,0.00498357344704702));
#7517=CARTESIAN_POINT('',(0.0450801046817499,0.0398602459159549,0.00239493785046762));
#7518=CARTESIAN_POINT('',(0.0463734061275588,0.0375933924121785,0.0162528038196014));
#7519=CARTESIAN_POINT('',(0.0461839971325574,0.0376036349241772,0.014389899922907));
#7520=CARTESIAN_POINT('',(0.0457163252394352,0.0376287571636218,0.00979061205034211));
#7521=CARTESIAN_POINT('',(0.045248556743298,0.0376534918345794,0.00519133260057634));
#7522=CARTESIAN_POINT('',(0.0449702243329931,0.0376680806653711,0.00245495463784877));
#7523=CARTESIAN_POINT('',(0.0463337394774416,0.0361930165463225,0.0167859017426034));
#7524=CARTESIAN_POINT('',(0.0461397686226174,0.0361939068115423,0.0148562947861601));
#7525=CARTESIAN_POINT('',(0.045660847231717,0.0361959755477821,0.0100923241762564));
#7526=CARTESIAN_POINT('',(0.045181858286704,0.0361977409879849,0.0053283605738954));
#7527=CARTESIAN_POINT('',(0.0448968588657053,0.0361986915614751,0.00249400199625793));
#7528=CARTESIAN_POINT('',(-3.00262597397787,-67.5747438385101,0.316277382998715));
#7529=CARTESIAN_POINT('',(0.0449120825580825,0.0363332248136667,0.00257489247904765));
#7530=CARTESIAN_POINT('',(0.0468167093986762,0.0578621311803109,0.00257488200660399));
#7531=CARTESIAN_POINT('',(0.0463756143250802,0.0570591684615145,0.00257488257363031));
#7532=CARTESIAN_POINT('',(0.0460759981451889,0.0552561715056598,0.00257490607800694));
#7533=CARTESIAN_POINT('',(0.0458172270990963,0.0525668683468717,0.00257489617990157));
#7534=CARTESIAN_POINT('',(0.0456491136154147,0.0498610700593409,0.00257487570227232));
#7535=CARTESIAN_POINT('',(0.0454465132593683,0.0462543936138567,0.00257488411918699));
#7536=CARTESIAN_POINT('',(0.0451990299741306,0.0417448504665632,0.00257489883224637));
#7537=CARTESIAN_POINT('',(0.0450071546340653,0.0381371527615896,0.00257488861000466));
#7538=CARTESIAN_POINT('',(0.0449120821013198,0.0363332248377412,0.00257488793043264));
#7539=CARTESIAN_POINT('',(0.046816727154797,0.0578621214263002,0.00257493568744167));
#7540=CARTESIAN_POINT('',(0.0468167179925293,0.0578621266547306,0.00257493783044356));
#7541=CARTESIAN_POINT('',(0.0470593424420684,0.0576218687228369,0.00446231505407468));
#7542=CARTESIAN_POINT('',(0.0473015634004817,0.0573853917984843,0.00635030413231553));
#7543=CARTESIAN_POINT('',(0.0475424471171015,0.0571529324913841,0.00823904911950763));
#7544=CARTESIAN_POINT('',(0.0827764546868889,0.0423171736500429,0.0162574893566893));
#7545=CARTESIAN_POINT('',(0.0828849270168175,0.0454232603186721,0.0150475484035517));
#7546=CARTESIAN_POINT('',(0.0829948825491831,0.0485264684463026,0.0138322860103474));
#7547=CARTESIAN_POINT('',(0.0831045855622281,0.0516386178253163,0.0126340371295086));
#7548=CARTESIAN_POINT('',(0.0831218720375173,0.0422603278686758,0.0162611497862065));
#7549=CARTESIAN_POINT('',(0.0832299839977879,0.0453644607289484,0.015053975111177));
#7550=CARTESIAN_POINT('',(0.0833396758559028,0.0484655252459232,0.0138410143331571));
#7551=CARTESIAN_POINT('',(0.0834492529872313,0.0515751955467123,0.0126444365936611));
#7552=CARTESIAN_POINT('',(0.0834673456128705,0.0422033991742621,0.016264124471243));
#7553=CARTESIAN_POINT('',(0.0835750939096253,0.0453056110378418,0.015059767700023));
#7554=CARTESIAN_POINT('',(0.0836845207254379,0.048404558335422,0.0138491441091931));
#7555=CARTESIAN_POINT('',(0.0837939734678573,0.0515117634958281,0.0126542494827668));
#7556=CARTESIAN_POINT('',(0.0838128754297358,0.0421463874314273,0.0162664134745029));
#7557=CARTESIAN_POINT('',(0.0839202567696411,0.0452467111324656,0.01506492622505));
#7558=CARTESIAN_POINT('',(0.0840294171656846,0.0483435676343846,0.0138566753809949));
#7559=CARTESIAN_POINT('',(0.0841387469982145,0.0514483216313509,0.0126634758201832));
#7560=CARTESIAN_POINT('',(0.0838126383032503,0.0427494697303105,0.01603378316749));
#7561=CARTESIAN_POINT('',(0.0838115607918556,0.0454370707503511,0.0149965875094402));
#7562=CARTESIAN_POINT('',(0.0838119828169281,0.0481239644981425,0.0139533883000755));
#7563=CARTESIAN_POINT('',(0.0838126402963849,0.0508179938666025,0.0129192812145576));
#7564=CARTESIAN_POINT('',(0.0834169015796657,0.0512476485836063,0.0127712950088372));
#7565=CARTESIAN_POINT('',(0.0835488153970838,0.0511044389652508,0.0128206460822478));
#7566=CARTESIAN_POINT('',(0.0836807292145018,0.0509612293468953,0.0128699971556584));
#7567=CARTESIAN_POINT('',(0.0838126430319199,0.0508180197285397,0.012919348229069));
#7568=CARTESIAN_POINT('',(0.0831087643216406,0.0423179923680805,0.0162393072698153));
#7569=CARTESIAN_POINT('',(0.0831087643216406,0.0454058291960218,0.0150441643601204));
#7570=CARTESIAN_POINT('',(0.083108764778952,0.0484907948682704,0.0138415890955062));
#7571=CARTESIAN_POINT('',(0.083108764778952,0.0515821367197271,0.0126555361516956));
#7572=CARTESIAN_POINT('',(0.0827595128141562,0.0423198376538542,0.0146466817594157));
#7573=CARTESIAN_POINT('',(0.0831104610794669,0.0422622718585425,0.0146506361641864));
#7574=CARTESIAN_POINT('',(0.0834614722130907,0.042204653504706,0.0146538776484167));
#7575=CARTESIAN_POINT('',(0.0838125462246039,0.0421469826269426,0.014656406195079));
#7576=CARTESIAN_POINT('',(0.0828755410388427,0.0454208132124958,0.0134378419690604));
#7577=CARTESIAN_POINT('',(0.0832262814432005,0.045361076564859,0.0134446053157842));
#7578=CARTESIAN_POINT('',(0.0835770807123443,0.0453013151671392,0.0134507089144098));
#7579=CARTESIAN_POINT('',(0.0839279388507371,0.0452415290481783,0.0134561527502452));
#7580=CARTESIAN_POINT('',(0.0829913317910024,0.0485231688166569,0.0122236632576556));
#7581=CARTESIAN_POINT('',(0.0833419056263366,0.0484610356461379,0.01223276988888));
#7582=CARTESIAN_POINT('',(0.0836925361943319,0.0483988971159379,0.0122412536903808));
#7583=CARTESIAN_POINT('',(0.0840432234964742,0.0483367532459063,0.0122491146513164));
#7584=CARTESIAN_POINT('',(0.0831045431538707,0.0516386996237526,0.0110265052491139));
#7585=CARTESIAN_POINT('',(0.0834550039830346,0.0515737964916821,0.0110373154670723));
#7586=CARTESIAN_POINT('',(0.0838055221137559,0.0515088927740339,0.0110475155635141));
#7587=CARTESIAN_POINT('',(0.0841560975489474,0.0514439884798616,0.0110571055331188));
#7588=CARTESIAN_POINT('',(0.0831087724848731,0.0423180629305939,0.0146290915600691));
#7589=CARTESIAN_POINT('',(0.0833377204340815,0.0423180555490757,0.0146165590793928));
#7590=CARTESIAN_POINT('',(0.08356666838329,0.0423180481675574,0.0146040265987166));
#7591=CARTESIAN_POINT('',(0.0837956163324984,0.0423180407860392,0.0145914941180404));
#7592=CARTESIAN_POINT('',(0.083108762492254,0.0423179923855983,0.0146289090527967));
#7593=CARTESIAN_POINT('',(0.083108762776412,0.0515821329030999,0.0110479920357025));
#7594=CARTESIAN_POINT('',(0.083108761111788,0.0484903066302991,0.0122317807806244));
#7595=CARTESIAN_POINT('',(0.083108756214492,0.0454053131565004,0.0134334605785039));
#7596=CARTESIAN_POINT('',(0.083108762492254,0.0423179923855983,0.0146289090527967));
#7597=CARTESIAN_POINT('',(0.058882023525591,0.0602135109258981,0.0117248889660758));
#7598=CARTESIAN_POINT('',(0.062250860579195,0.0635823479794997,0.0117248889660758));
#7599=CARTESIAN_POINT('',(0.0641508605791969,0.0635823479794997,0.0117248889660758));
#7600=CARTESIAN_POINT('',(0.065553642004296,0.0602795705654984,0.0117248889660758));
#7601=CARTESIAN_POINT('',(0.0655536420106846,0.0602795705713062,0.0117248889718903));
#7602=CARTESIAN_POINT('',(0.058948079154093,0.0602795705654992,0.0117248889660758));
#7603=CARTESIAN_POINT('',(0.0655536420043,0.0602135109258981,0.0117248889660758));
#7604=CARTESIAN_POINT('',(0.065553642004297,0.0635823484766007,0.0117248889660764));
#7605=CARTESIAN_POINT('',(0.062250860579194,0.0635823479794997,0.0117248889660758));
#7606=CARTESIAN_POINT('',(0.058948079154093,0.0635823474822992,0.0117248889660764));
#7607=CARTESIAN_POINT('',(0.058948079154093,0.0635823474821002,0.0117248889660758));
#7608=CARTESIAN_POINT('',(0.058948079154093,0.0635823474821002,0.00827630754512029));
#7609=CARTESIAN_POINT('',(0.0589480791540915,0.0635823479794997,0.00931821863387405));
#7610=CARTESIAN_POINT('',(0.0589480791540925,0.0635823477309003,0.00827630754512098));
#7611=CARTESIAN_POINT('',(0.058948079154093,0.0635823474910993,0.00827630754512029));
#7612=CARTESIAN_POINT('',(0.058948079154093,0.0602795705654984,0.0117248889660746));
#7613=CARTESIAN_POINT('',(0.05900513871328,0.0635823474910993,0.00827630754512029));
#7614=CARTESIAN_POINT('',(0.062250860579194,0.0635823479794997,0.00827630754512029));
#7615=CARTESIAN_POINT('',(0.0655536420043,0.0635823484764,0.011724888966075));
#7616=CARTESIAN_POINT('',(0.065553642004299,0.0635823479794997,0.00931821863387405));
#7617=CARTESIAN_POINT('',(0.065553642154434,0.060279569261839,0.0106159701296924));
#7618=CARTESIAN_POINT('',(0.065553642004296,0.0602795705654984,0.0117248889660746));
#7619=CARTESIAN_POINT('',(0.0655536420894121,0.0602795706430573,0.0117248890436335));
#7620=CARTESIAN_POINT('',(0.065553642152327,0.0602795707003985,0.011724888917262));
#7621=CARTESIAN_POINT('',(0.048691064106156,0.0586860945481082,0.00775523347052766));
#7622=CARTESIAN_POINT('',(0.0486900797528869,0.0586876793712069,0.00774450020376815));
#7623=CARTESIAN_POINT('',(0.048689095399618,0.0586892641943065,0.00773376693700864));
#7624=CARTESIAN_POINT('',(0.048688111046349,0.0586908490174114,0.00772303367024914));
#7625=CARTESIAN_POINT('',(0.048610677201222,0.0588155186358596,0.00687870456385611));
#7626=CARTESIAN_POINT('',(0.0484731309683422,0.0590370174096843,0.0053787601782734));
#7627=CARTESIAN_POINT('',(0.0483356105240458,0.0592585576712511,0.00387881969250248));
#7628=CARTESIAN_POINT('',(0.048275506077358,0.0593553993774322,0.00322320557914472));
#7629=CARTESIAN_POINT('',(0.0482516987452131,0.0593937583141416,0.00296351725629499));
#7630=CARTESIAN_POINT('',(0.0482278914130679,0.0594321172508632,0.00270382893344135));
#7631=CARTESIAN_POINT('',(0.0482040840809228,0.0594704761874766,0.0024441406105915));
#7632=CARTESIAN_POINT('',(0.0482031153373446,0.059472037050039,0.00243357363930987));
#7633=CARTESIAN_POINT('',(0.0482021465937665,0.0594735979126046,0.00242300666802824));
#7634=CARTESIAN_POINT('',(0.0482011778501884,0.0594751587751697,0.0024124396967466));
#7635=CARTESIAN_POINT('',(0.0486877322206581,0.0586829564700837,0.00775644844633604));
#7636=CARTESIAN_POINT('',(0.0486867473100733,0.0586845413837672,0.00774571315456947));
#7637=CARTESIAN_POINT('',(0.0486857623994886,0.0586861262974517,0.0077349778628029));
#7638=CARTESIAN_POINT('',(0.048684777488904,0.0586877112111395,0.00772424257103632));
#7639=CARTESIAN_POINT('',(0.0486072998027104,0.058812387955441,0.00687975416808961));
#7640=CARTESIAN_POINT('',(0.0484696757342505,0.0590338998450865,0.00537952685341156));
#7641=CARTESIAN_POINT('',(0.0483320775624551,0.059255453964799,0.00387930353472606));
#7642=CARTESIAN_POINT('',(0.0482719391641717,0.0593523018620879,0.00322356581397789));
#7643=CARTESIAN_POINT('',(0.0482481183838217,0.0593906632510945,0.00296382853032139));
#7644=CARTESIAN_POINT('',(0.0482242976034716,0.059429024640107,0.00270409124666107));
#7645=CARTESIAN_POINT('',(0.0482004768231216,0.0594673860290132,0.00244435396300447));
#7646=CARTESIAN_POINT('',(0.0481995075323228,0.0594689469913644,0.00243378499945983));
#7647=CARTESIAN_POINT('',(0.0481985382415241,0.059470507953716,0.0024232160359152));
#7648=CARTESIAN_POINT('',(0.0481975689507254,0.0594720689160675,0.00241264707237055));
#7649=CARTESIAN_POINT('',(0.04868440033516,0.0586798183920583,0.00775766342214442));
#7650=CARTESIAN_POINT('',(0.0486834148672598,0.0586814033963275,0.00774692610537079));
#7651=CARTESIAN_POINT('',(0.0486824293993593,0.0586829884005967,0.00773618878859714));
#7652=CARTESIAN_POINT('',(0.048681443931459,0.0586845734048666,0.00772545147182351));
#7653=CARTESIAN_POINT('',(0.0486039224041986,0.0588092572750241,0.0068808037723231));
#7654=CARTESIAN_POINT('',(0.0484662205001587,0.0590307822804931,0.00538029352854971));
#7655=CARTESIAN_POINT('',(0.0483285446008646,0.0592523502583456,0.00387978737694964));
#7656=CARTESIAN_POINT('',(0.0482683722509853,0.0593492043467439,0.00322392604881106));
#7657=CARTESIAN_POINT('',(0.0482445380224304,0.0593875681880474,0.00296413980434778));
#7658=CARTESIAN_POINT('',(0.0482207037938753,0.0594259320293494,0.00270435355988077));
#7659=CARTESIAN_POINT('',(0.0481968695653203,0.0594642958705527,0.00244456731541745));
#7660=CARTESIAN_POINT('',(0.048195899727301,0.0594658569326921,0.0024339963596098));
#7661=CARTESIAN_POINT('',(0.0481949298892816,0.0594674179948297,0.00242342540380215));
#7662=CARTESIAN_POINT('',(0.0481939600512623,0.0594689790569675,0.0024128544479945));
#7663=CARTESIAN_POINT('',(0.0486810684496622,0.0586766803140335,0.0077588783979528));
#7664=CARTESIAN_POINT('',(0.0486800824244461,0.0586782654088889,0.0077481390561721));
#7665=CARTESIAN_POINT('',(0.04867909639923,0.0586798505037445,0.0077373997143914));
#7666=CARTESIAN_POINT('',(0.048678110374014,0.0586814355986007,0.0077266603726107));
#7667=CARTESIAN_POINT('',(0.048600545005687,0.0588061265946003,0.0068818533765566));
#7668=CARTESIAN_POINT('',(0.048462765266067,0.0590276647159005,0.00538106020368787));
#7669=CARTESIAN_POINT('',(0.048325011639274,0.0592492465519001,0.00388027121917322));
#7670=CARTESIAN_POINT('',(0.048264805337799,0.0593461068313985,0.00322428628364424));
#7671=CARTESIAN_POINT('',(0.048240957661039,0.0593844731250002,0.00296445107837418));
#7672=CARTESIAN_POINT('',(0.048217109984279,0.0594228394185983,0.00270461587310047));
#7673=CARTESIAN_POINT('',(0.048193262307519,0.0594612057120987,0.00244478066783041));
#7674=CARTESIAN_POINT('',(0.0481922919222791,0.0594627668740182,0.00243420771975975));
#7675=CARTESIAN_POINT('',(0.0481913215370392,0.0594643280359435,0.00242363477168911));
#7676=CARTESIAN_POINT('',(0.0481903511517994,0.0594658891978673,0.00241306182361845));
#7677=CARTESIAN_POINT('',(0.0484045948527782,0.0584162884970943,0.00785969480718386));
#7678=CARTESIAN_POINT('',(0.0484035625825531,0.0584178811085278,0.00784878743412267));
#7679=CARTESIAN_POINT('',(0.048402530312328,0.0584194737199594,0.00783788006106149));
#7680=CARTESIAN_POINT('',(0.048401498042103,0.0584210663313982,0.0078269726880003));
#7681=CARTESIAN_POINT('',(0.048320294824458,0.0585463486167992,0.00696894756329267));
#7682=CARTESIAN_POINT('',(0.048176056434679,0.0587689750645986,0.00544467746581132));
#7683=CARTESIAN_POINT('',(0.048031853126111,0.0589917068234005,0.00392041953758372));
#7684=CARTESIAN_POINT('',(0.047968829585024,0.0590890808294997,0.00325417789309859));
#7685=CARTESIAN_POINT('',(0.04794386600149,0.0591276506098986,0.00299028001209582));
#7686=CARTESIAN_POINT('',(0.047918902417956,0.0591662203901997,0.00272638213109668));
#7687=CARTESIAN_POINT('',(0.047893938834422,0.0592047901705985,0.00246248425009754));
#7688=CARTESIAN_POINT('',(0.0478929230418465,0.0592063596126049,0.00245174598778678));
#7689=CARTESIAN_POINT('',(0.0478919072492711,0.05920792905461,0.00244100772547603));
#7690=CARTESIAN_POINT('',(0.0478908914566955,0.059209498496615,0.00243026946316527));
#7691=CARTESIAN_POINT('',(0.0479157336095608,0.0578782351228345,0.00808237044422747));
#7692=CARTESIAN_POINT('',(0.0479145833103416,0.0578798524369868,0.00807109042011139));
#7693=CARTESIAN_POINT('',(0.0479134330111222,0.057881469751143,0.0080598103959953));
#7694=CARTESIAN_POINT('',(0.047912282711903,0.0578830870652993,0.00804853037187923));
#7695=CARTESIAN_POINT('',(0.047821794779976,0.0580103125824003,0.00716119076731912));
#7696=CARTESIAN_POINT('',(0.047661095960895,0.0582364233177,0.00558484685736176));
#7697=CARTESIAN_POINT('',(0.047500485015732,0.0584627219506988,0.00400852476379942));
#7698=CARTESIAN_POINT('',(0.047430299513186,0.0585616734983994,0.00331952839908036));
#7699=CARTESIAN_POINT('',(0.047402499081387,0.0586008681418999,0.00304661738822825));
#7700=CARTESIAN_POINT('',(0.047374698649589,0.0586400627854005,0.00277370637737977));
#7701=CARTESIAN_POINT('',(0.047346898217791,0.0586792574288992,0.0025007953665313));
#7702=CARTESIAN_POINT('',(0.0473457669910912,0.0586808522971917,0.00248969035117123));
#7703=CARTESIAN_POINT('',(0.0473446357643914,0.0586824471654854,0.00247858533581117));
#7704=CARTESIAN_POINT('',(0.0473435045376916,0.058684042033779,0.0024674803204511));
#7705=CARTESIAN_POINT('',(0.0476507565087443,0.0573598565091087,0.00836689316302692));
#7706=CARTESIAN_POINT('',(0.0476493642152158,0.057361412588839,0.00835513243588404));
#7707=CARTESIAN_POINT('',(0.0476479719216874,0.0573629686685694,0.00834337170874115));
#7708=CARTESIAN_POINT('',(0.047646579628159,0.0573645247482997,0.00833161098159827));
#7709=CARTESIAN_POINT('',(0.047537055288828,0.0574869332784989,0.00740645702227039));
#7710=CARTESIAN_POINT('',(0.047342504615208,0.0577054230760989,0.00576307541598499));
#7711=CARTESIAN_POINT('',(0.047148075306188,0.0579256331494999,0.0041199357441451));
#7712=CARTESIAN_POINT('',(0.047063124952248,0.0580221988493985,0.00340177242108758));
#7713=CARTESIAN_POINT('',(0.047029476172439,0.0580604484601004,0.00311730839705843));
#7714=CARTESIAN_POINT('',(0.04699582739263,0.0580986980709,0.00283284437302928));
#7715=CARTESIAN_POINT('',(0.046962178612821,0.0581369476815983,0.00254838034900013));
#7716=CARTESIAN_POINT('',(0.0469608094111334,0.0581385040955779,0.00253680523025937));
#7717=CARTESIAN_POINT('',(0.0469594402094457,0.0581400605095638,0.00252523011151863));
#7718=CARTESIAN_POINT('',(0.0469580710077581,0.0581416169235525,0.00251365499277787));
#7719=CARTESIAN_POINT('',(0.0475795469385001,0.0571171470542474,0.00853004340404491));
#7720=CARTESIAN_POINT('',(0.0475780123290761,0.0571186264702313,0.0085180040349127));
#7721=CARTESIAN_POINT('',(0.047576477719652,0.0571201058862154,0.0085059646657805));
#7722=CARTESIAN_POINT('',(0.047574943110228,0.0571215853021982,0.00849392529664829));
#7723=CARTESIAN_POINT('',(0.047454223535033,0.0572379631024003,0.00754685205150373));
#7724=CARTESIAN_POINT('',(0.047239137210213,0.0574464923135007,0.0058647207532099));
#7725=CARTESIAN_POINT('',(0.047023345171272,0.0576581434599,0.00418313805967546));
#7726=CARTESIAN_POINT('',(0.046928939565687,0.0577512321506983,0.00344822456916655));
#7727=CARTESIAN_POINT('',(0.046891545566866,0.0577881045204993,0.00315712581472827));
#7728=CARTESIAN_POINT('',(0.046854151568045,0.0578249768901991,0.00286602706028999));
#7729=CARTESIAN_POINT('',(0.046816757569225,0.05786184926,0.00257492830585171));
#7730=CARTESIAN_POINT('',(0.0468152359709208,0.0578633496327027,0.0025630832134559));
#7731=CARTESIAN_POINT('',(0.0468137143726168,0.0578648500054123,0.00255123812106009));
#7732=CARTESIAN_POINT('',(0.0468121927743127,0.0578663503781248,0.00253939302866428));
#7733=CARTESIAN_POINT('',(0.0468168581768062,0.0578620496535059,0.00257488201650343));
#7734=CARTESIAN_POINT('',(0.0471562644744348,0.0584816398703123,0.00257488153000018));
#7735=CARTESIAN_POINT('',(0.047666026575431,0.0589870789313192,0.00257488686785345));
#7736=CARTESIAN_POINT('',(0.0482052049349187,0.0594419956090525,0.00257488845401651));
#7737=CARTESIAN_POINT('',(0.0482052044225443,0.0594419962141707,0.00257488845396496));
#7738=CARTESIAN_POINT('',(34.8617421078546,58.3852040453098,5.42022531651265));
#7739=CARTESIAN_POINT('',(0.0555880628173915,0.066333222160198,0.00544264843337317));
#7740=CARTESIAN_POINT('',(0.0574334741005749,0.0674893927078014,0.00651181347310665));
#7741=CARTESIAN_POINT('',(0.0587630138155766,0.0685559368904095,0.00619396598497254));
#7742=CARTESIAN_POINT('',(0.0600927997809182,0.0696224604886551,0.0058770757911959));
#7743=CARTESIAN_POINT('',(0.0614212075778551,0.0706890992896575,0.00555482798922987));
#7744=CARTESIAN_POINT('',(0.061421251796086,0.0706890502323585,0.00555484789138011));
#7745=CARTESIAN_POINT('',(80.6855782547273,-219.606935930848,1305.43578664417));
#7746=CARTESIAN_POINT('',(0.061251736497107,0.0712016080631006,0.00257488896607857));
#7747=CARTESIAN_POINT('',(0.0612517786017947,0.0712015519614664,0.00257481550397658));
#7748=CARTESIAN_POINT('',(0.0572796893677123,0.0682187276916873,0.0025761459788555));
#7749=CARTESIAN_POINT('',(0.0533073362365976,0.0652362548531547,0.00257491612916169));
#7750=CARTESIAN_POINT('',(0.0493351071547032,0.0622536168184782,0.00257488980291855));
#7751=CARTESIAN_POINT('',(0.0506682017051,0.0603457729426005,0.00726063433756418));
#7752=CARTESIAN_POINT('',(0.050599336522794,0.0604661999997997,0.00645851482299577));
#7753=CARTESIAN_POINT('',(0.050462127061602,0.0607061561793003,0.00486029295287108));
#7754=CARTESIAN_POINT('',(0.050324926199776,0.0609461229715986,0.00326207195424787));
#7755=CARTESIAN_POINT('',(0.050256586143835,0.0610656572767994,0.00246597002231602));
#7756=CARTESIAN_POINT('',(0.050255214177773,0.0610680569969588,0.00244998781660008));
#7757=CARTESIAN_POINT('',(0.0502538422117105,0.0610704567171183,0.00243400561088414));
#7758=CARTESIAN_POINT('',(0.0502524702456485,0.0610728564372778,0.0024180234051682));
#7759=CARTESIAN_POINT('',(0.050032895408563,0.0598264820708394,0.00742298119697726));
#7760=CARTESIAN_POINT('',(0.0499618877046242,0.0599506511924997,0.00659880033275577));
#7761=CARTESIAN_POINT('',(0.049820405335241,0.0601980604443586,0.00495662110809472));
#7762=CARTESIAN_POINT('',(0.049678923826635,0.0604454742915195,0.00331444246197944));
#7763=CARTESIAN_POINT('',(0.0496084496087806,0.0605687165982403,0.00249644437151356));
#7764=CARTESIAN_POINT('',(0.0496070347981864,0.0605711907586795,0.00248002258777873));
#7765=CARTESIAN_POINT('',(0.049605619987592,0.0605736649190991,0.00246360080404389));
#7766=CARTESIAN_POINT('',(0.0496042051769978,0.0605761390795401,0.00244717902030905));
#7767=CARTESIAN_POINT('',(0.0493499930813342,0.0592794530102996,0.00760702778376718));
#7768=CARTESIAN_POINT('',(0.0492761323852266,0.0594064992199996,0.00675811760159751));
#7769=CARTESIAN_POINT('',(0.049128964788489,0.059659631249799,0.0050666638768179));
#7770=CARTESIAN_POINT('',(0.0489817965760196,0.0599127490430593,0.00337520814732371));
#7771=CARTESIAN_POINT('',(0.0489084893013008,0.0600388280878388,0.00253266365874107));
#7772=CARTESIAN_POINT('',(0.048907017615455,0.0600413591974185,0.00251574909189824));
#7773=CARTESIAN_POINT('',(0.0489055459296092,0.0600438903070195,0.00249883452505542));
#7774=CARTESIAN_POINT('',(0.0489040742437634,0.0600464214165992,0.0024819199582126));
#7775=CARTESIAN_POINT('',(0.0487469798465042,0.0587221608328203,0.00780895302164855));
#7776=CARTESIAN_POINT('',(0.0486669270464692,0.0588516601458409,0.00693268427404247));
#7777=CARTESIAN_POINT('',(0.0485074380409072,0.0591097140700594,0.00518672223138775));
#7778=CARTESIAN_POINT('',(0.0483479809750386,0.0593678199525787,0.00344076509385241));
#7779=CARTESIAN_POINT('',(0.0482685604696176,0.0594963996635194,0.00257107414408211));
#7780=CARTESIAN_POINT('',(0.0482669660571374,0.0594989809754196,0.00255361459636466));
#7781=CARTESIAN_POINT('',(0.0482653716446574,0.0595015622873198,0.0025361550486472));
#7782=CARTESIAN_POINT('',(0.0482637772321772,0.0595041435992201,0.00251869550092975));
#7783=CARTESIAN_POINT('',(0.048686986630877,0.0586657608213397,0.0078295430799225));
#7784=CARTESIAN_POINT('',(0.0486062705477508,0.0587955035391978,0.0069504820803838));
#7785=CARTESIAN_POINT('',(0.0484454617802508,0.0590540464442189,0.00519895690694603));
#7786=CARTESIAN_POINT('',(0.0482846886017038,0.0593126490541795,0.00344743745957013));
#7787=CARTESIAN_POINT('',(0.048204613422604,0.0594414780646986,0.00257497602102731));
#7788=CARTESIAN_POINT('',(0.048203005867172,0.059444064381438,0.0025574608541489));
#7789=CARTESIAN_POINT('',(0.04820139831174,0.0594466506981597,0.00253994568727048));
#7790=CARTESIAN_POINT('',(0.048199790756308,0.0594492370149009,0.00252243052039206));
#7791=CARTESIAN_POINT('',(0.0486814762942908,0.0586605627715393,0.00783157753168044));
#7792=CARTESIAN_POINT('',(0.048600684622687,0.0587903177478193,0.00695224198182906));
#7793=CARTESIAN_POINT('',(0.0484397253410524,0.0590488859985587,0.00520016988913367));
#7794=CARTESIAN_POINT('',(0.048278801893086,0.0593075156273208,0.00344810373925821));
#7795=CARTESIAN_POINT('',(0.048198651930495,0.0594363584805393,0.00257537002757736));
#7796=CARTESIAN_POINT('',(0.0481970428737414,0.0594389450751791,0.00255784939465857));
#7797=CARTESIAN_POINT('',(0.0481954338169876,0.0594415316697994,0.00254032876173978));
#7798=CARTESIAN_POINT('',(0.048193824760234,0.0594441182644392,0.00252280812882099));
#7799=CARTESIAN_POINT('',(0.0486759787727466,0.0586553612807599,0.00783361622583753));
#7800=CARTESIAN_POINT('',(0.048595111094936,0.0587851286718202,0.00695400552875718));
#7801=CARTESIAN_POINT('',(0.048434000473131,0.0590437225691805,0.00520138532580451));
#7802=CARTESIAN_POINT('',(0.048272925939139,0.0593023795071002,0.00344877128077998));
#7803=CARTESIAN_POINT('',(0.0481927007883114,0.0594312363467395,0.00257576470172963));
#7804=CARTESIAN_POINT('',(0.0481910902221104,0.0594338232221592,0.00255823859084092));
#7805=CARTESIAN_POINT('',(0.0481894796559094,0.0594364100975806,0.00254071247995221));
#7806=CARTESIAN_POINT('',(0.0481878690897086,0.0594389969730003,0.00252318636906351));
#7807=CARTESIAN_POINT('',(0.04867104152289,0.0586506772313982,0.00783545451587771));
#7808=CARTESIAN_POINT('',(0.048590105092498,0.0587804559098988,0.00695559569864918));
#7809=CARTESIAN_POINT('',(0.048428857578031,0.0590390731095987,0.00520248122375916));
#7810=CARTESIAN_POINT('',(0.048267646387571,0.0592977548407987,0.00344937309949592));
#7811=CARTESIAN_POINT('',(0.048187353230722,0.0594266243753996,0.00257612045482302));
#7812=CARTESIAN_POINT('',(0.048185741299261,0.0594292115056785,0.00255858940402494));
#7813=CARTESIAN_POINT('',(0.0481841293677998,0.0594317986359396,0.00254105835322685));
#7814=CARTESIAN_POINT('',(0.0481825174363386,0.0594343857662185,0.00252352730242876));
#7815=CARTESIAN_POINT('',(0.0506387038556918,0.0603321903002551,0.0072196044823447));
#7816=CARTESIAN_POINT('',(0.0505072755365704,0.0605658090409443,0.00567136667814326));
#7817=CARTESIAN_POINT('',(0.0503758472174489,0.0607994277816335,0.00412312887394183));
#7818=CARTESIAN_POINT('',(0.0502444188983275,0.0610330465223227,0.00257489106974039));
#7819=CARTESIAN_POINT('',(0.050244426237408,0.061033036709599,0.00257488896607675));
#7820=CARTESIAN_POINT('',(0.0502444296665708,0.061033032176724,0.00257488295953218));
#7821=CARTESIAN_POINT('',(0.0495567418273859,0.0605127875865569,0.00257488465784072));
#7822=CARTESIAN_POINT('',(0.0488639108731363,0.0599986557397751,0.0025748903486389));
#7823=CARTESIAN_POINT('',(0.0482052039101699,0.0594419968192889,0.0025748884539134));
#7824=CARTESIAN_POINT('',(0.05226137013049,0.0620490613902991,0.00489743513339617));
#7825=CARTESIAN_POINT('',(0.0520642468610863,0.0623995444390602,0.00257488967212258));
#7826=CARTESIAN_POINT('',(0.062250860579194,0.0635823479794997,0.00931821863387405));
#7827=CARTESIAN_POINT('',(0.060312860579194,0.0616443479794988,0.0101248889660757));
#7828=CARTESIAN_POINT('',(0.062250860579195,0.0635823479794997,0.0101248889660757));
#7829=CARTESIAN_POINT('',(0.0641508605791969,0.0635823479794997,0.0101248889660757));
#7830=CARTESIAN_POINT('',(0.062250860579196,0.0635823479794997,0.0101248889660757));
#7831=CARTESIAN_POINT('',(0.0634508605791953,0.0635823479794997,0.0101248889660757));
#7832=CARTESIAN_POINT('',(0.062250860579195,0.0635823479794997,0.0109248889660762));
#7833=CARTESIAN_POINT('',(0.066416713136236,0.0591382787749009,0.0100038858808052));
#7834=CARTESIAN_POINT('',(0.0636144140413696,0.0565842359486182,0.0294));
#7835=CARTESIAN_POINT('',(0.0636144140413696,0.0565842359486182,0.00927364302682315));
#7836=CARTESIAN_POINT('',(0.0636144140413696,0.0565842359486182,0.00927364302682314));
#7837=CARTESIAN_POINT('',(0.0639181823447015,0.0568610933538104,0.00917347338995161));
#7838=CARTESIAN_POINT('',(0.0642219632858706,0.0571379622772509,0.00907337393385401));
#7839=CARTESIAN_POINT('',(0.0645257391799685,0.0574148266007415,0.00897324645022669));
#7840=CARTESIAN_POINT('',(0.064525738998593,0.0574148264390004,0.00897324545271977));
#7841=CARTESIAN_POINT('',(0.0664167131362375,0.0591382787749009,0.00835162657912981));
#7842=CARTESIAN_POINT('',(0.0657862753484955,0.0585636916039063,0.00855820316007721));
#7843=CARTESIAN_POINT('',(0.0651559769568296,0.0579892314798529,0.00876555602814756));
#7844=CARTESIAN_POINT('',(0.064525738781319,0.0574148262373999,0.00897324423584742));
#7845=CARTESIAN_POINT('',(0.0664167132195698,0.0591382787749009,0.00835162658207867));
#7846=CARTESIAN_POINT('',(0.0664167131280063,0.0591382787674002,0.00995636892438916));
#7847=CARTESIAN_POINT('',(0.0664167131362512,0.0591382787749144,0.00995636892438051));
#7848=CARTESIAN_POINT('',(0.066407081119248,0.0591295001029994,0.00995954556081552));
#7849=CARTESIAN_POINT('',(0.059375860579195,0.0664573479794992,0.00862488896606903));
#7850=CARTESIAN_POINT('',(0.062250860579197,0.0635823479794997,0.00862488896606903));
#7851=CARTESIAN_POINT('',(0.059950860579195,0.0635823479794997,0.00862488896606903));
#7852=CARTESIAN_POINT('',(0.062250860579196,0.0635823479794997,0.00862488896606903));
#7853=CARTESIAN_POINT('',(0.0610508605791967,0.0635823479794997,0.00862488896606903));
#7854=CARTESIAN_POINT('',(0.062250860579196,0.0635823479794997,0.010124888966076));
#7855=CARTESIAN_POINT('',(0.081071342110994,0.0602599869092,0.00117488896604073));
#7856=CARTESIAN_POINT('',(0.081071342110994,0.0602599869092,0.00257486891769656));
#7857=CARTESIAN_POINT('',(0.0810713418441306,0.066810103848457,0.00257545402309079));
#7858=CARTESIAN_POINT('',(0.081071342110994,0.0657732382095224,0.00257486891769656));
#7859=CARTESIAN_POINT('',(0.081071342110994,0.0657732382095198,0.00559988896605547));
#7860=CARTESIAN_POINT('',(0.081071342110999,0.0657732382095002,0.00627489006852876));
#7861=CARTESIAN_POINT('',(0.081071342110994,0.0602599869092,0.00627489006851784));
#7862=CARTESIAN_POINT('',(0.0810713397746122,0.0669046899338787,0.00627489006851784));
#7863=CARTESIAN_POINT('',(0.081071342111,0.0669046900239998,0.0044254122937332));
#7864=CARTESIAN_POINT('',(0.0810713391903965,0.0669046900155219,0.00257593451702533));
#7865=CARTESIAN_POINT('',(0.081071342110994,0.0668573967984898,0.00257597679864326));
#7866=CARTESIAN_POINT('',(0.0810713399613586,0.0669006497206942,0.00627489006851784));
#7867=CARTESIAN_POINT('',(0.0810713399613585,0.0669006497206942,0.00255317234006602));
#7868=CARTESIAN_POINT('',(0.081071460136985,0.0670133861023866,0.00627489006851784));
#7869=CARTESIAN_POINT('',(0.0810714601369849,0.0670133861023866,0.00255317234006602));
#7870=CARTESIAN_POINT('',(0.0810345328680324,0.0672670017447919,0.00627489006851784));
#7871=CARTESIAN_POINT('',(0.0810345328680324,0.0672670017447919,0.00255317234006602));
#7872=CARTESIAN_POINT('',(0.0807841336122602,0.0673236821607791,0.00627489006851784));
#7873=CARTESIAN_POINT('',(0.0807841336122602,0.0673236821607791,0.00255317234006602));
#7874=CARTESIAN_POINT('',(0.0806713420260288,0.0673236821633014,0.00627489006851784));
#7875=CARTESIAN_POINT('',(0.0806713420260288,0.0673236821633014,0.00255317234006603));
#7876=CARTESIAN_POINT('',(0.0810713380223236,0.0669046899287728,0.00627489006851784));
#7877=CARTESIAN_POINT('',(0.0810710143060921,0.067016232373592,0.00627489006851784));
#7878=CARTESIAN_POINT('',(0.081034108050825,0.067266493352091,0.00627489006851785));
#7879=CARTESIAN_POINT('',(0.0807837304308638,0.0673236821607881,0.00627489006851783));
#7880=CARTESIAN_POINT('',(0.0806713420260288,0.0673236821633014,0.00627489006851783));
#7881=CARTESIAN_POINT('',(0.0806713420276669,0.0673236829425254,0.00627489006851784));
#7882=CARTESIAN_POINT('',(0.080671342111,0.0673236821633001,0.00442512976615082));
#7883=CARTESIAN_POINT('',(0.0806713420277444,0.0673236821633019,0.00257536954695034));
#7884=CARTESIAN_POINT('',(0.0810713377300948,0.0669046900112631,0.0025759345170253));
#7885=CARTESIAN_POINT('',(0.0810710140048423,0.0670162323973117,0.00257584591725529));
#7886=CARTESIAN_POINT('',(0.0810341081164729,0.0672664934410564,0.0025757329457253));
#7887=CARTESIAN_POINT('',(0.0807837304133591,0.0673236821604895,0.00257547416659835));
#7888=CARTESIAN_POINT('',(0.08067134202782,0.0673236821633018,0.00257536946369496));
#7889=CARTESIAN_POINT('',(0.062550863696103,0.0673236852801988,0.00117488896604255));
#7890=CARTESIAN_POINT('',(0.062550863696103,0.0673236852801988,0.00627489006851784));
#7891=CARTESIAN_POINT('',(0.0800713421943333,0.0673236837217495,0.00627489006851784));
#7892=CARTESIAN_POINT('',(0.080071342111,0.0673236821633001,0.00442488742736032));
#7893=CARTESIAN_POINT('',(0.0800713421943902,0.0673236821633008,0.00257488486963925));
#7894=CARTESIAN_POINT('',(0.0784195498347535,0.0673236645469189,2.4187697515606));
#7895=CARTESIAN_POINT('',(0.0800713421944068,0.0673236821633014,0.00627489006851784));
#7896=CARTESIAN_POINT('',(0.0800713421944068,0.0673236821633014,0.00255253257352163));
#7897=CARTESIAN_POINT('',(0.0799592232883253,0.0673236821605334,0.00627489006851784));
#7898=CARTESIAN_POINT('',(0.0799592232883253,0.0673236821605334,0.00255253257352163));
#7899=CARTESIAN_POINT('',(0.0797101717488945,0.0672679209337056,0.00627489006851784));
#7900=CARTESIAN_POINT('',(0.0797101717488945,0.0672679209337056,0.00255253257352162));
#7901=CARTESIAN_POINT('',(0.0796716741015482,0.067017078479666,0.00627489006851784));
#7902=CARTESIAN_POINT('',(0.0796716741015482,0.067017078479666,0.00255253257352163));
#7903=CARTESIAN_POINT('',(0.0796713479513849,0.0669046897237655,0.00627489006851784));
#7904=CARTESIAN_POINT('',(0.0796713479513849,0.0669046897237655,0.00255253257352162));
#7905=CARTESIAN_POINT('',(0.0800713421884867,0.0673236829425254,0.00627489006851784));
#7906=CARTESIAN_POINT('',(0.079959384555354,0.067323682937805,0.00627489006851784));
#7907=CARTESIAN_POINT('',(0.079710179336237,0.0672682488958548,0.00627489006851784));
#7908=CARTESIAN_POINT('',(0.0796716727359888,0.0670166077280465,0.00627489006851784));
#7909=CARTESIAN_POINT('',(0.0796713479513994,0.0669046897287653,0.00627489006851784));
#7910=CARTESIAN_POINT('',(0.0796713450313616,0.0669046899321842,0.00627489006851784));
#7911=CARTESIAN_POINT('',(0.079671342111,0.0669046900239998,0.00442488896359146));
#7912=CARTESIAN_POINT('',(0.0796713444474828,0.0669046900172203,0.00257488786041851));
#7913=CARTESIAN_POINT('',(0.080071342194427,0.0673236821632838,0.00257488482794417));
#7914=CARTESIAN_POINT('',(0.0799593847325424,0.0673236821605198,0.00257480832827441));
#7915=CARTESIAN_POINT('',(0.0797101793016928,0.0672682493506604,0.0025746724900248));
#7916=CARTESIAN_POINT('',(0.0796716727384635,0.0670166077131306,0.00257478637298267));
#7917=CARTESIAN_POINT('',(0.0796713479514654,0.0669046897515189,0.00257488786329747));
#7918=CARTESIAN_POINT('',(0.079671342111,0.0669046900239998,0.00117488896604255));
#7919=CARTESIAN_POINT('',(0.079671342111,0.0669046900239998,0.00627489006851784));
#7920=CARTESIAN_POINT('',(0.079671342110999,0.0657732382095002,0.00627489006852876));
#7921=CARTESIAN_POINT('',(0.079671342111,0.0657732382095198,0.00559988896605547));
#7922=CARTESIAN_POINT('',(0.079671342111,0.0657732382095211,0.00257486891769656));
#7923=CARTESIAN_POINT('',(0.079671342111,0.0669046900239998,0.00257486891769656));
#7924=CARTESIAN_POINT('',(0.0796713420546215,0.0668101020826558,0.0025749352826893));
#7925=CARTESIAN_POINT('',(0.079671342111,0.0668573960474701,0.00257493472777865));
#7926=CARTESIAN_POINT('',(0.097006095055557,0.0390503110312981,0.00627489006851784));
#7927=CARTESIAN_POINT('',(0.080371342110999,0.0635823479794997,0.00627489006851784));
#7928=CARTESIAN_POINT('',(0.0572773362859721,0.0674722705017455,0.00650929651907763));
#7929=CARTESIAN_POINT('',(0.0572778654876828,0.0674888657227461,0.00650320584467799));
#7930=CARTESIAN_POINT('',(0.0572783946893935,0.0675054609437474,0.00649711517027836));
#7931=CARTESIAN_POINT('',(0.0572789238911041,0.0675220561647515,0.00649102449587873));
#7932=CARTESIAN_POINT('',(0.0572817921861056,0.0676120029440068,0.00645801279053886));
#7933=CARTESIAN_POINT('',(0.0572849723596811,0.0677119617976241,0.00642136629796871));
#7934=CARTESIAN_POINT('',(0.0572881448823771,0.0678119409022946,0.00638475714515401));
#7935=CARTESIAN_POINT('',(0.0572971279361721,0.0680893939021855,0.00628318597063458));
#7936=CARTESIAN_POINT('',(0.0573837864282546,0.0707639418498175,0.00530407710726777));
#7937=CARTESIAN_POINT('',(0.0574704421226584,0.0734384806061501,0.00432494292068186));
#7938=CARTESIAN_POINT('',(0.0575484306587725,0.0758455580023855,0.00344370159965042));
#7939=CARTESIAN_POINT('',(0.0573288598463544,0.0674613890816081,0.00651622039404768));
#7940=CARTESIAN_POINT('',(0.057329388873329,0.0674779825831724,0.0065101316141493));
#7941=CARTESIAN_POINT('',(0.0573299179003035,0.0674945760847384,0.00650404283425093));
#7942=CARTESIAN_POINT('',(0.0573304469272781,0.0675111695863063,0.00649795405435256));
#7943=CARTESIAN_POINT('',(0.0573333142752029,0.067601107046132,0.00646495261728733));
#7944=CARTESIAN_POINT('',(0.0573364933950085,0.0677010556016182,0.00642831762912742));
#7945=CARTESIAN_POINT('',(0.0573396648622991,0.0678010244718173,0.00639172008729564));
#7946=CARTESIAN_POINT('',(0.0573486455541291,0.0680784515450043,0.00629018027313166));
#7947=CARTESIAN_POINT('',(0.0574352814827175,0.070752750459782,0.00531137340794768));
#7948=CARTESIAN_POINT('',(0.0575219146185857,0.0734270402438402,0.0043325413823732));
#7949=CARTESIAN_POINT('',(0.0575998828495013,0.0758338936144859,0.00345157213855552));
#7950=CARTESIAN_POINT('',(0.0573803834067367,0.0674505076614705,0.00652314426901772));
#7951=CARTESIAN_POINT('',(0.0573809122589751,0.0674670994435986,0.00651705738362062));
#7952=CARTESIAN_POINT('',(0.0573814411112135,0.0674836912257295,0.0065109704982235));
#7953=CARTESIAN_POINT('',(0.057381969963452,0.0675002830078599,0.0065048836128264));
#7954=CARTESIAN_POINT('',(0.0573848363643003,0.0675902111482584,0.00647189244403581));
#7955=CARTESIAN_POINT('',(0.057388014430336,0.0676901494056149,0.00643526896028614));
#7956=CARTESIAN_POINT('',(0.057391184842221,0.067790108041342,0.00639868302943728));
#7957=CARTESIAN_POINT('',(0.0574001631720862,0.0680675091878176,0.00629717457562874));
#7958=CARTESIAN_POINT('',(0.0574867765371805,0.0707415590697508,0.00531866970862758));
#7959=CARTESIAN_POINT('',(0.057573387114513,0.07341559988153,0.00434013984406454));
#7960=CARTESIAN_POINT('',(0.0576513350402301,0.075822229226589,0.00345944267746062));
#7961=CARTESIAN_POINT('',(0.0574319069671188,0.0674396262413335,0.00653006814398777));
#7962=CARTESIAN_POINT('',(0.0574324356446212,0.0674562163040217,0.00652398315309192));
#7963=CARTESIAN_POINT('',(0.0574329643221235,0.0674728063667098,0.00651789816219608));
#7964=CARTESIAN_POINT('',(0.057433492999626,0.0674893964293979,0.00651181317130023));
#7965=CARTESIAN_POINT('',(0.0574363584533975,0.0675793152503985,0.00647883227078428));
#7966=CARTESIAN_POINT('',(0.0574395354656635,0.0676792432096178,0.00644222029144485));
#7967=CARTESIAN_POINT('',(0.057442704822143,0.0677791916108603,0.00640564597157891));
#7968=CARTESIAN_POINT('',(0.057451680790043,0.0680565668306379,0.00630416887812581));
#7969=CARTESIAN_POINT('',(0.0575382715916435,0.0707303676797189,0.00532596600930748));
#7970=CARTESIAN_POINT('',(0.05762485961044,0.0734041595192192,0.00434773830575587));
#7971=CARTESIAN_POINT('',(0.057702787230959,0.0758105648386991,0.00346731321636572));
#7972=CARTESIAN_POINT('',(0.0660188417314522,0.0656261249191697,0.00768400359105574));
#7973=CARTESIAN_POINT('',(0.0660193412873805,0.0656424284198087,0.00767823433840937));
#7974=CARTESIAN_POINT('',(0.0660198408433087,0.0656587319204502,0.00767246508576298));
#7975=CARTESIAN_POINT('',(0.066020340399237,0.0656750354210995,0.0076666958331166));
#7976=CARTESIAN_POINT('',(0.0660230480128805,0.0657634010640198,0.00763542624687753));
#7977=CARTESIAN_POINT('',(0.066026049403493,0.0658616127331797,0.00760073159661052));
#7978=CARTESIAN_POINT('',(0.0660290428657075,0.0659598554531993,0.007566092367257));
#7979=CARTESIAN_POINT('',(0.066037625187705,0.0662329097197993,0.00746984180171431));
#7980=CARTESIAN_POINT('',(0.0661204555493985,0.068865206665139,0.00654197005666984));
#7981=CARTESIAN_POINT('',(0.066203283954681,0.0714975046976001,0.00561410061396556));
#7982=CARTESIAN_POINT('',(0.066277827503659,0.0738665738336994,0.00477902000908171));
#7983=CARTESIAN_POINT('',(0.0746507652186039,0.063800232090179,0.00843228754434597));
#7984=CARTESIAN_POINT('',(0.0746512647697639,0.063816179957687,0.00842668338816467));
#7985=CARTESIAN_POINT('',(0.074651764320924,0.0638321278251966,0.00842107923198337));
#7986=CARTESIAN_POINT('',(0.074652263872084,0.0638480756926985,0.00841547507580209));
#7987=CARTESIAN_POINT('',(0.074654971459884,0.0639345137894196,0.00838510031918295));
#7988=CARTESIAN_POINT('',(0.074657974476933,0.0640305835553594,0.00835139988375713));
#7989=CARTESIAN_POINT('',(0.0746609714134285,0.0641266841741786,0.00831775484055534));
#7990=CARTESIAN_POINT('',(0.0746695538633515,0.0643938445137788,0.00822423549560272));
#7991=CARTESIAN_POINT('',(0.0747523824402655,0.0669693444490598,0.007322682287099));
#7992=CARTESIAN_POINT('',(0.0748352151091405,0.0695448468547184,0.00642113650905022));
#7993=CARTESIAN_POINT('',(0.074909768102594,0.0718628009877005,0.00560975126208496));
#7994=CARTESIAN_POINT('',(0.0833267565031993,0.0619636397449126,0.00877396049700786));
#7995=CARTESIAN_POINT('',(0.0833272840353472,0.0619791667167454,0.00876836836997196));
#7996=CARTESIAN_POINT('',(0.083327811567495,0.0619946936885758,0.00876277624293605));
#7997=CARTESIAN_POINT('',(0.083328339099643,0.0620102206603992,0.00875718411590015));
#7998=CARTESIAN_POINT('',(0.083331198345546,0.0620943774852787,0.00872687455774295));
#7999=CARTESIAN_POINT('',(0.0833343734813635,0.0621879026782395,0.00869323053976396));
#8000=CARTESIAN_POINT('',(0.0833375465692015,0.0622814477182203,0.00865962401071111));
#8001=CARTESIAN_POINT('',(0.0833465186209755,0.0625411396674593,0.00856633510302664));
#8002=CARTESIAN_POINT('',(0.0834330657903485,0.0650445117627996,0.00766704773461398));
#8003=CARTESIAN_POINT('',(0.083519608277888,0.0675478801703591,0.00676774971803053));
#8004=CARTESIAN_POINT('',(0.083597492551501,0.0698009087842983,0.00595837295785123));
#8005=CARTESIAN_POINT('',(0.083378814980431,0.0619526196553714,0.00877601063434011));
#8006=CARTESIAN_POINT('',(0.0833793426804729,0.0619681441017056,0.00877041857948259));
#8007=CARTESIAN_POINT('',(0.0833798703805148,0.0619836685480379,0.00876482652462505));
#8008=CARTESIAN_POINT('',(0.0833803980805567,0.061999192994372,0.00875923446976753));
#8009=CARTESIAN_POINT('',(0.0833832582364525,0.062083336130955,0.00872892530282011));
#8010=CARTESIAN_POINT('',(0.083386434405033,0.062176846055729,0.00869528162336225));
#8011=CARTESIAN_POINT('',(0.0833896085498302,0.0622703757614969,0.00866167532540553));
#8012=CARTESIAN_POINT('',(0.0833985829393288,0.0625300228982196,0.00856838780041185));
#8013=CARTESIAN_POINT('',(0.083485152421341,0.0650329622054893,0.00766911402770035));
#8014=CARTESIAN_POINT('',(0.083571717168874,0.067535897788031,0.00676982949834104));
#8015=CARTESIAN_POINT('',(0.0836496214311392,0.0697885368299216,0.00596046478966804));
#8016=CARTESIAN_POINT('',(0.0834308734576624,0.0619415995658322,0.00877806077167235));
#8017=CARTESIAN_POINT('',(0.0834314013255986,0.0619571214866694,0.0087724687889932));
#8018=CARTESIAN_POINT('',(0.0834319291935346,0.0619726434075047,0.00876687680631406));
#8019=CARTESIAN_POINT('',(0.0834324570614704,0.0619881653283453,0.00876128482363491));
#8020=CARTESIAN_POINT('',(0.083435318127359,0.0620722947766307,0.00873097604789727));
#8021=CARTESIAN_POINT('',(0.0834384953287023,0.0621657894332269,0.00869733270696055));
#8022=CARTESIAN_POINT('',(0.0834416705304588,0.0622593038047742,0.00866372664009994));
#8023=CARTESIAN_POINT('',(0.0834506472576824,0.0625189061289722,0.00857044049779706));
#8024=CARTESIAN_POINT('',(0.0835372390523336,0.0650214126481796,0.00767118032078672));
#8025=CARTESIAN_POINT('',(0.0836238260598601,0.0675239154057022,0.00677190927865154));
#8026=CARTESIAN_POINT('',(0.0837017503107774,0.0697761648755442,0.00596255662148484));
#8027=CARTESIAN_POINT('',(0.083482931934894,0.0619305794762935,0.00878011090900459));
#8028=CARTESIAN_POINT('',(0.0834834599707242,0.0619460988716336,0.00877451899850383));
#8029=CARTESIAN_POINT('',(0.0834839880065543,0.0619616182669716,0.00876892708800306));
#8030=CARTESIAN_POINT('',(0.0834845160423842,0.0619771376623143,0.0087633351775023));
#8031=CARTESIAN_POINT('',(0.0834873780182656,0.0620612534223069,0.00873302679297443));
#8032=CARTESIAN_POINT('',(0.0834905562523717,0.0621547328107231,0.00869938379055884));
#8033=CARTESIAN_POINT('',(0.0834937325110876,0.0622482318480513,0.00866577795479436));
#8034=CARTESIAN_POINT('',(0.0835027115760359,0.062507789359726,0.00857249319518227));
#8035=CARTESIAN_POINT('',(0.0835893256833261,0.0650098630908702,0.00767324661387309));
#8036=CARTESIAN_POINT('',(0.0836759349508461,0.0675119330233694,0.00677398905896205));
#8037=CARTESIAN_POINT('',(0.0837538791904157,0.0697637929211707,0.00596464845330165));
#8038=CARTESIAN_POINT('',(0.080293000947216,0.0705830061782997,0.00580237625452112));
#8039=CARTESIAN_POINT('',(0.0813685501474516,0.0696192597402325,0.00611296365407499));
#8040=CARTESIAN_POINT('',(0.0824458563067845,0.0686554511224237,0.00641714057405504));
#8041=CARTESIAN_POINT('',(0.083524582505787,0.0676915874903994,0.00671612124799075));
#8042=CARTESIAN_POINT('',(0.080293000947193,0.070583006178099,0.00580237625463901));
#8043=CARTESIAN_POINT('',(0.061421258506153,0.0706892484799867,0.00555477640914579));
#8044=CARTESIAN_POINT('',(0.0677056421023069,0.0705978106455033,0.00589110195251545));
#8045=CARTESIAN_POINT('',(0.0740017630062662,0.0705582175868209,0.00599706602465248));
#8046=CARTESIAN_POINT('',(0.0802930035933944,0.070582828440142,0.00580243931693525));
#8047=CARTESIAN_POINT('',(0.091910859280339,0.0590612074573791,0.0052779737730171));
#8048=CARTESIAN_POINT('',(0.0914476787080377,0.0588626274143266,0.00788370305149758));
#8049=CARTESIAN_POINT('',(0.091642017572907,0.0590973598670135,0.00611434266017313));
#8050=CARTESIAN_POINT('',(0.0918363564377762,0.0593320923197005,0.00434498226884867));
#8051=CARTESIAN_POINT('',(0.0920306953026455,0.0595668247723875,0.00257562187752421));
#8052=CARTESIAN_POINT('',(0.0923962223179989,0.0592630582836299,0.00257531151818778));
#8053=CARTESIAN_POINT('',(0.0921910713673744,0.0590307540789443,0.00437395815852054));
#8054=CARTESIAN_POINT('',(0.0919859204167499,0.0587984498742586,0.00617260479885331));
#8055=CARTESIAN_POINT('',(0.0917807694661253,0.0585661456695729,0.00797125143918607));
#8056=CARTESIAN_POINT('',(0.091774591685545,0.0585591497248199,0.00802520845990325));
#8057=CARTESIAN_POINT('',(0.091972079538687,0.0583752643429794,0.00808063245485205));
#8058=CARTESIAN_POINT('',(0.0921656650368845,0.0581873156542994,0.00813778400369831));
#8059=CARTESIAN_POINT('',(0.092346581529418,0.0579888723481989,0.00819979182970815));
#8060=CARTESIAN_POINT('',(0.0923483906943435,0.0579868879151402,0.00820041190796825));
#8061=CARTESIAN_POINT('',(0.0923501998592685,0.0579849034820796,0.00820103198622835));
#8062=CARTESIAN_POINT('',(0.092352009024194,0.0579829190490191,0.00820165206448844));
#8063=CARTESIAN_POINT('',(0.0917766434394575,0.0585614726760184,0.00800722076381905));
#8064=CARTESIAN_POINT('',(0.0919741979505885,0.0583775705167398,0.00806246183921437));
#8065=CARTESIAN_POINT('',(0.092167850037459,0.0581896023337993,0.00811942476912044));
#8066=CARTESIAN_POINT('',(0.0923488387434925,0.0579911377798403,0.00818122794476555));
#8067=CARTESIAN_POINT('',(0.092350648630553,0.0579891531342991,0.008181845976522));
#8068=CARTESIAN_POINT('',(0.0923524585176135,0.0579871684887401,0.00818246400827846));
#8069=CARTESIAN_POINT('',(0.0923542684046735,0.0579851838431988,0.00818308204003491));
#8070=CARTESIAN_POINT('',(0.0917786951933705,0.0585637956271992,0.00798923306773485));
#8071=CARTESIAN_POINT('',(0.0919763163624905,0.0583798766905197,0.00804429122357668));
#8072=CARTESIAN_POINT('',(0.0921700350380335,0.0581918890132993,0.00810106553454256));
#8073=CARTESIAN_POINT('',(0.0923510959575675,0.0579934032114586,0.00816266405982296));
#8074=CARTESIAN_POINT('',(0.0923529065667625,0.0579914183534402,0.00816328004507576));
#8075=CARTESIAN_POINT('',(0.092354717175958,0.0579894334954201,0.00816389603032857));
#8076=CARTESIAN_POINT('',(0.0923565277851535,0.0579874486373999,0.00816451201558137));
#8077=CARTESIAN_POINT('',(0.091780746947283,0.0585661185783994,0.00797124537165065));
#8078=CARTESIAN_POINT('',(0.091978434774392,0.0583821828642996,0.008026120607939));
#8079=CARTESIAN_POINT('',(0.092172220038608,0.0581941756927993,0.00808270629996469));
#8080=CARTESIAN_POINT('',(0.092353353171642,0.0579956686431,0.00814410017488036));
#8081=CARTESIAN_POINT('',(0.0923551645029725,0.0579936835725992,0.00814471411362952));
#8082=CARTESIAN_POINT('',(0.0923569758343025,0.0579916985021001,0.00814532805237868));
#8083=CARTESIAN_POINT('',(0.092358787165633,0.0579897134315992,0.00814594199112783));
#8084=CARTESIAN_POINT('',(0.091985922338548,0.0587984136973994,0.00617247576323053));
#8085=CARTESIAN_POINT('',(0.092190275964565,0.0586128002416988,0.00620905904417078));
#8086=CARTESIAN_POINT('',(0.092390720096053,0.0584228436429992,0.00624678284217726));
#8087=CARTESIAN_POINT('',(0.092579074579108,0.0582222118064006,0.00628771168062077));
#8088=CARTESIAN_POINT('',(0.0925809581239385,0.0582202054880199,0.00628812096900521));
#8089=CARTESIAN_POINT('',(0.092582841668769,0.0582181991696604,0.00628853025738964));
#8090=CARTESIAN_POINT('',(0.0925847252135995,0.0582161928512992,0.00628893954577408));
#8091=CARTESIAN_POINT('',(0.092191077767444,0.0590307261675989,0.0043737060979961));
#8092=CARTESIAN_POINT('',(0.092402077589225,0.0588434539502991,0.00439199756645531));
#8093=CARTESIAN_POINT('',(0.092609152565213,0.0586515763651008,0.00441085937839444));
#8094=CARTESIAN_POINT('',(0.092804730627808,0.0584488235287992,0.00443132353529428));
#8095=CARTESIAN_POINT('',(0.092806686408434,0.0584467960004389,0.00443152817686328));
#8096=CARTESIAN_POINT('',(0.09280864218906,0.0584447684720786,0.00443173281843228));
#8097=CARTESIAN_POINT('',(0.092810597969686,0.0584427409437005,0.00443193746000128));
#8098=CARTESIAN_POINT('',(0.092396218751831,0.0592630510735006,0.00257493638076404));
#8099=CARTESIAN_POINT('',(0.09261385057813,0.059074133705499,0.00257493612830286));
#8100=CARTESIAN_POINT('',(0.09282753610779,0.0588803555332991,0.00257493587120326));
#8101=CARTESIAN_POINT('',(0.093030339343573,0.0586754844343993,0.00257493560185095));
#8102=CARTESIAN_POINT('',(0.093032367375931,0.0586734357233993,0.00257493559915742));
#8103=CARTESIAN_POINT('',(0.0930343954082885,0.0586713870124207,0.0025749355964639));
#8104=CARTESIAN_POINT('',(0.0930364234406465,0.058669338301419,0.00257493559377038));
#8105=CARTESIAN_POINT('',(0.066416713136236,0.0591382787674002,0.00995636892438916));
#8106=CARTESIAN_POINT('',(0.066416713136236,0.0591382787749009,0.00835162657911452));
#8107=CARTESIAN_POINT('',(0.069654007665964,0.0591382787411998,0.00840910255981681));
#8108=CARTESIAN_POINT('',(0.072909310856616,0.0591382787357002,0.00841875045484586));
#8109=CARTESIAN_POINT('',(0.076146871666423,0.0591382787598995,0.00837800529238621));
#8110=CARTESIAN_POINT('',(0.076146871666423,0.0591382787599033,0.00837800529238504));
#8111=CARTESIAN_POINT('',(0.0761468704975838,0.0591382787674002,0.0214770706873965));
#8112=CARTESIAN_POINT('',(0.076146871666423,0.0591382787598049,0.00997778599060292));
#8113=CARTESIAN_POINT('',(0.066416713136236,0.0591382787749009,0.00995636892438552));
#8114=CARTESIAN_POINT('',(0.069654203261997,0.0591382787411998,0.0100118558605514));
#8115=CARTESIAN_POINT('',(0.072909167259918,0.0591382787357002,0.0100196506516491));
#8116=CARTESIAN_POINT('',(0.076146871666423,0.0591382787598995,0.00997778599056756));
#8117=CARTESIAN_POINT('',(0.0761468704975838,0.029733290764499,0.0214770706873965));
#8118=CARTESIAN_POINT('',(0.0761468704975838,0.0591094464443296,0.0214770706873965));
#8119=CARTESIAN_POINT('',(0.076146871666126,0.0591094476330992,0.0083886647778397));
#8120=CARTESIAN_POINT('',(0.076146871666126,0.0591094476330925,0.00998849604628687));
#8121=CARTESIAN_POINT('',(0.0761468716662745,0.0591238631965005,0.00998314101842653));
#8122=CARTESIAN_POINT('',(0.0761468716662745,0.0591238631965005,0.00838333503511286));
#8123=CARTESIAN_POINT('',(0.08684724549324,4.8219146576097,0.820554910124537));
#8124=CARTESIAN_POINT('',(0.0802932029828763,0.0705828416989318,0.00580236057214142));
#8125=CARTESIAN_POINT('',(0.0803601265641266,0.0707674949291679,0.0047278724064215));
#8126=CARTESIAN_POINT('',(0.0804270395228024,0.0709521537136383,0.00365338453362441));
#8127=CARTESIAN_POINT('',(0.0804939417224099,0.0711368180513035,0.00257889694527415));
#8128=CARTESIAN_POINT('',(0.0804958106009593,0.0711373541466755,0.0025757647356833));
#8129=CARTESIAN_POINT('',(0.0740810950506691,0.0711498734197648,0.00255230824430617));
#8130=CARTESIAN_POINT('',(0.0676663779995894,0.0711674164270025,0.002574910220797));
#8131=CARTESIAN_POINT('',(0.0612517375466657,0.0712018036463483,0.00257481538706093));
#8132=CARTESIAN_POINT('',(0.089183673050434,0.0613393527589388,0.00522957688048184));
#8133=CARTESIAN_POINT('',(0.080371338313045,0.0635823519905987,0.00939458531953198));
#8134=CARTESIAN_POINT('',(0.083674119738146,0.0635823519905987,0.00939458531953198));
#8135=CARTESIAN_POINT('',(0.0836741197387165,0.0635823376094997,0.0117248682728527));
#8136=CARTESIAN_POINT('',(0.077068556887944,0.0635823519905987,0.00939458531953198));
#8137=CARTESIAN_POINT('',(0.0770685568879425,0.0635823514933982,0.0117248889660756));
#8138=CARTESIAN_POINT('',(0.080371338313045,0.0635823519905987,0.0117248889660758));
#8139=CARTESIAN_POINT('',(0.058882023525591,0.0602135109258981,0.0117248889660758));
#8140=CARTESIAN_POINT('',(0.077068556887944,0.0602795705654984,0.0117248889660758));
#8141=CARTESIAN_POINT('',(0.077068556887944,0.0602795705654984,0.0117248889660758));
#8142=CARTESIAN_POINT('',(0.077096966431382,0.0602795705654984,0.0117248889660758));
#8143=CARTESIAN_POINT('',(0.077096883325672,0.0602795674968368,0.0117248719152427));
#8144=CARTESIAN_POINT('',(0.065553642004296,0.0602795705654984,0.0117248889660758));
#8145=CARTESIAN_POINT('',(0.0836741197242572,0.0602795705863291,0.0117248889730191));
#8146=CARTESIAN_POINT('',(0.083674119738146,0.0602135109258981,0.0117248889660758));
#8147=CARTESIAN_POINT('',(0.080371338313043,0.0635823519905987,0.0117248889660758));
#8148=CARTESIAN_POINT('',(0.0822713383130437,0.0635823519905987,0.0117248889660758));
#8149=CARTESIAN_POINT('',(0.060312860579194,0.0616443479794988,0.0101248889660757));
#8150=CARTESIAN_POINT('',(0.080371338313043,0.0635823519905987,0.0101248889660757));
#8151=CARTESIAN_POINT('',(0.0822713383130437,0.0635823519905987,0.0101248889660757));
#8152=CARTESIAN_POINT('',(0.080371342110996,0.0635823479794997,0.0101248889660757));
#8153=CARTESIAN_POINT('',(0.0815713421109965,0.0635823479794997,0.0101248889660757));
#8154=CARTESIAN_POINT('',(0.080371338313043,0.0635823519905987,0.0109248889660762));
#8155=CARTESIAN_POINT('',(0.0835273943296279,0.0427484633842715,0.0160500475068615));
#8156=CARTESIAN_POINT('',(0.0836215093282941,0.0454539342779167,0.014999219983069));
#8157=CARTESIAN_POINT('',(0.0837168324621039,0.0481574196426647,0.01394455032166));
#8158=CARTESIAN_POINT('',(0.0838122794968248,0.0508665557137969,0.0129006597672777));
#8159=CARTESIAN_POINT('',(0.0836426642457442,0.0427293414333067,0.0160511151943073));
#8160=CARTESIAN_POINT('',(0.0837366764563577,0.0454342500462691,0.0150010962069226));
#8161=CARTESIAN_POINT('',(0.0838319226478095,0.0481371202424374,0.0139471086567095));
#8162=CARTESIAN_POINT('',(0.0839273280844105,0.0508455542078037,0.0129037351707349));
#8163=CARTESIAN_POINT('',(0.0837579403621471,0.0427102108862802,0.0160521075616843));
#8164=CARTESIAN_POINT('',(0.083851849485939,0.0454145603308259,0.0150029019263306));
#8165=CARTESIAN_POINT('',(0.083947018604038,0.0481168178953827,0.0139495999036651));
#8166=CARTESIAN_POINT('',(0.0840423825490606,0.0508245512728659,0.0129067449518693));
#8167=CARTESIAN_POINT('',(0.0838732226796269,0.0426910717382437,0.0160530246111865));
#8168=CARTESIAN_POINT('',(0.0839670284177452,0.0453948651274598,0.0150046371432528));
#8169=CARTESIAN_POINT('',(0.084062120331158,0.0480965125984366,0.0139520240641053));
#8170=CARTESIAN_POINT('',(0.0841574428906885,0.0508035469071546,0.0129096891116809));
#8171=CARTESIAN_POINT('',(0.076161481263845,0.0591243107338997,0.0099884960462855));
#8172=CARTESIAN_POINT('',(0.0761541764430675,0.0591168789947378,0.00998563776376387));
#8173=CARTESIAN_POINT('',(0.076154176464986,0.0591168791834988,0.00838582481608638));
#8174=CARTESIAN_POINT('',(0.0663231382798257,0.0591208780337512,0.00996137623773461));
#8175=CARTESIAN_POINT('',(0.0663506169900335,0.0599186832382179,0.00965811042559046));
#8176=CARTESIAN_POINT('',(0.0663777327590956,0.0607177859304451,0.00935723407841462));
#8177=CARTESIAN_POINT('',(0.0664044411799452,0.0615183929035404,0.00905910469785713));
#8178=CARTESIAN_POINT('',(0.0695950716450039,0.0584813123641234,0.0102618299886513));
#8179=CARTESIAN_POINT('',(0.0696222279826787,0.0592724658078851,0.00996187185142106));
#8180=CARTESIAN_POINT('',(0.069649048949666,0.0600649727280198,0.00966440487564294));
#8181=CARTESIAN_POINT('',(0.0696754918463074,0.0608590470650813,0.00936979781900938));
#8182=CARTESIAN_POINT('',(0.0728722276452969,0.0578418077536647,0.0105089386321591));
#8183=CARTESIAN_POINT('',(0.0728991625377854,0.0586263285088206,0.0102120606660771));
#8184=CARTESIAN_POINT('',(0.0729258076812593,0.0594121757322986,0.00991762978999239));
#8185=CARTESIAN_POINT('',(0.0729521232124813,0.0601995625646971,0.00962601611337651));
#8186=CARTESIAN_POINT('',(0.0761545831565698,0.0572023771277391,0.0107026964970147));
#8187=CARTESIAN_POINT('',(0.0761813939614317,0.057980293791795,0.0104086657658148));
#8188=CARTESIAN_POINT('',(0.076207978628919,0.0587594272106899,0.0101168918718795));
#8189=CARTESIAN_POINT('',(0.0762343013335905,0.0595399817439776,0.00982773634761004));
#8190=CARTESIAN_POINT('',(0.0643538761849529,0.0574164150488264,0.00896881442990936));
#8191=CARTESIAN_POINT('',(0.0689256545968946,0.0565382334412407,0.00941036422951209));
#8192=CARTESIAN_POINT('',(0.0735074362796609,0.0556600992927263,0.0097476343487971));
#8193=CARTESIAN_POINT('',(0.0780992317433308,0.054782015529408,0.00998062206626126));
#8194=CARTESIAN_POINT('',(0.0644172460783222,0.0591716232940001,0.00829310419886408));
#8195=CARTESIAN_POINT('',(0.0689879465648181,0.0582732725245494,0.00874422245054323));
#8196=CARTESIAN_POINT('',(0.0735688165979115,0.057374771974272,0.00909114642191709));
#8197=CARTESIAN_POINT('',(0.078159871038318,0.0564761106184634,0.00933388102342716));
#8198=CARTESIAN_POINT('',(0.0644796446770672,0.0609332353595182,0.00762702788753505));
#8199=CARTESIAN_POINT('',(0.069049094361251,0.0600153498073813,0.00808868007447358));
#8200=CARTESIAN_POINT('',(0.0736290183285282,0.0590963259956054,0.00844493564431491));
#8201=CARTESIAN_POINT('',(0.0782194389850039,0.0581761380193782,0.00869580824509161));
#8202=CARTESIAN_POINT('',(0.0645407325865163,0.0627033597488209,0.00697427142934749));
#8203=CARTESIAN_POINT('',(0.0691087247605819,0.0617667256205131,0.00744764825831559));
#8204=CARTESIAN_POINT('',(0.0736876552580567,0.0608270090437929,0.00781292811028965));
#8205=CARTESIAN_POINT('',(0.0782775580118331,0.0598841688182156,0.00807013453039409));
#8206=CARTESIAN_POINT('',(0.0645257390234153,0.0574148260061091,0.00897324433035829));
#8207=CARTESIAN_POINT('',(0.0645259606380142,0.058252632109288,0.00865015288274466));
#8208=CARTESIAN_POINT('',(0.0645259722844933,0.0590920737359339,0.00832914797551364));
#8209=CARTESIAN_POINT('',(0.0645257400612332,0.0599333674598013,0.00801061017383556));
#8210=CARTESIAN_POINT('',(0.078096465513959,0.0598907533173397,0.00807112566867294));
#8211=CARTESIAN_POINT('',(0.0780968857079508,0.0589324137242913,0.00842162806199532));
#8212=CARTESIAN_POINT('',(0.078096862797852,0.0579768352060683,0.00877590797296078));
#8213=CARTESIAN_POINT('',(0.0780964641340305,0.0570236384954741,0.00913328630127517));
#8214=CARTESIAN_POINT('',(0.083674119738146,0.0602795705654984,0.0081809625070232));
#8215=CARTESIAN_POINT('',(0.083674119738146,0.0602795705654984,0.0117248889660746));
#8216=CARTESIAN_POINT('',(0.065553642004296,0.0602795705654984,0.0117248889660746));
#8217=CARTESIAN_POINT('',(0.0770826622150391,0.0602949811167594,0.0117402995173356));
#8218=CARTESIAN_POINT('',(0.077083166485663,0.0602944336661988,0.011741311464383));
#8219=CARTESIAN_POINT('',(0.077096857265438,0.0602795705654984,0.00954314541531631));
#8220=CARTESIAN_POINT('',(0.077096966431382,0.0602795705654984,0.00952132797976402));
#8221=CARTESIAN_POINT('',(0.077068556887944,0.0602795705654984,0.0083521474123586));
#8222=CARTESIAN_POINT('',(0.077068556887944,0.0602795705654984,0.0083521474123586));
#8223=CARTESIAN_POINT('',(0.080371342110996,0.0635823479794997,0.010124888966076));
#8224=CARTESIAN_POINT('',(0.080371342110996,0.0635823479794997,0.00862488896606903));
#8225=CARTESIAN_POINT('',(0.0791713421109955,0.0635823479794997,0.00862488896606903));
#8226=CARTESIAN_POINT('',(0.059375860579195,0.0664573479794992,0.00862488896606903));
#8227=CARTESIAN_POINT('',(0.080371342110999,0.0635823479794997,0.00862488896606903));
#8228=CARTESIAN_POINT('',(0.0780713421109986,0.0635823479794997,0.00862488896606903));
#8229=CARTESIAN_POINT('',(0.042998500869925,-0.00597898472148945,0.00257486891769656));
#8230=CARTESIAN_POINT('',(0.077143580479937,0.0642823390004485,0.00257486891769656));
#8231=CARTESIAN_POINT('',(0.0772099123634153,0.0645881946352544,0.00257486891769656));
#8232=CARTESIAN_POINT('',(0.0774174474778146,0.0651559492906726,0.00257486891769656));
#8233=CARTESIAN_POINT('',(0.0780000353126092,0.0659535896077704,0.00257486891769656));
#8234=CARTESIAN_POINT('',(0.0787978981160578,0.0665362844097653,0.00257486891769656));
#8235=CARTESIAN_POINT('',(0.0793651229723518,0.0667436924885858,0.00257486891769656));
#8236=CARTESIAN_POINT('',(0.0796713420068199,0.0668101021790462,0.00257486891769656));
#8237=CARTESIAN_POINT('',(0.0771435808701404,0.0642823387613918,0.0025749862814085));
#8238=CARTESIAN_POINT('',(0.080371342110999,0.0635823479794997,0.00257486891769656));
#8239=CARTESIAN_POINT('',(0.0781804488415831,0.0642823384665991,0.00257486891769656));
#8240=CARTESIAN_POINT('',(0.077048989626292,0.0642823384665991,0.00257486891769656));
#8241=CARTESIAN_POINT('',(0.042998500869925,-0.00597898472148945,0.00257486891769656));
#8242=CARTESIAN_POINT('',(0.080371342110999,0.0635823479794997,0.00257486891769656));
#8243=CARTESIAN_POINT('',(0.082562235380415,0.0642823384665991,0.00257486891769656));
#8244=CARTESIAN_POINT('',(0.0810713419753145,0.0668101044533631,0.00257486891769656));
#8245=CARTESIAN_POINT('',(0.0813875239466255,0.0667415351079985,0.00257486891769656));
#8246=CARTESIAN_POINT('',(0.081973636724218,0.0665268716654261,0.00257486891769656));
#8247=CARTESIAN_POINT('',(0.0827378252886708,0.0659486419164744,0.00257486891769656));
#8248=CARTESIAN_POINT('',(0.0833157145711779,0.0651851585716702,0.00257486891769656));
#8249=CARTESIAN_POINT('',(0.0835304747348628,0.0645987424548138,0.00257486891769656));
#8250=CARTESIAN_POINT('',(0.0835990882969328,0.0642823379932294,0.00257486891769656));
#8251=CARTESIAN_POINT('',(0.0835990940726705,0.0642823383981443,0.00257410577206927));
#8252=CARTESIAN_POINT('',(0.077048989626292,0.0642823384665991,0.00257486891769656));
#8253=CARTESIAN_POINT('',(0.077053030925874,0.0642823363168751,0.00627489006851784));
#8254=CARTESIAN_POINT('',(0.077053030925874,0.0642823363168751,0.00255236298728613));
#8255=CARTESIAN_POINT('',(0.0769402936741211,0.0642824565093409,0.00627489006851784));
#8256=CARTESIAN_POINT('',(0.0769402936741211,0.0642824565093409,0.00255236298728613));
#8257=CARTESIAN_POINT('',(0.0766862478202801,0.0642452542405316,0.00627489006851784));
#8258=CARTESIAN_POINT('',(0.0766862478202801,0.0642452542405316,0.00255236298728613));
#8259=CARTESIAN_POINT('',(0.0766304651076956,0.0639953656750932,0.00627489006851784));
#8260=CARTESIAN_POINT('',(0.0766304651076956,0.0639953656750932,0.00255236298728613));
#8261=CARTESIAN_POINT('',(0.0766300066022841,0.0638823374502785,0.00627489006851784));
#8262=CARTESIAN_POINT('',(0.0766300066022841,0.0638823374502785,0.00255236298728613));
#8263=CARTESIAN_POINT('',(0.07704899055359,0.0642823384665991,0.00442489745270587));
#8264=CARTESIAN_POINT('',(0.0770489905624043,0.064282335486297,0.00257490484261725));
#8265=CARTESIAN_POINT('',(0.0770489906439825,0.0642823360824561,0.00627489006851784));
#8266=CARTESIAN_POINT('',(0.0770489906492975,0.064282334294349,0.00627489006851784));
#8267=CARTESIAN_POINT('',(0.0769374902062979,0.0642820041522288,0.00627489006851784));
#8268=CARTESIAN_POINT('',(0.0766871571244429,0.064245336335335,0.00627489006851784));
#8269=CARTESIAN_POINT('',(0.0766304627042694,0.0639947410629818,0.00627489006851784));
#8270=CARTESIAN_POINT('',(0.0766300066055922,0.0638823382656552,0.00627489006851784));
#8271=CARTESIAN_POINT('',(0.076629998414314,0.0638823382999405,0.00627488990186209));
#8272=CARTESIAN_POINT('',(0.076629998414314,0.0638823384666001,0.00442493218641768));
#8273=CARTESIAN_POINT('',(0.0766300000103158,0.063882338459924,0.002574974306694));
#8274=CARTESIAN_POINT('',(0.0770489905668374,0.064282333996146,0.00257490484261713));
#8275=CARTESIAN_POINT('',(0.0769374903154728,0.0642820038452724,0.00257470369635131));
#8276=CARTESIAN_POINT('',(0.0766871570861392,0.0642453365092158,0.00257440381719699));
#8277=CARTESIAN_POINT('',(0.0766304627309717,0.0639947410770544,0.00257476268711393));
#8278=CARTESIAN_POINT('',(0.0766300066062683,0.0638823384323331,0.00257497431656408));
#8279=CARTESIAN_POINT('',(0.076629998414314,0.0638823384666001,0.00117488896604255));
#8280=CARTESIAN_POINT('',(0.076629998414314,0.0638241923252192,0.00257508687751156));
#8281=CARTESIAN_POINT('',(0.076629998414314,0.0638823384666001,0.00627489006851784));
#8282=CARTESIAN_POINT('',(0.076629998414312,0.0632823386332593,0.00627488990186209));
#8283=CARTESIAN_POINT('',(0.076629998414312,0.0632823384665997,0.00476790327540449));
#8284=CARTESIAN_POINT('',(0.0766300018095411,0.0632863781125906,0.00627489006851784));
#8285=CARTESIAN_POINT('',(0.0766300018095411,0.0632863781125906,0.00324283262549717));
#8286=CARTESIAN_POINT('',(0.0766298122989361,0.0631736479792537,0.00627489006851784));
#8287=CARTESIAN_POINT('',(0.0766298122989361,0.0631736479792537,0.00324283262549717));
#8288=CARTESIAN_POINT('',(0.0766829115412789,0.0629225209383777,0.00627489006851785));
#8289=CARTESIAN_POINT('',(0.0766829115412789,0.0629225209383777,0.00324283262549717));
#8290=CARTESIAN_POINT('',(0.0769361991414303,0.0628823384693895,0.00627489006851784));
#8291=CARTESIAN_POINT('',(0.0769361991414303,0.0628823384693895,0.00324283262549717));
#8292=CARTESIAN_POINT('',(0.0770489906378607,0.0628823384665892,0.00627489006851784));
#8293=CARTESIAN_POINT('',(0.0770489906378607,0.0628823384665892,0.00324283262549717));
#8294=CARTESIAN_POINT('',(0.0766300064813956,0.0632823386655203,0.00627489006851784));
#8295=CARTESIAN_POINT('',(0.0766304543675674,0.0631702711877664,0.00627489006851784));
#8296=CARTESIAN_POINT('',(0.0766854903909219,0.06292109051236,0.00627489006851784));
#8297=CARTESIAN_POINT('',(0.0769370248514769,0.0628823384813797,0.00627489006851784));
#8298=CARTESIAN_POINT('',(0.077048990535972,0.0628823384665891,0.00627489006851784));
#8299=CARTESIAN_POINT('',(0.0770489906369173,0.0628823392458191,0.00627489006851784));
#8300=CARTESIAN_POINT('',(0.077048990553584,0.0628823384665989,0.00505155736431199));
#8301=CARTESIAN_POINT('',(0.077048989626292,0.0642823384665991,0.00117488896604255));
#8302=CARTESIAN_POINT('',(0.0781804488415835,0.0642823384665991,0.00559988896605547));
#8303=CARTESIAN_POINT('',(0.078180448841595,0.0642823384665991,0.00627489006852876));
#8304=CARTESIAN_POINT('',(0.077048989626292,0.0642823384665991,0.00627489006851784));
#8305=CARTESIAN_POINT('',(0.077096285735836,0.0642823384665991,0.00257499421613971));
#8306=CARTESIAN_POINT('',(0.097006095055557,0.0390503110312981,0.00627489006851784));
#8307=CARTESIAN_POINT('',(0.080371342110999,0.0635823479794997,0.00627489006851784));
#8308=CARTESIAN_POINT('',(0.078180454920406,0.0628823384665989,0.00627489006852876));
#8309=CARTESIAN_POINT('',(0.058928512138693,0.0628823415834994,0.00627489006851784));
#8310=CARTESIAN_POINT('',(0.0836896475136474,0.0642823384665938,0.00254819383969226));
#8311=CARTESIAN_POINT('',(0.0836896475136474,0.0642823384665938,0.00627489006851784));
#8312=CARTESIAN_POINT('',(0.0838024403602144,0.0642823388308792,0.00254819383969226));
#8313=CARTESIAN_POINT('',(0.0838024403602144,0.0642823388308792,0.00627489006851784));
#8314=CARTESIAN_POINT('',(0.0840564078870912,0.0642453139974246,0.00254819383969226));
#8315=CARTESIAN_POINT('',(0.0840564078870912,0.0642453139974246,0.00627489006851783));
#8316=CARTESIAN_POINT('',(0.0841122178646249,0.0639953669509742,0.00254819383969226));
#8317=CARTESIAN_POINT('',(0.0841122178646249,0.0639953669509742,0.00627489006851784));
#8318=CARTESIAN_POINT('',(0.0841126766867925,0.0638823373857507,0.00254819383969226));
#8319=CARTESIAN_POINT('',(0.0841126766867925,0.0638823373857507,0.00627489006851784));
#8320=CARTESIAN_POINT('',(0.0836936897342653,0.0642823304562466,0.00257284310335783));
#8321=CARTESIAN_POINT('',(0.0838061338065484,0.0642818834613352,0.00257243936215925));
#8322=CARTESIAN_POINT('',(0.0840573228883223,0.0642433060603271,0.00257163187976209));
#8323=CARTESIAN_POINT('',(0.0841122199861298,0.063994696218816,0.00257082439736495));
#8324=CARTESIAN_POINT('',(0.0841126766715172,0.0638823411462924,0.00257042065616637));
#8325=CARTESIAN_POINT('',(0.0841126850659647,0.0638823406350993,0.00257057240872074));
#8326=CARTESIAN_POINT('',(0.0836936901008779,0.0642823384665991,0.00257291184266424));
#8327=CARTESIAN_POINT('',(0.084112685065845,0.0638823384666001,0.00442402144720882));
#8328=CARTESIAN_POINT('',(0.084112684880386,0.0638823382999405,0.00627488990186209));
#8329=CARTESIAN_POINT('',(0.0836936925425119,0.0642823304450792,0.00627489006851784));
#8330=CARTESIAN_POINT('',(0.0838051817491141,0.0642818869358287,0.00627489006851784));
#8331=CARTESIAN_POINT('',(0.0840555548682277,0.0642453758140311,0.00627489006851784));
#8332=CARTESIAN_POINT('',(0.0841122202855213,0.0639947359049347,0.00627489006851784));
#8333=CARTESIAN_POINT('',(0.0841126766832203,0.0638823382656066,0.00627489006851784));
#8334=CARTESIAN_POINT('',(0.0836936925744435,0.0642823384665991,0.00627488990186209));
#8335=CARTESIAN_POINT('',(0.0836936929265695,0.0642823384665991,0.00442448510281839));
#8336=CARTESIAN_POINT('',(0.084112684880386,0.0638823384666001,0.00117488896604255));
#8337=CARTESIAN_POINT('',(0.084112685065846,0.0632823384665997,0.0047679032754054));
#8338=CARTESIAN_POINT('',(0.084112684880387,0.0632823386332593,0.00627488990186209));
#8339=CARTESIAN_POINT('',(0.084112684880386,0.0390503110312981,0.00627489006851784));
#8340=CARTESIAN_POINT('',(0.084112684880386,0.0638241972075697,0.00257033615532436));
#8341=CARTESIAN_POINT('',(0.0841126814850943,0.0632863781503802,0.00324283262430301));
#8342=CARTESIAN_POINT('',(0.0841126814850943,0.0632863781503802,0.00627489006851784));
#8343=CARTESIAN_POINT('',(0.0841128721411366,0.06317297481263,0.00324283262430301));
#8344=CARTESIAN_POINT('',(0.0841128721411366,0.06317297481263,0.00627489006851784));
#8345=CARTESIAN_POINT('',(0.0840585375899406,0.062920165129929,0.00324283262430301));
#8346=CARTESIAN_POINT('',(0.0840585375899406,0.062920165129929,0.00627489006851784));
#8347=CARTESIAN_POINT('',(0.0838030617502765,0.0628822196921968,0.00324283262430301));
#8348=CARTESIAN_POINT('',(0.0838030617502765,0.0628822196921968,0.00627489006851784));
#8349=CARTESIAN_POINT('',(0.0836896522346707,0.0628823406164471,0.00324283262430301));
#8350=CARTESIAN_POINT('',(0.0836896522346707,0.0628823406164471,0.00627489006851784));
#8351=CARTESIAN_POINT('',(0.083693692926574,0.0628823384665989,0.00505155736431562));
#8352=CARTESIAN_POINT('',(0.083693692658175,0.0628823418499429,0.00627489006851784));
#8353=CARTESIAN_POINT('',(0.0841126766891047,0.0632823386665177,0.00627489006851784));
#8354=CARTESIAN_POINT('',(0.0841122225659946,0.0631704227752064,0.00627489006851784));
#8355=CARTESIAN_POINT('',(0.0840575129304367,0.0629211360009208,0.00627489006851784));
#8356=CARTESIAN_POINT('',(0.0838055962537343,0.0628826757459688,0.00627489006851784));
#8357=CARTESIAN_POINT('',(0.0836936924900213,0.0628823444264933,0.00627489006851784));
#8358=CARTESIAN_POINT('',(0.077048989626292,0.0642823384665991,0.00117488896604255));
#8359=CARTESIAN_POINT('',(0.0836468647367657,0.0642823384665991,0.00257308053409337));
#8360=CARTESIAN_POINT('',(0.097006095055557,0.0642823384665991,0.00627489006851784));
#8361=CARTESIAN_POINT('',(0.082562234824025,0.0642823384665991,0.00627489006852876));
#8362=CARTESIAN_POINT('',(0.0825622353804145,0.0642823384665991,0.00559988896605547));
#8363=CARTESIAN_POINT('',(0.097006095055557,0.0390503110312981,0.00627489006851784));
#8364=CARTESIAN_POINT('',(0.097006095055557,0.0628823415834994,0.00627489006851784));
#8365=CARTESIAN_POINT('',(0.082562228745212,0.0628823384665989,0.00627489006852876));
#8366=CARTESIAN_POINT('',(0.080371342110999,0.0635823479794997,0.00627489006851784));
#8367=CARTESIAN_POINT('',(0.0629508615463899,0.0669006527686166,0.00627489006851784));
#8368=CARTESIAN_POINT('',(0.0629508615463899,0.0669006527686166,0.00255279793562845));
#8369=CARTESIAN_POINT('',(0.0629509817388562,0.0670133900204345,0.00627489006851784));
#8370=CARTESIAN_POINT('',(0.0629509817388562,0.0670133900204345,0.00255279793562845));
#8371=CARTESIAN_POINT('',(0.0629137794700261,0.0672674358741309,0.00627489006851784));
#8372=CARTESIAN_POINT('',(0.0629137794700261,0.0672674358741309,0.00255279793562845));
#8373=CARTESIAN_POINT('',(0.0626638909045792,0.0673232185868167,0.00627489006851784));
#8374=CARTESIAN_POINT('',(0.0626638909045792,0.0673232185868167,0.00255279793562844));
#8375=CARTESIAN_POINT('',(0.0625508626797817,0.0673236770922308,0.00627489006851784));
#8376=CARTESIAN_POINT('',(0.0625508626797817,0.0673236770922308,0.00255279793562845));
#8377=CARTESIAN_POINT('',(0.062950863696105,0.0669046931409003,0.00442494368051713));
#8378=CARTESIAN_POINT('',(0.0629508607158073,0.0669046931320757,0.00257499729228584));
#8379=CARTESIAN_POINT('',(0.0629508613119665,0.0669046930505104,0.00627489006851784));
#8380=CARTESIAN_POINT('',(0.0629508595238615,0.0669046930451955,0.00627489006851784));
#8381=CARTESIAN_POINT('',(0.0629505293817417,0.0670161934881921,0.00627489006851784));
#8382=CARTESIAN_POINT('',(0.0629138615648212,0.0672665265700034,0.00627489006851784));
#8383=CARTESIAN_POINT('',(0.0626632662924808,0.0673232209902441,0.00627489006851784));
#8384=CARTESIAN_POINT('',(0.0625508634951512,0.0673236770889228,0.00627489006851784));
#8385=CARTESIAN_POINT('',(0.0625508635294365,0.0673236852801988,0.00627488990186209));
#8386=CARTESIAN_POINT('',(0.062550863696103,0.0673236852801988,0.00442497946266531));
#8387=CARTESIAN_POINT('',(0.062550863696103,0.0673236852801988,0.00257506885680187));
#8388=CARTESIAN_POINT('',(0.0629508592256586,0.0669046931276426,0.00257499729228587));
#8389=CARTESIAN_POINT('',(0.062950529074506,0.06701619347387,0.00257502573713841));
#8390=CARTESIAN_POINT('',(0.0629138617346383,0.0672665265030662,0.00257509071361912));
#8391=CARTESIAN_POINT('',(0.0626632664224551,0.0673232209630739,0.00257507956228628));
#8392=CARTESIAN_POINT('',(0.0625508636618131,0.0673236770882467,0.00257506885479705));
#8393=CARTESIAN_POINT('',(0.062550863696103,0.0673236852801988,0.00117488896604255));
#8394=CARTESIAN_POINT('',(0.062550863696103,0.0673236852801988,0.00627489006851784));
#8395=CARTESIAN_POINT('',(0.0619508638627715,0.0673236852801988,0.00627488990186209));
#8396=CARTESIAN_POINT('',(0.061950863696105,0.0673236852801988,0.00442495280794402));
#8397=CARTESIAN_POINT('',(0.061950863696105,0.0673236852801988,0.00257501554735928));
#8398=CARTESIAN_POINT('',(0.062250863696104,0.0673236852801988,0.00257504220208057));
#8399=CARTESIAN_POINT('',(0.0619549033803151,0.0673236818849077,0.00627489006851784));
#8400=CARTESIAN_POINT('',(0.0619549033803151,0.0673236818849077,0.0025527136356317));
#8401=CARTESIAN_POINT('',(0.0618421723825928,0.067323871410664,0.00627489006851784));
#8402=CARTESIAN_POINT('',(0.0618421723825928,0.067323871410664,0.0025527136356317));
#8403=CARTESIAN_POINT('',(0.0615907214673474,0.0672704348570477,0.00627489006851784));
#8404=CARTESIAN_POINT('',(0.0615907214673474,0.0672704348570477,0.0025527136356317));
#8405=CARTESIAN_POINT('',(0.0615512044093398,0.0670177587215883,0.00627489006851784));
#8406=CARTESIAN_POINT('',(0.0615512044093398,0.0670177587215883,0.0025527136356317));
#8407=CARTESIAN_POINT('',(0.0615508696558314,0.0669046928304028,0.00627489006851784));
#8408=CARTESIAN_POINT('',(0.0615508696558314,0.0669046928304028,0.0025527136356317));
#8409=CARTESIAN_POINT('',(0.0619508638960299,0.0673236770889187,0.00627489006851784));
#8410=CARTESIAN_POINT('',(0.0618389480008114,0.0673232229657903,0.00627489006851784));
#8411=CARTESIAN_POINT('',(0.0615896612195014,0.0672685133376733,0.00627489006851784));
#8412=CARTESIAN_POINT('',(0.0615512009693998,0.0670165966045482,0.00627489006851784));
#8413=CARTESIAN_POINT('',(0.0615508696558508,0.0669046928369326,0.00627489006851784));
#8414=CARTESIAN_POINT('',(0.061550866676154,0.0669046930487463,0.00627489006851784));
#8415=CARTESIAN_POINT('',(0.061550863696103,0.0669046931409003,0.00442490178174513));
#8416=CARTESIAN_POINT('',(0.0615508660803412,0.0669046931338406,0.00257491349507237));
#8417=CARTESIAN_POINT('',(0.0619508637293682,0.0673236770882424,0.00257501554570565));
#8418=CARTESIAN_POINT('',(0.0618389478716706,0.0673232229387388,0.0025750063211603));
#8419=CARTESIAN_POINT('',(0.0615896612098008,0.0672685132824245,0.00257497619570767));
#8420=CARTESIAN_POINT('',(0.0615512009716533,0.0670165965861449,0.00257493146053016));
#8421=CARTESIAN_POINT('',(0.0615508696559117,0.0669046928574951,0.00257491349519601));
#8422=CARTESIAN_POINT('',(0.042998500869925,-0.00597898472148945,0.00257486891769656));
#8423=CARTESIAN_POINT('',(0.062250860579197,0.0635823479794997,0.00257486891769656));
#8424=CARTESIAN_POINT('',(0.0600599673097794,0.0642823384665991,0.00257486891769656));
#8425=CARTESIAN_POINT('',(0.061550863696103,0.0657732392053865,0.00257486891769656));
#8426=CARTESIAN_POINT('',(0.077048989626292,0.0642823384665991,0.00257486891769656));
#8427=CARTESIAN_POINT('',(0.0590231010615847,0.0642823408046144,0.00257488995357433));
#8428=CARTESIAN_POINT('',(0.0590231009001322,0.0642823408399684,0.00257486891769656));
#8429=CARTESIAN_POINT('',(0.0590894306427574,0.0645881941839619,0.00257486891769656));
#8430=CARTESIAN_POINT('',(0.0592969682334633,0.0651559556975533,0.00257486891769656));
#8431=CARTESIAN_POINT('',(0.0598795484268694,0.0659535890756845,0.00257486891769656));
#8432=CARTESIAN_POINT('',(0.0606774450086999,0.0665362888859668,0.00257486891769656));
#8433=CARTESIAN_POINT('',(0.0612445918767867,0.0667436783477324,0.00257486891769656));
#8434=CARTESIAN_POINT('',(0.0615508646981556,0.0668100989138136,0.00257486891769656));
#8435=CARTESIAN_POINT('',(0.0615508636956553,0.0668101035381392,0.00257489378811743));
#8436=CARTESIAN_POINT('',(0.061550863696103,0.0669046931409003,0.00257486891769656));
#8437=CARTESIAN_POINT('',(0.062950863696108,0.0602599900260987,0.00117488896604073));
#8438=CARTESIAN_POINT('',(0.062950863696108,0.065773237213639,0.00559988900160761));
#8439=CARTESIAN_POINT('',(0.062950863696108,0.0657732372136519,0.00257486891769656));
#8440=CARTESIAN_POINT('',(0.062950863696105,0.0657732372136,0.00627489006852876));
#8441=CARTESIAN_POINT('',(0.062950863696108,0.0602599900260987,0.00627489006851784));
#8442=CARTESIAN_POINT('',(0.062950863696108,0.0668569224531727,0.00257498528823737));
#8443=CARTESIAN_POINT('',(0.0629508636918057,0.0668100977162982,0.00257493124315439));
#8444=CARTESIAN_POINT('',(0.062950863696108,0.0602599900260987,0.00257486891769656));
#8445=CARTESIAN_POINT('',(0.061550863696103,0.0669046931409003,0.00117488896604255));
#8446=CARTESIAN_POINT('',(0.061550863696103,0.0668573959200991,0.00257490123052004));
#8447=CARTESIAN_POINT('',(0.061550863696103,0.0669046931409003,0.00627489006851784));
#8448=CARTESIAN_POINT('',(0.061550863696103,0.0657732392054005,0.00627489006852876));
#8449=CARTESIAN_POINT('',(0.061550863696103,0.0657732392054005,0.00559988900160761));
#8450=CARTESIAN_POINT('',(0.097006095055557,0.0390503110312981,0.00627489006851784));
#8451=CARTESIAN_POINT('',(0.062250860579197,0.0635823479794997,0.00627489006851784));
#8452=CARTESIAN_POINT('',(0.042998500869925,-0.00597898472148945,0.00257486891769656));
#8453=CARTESIAN_POINT('',(0.062250860579197,0.0635823479794997,0.00257486891769656));
#8454=CARTESIAN_POINT('',(0.0644417538486146,0.0642823384665991,0.00257486891769656));
#8455=CARTESIAN_POINT('',(0.0629508636870595,0.0668100976967659,0.00257486891769656));
#8456=CARTESIAN_POINT('',(0.0632567171953684,0.0667437676173024,0.00257486891769656));
#8457=CARTESIAN_POINT('',(0.0638244795709338,0.0665362294454968,0.00257486891769656));
#8458=CARTESIAN_POINT('',(0.0646221130040413,0.0659536503988435,0.00257486891769656));
#8459=CARTESIAN_POINT('',(0.065204812567636,0.065155756510346,0.00257486891769656));
#8460=CARTESIAN_POINT('',(0.0654122017097086,0.06458861159896,0.00257486891769656));
#8461=CARTESIAN_POINT('',(0.0654786221415566,0.0642823400752494,0.00257486891769656));
#8462=CARTESIAN_POINT('',(0.0654786218251538,0.0642823400158156,0.00257483490579538));
#8463=CARTESIAN_POINT('',(0.077048989626292,0.0642823384665991,0.00257486891769656));
#8464=CARTESIAN_POINT('',(0.097006095055557,0.0390503110312981,0.00627489006851784));
#8465=CARTESIAN_POINT('',(0.062250860579197,0.0635823479794997,0.00627489006851784));
#8466=CARTESIAN_POINT('',(0.060059968305649,0.0642823415834997,0.00627489006852876));
#8467=CARTESIAN_POINT('',(0.06005997239272,0.0628823415834994,0.00627489006852876));
#8468=CARTESIAN_POINT('',(0.058928512138693,0.0628823415834994,0.00627489006851784));
#8469=CARTESIAN_POINT('',(0.0589285122308496,0.0628823445635449,0.00627489006851784));
#8470=CARTESIAN_POINT('',(0.0585095281907034,0.0632823417834164,0.00627489006851784));
#8471=CARTESIAN_POINT('',(0.0585099823138278,0.0631704258881999,0.00627489006851784));
#8472=CARTESIAN_POINT('',(0.0585646919419148,0.0629211391068802,0.00627489006851784));
#8473=CARTESIAN_POINT('',(0.0588166086750484,0.0628826788567897,0.00627489006851784));
#8474=CARTESIAN_POINT('',(0.0589285124426626,0.062882347543236,0.00627489006851784));
#8475=CARTESIAN_POINT('',(0.058509519999421,0.063282341750158,0.00627488990186209));
#8476=CARTESIAN_POINT('',(0.058509519999422,0.0638823415834988,0.00627489006851784));
#8477=CARTESIAN_POINT('',(0.058509519999422,0.0638823414168197,0.00627488990186209));
#8478=CARTESIAN_POINT('',(0.0589285122225026,0.0642823411938816,0.00627489006851784));
#8479=CARTESIAN_POINT('',(0.0588169612416624,0.0642823411911117,0.00627489006851784));
#8480=CARTESIAN_POINT('',(0.058566664806667,0.0642451419196066,0.00627489006851784));
#8481=CARTESIAN_POINT('',(0.0585099773365714,0.0639947551716631,0.00627489006851784));
#8482=CARTESIAN_POINT('',(0.0585095280665015,0.0638823413835495,0.00627489006851784));
#8483=CARTESIAN_POINT('',(0.0589285122220303,0.0642823408042709,0.00627489006851784));
#8484=CARTESIAN_POINT('',(0.077048989626292,0.0642823384665991,0.00627489006851784));
#8485=CARTESIAN_POINT('',(0.0585095233947179,0.0632863812697544,0.00627489006851784));
#8486=CARTESIAN_POINT('',(0.0585095233947179,0.0632863812697544,0.00324282817787794));
#8487=CARTESIAN_POINT('',(0.0585093338685333,0.0631736502148221,0.00627489006851784));
#8488=CARTESIAN_POINT('',(0.0585093338685333,0.0631736502148221,0.00324282817787794));
#8489=CARTESIAN_POINT('',(0.0585627704968487,0.0629221991823862,0.00627489006851784));
#8490=CARTESIAN_POINT('',(0.0585627704968487,0.0629221991823862,0.00324282817787794));
#8491=CARTESIAN_POINT('',(0.0588154468706695,0.0628826822569022,0.00627489006851784));
#8492=CARTESIAN_POINT('',(0.0588154468706695,0.0628826822569022,0.00324282817787794));
#8493=CARTESIAN_POINT('',(0.0589285127922183,0.0628823475422012,0.00627489006851784));
#8494=CARTESIAN_POINT('',(0.0589285127922183,0.0628823475422012,0.00324282817787794));
#8495=CARTESIAN_POINT('',(0.058509519999421,0.0632823415834984,0.00476790106508862));
#8496=CARTESIAN_POINT('',(0.058928512138693,0.0628823415834994,0.00505155515399976));
#8497=CARTESIAN_POINT('',(0.058509519999422,0.0638823415834988,0.00117488896604255));
#8498=CARTESIAN_POINT('',(0.058509519999422,0.0638823415834988,0.00442491434499562));
#8499=CARTESIAN_POINT('',(0.058509521533316,0.0638823415771724,0.00257493862148746));
#8500=CARTESIAN_POINT('',(0.058509519999422,0.0638241935890385,0.00257494689948424));
#8501=CARTESIAN_POINT('',(0.0589285122229749,0.0642823415834923,0.00627489006851784));
#8502=CARTESIAN_POINT('',(0.0589285122229749,0.0642823415834923,0.00255269231942556));
#8503=CARTESIAN_POINT('',(0.0588163933074996,0.0642823415807083,0.00627489006851784));
#8504=CARTESIAN_POINT('',(0.0588163933074996,0.0642823415807083,0.00255269231942556));
#8505=CARTESIAN_POINT('',(0.0585645264392661,0.064242922796086,0.00627489006851784));
#8506=CARTESIAN_POINT('',(0.0585645264392661,0.064242922796086,0.00255269231942556));
#8507=CARTESIAN_POINT('',(0.0585099769650587,0.063994693515483,0.00627489006851784));
#8508=CARTESIAN_POINT('',(0.0585099769650587,0.063994693515483,0.00255269231942556));
#8509=CARTESIAN_POINT('',(0.0585095280633401,0.0638823405923968,0.00627489006851784));
#8510=CARTESIAN_POINT('',(0.0585095280633401,0.0638823405923968,0.00255269231942556));
#8511=CARTESIAN_POINT('',(0.058928512138697,0.0642823415834997,0.00442489130343575));
#8512=CARTESIAN_POINT('',(0.0589285122220306,0.064282341583496,0.00257489262167625));
#8513=CARTESIAN_POINT('',(0.05892851222247,0.0642823415834894,0.00257489258000917));
#8514=CARTESIAN_POINT('',(0.058816961188849,0.0642823415807118,0.00257489212476381));
#8515=CARTESIAN_POINT('',(0.0585666649715006,0.0642451417925082,0.00257489445722405));
#8516=CARTESIAN_POINT('',(0.0585099773635191,0.0639947553163912,0.00257492320688629));
#8517=CARTESIAN_POINT('',(0.0585095280671675,0.063882341550224,0.00257493862159706));
#8518=CARTESIAN_POINT('',(0.077048989626292,0.0642823384665991,0.00117488896604255));
#8519=CARTESIAN_POINT('',(0.058975806600152,0.0642823415834997,0.00257489075221065));
#8520=CARTESIAN_POINT('',(0.06005996730978,0.0642823384665991,0.00559988900160761));
#8521=CARTESIAN_POINT('',(0.097006095055557,0.0390503110312981,0.00627489006851784));
#8522=CARTESIAN_POINT('',(0.097006095055557,0.0642823384665991,0.00627489006851784));
#8523=CARTESIAN_POINT('',(0.064441752852741,0.0642823415834997,0.00627489006852876));
#8524=CARTESIAN_POINT('',(0.0655732089367355,0.0642823381973529,0.00627489006851784));
#8525=CARTESIAN_POINT('',(0.0655732089328903,0.0642823369071273,0.00627489006851784));
#8526=CARTESIAN_POINT('',(0.0656846967213136,0.0642820064628368,0.00627489006851784));
#8527=CARTESIAN_POINT('',(0.0659350700987237,0.0642454076142642,0.00627489006851784));
#8528=CARTESIAN_POINT('',(0.0659915540599554,0.0639947400827732,0.00627489006851784));
#8529=CARTESIAN_POINT('',(0.0659921897500471,0.0638823413512689,0.00627489006851784));
#8530=CARTESIAN_POINT('',(0.065992201158968,0.0638823414168197,0.00627488990186209));
#8531=CARTESIAN_POINT('',(0.065992201158968,0.0390503110312981,0.00627489006851784));
#8532=CARTESIAN_POINT('',(0.06599220115897,0.063282341750158,0.00627488990186209));
#8533=CARTESIAN_POINT('',(0.0659921929676875,0.0632823417834164,0.00627489006851784));
#8534=CARTESIAN_POINT('',(0.0659917382831021,0.0631702875200034,0.00627489006851784));
#8535=CARTESIAN_POINT('',(0.0659367066916967,0.0629209252789025,0.00627489006851784));
#8536=CARTESIAN_POINT('',(0.0656851542321472,0.0628826789488123,0.00627489006851784));
#8537=CARTESIAN_POINT('',(0.0655732084344502,0.0628823475424033,0.00627489006851784));
#8538=CARTESIAN_POINT('',(0.0655732089275404,0.0628823445635449,0.00627489006851784));
#8539=CARTESIAN_POINT('',(0.097006095055557,0.0628823415834994,0.00627489006851784));
#8540=CARTESIAN_POINT('',(0.064441748765669,0.0628823415834994,0.00627489006852876));
#8541=CARTESIAN_POINT('',(0.062250860579197,0.0635823479794997,0.00627489006851784));
#8542=CARTESIAN_POINT('',(0.0659921977636737,0.063286381269346,0.00324282817307426));
#8543=CARTESIAN_POINT('',(0.0659921977636737,0.063286381269346,0.00627489006851793));
#8544=CARTESIAN_POINT('',(0.0659923884201462,0.0631729778736484,0.00324282817307427));
#8545=CARTESIAN_POINT('',(0.0659923884201462,0.0631729778736484,0.00627489006851794));
#8546=CARTESIAN_POINT('',(0.0659380537918169,0.0629201680732308,0.00324282817307426));
#8547=CARTESIAN_POINT('',(0.0659380537918169,0.0629201680732308,0.00627489006851793));
#8548=CARTESIAN_POINT('',(0.0656825777111134,0.062882222770496,0.00324282817307426));
#8549=CARTESIAN_POINT('',(0.0656825777111134,0.062882222770496,0.00627489006851793));
#8550=CARTESIAN_POINT('',(0.0655691681665853,0.0628823437337161,0.00324282817307426));
#8551=CARTESIAN_POINT('',(0.0655691681665853,0.0628823437337161,0.00627489006851793));
#8552=CARTESIAN_POINT('',(0.06557321026646,0.0628823415834994,0.00505155515399976));
#8553=CARTESIAN_POINT('',(0.065992201158968,0.0632823415834984,0.00326091206164848));
#8554=CARTESIAN_POINT('',(0.065992201158968,0.0632823415834984,0.00426557134171968));
#8555=CARTESIAN_POINT('',(0.065992201158968,0.0632823415834984,0.00527023062179089));
#8556=CARTESIAN_POINT('',(0.065992201158968,0.0632823415834984,0.00627488990186209));
#8557=CARTESIAN_POINT('',(0.065992201158968,0.0638823415834988,0.00117488896604255));
#8558=CARTESIAN_POINT('',(0.065992201158968,0.063824193531044,0.00257487346265488));
#8559=CARTESIAN_POINT('',(0.065992203652497,0.0638823415834988,0.00257490554787865));
#8560=CARTESIAN_POINT('',(0.065992201158968,0.0638823415834988,0.00627488990186209));
#8561=CARTESIAN_POINT('',(0.065992201158968,0.0638823415834988,0.00504156178386761));
#8562=CARTESIAN_POINT('',(0.065992201158968,0.0638823415834988,0.00380823366587313));
#8563=CARTESIAN_POINT('',(0.065992201158968,0.0638823415834988,0.00257490554787865));
#8564=CARTESIAN_POINT('',(0.0655691686368227,0.0642823394337657,0.00255257313224325));
#8565=CARTESIAN_POINT('',(0.0655691686368227,0.0642823394337657,0.0062748900685179));
#8566=CARTESIAN_POINT('',(0.0656825783203018,0.0642824603447487,0.00255257313224325));
#8567=CARTESIAN_POINT('',(0.0656825783203018,0.0642824603447487,0.0062748900685179));
#8568=CARTESIAN_POINT('',(0.0659381477387299,0.0642444845072976,0.00255257313224325));
#8569=CARTESIAN_POINT('',(0.0659381477387299,0.0642444845072976,0.0062748900685179));
#8570=CARTESIAN_POINT('',(0.0659922020269265,0.0639917645378944,0.00255257313224325));
#8571=CARTESIAN_POINT('',(0.0659922020269265,0.0639917645378944,0.0062748900685179));
#8572=CARTESIAN_POINT('',(0.0659922011589471,0.0638782997252155,0.00255257313224325));
#8573=CARTESIAN_POINT('',(0.0659922011589471,0.0638782997252155,0.0062748900685179));
#8574=CARTESIAN_POINT('',(0.0655732536061367,0.0642823354834791,0.00257477766397861));
#8575=CARTESIAN_POINT('',(0.0656847332348531,0.0642820000637571,0.0025747739998051));
#8576=CARTESIAN_POINT('',(0.0659350818006457,0.0642453865197142,0.00257476974132512));
#8577=CARTESIAN_POINT('',(0.0659915540771979,0.063994733174516,0.00257482389190974));
#8578=CARTESIAN_POINT('',(0.0659921897492641,0.063882341489693,0.00257485593808076));
#8579=CARTESIAN_POINT('',(0.0655732536256245,0.0642823415766607,0.00257481212430552));
#8580=CARTESIAN_POINT('',(0.065573210278925,0.0642823415834997,0.00440636811120536));
#8581=CARTESIAN_POINT('',(0.077048989626292,0.0642823384665991,0.00117488896604255));
#8582=CARTESIAN_POINT('',(0.064441753848614,0.0642823384665991,0.00559988900160761));
#8583=CARTESIAN_POINT('',(0.077048989626292,0.0642823384665991,0.00257478084300111));
#8584=CARTESIAN_POINT('',(0.083615997780922,0.0510678836193605,0.012831818168753));
#8585=CARTESIAN_POINT('',(0.083450538948668,0.0422643023055596,0.0146311594281139));
#8586=CARTESIAN_POINT('',(0.083108764778952,0.0453663673765998,0.0134508232161129));
#8587=CARTESIAN_POINT('',(0.083108764778952,0.0403429918210989,0.000454825627657108));
#8588=CARTESIAN_POINT('',(0.080371342110999,0.0635823479794997,0.00559988896605547));
#8589=CARTESIAN_POINT('',(0.082562230297457,0.0628823415834994,0.00559988896605547));
#8590=CARTESIAN_POINT('',(0.0796713420498711,0.0613914577690093,0.00627490948502974));
#8591=CARTESIAN_POINT('',(0.0801267628698825,0.0612459486055102,0.00627474191508439));
#8592=CARTESIAN_POINT('',(0.0806159212841016,0.0612459485985265,0.00627474191513581));
#8593=CARTESIAN_POINT('',(0.0810713421077545,0.061391457748442,0.00627490948500588));
#8594=CARTESIAN_POINT('',(0.0796713420434365,0.0613914577494992,0.00627490948312333));
#8595=CARTESIAN_POINT('',(0.079671342110995,0.0613914577494992,0.00610879339305465));
#8596=CARTESIAN_POINT('',(0.078180453924541,0.0628823415834994,0.00559988896605547));
#8597=CARTESIAN_POINT('',(0.058928512138693,0.0628823415834994,0.00117488896604255));
#8598=CARTESIAN_POINT('',(0.058928512138693,0.0628823415834994,0.00117488896604255));
#8599=CARTESIAN_POINT('',(0.062250860579197,0.0635823479794997,0.00559988900160761));
#8600=CARTESIAN_POINT('',(0.0600599723927375,0.0628823415834994,0.00559988900160761));
#8601=CARTESIAN_POINT('',(0.0644417487656565,0.0628823415834994,0.00559988900160761));
#8602=CARTESIAN_POINT('',(0.058928512138693,0.0628823415834994,0.00117488896604255));
#8603=CARTESIAN_POINT('',(0.058928512138693,0.0628823415834994,0.00117488896604255));
#8604=CARTESIAN_POINT('',(0.0431414994646814,0.0361247860383989,0.00257489653058208));
#8605=CARTESIAN_POINT('',(0.0448425243212048,0.0361193532144091,0.00257479562666598));
#8606=CARTESIAN_POINT('',(0.0489987188508547,0.0361304731994846,0.00257525795163806));
#8607=CARTESIAN_POINT('',(0.0556231260728834,0.0361244660862074,0.00257693226314744));
#8608=CARTESIAN_POINT('',(0.0630172357461586,0.0361275243644883,0.00258029316104355));
#8609=CARTESIAN_POINT('',(0.0691780668441794,0.0361381910535872,0.00258309898414209));
#8610=CARTESIAN_POINT('',(0.0741274352956908,0.0361442232656645,0.00258683556759081));
#8611=CARTESIAN_POINT('',(0.0778788882812207,0.0361504039923491,0.00259253682128152));
#8612=CARTESIAN_POINT('',(0.082121652848766,0.0361501997863781,0.0026341324734722));
#8613=CARTESIAN_POINT('',(0.0846234478366697,0.0361582322285696,0.00258492936544008));
#8614=CARTESIAN_POINT('',(0.0864471614160025,0.0361580503609678,0.00257565568421194));
#8615=CARTESIAN_POINT('',(0.0871547104328789,0.0361573563504828,0.0025743230937432));
#8616=CARTESIAN_POINT('',(0.0431415032176163,0.0364006266064208,0.00257489705250296));
#8617=CARTESIAN_POINT('',(0.0448425048077335,0.0363950844903422,0.00257479345804011));
#8618=CARTESIAN_POINT('',(0.0489987479794792,0.0364064958039117,0.00257526199328445));
#8619=CARTESIAN_POINT('',(0.0556234139319794,0.0364005590794288,0.0025769558849081));
#8620=CARTESIAN_POINT('',(0.0630178828406175,0.0364034933085608,0.00258034194635913));
#8621=CARTESIAN_POINT('',(0.0691789912276731,0.0364141250325169,0.00258316775169955));
#8622=CARTESIAN_POINT('',(0.0741287283765732,0.0364200904152643,0.00258693071680117));
#8623=CARTESIAN_POINT('',(0.0778807346110248,0.0364262053337233,0.00259267186016808));
#8624=CARTESIAN_POINT('',(0.0821274304235143,0.0364258914201433,0.00263455419274749));
#8625=CARTESIAN_POINT('',(0.0846246150131593,0.0364338854964795,0.00258501338747968));
#8626=CARTESIAN_POINT('',(0.0864474700614877,0.0364336436694124,0.00257567635606781));
#8627=CARTESIAN_POINT('',(0.0871549144235751,0.0364329357319324,0.00257433598398133));
#8628=CARTESIAN_POINT('',(0.0431415410972096,0.0386311279306095,0.00257490143860726));
#8629=CARTESIAN_POINT('',(0.0448423484530827,0.0386247028473114,0.00257477565185123));
#8630=CARTESIAN_POINT('',(0.0489989822417853,0.0386386454860801,0.00257529581050878));
#8631=CARTESIAN_POINT('',(0.0556257778881091,0.0386332840660827,0.00257715084488264));
#8632=CARTESIAN_POINT('',(0.0630232075515583,0.0386351498890009,0.00258074389195774));
#8633=CARTESIAN_POINT('',(0.0691865986332352,0.0386454503328038,0.00258373381049681));
#8634=CARTESIAN_POINT('',(0.0741393748257596,0.0386508207784646,0.00258771384006401));
#8635=CARTESIAN_POINT('',(0.0778959471564723,0.0386563492088594,0.00259378381864296));
#8636=CARTESIAN_POINT('',(0.0821751599451161,0.0386550855662933,0.00263803703074662));
#8637=CARTESIAN_POINT('',(0.0846341861545715,0.0386627259237271,0.00258570092348245));
#8638=CARTESIAN_POINT('',(0.0864499311632114,0.0386619656918858,0.00257583905574396));
#8639=CARTESIAN_POINT('',(0.0871565072484439,0.0386611342183703,0.00257443405215758));
#8640=CARTESIAN_POINT('',(0.0431417374996343,0.042815577090239,0.00257491227382873));
#8641=CARTESIAN_POINT('',(0.0448420847719249,0.0428075360958783,0.0025747382688692));
#8642=CARTESIAN_POINT('',(0.0489994056159384,0.0428291205258588,0.00257537836025516));
#8643=CARTESIAN_POINT('',(0.055630798394402,0.0428249375771994,0.00257758081563544));
#8644=CARTESIAN_POINT('',(0.063034679781318,0.0428237348835001,0.00258161833680379));
#8645=CARTESIAN_POINT('',(0.069203002522884,0.0428326192871004,0.00258495661877487));
#8646=CARTESIAN_POINT('',(0.074162405945376,0.042835982630999,0.00258940371700692));
#8647=CARTESIAN_POINT('',(0.077929028826179,0.0428395229004987,0.00259619132997205));
#8648=CARTESIAN_POINT('',(0.082280951962677,0.0428354567898009,0.00264573999598316));
#8649=CARTESIAN_POINT('',(0.0846542749482787,0.0428417222702387,0.00258712054099477));
#8650=CARTESIAN_POINT('',(0.0864539822460672,0.0428394424321862,0.00257607173032151));
#8651=CARTESIAN_POINT('',(0.0871585750930945,0.0428382008456687,0.00257451796946096));
#8652=CARTESIAN_POINT('',(0.0431430645555957,0.0486821568153996,0.00257503696696));
#8653=CARTESIAN_POINT('',(0.0448424654057609,0.048668689643789,0.00257474450392986));
#8654=CARTESIAN_POINT('',(0.0489942418961557,0.0486942940621656,0.00257501525347438));
#8655=CARTESIAN_POINT('',(0.055617558408443,0.0486924412081002,0.00257664792313108));
#8656=CARTESIAN_POINT('',(0.063013732771833,0.0486889168974987,0.00258010028331729));
#8657=CARTESIAN_POINT('',(0.069171508730971,0.0486985668147995,0.00258267385188766));
#8658=CARTESIAN_POINT('',(0.074123533008493,0.0487015914604996,0.00258657799997264));
#8659=CARTESIAN_POINT('',(0.077889172137184,0.0487048284169998,0.00259329076573295));
#8660=CARTESIAN_POINT('',(0.082357171572726,0.0486989377170985,0.0026513167951448));
#8661=CARTESIAN_POINT('',(0.0845533091289371,0.0487055823015663,0.0025797356392953));
#8662=CARTESIAN_POINT('',(0.0863125656931473,0.0487022742071539,0.002565717991397));
#8663=CARTESIAN_POINT('',(0.0870097169838717,0.0487009472749291,0.00256361897611974));
#8664=CARTESIAN_POINT('',(0.0431416159718533,0.0545545302111831,0.00257501175792656));
#8665=CARTESIAN_POINT('',(0.0448405486186786,0.0545327249050417,0.00257460918328424));
#8666=CARTESIAN_POINT('',(0.0490002960057035,0.0545568463681925,0.00257544955644226));
#8667=CARTESIAN_POINT('',(0.055648008096564,0.0545552505335003,0.00257887010202786));
#8668=CARTESIAN_POINT('',(0.063075058963584,0.0545477414071005,0.00258454595559261));
#8669=CARTESIAN_POINT('',(0.069260871667446,0.0545564936391987,0.0025891634651157));
#8670=CARTESIAN_POINT('',(0.074244100327093,0.0545575163879981,0.00259533331740705));
#8671=CARTESIAN_POINT('',(0.078047339230833,0.0545587868324997,0.00260477989031961));
#8672=CARTESIAN_POINT('',(0.082669998492574,0.0545494083442986,0.00267409193749655));
#8673=CARTESIAN_POINT('',(0.084722293315284,0.0545549947474436,0.00259197623337561));
#8674=CARTESIAN_POINT('',(0.0864615806660629,0.0545497755110193,0.00257648068272844));
#8675=CARTESIAN_POINT('',(0.0871577274070555,0.0545480395052406,0.00257430458542659));
#8676=CARTESIAN_POINT('',(0.0431471855948709,0.0604155803171509,0.00257539554179516));
#8677=CARTESIAN_POINT('',(0.0448438302969761,0.0603915117693898,0.00257480599379264));
#8678=CARTESIAN_POINT('',(0.0489862053594025,0.0604165620399945,0.00257438415873612));
#8679=CARTESIAN_POINT('',(0.055592333332801,0.0603915244546993,0.0025745496325958));
#8680=CARTESIAN_POINT('',(0.062962772916556,0.0603845747800005,0.00257608817347819));
#8681=CARTESIAN_POINT('',(0.069086389330692,0.0603952168675992,0.00257617222518594));
#8682=CARTESIAN_POINT('',(0.074008302966374,0.0603993281227009,0.00257788399951051));
#8683=CARTESIAN_POINT('',(0.077742850257729,0.0604030768413004,0.00258232721905689));
#8684=CARTESIAN_POINT('',(0.082359600916119,0.0603944297550001,0.00265121458013301));
#8685=CARTESIAN_POINT('',(0.0842299105530936,0.0604009940281624,0.00255579233799034));
#8686=CARTESIAN_POINT('',(0.0858808071340036,0.060399156170645,0.002533859568214));
#8687=CARTESIAN_POINT('',(0.0865589876687043,0.0603990302400784,0.00253038327882967));
#8688=CARTESIAN_POINT('',(0.0431562628621317,0.0660807551859716,0.00257645705024695));
#8689=CARTESIAN_POINT('',(0.0448541107470479,0.0660439641125173,0.0025758399657614));
#8690=CARTESIAN_POINT('',(0.0490003739621408,0.0660184109510332,0.00257524268860221));
#8691=CARTESIAN_POINT('',(0.0555962367351872,0.0660317420435423,0.00257500579016687));
#8692=CARTESIAN_POINT('',(0.0629304018003919,0.0660445303166941,0.00257406969877863));
#8693=CARTESIAN_POINT('',(0.0690363259808956,0.0660289107349464,0.00257262135783931));
#8694=CARTESIAN_POINT('',(0.0739248679978084,0.066030481424985,0.00257186798904982));
#8695=CARTESIAN_POINT('',(0.0774689661921723,0.0660247802192279,0.00256229196076019));
#8696=CARTESIAN_POINT('',(0.0812065248139622,0.0660231812993198,0.00256690851033474));
#8697=CARTESIAN_POINT('',(0.0841739511350215,0.0660304968948192,0.00255176942146979));
#8698=CARTESIAN_POINT('',(0.0866871157936237,0.0660309817255142,0.00259294885422296));
#8699=CARTESIAN_POINT('',(0.0876215477397508,0.0660307570488091,0.00260822147921786));
#8700=CARTESIAN_POINT('',(0.0431548759715509,0.0697307400979406,0.00257620198117859));
#8701=CARTESIAN_POINT('',(0.0448527438812266,0.0696939447229218,0.00257558631220525));
#8702=CARTESIAN_POINT('',(0.0489989270706864,0.0696689601242167,0.00257498824906905));
#8703=CARTESIAN_POINT('',(0.0555917944625747,0.0696925121046597,0.00257462413915819));
#8704=CARTESIAN_POINT('',(0.0629549284767797,0.0696736086707944,0.00257551960708704));
#8705=CARTESIAN_POINT('',(0.0691365293586292,0.069676350128477,0.00257977438382621));
#8706=CARTESIAN_POINT('',(0.0740917544975478,0.0696877803173872,0.00258398863134958));
#8707=CARTESIAN_POINT('',(0.0777625418419187,0.0696902936367296,0.00258375684026557));
#8708=CARTESIAN_POINT('',(0.0812712610486222,0.0697026690749121,0.00257175360444241));
#8709=CARTESIAN_POINT('',(0.0850480810063118,0.0696873403292953,0.00261564085658722));
#8710=CARTESIAN_POINT('',(0.08833541145914,0.0696934128242318,0.00271351599392685));
#8711=CARTESIAN_POINT('',(0.0895354844079675,0.0696948933607347,0.00274824083570863));
#8712=CARTESIAN_POINT('',(0.043151734347568,0.0714746512022558,0.00257625919568693));
#8713=CARTESIAN_POINT('',(0.0448496176103072,0.0714378978487504,0.00257564503072432));
#8714=CARTESIAN_POINT('',(0.0489959091285302,0.0714132050679063,0.00257505753547705));
#8715=CARTESIAN_POINT('',(0.0555897739749081,0.0714390438168036,0.00257478709010413));
#8716=CARTESIAN_POINT('',(0.0629420598946513,0.071400773728835,0.00257471225652196));
#8717=CARTESIAN_POINT('',(0.0690608230461481,0.0714104194570229,0.00257443207962952));
#8718=CARTESIAN_POINT('',(0.0739401225893537,0.0714098118850525,0.00257298249552935));
#8719=CARTESIAN_POINT('',(0.0776467854409581,0.0714005687650023,0.00257527009163644));
#8720=CARTESIAN_POINT('',(0.0812156980245841,0.0714079980049527,0.00256762638532984));
#8721=CARTESIAN_POINT('',(0.0851999177152461,0.0714041143000153,0.00262679050934876));
#8722=CARTESIAN_POINT('',(0.0885876946517602,0.0714115072680693,0.00273202708454325));
#8723=CARTESIAN_POINT('',(0.0898194644475848,0.0714130805664199,0.00276907203814841));
#8724=CARTESIAN_POINT('',(0.0434024370152942,0.0363332246572176,0.00257486891769656));
#8725=CARTESIAN_POINT('',(0.0439056521962931,0.0363332246572064,0.00257486891769656));
#8726=CARTESIAN_POINT('',(0.044408867377292,0.0363332246571953,0.00257486891769656));
#8727=CARTESIAN_POINT('',(0.0449120825582908,0.0363332246571841,0.00257486891769656));
#8728=CARTESIAN_POINT('',(0.0979630181613616,0.0361875963405681,0.00248165566684708));
#8729=CARTESIAN_POINT('',(0.0979575826059472,0.036185604554093,0.00251273346990414));
#8730=CARTESIAN_POINT('',(0.0979521470505328,0.0361836127676176,0.00254381127296119));
#8731=CARTESIAN_POINT('',(0.0979467114951183,0.0361816209811445,0.00257488907601824));
#8732=CARTESIAN_POINT('',(0.097057055129427,0.0358556183225909,0.00766150179785263));
#8733=CARTESIAN_POINT('',(0.0961673987637353,0.0355296156640034,0.012748114519687));
#8734=CARTESIAN_POINT('',(0.0952777423980437,0.0352036130053931,0.0178347272415214));
#8735=CARTESIAN_POINT('',(0.095272380034059,0.0352016480389387,0.0178653865723768));
#8736=CARTESIAN_POINT('',(0.0952670176700743,0.0351996830724855,0.0178960459032322));
#8737=CARTESIAN_POINT('',(0.0952616553060897,0.035197718106032,0.0179267052340876));
#8738=CARTESIAN_POINT('',(0.0979409335003114,0.0364931164515573,0.00248222635373861));
#8739=CARTESIAN_POINT('',(0.0979355182989036,0.036491069759969,0.00251311392783183));
#8740=CARTESIAN_POINT('',(0.0979301030974959,0.0364890230683803,0.00254400150192505));
#8741=CARTESIAN_POINT('',(0.0979246878960881,0.0364869763767948,0.00257488907601827));
#8742=CARTESIAN_POINT('',(0.0970383629418612,0.0361519872063001,0.00763036635801102));
#8743=CARTESIAN_POINT('',(0.0961520379876341,0.0358169980357734,0.0126858436400042));
#8744=CARTESIAN_POINT('',(0.0952657130334068,0.0354820088652116,0.017741320921997));
#8745=CARTESIAN_POINT('',(0.0952603707493558,0.0354799897329589,0.0177717925853802));
#8746=CARTESIAN_POINT('',(0.0952550284653048,0.0354779706007066,0.0178022642487634));
#8747=CARTESIAN_POINT('',(0.0952496861812539,0.0354759514684542,0.0178327359121466));
#8748=CARTESIAN_POINT('',(0.097905571772281,0.0369831221318347,0.0024831445197013));
#8749=CARTESIAN_POINT('',(0.0979001889726857,0.0369809870531251,0.00251372603847363));
#8750=CARTESIAN_POINT('',(0.0978948061730904,0.0369788519744156,0.00254430755724596));
#8751=CARTESIAN_POINT('',(0.097889423373495,0.0369767168957108,0.00257488907601829));
#8752=CARTESIAN_POINT('',(0.0970084017372358,0.0366272610958862,0.00758027321320386));
#8753=CARTESIAN_POINT('',(0.0961273801009764,0.0362778052960339,0.0125856573503909));
#8754=CARTESIAN_POINT('',(0.0952463584647166,0.0359283494961248,0.0175910414875765));
#8755=CARTESIAN_POINT('',(0.0952410481461776,0.0359262431669128,0.0176212112167681));
#8756=CARTESIAN_POINT('',(0.0952357378276386,0.0359241368376983,0.0176513809459597));
#8757=CARTESIAN_POINT('',(0.0952304275090997,0.0359220305084844,0.0176815506751513));
#8758=CARTESIAN_POINT('',(0.0978703440173744,0.0374731389633432,0.00248406737735654));
#8759=CARTESIAN_POINT('',(0.0978649933458828,0.0374709149708046,0.00251434127691046));
#8760=CARTESIAN_POINT('',(0.0978596426743912,0.0374686909782687,0.00254461517646437));
#8761=CARTESIAN_POINT('',(0.0978542920028995,0.0374664669857392,0.00257488907601829));
#8762=CARTESIAN_POINT('',(0.0969785288857395,0.0371024583484996,0.00752992409981925));
#8763=CARTESIAN_POINT('',(0.0961027657685795,0.0367384497112387,0.0124849591236232));
#8764=CARTESIAN_POINT('',(0.0952270026514185,0.0363744410738996,0.0174399941474241));
#8765=CARTESIAN_POINT('',(0.0952217240283682,0.0363722470281148,0.0174698603995849));
#8766=CARTESIAN_POINT('',(0.0952164454053182,0.0363700529823217,0.0174997266517458));
#8767=CARTESIAN_POINT('',(0.0952111667822682,0.0363678589365303,0.0175295929039066));
#8768=CARTESIAN_POINT('',(0.0978537993452359,0.037703667606604,0.00248450236986409));
#8769=CARTESIAN_POINT('',(0.0978484637521071,0.037701401691764,0.00251463127191549));
#8770=CARTESIAN_POINT('',(0.0978431281589782,0.0376991357769255,0.00254476017396689));
#8771=CARTESIAN_POINT('',(0.0978377925658495,0.0376968698620779,0.00257488907601829));
#8772=CARTESIAN_POINT('',(0.0969644973770575,0.0373259996545592,0.00750619185144961));
#8773=CARTESIAN_POINT('',(0.096091202188266,0.0369551294470405,0.0124374946268842));
#8774=CARTESIAN_POINT('',(0.0952179069994735,0.0365842592394187,0.0173687974023155));
#8775=CARTESIAN_POINT('',(0.0952126432517514,0.0365820238358276,0.0173985206094099));
#8776=CARTESIAN_POINT('',(0.0952073795040295,0.0365797884322281,0.0174282438165043));
#8777=CARTESIAN_POINT('',(0.0952021157563075,0.0365775530286257,0.0174579670235987));
#8778=CARTESIAN_POINT('',(0.09782077099859,0.0381640710915101,0.00248537153688681));
#8779=CARTESIAN_POINT('',(0.0978154655013148,0.0381617214048888,0.00251521071659731));
#8780=CARTESIAN_POINT('',(0.0978101600040397,0.0381593717182705,0.0025450498963078));
#8781=CARTESIAN_POINT('',(0.0978048545067645,0.03815702203166,0.00257488907601829));
#8782=CARTESIAN_POINT('',(0.0969364852115995,0.0377724406050586,0.00745877198260124));
#8783=CARTESIAN_POINT('',(0.0960681159164345,0.0373878591784606,0.0123426548891838));
#8784=CARTESIAN_POINT('',(0.0951997466212695,0.0370032777518787,0.0172265377957668));
#8785=CARTESIAN_POINT('',(0.0951945125641512,0.0370009597045096,0.017255975181721));
#8786=CARTESIAN_POINT('',(0.0951892785070329,0.0369986416571469,0.0172854125676751));
#8787=CARTESIAN_POINT('',(0.0951840444499146,0.0369963236097872,0.0173148499536293));
#8788=CARTESIAN_POINT('',(0.0977878801652232,0.0386244858879066,0.00248624488918294));
#8789=CARTESIAN_POINT('',(0.0977826046147049,0.0386220519661543,0.00251579295146139));
#8790=CARTESIAN_POINT('',(0.0977773290641867,0.0386196180444069,0.00254534101373984));
#8791=CARTESIAN_POINT('',(0.0977720535136685,0.0386171841226588,0.00257488907601829));
#8792=CARTESIAN_POINT('',(0.096908585708963,0.0382188156373004,0.00741112377430778));
#8793=CARTESIAN_POINT('',(0.0960451179042575,0.0378204471519989,0.0122473584725937));
#8794=CARTESIAN_POINT('',(0.095181650099552,0.0374220786667206,0.0170835931708832));
#8795=CARTESIAN_POINT('',(0.0951764455859484,0.037419677518474,0.0171127433593913));
#8796=CARTESIAN_POINT('',(0.0951712410723447,0.037417276370228,0.0171418935478994));
#8797=CARTESIAN_POINT('',(0.0951660365587411,0.0374148752219863,0.0171710437364075));
#8798=CARTESIAN_POINT('',(0.0976564994999114,0.0404694676832516,0.00248975991129076));
#8799=CARTESIAN_POINT('',(0.097651344423572,0.0404666945898696,0.00251813629953327));
#8800=CARTESIAN_POINT('',(0.0976461893472327,0.0404639214964907,0.00254651268777578));
#8801=CARTESIAN_POINT('',(0.0976410342708935,0.0404611484031197,0.00257488907601829));
#8802=CARTESIAN_POINT('',(0.0967972848964025,0.0400072665105,0.00721935178688269));
#8803=CARTESIAN_POINT('',(0.095953535521912,0.0395533846178786,0.0118638144977468));
#8804=CARTESIAN_POINT('',(0.095109786147421,0.0390995027252589,0.0165082772086112));
#8805=CARTESIAN_POINT('',(0.0951047004857741,0.03909676697244,0.0165362715000356));
#8806=CARTESIAN_POINT('',(0.0950996148241275,0.0390940312196204,0.0165642657914599));
#8807=CARTESIAN_POINT('',(0.0950945291624808,0.0390912954668009,0.0165922600828843));
#8808=CARTESIAN_POINT('',(0.0975445500894089,0.0420591313555724,0.00249283725174807));
#8809=CARTESIAN_POINT('',(0.097539500029789,0.0420560600412522,0.00252018785983815));
#8810=CARTESIAN_POINT('',(0.0975344499701691,0.0420529887269288,0.00254753846792822));
#8811=CARTESIAN_POINT('',(0.097529399910549,0.0420499174125996,0.00257488907601829));
#8812=CARTESIAN_POINT('',(0.096702838989833,0.0415472246555008,0.00705145876163834));
#8813=CARTESIAN_POINT('',(0.095876278069118,0.0410445318983186,0.0115280284472584));
#8814=CARTESIAN_POINT('',(0.095049717148402,0.040541839141218,0.0160045981328785));
#8815=CARTESIAN_POINT('',(0.095044735089392,0.040538809183086,0.0160315804565965));
#8816=CARTESIAN_POINT('',(0.0950397530303821,0.0405357792249605,0.0160585627803145));
#8817=CARTESIAN_POINT('',(0.0950347709713723,0.0405327492668333,0.0160855451040325));
#8818=CARTESIAN_POINT('',(0.0974331183890131,0.0436488443144695,0.0024959584022872));
#8819=CARTESIAN_POINT('',(0.097428175661943,0.0436454696906556,0.00252226862686423));
#8820=CARTESIAN_POINT('',(0.0974232329348728,0.0436420950668374,0.00254857885144126));
#8821=CARTESIAN_POINT('',(0.0974182902078025,0.0436387204430186,0.00257488907601829));
#8822=CARTESIAN_POINT('',(0.096609296780908,0.0430863839600395,0.00688117555328818));
#8823=CARTESIAN_POINT('',(0.095800303354014,0.042534047477039,0.011187462030558));
#8824=CARTESIAN_POINT('',(0.0949913099271195,0.0419817109940599,0.0154937485078312));
#8825=CARTESIAN_POINT('',(0.0949864337553935,0.0419783818105982,0.015519704457121));
#8826=CARTESIAN_POINT('',(0.0949815575836676,0.04197505262713,0.0155456604064108));
#8827=CARTESIAN_POINT('',(0.0949766814119416,0.0419717234436639,0.0155716163557007));
#8828=CARTESIAN_POINT('',(0.0974141821884651,0.0439190959712512,0.00249648972745146));
#8829=CARTESIAN_POINT('',(0.0974092577488931,0.0439156697062741,0.0025226228436404));
#8830=CARTESIAN_POINT('',(0.0974043333093212,0.0439122434412971,0.00254875595982935));
#8831=CARTESIAN_POINT('',(0.0973994088697495,0.0439088171763195,0.00257488907601829));
#8832=CARTESIAN_POINT('',(0.0965934086216525,0.0433480284044201,0.00685218760396847));
#8833=CARTESIAN_POINT('',(0.0957874083735565,0.0427872396325207,0.0111294861319186));
#8834=CARTESIAN_POINT('',(0.09498140812546,0.0422264508606194,0.0154067846598721));
#8835=CARTESIAN_POINT('',(0.0949765499949855,0.0422230707313581,0.0154325658855929));
#8836=CARTESIAN_POINT('',(0.094971691864511,0.0422196906020974,0.0154583471113137));
#8837=CARTESIAN_POINT('',(0.0949668337340364,0.0422163104728366,0.0154841283370345));
#8838=CARTESIAN_POINT('',(0.0973362299552872,0.0450319028440409,0.00249867965427829));
#8839=CARTESIAN_POINT('',(0.0973313809354531,0.0450282637166203,0.00252408279485829));
#8840=CARTESIAN_POINT('',(0.0973265319156192,0.0450246245891999,0.00254948593543829));
#8841=CARTESIAN_POINT('',(0.097321682895785,0.0450209854617807,0.00257488907601829));
#8842=CARTESIAN_POINT('',(0.096528026859962,0.0444253567488993,0.00673270994294245));
#8843=CARTESIAN_POINT('',(0.095734370824139,0.0438297280360995,0.0108905308098669));
#8844=CARTESIAN_POINT('',(0.0949407147883155,0.0432340993233194,0.0150483516767911));
#8845=CARTESIAN_POINT('',(0.0949359310620286,0.0432305091978778,0.0150734127562496));
#8846=CARTESIAN_POINT('',(0.094931147335742,0.0432269190724349,0.0150984738357081));
#8847=CARTESIAN_POINT('',(0.0949263636094552,0.0432233289469877,0.0151235349151666));
#8848=CARTESIAN_POINT('',(0.0972581149602791,0.0461447500968827,0.00250089006981145));
#8849=CARTESIAN_POINT('',(0.0972533432650546,0.0461408957141649,0.00252555640521373));
#8850=CARTESIAN_POINT('',(0.0972485715698302,0.0461370413314428,0.00255022274061601));
#8851=CARTESIAN_POINT('',(0.097243799874606,0.0461331869487207,0.00257488907601829));
#8852=CARTESIAN_POINT('',(0.096462799828075,0.0455023266482382,0.00661211446250815));
#8853=CARTESIAN_POINT('',(0.095681799781545,0.0448714663477787,0.0106493398490014));
#8854=CARTESIAN_POINT('',(0.094900799735015,0.044240606047401,0.0146865652354912));
#8855=CARTESIAN_POINT('',(0.0948960922921383,0.0442368035651354,0.0147108994310809));
#8856=CARTESIAN_POINT('',(0.0948913848492615,0.0442330010828705,0.0147352336266706));
#8857=CARTESIAN_POINT('',(0.0948866774063847,0.0442291986006058,0.0147595678222603));
#8858=CARTESIAN_POINT('',(0.0970952911991437,0.0483752110137755,0.00250535173182362));
#8859=CARTESIAN_POINT('',(0.0970906894745878,0.0483709227915567,0.00252853084655518));
#8860=CARTESIAN_POINT('',(0.0970860877500321,0.0483666345693378,0.00255170996128673));
#8861=CARTESIAN_POINT('',(0.0970814860254765,0.048362346347119,0.00257488907601829));
#8862=CARTESIAN_POINT('',(0.096328305672761,0.0476604780184609,0.0063686958537353));
#8863=CARTESIAN_POINT('',(0.0955751253200455,0.0469586096897992,0.0101625026314525));
#8864=CARTESIAN_POINT('',(0.09482194496733,0.0462567413611392,0.0139563094091661));
#8865=CARTESIAN_POINT('',(0.0948174052064144,0.0462525108811589,0.01397917640997));
#8866=CARTESIAN_POINT('',(0.0948128654454989,0.0462482804011714,0.0140020434107739));
#8867=CARTESIAN_POINT('',(0.0948083256845832,0.0462440499211901,0.0140249104115779));
#8868=CARTESIAN_POINT('',(0.0969909105525008,0.0497405342992793,0.00250810669348284));
#8869=CARTESIAN_POINT('',(0.0969864264414877,0.049735978448854,0.00253036748766133));
#8870=CARTESIAN_POINT('',(0.0969819423304744,0.0497314225984302,0.00255262828183981));
#8871=CARTESIAN_POINT('',(0.096977458219461,0.0497268667479993,0.00257488907601829));
#8872=CARTESIAN_POINT('',(0.096243528086623,0.04898119477512,0.00621839111696164));
#8873=CARTESIAN_POINT('',(0.095509597953786,0.0482355228021589,0.00986189315790171));
#8874=CARTESIAN_POINT('',(0.0947756678209475,0.0474898508292796,0.0135053951988414));
#8875=CARTESIAN_POINT('',(0.0947712440898721,0.0474853563247804,0.0135273562445617));
#8876=CARTESIAN_POINT('',(0.0947668203587965,0.0474808618202895,0.013549317290282));
#8877=CARTESIAN_POINT('',(0.0947623966277208,0.0474763673158016,0.0135712783360022));
#8878=CARTESIAN_POINT('',(0.0968752521520396,0.0511048996504428,0.00251087926941817));
#8879=CARTESIAN_POINT('',(0.0968709094002265,0.051100075987738,0.00253221587161821));
#8880=CARTESIAN_POINT('',(0.0968665666484132,0.0510952523250288,0.00255355247381825));
#8881=CARTESIAN_POINT('',(0.0968622238966,0.0510904286623202,0.00257488907601829));
#8882=CARTESIAN_POINT('',(0.096151430518441,0.0503009229167599,0.00606712538346283));
#8883=CARTESIAN_POINT('',(0.0954406371402815,0.0495114171712583,0.00955936169090374));
#8884=CARTESIAN_POINT('',(0.0947298437621215,0.0487219114257993,0.0130515979983479));
#8885=CARTESIAN_POINT('',(0.0947255594868007,0.0487171527151866,0.0130726472966197));
#8886=CARTESIAN_POINT('',(0.0947212752114799,0.0487123940045893,0.0130936965948916));
#8887=CARTESIAN_POINT('',(0.0947169909361592,0.0487076352939928,0.0131147458931634));
#8888=CARTESIAN_POINT('',(0.0968602229240863,0.0512803655257764,0.00251123607797903));
#8889=CARTESIAN_POINT('',(0.0968558986712615,0.051275507415484,0.00253245374399212));
#8890=CARTESIAN_POINT('',(0.0968515744184367,0.0512706493051917,0.0025536714100052));
#8891=CARTESIAN_POINT('',(0.096847250165612,0.0512657911948988,0.00257488907601829));
#8892=CARTESIAN_POINT('',(0.0961394845815825,0.0504706472911991,0.00604765868176138));
#8893=CARTESIAN_POINT('',(0.095431718997552,0.0496755033876202,0.00952042828750119));
#8894=CARTESIAN_POINT('',(0.0947239534135215,0.0488803594840395,0.0129931978932439));
#8895=CARTESIAN_POINT('',(0.0947196873880946,0.048875566789693,0.0130141298568412));
#8896=CARTESIAN_POINT('',(0.0947154213626676,0.0488707740953478,0.0130350618204385));
#8897=CARTESIAN_POINT('',(0.0947111553372406,0.0488659814010023,0.0130559937840358));
#8898=CARTESIAN_POINT('',(0.0968297045791497,0.0516356191660333,0.0025119585953835));
#8899=CARTESIAN_POINT('',(0.0968254179658183,0.0516306912855102,0.00253293542226176));
#8900=CARTESIAN_POINT('',(0.0968211313524868,0.0516257634049885,0.00255391224914003));
#8901=CARTESIAN_POINT('',(0.0968168447391555,0.0516208355244583,0.00257488907601829));
#8902=CARTESIAN_POINT('',(0.096115239742649,0.0508142720831195,0.0060082396982232));
#8903=CARTESIAN_POINT('',(0.0954136347461435,0.0500077086418997,0.00944159032042749));
#8904=CARTESIAN_POINT('',(0.094712029749637,0.0492011452005787,0.0128749409426291));
#8905=CARTESIAN_POINT('',(0.0947078008568757,0.0491962836754782,0.0128956353100648));
#8906=CARTESIAN_POINT('',(0.0947035719641145,0.0491914221503848,0.0129163296775004));
#8907=CARTESIAN_POINT('',(0.0946993430713535,0.0491865606252899,0.0129370240449361));
#8908=CARTESIAN_POINT('',(0.09679511634246,0.0520259271964288,0.00251275379667515));
#8909=CARTESIAN_POINT('',(0.0967908732499506,0.0520209226597695,0.0025334655564562));
#8910=CARTESIAN_POINT('',(0.0967866301574413,0.0520159181231145,0.00255417731623724));
#8911=CARTESIAN_POINT('',(0.096782387064932,0.052010913586459,0.00257488907601829));
#8912=CARTESIAN_POINT('',(0.0960879052736045,0.0511918035681394,0.00596485523934212));
#8913=CARTESIAN_POINT('',(0.0953934234822755,0.0503726935498197,0.00935482140266294));
#8914=CARTESIAN_POINT('',(0.0946989416909465,0.0495535835315799,0.0127447875659835));
#8915=CARTESIAN_POINT('',(0.0946947557329865,0.049548646382553,0.0127652204355322));
#8916=CARTESIAN_POINT('',(0.0946905697750263,0.049543709233519,0.0127856533050808));
#8917=CARTESIAN_POINT('',(0.0946863838170661,0.0495387720844864,0.0128060861746295));
#8918=CARTESIAN_POINT('',(0.0967618985492006,0.0523769993205114,0.00251347043075759));
#8919=CARTESIAN_POINT('',(0.0967576988181975,0.0523719260914584,0.00253394331251116));
#8920=CARTESIAN_POINT('',(0.0967534990871942,0.0523668528624021,0.00255441619426473));
#8921=CARTESIAN_POINT('',(0.096749299356191,0.0523617796333387,0.00257488907601829));
#8922=CARTESIAN_POINT('',(0.096061914694234,0.051531426490099,0.00592575723710167));
#8923=CARTESIAN_POINT('',(0.095374530032276,0.0507010733468984,0.00927662539818472));
#8924=CARTESIAN_POINT('',(0.0946871453703175,0.0498707202036588,0.0126274935592678));
#8925=CARTESIAN_POINT('',(0.0946830021899875,0.049865715287193,0.0126476907673553));
#8926=CARTESIAN_POINT('',(0.0946788590096574,0.0498607103707343,0.0126678879754428));
#8927=CARTESIAN_POINT('',(0.0946747158293274,0.0498557054542742,0.0126880851835303));
#8928=CARTESIAN_POINT('',(0.0967548391272851,0.0524511097528694,0.00251362173962983));
#8929=CARTESIAN_POINT('',(0.0967506486442014,0.0524460220290572,0.00253404418509265));
#8930=CARTESIAN_POINT('',(0.0967464581611176,0.0524409343052418,0.00255446663055547));
#8931=CARTESIAN_POINT('',(0.096742267678034,0.0524358465814192,0.00257488907601829));
#8932=CARTESIAN_POINT('',(0.0960563966553965,0.0516031210297587,0.00591750215299318));
#8933=CARTESIAN_POINT('',(0.0953705256327575,0.0507703954781,0.00926011522996805));
#8934=CARTESIAN_POINT('',(0.094684654610119,0.0499376699264396,0.0126027283069429));
#8935=CARTESIAN_POINT('',(0.0946805205531822,0.0499326507104032,0.0126228757578799));
#8936=CARTESIAN_POINT('',(0.0946763864962456,0.0499276314943583,0.0126430232088169));
#8937=CARTESIAN_POINT('',(0.0946722524393089,0.0499226122783106,0.0126631706597539));
#8938=CARTESIAN_POINT('',(0.0967207788581529,0.0528060383423522,0.00251434653336355));
#8939=CARTESIAN_POINT('',(0.096716633167881,0.0528008812252558,0.00253452738091513));
#8940=CARTESIAN_POINT('',(0.096712487477609,0.0527957241081538,0.00255470822846671));
#8941=CARTESIAN_POINT('',(0.096708341787337,0.0527905669910602,0.00257488907601829));
#8942=CARTESIAN_POINT('',(0.096029802160862,0.0519464835993002,0.00587795897786496));
#8943=CARTESIAN_POINT('',(0.095351262534386,0.0511024002075402,0.00918102887971131));
#8944=CARTESIAN_POINT('',(0.094672722907911,0.0502583168158601,0.0124840987815576));
#8945=CARTESIAN_POINT('',(0.0946686330406369,0.0502532291409378,0.0125040078877737));
#8946=CARTESIAN_POINT('',(0.0946645431733629,0.0502481414660155,0.0125239169939899));
#8947=CARTESIAN_POINT('',(0.0946604533060889,0.0502430537910928,0.012543826100206));
#8948=CARTESIAN_POINT('',(0.096680851542346,0.0531958513348136,0.00251514404406081));
#8949=CARTESIAN_POINT('',(0.0966767600773447,0.0531906182760387,0.0025350590547133));
#8950=CARTESIAN_POINT('',(0.0966726686123433,0.0531853852172686,0.0025549740653658));
#8951=CARTESIAN_POINT('',(0.096668577147342,0.0531801521584985,0.00257488907601829));
#8952=CARTESIAN_POINT('',(0.0959989127605645,0.0523236391257207,0.0058344485228195));
#8953=CARTESIAN_POINT('',(0.0953292483737865,0.0514671260928594,0.00909400796961736));
#8954=CARTESIAN_POINT('',(0.094659583987009,0.0506106130600994,0.0123535674164152));
#8955=CARTESIAN_POINT('',(0.0946555476148455,0.0506054504660771,0.012373214265308));
#8956=CARTESIAN_POINT('',(0.0946515112426822,0.0506002878720483,0.0123928611142009));
#8957=CARTESIAN_POINT('',(0.0946474748705188,0.0505951252780208,0.0124125079630937));
#8958=CARTESIAN_POINT('',(0.0966426621198122,0.0535464080445169,0.00251586258565985));
#8959=CARTESIAN_POINT('',(0.096638623911541,0.0535411070966641,0.002535538082446));
#8960=CARTESIAN_POINT('',(0.0966345857032696,0.0535358061488111,0.00255521357923214));
#8961=CARTESIAN_POINT('',(0.0966305474949985,0.0535305052009587,0.00257488907601829));
#8962=CARTESIAN_POINT('',(0.0959695998234805,0.0526628805253591,0.0057952464506077));
#8963=CARTESIAN_POINT('',(0.095308652151963,0.0517952558496599,0.00901560382519345));
#8964=CARTESIAN_POINT('',(0.094647704480445,0.0509276311739981,0.0122359611997792));
#8965=CARTESIAN_POINT('',(0.0946437206478934,0.0509224016050271,0.0122553717599338));
#8966=CARTESIAN_POINT('',(0.0946397368153416,0.0509171720360633,0.0122747823200883));
#8967=CARTESIAN_POINT('',(0.0946357529827899,0.0509119424671065,0.0122941928802429));
#8968=CARTESIAN_POINT('',(0.0966350051233235,0.0536162759788506,0.00251600582059993));
#8969=CARTESIAN_POINT('',(0.0966309776191044,0.053610961507557,0.00253563357240605));
#8970=CARTESIAN_POINT('',(0.0966269501148853,0.0536056470362588,0.00255526132421217));
#8971=CARTESIAN_POINT('',(0.096622922610666,0.0536003325649599,0.00257488907601829));
#8972=CARTESIAN_POINT('',(0.0959637269088045,0.0527304944606399,0.00578743186273743));
#8973=CARTESIAN_POINT('',(0.095304531206943,0.05186065635624,0.00899997464945291));
#8974=CARTESIAN_POINT('',(0.0946453355050815,0.0509908182518206,0.0122125174361684));
#8975=CARTESIAN_POINT('',(0.0946413622324484,0.0509855753415336,0.0122318808942438));
#8976=CARTESIAN_POINT('',(0.0946373889598154,0.0509803324312331,0.0122512443523192));
#8977=CARTESIAN_POINT('',(0.0946334156871825,0.0509750895209315,0.0122706078103946));
#8978=CARTESIAN_POINT('',(0.0966000810332083,0.0539330735001603,0.00251665538475391));
#8979=CARTESIAN_POINT('',(0.0965961024679239,0.0539276977327507,0.00253606661517537));
#8980=CARTESIAN_POINT('',(0.0965921239026394,0.0539223219653382,0.00255547784559683));
#8981=CARTESIAN_POINT('',(0.096588145337355,0.0539169461979192,0.00257488907601829));
#8982=CARTESIAN_POINT('',(0.095936959642103,0.0530370755437595,0.00575199305042066));
#8983=CARTESIAN_POINT('',(0.0952857739468505,0.0521572048895802,0.00892909702481939));
#8984=CARTESIAN_POINT('',(0.0946345882515975,0.0512773342353992,0.0121062009992184));
#8985=CARTESIAN_POINT('',(0.0946306632589215,0.0512720308543543,0.0121253508514364));
#8986=CARTESIAN_POINT('',(0.0946267382662454,0.05126672747331,0.0121445007036544));
#8987=CARTESIAN_POINT('',(0.0946228132735694,0.0512614240922656,0.0121636505558723));
#8988=CARTESIAN_POINT('',(0.0965593817689499,0.0542809608942838,0.00251736986593826));
#8989=CARTESIAN_POINT('',(0.0965554615700068,0.0542755181727569,0.00253654293596494));
#8990=CARTESIAN_POINT('',(0.0965515413710636,0.0542700754512313,0.00255571600599161));
#8991=CARTESIAN_POINT('',(0.0965476211721205,0.0542646327296978,0.00257488907601829));
#8992=CARTESIAN_POINT('',(0.0959059885000875,0.0533738034608593,0.00571301250563365));
#8993=CARTESIAN_POINT('',(0.0952643558280535,0.052482974192019,0.00885113593524538));
#8994=CARTESIAN_POINT('',(0.0946227231560205,0.0515921449232781,0.0119892593648601));
#8995=CARTESIAN_POINT('',(0.0946188557437649,0.0515867754896786,0.0120081742635865));
#8996=CARTESIAN_POINT('',(0.0946149883315094,0.0515814060560707,0.0120270891623128));
#8997=CARTESIAN_POINT('',(0.094611120919254,0.0515760366224594,0.0120460040610392));
#8998=CARTESIAN_POINT('',(0.0965186088587535,0.0545935371057973,0.00251801340042048));
#8999=CARTESIAN_POINT('',(0.0965147494341932,0.0545880351182617,0.00253697195895308));
#9000=CARTESIAN_POINT('',(0.0965108900096328,0.0545825331307306,0.00255593051748569));
#9001=CARTESIAN_POINT('',(0.0965070305850725,0.0545770311431983,0.00257488907601829));
#9002=CARTESIAN_POINT('',(0.095875345068838,0.0536765015996004,0.00567790265913895));
#9003=CARTESIAN_POINT('',(0.0952436595526025,0.0527759720559988,0.00878091624225598));
#9004=CARTESIAN_POINT('',(0.094611974036368,0.0518754425123991,0.0118839298253734));
#9005=CARTESIAN_POINT('',(0.0946081665801494,0.0518700146108176,0.011902633101069));
#9006=CARTESIAN_POINT('',(0.094604359123931,0.0518645867092374,0.0119213363767647));
#9007=CARTESIAN_POINT('',(0.0946005516677126,0.0518591588076612,0.0119400396524604));
#9008=CARTESIAN_POINT('',(0.0965117502094242,0.0546455499789899,0.00251812051389387));
#9009=CARTESIAN_POINT('',(0.0965079010444144,0.0546400381470049,0.00253704336793535));
#9010=CARTESIAN_POINT('',(0.0965040518794047,0.0546345263150184,0.00255596622197682));
#9011=CARTESIAN_POINT('',(0.096500202714395,0.054629014483039,0.00257488907601829));
#9012=CARTESIAN_POINT('',(0.095870196414684,0.05372687366504,0.00567205878019805));
#9013=CARTESIAN_POINT('',(0.0952401901149725,0.0528247328470197,0.00876922848437453));
#9014=CARTESIAN_POINT('',(0.0946101838152615,0.0519225920290207,0.0118663981885507));
#9015=CARTESIAN_POINT('',(0.0946063864804456,0.0519171544155574,0.0118850662405272));
#9016=CARTESIAN_POINT('',(0.0946025891456297,0.0519117168020942,0.0119037342925037));
#9017=CARTESIAN_POINT('',(0.0945987918108139,0.0519062791886309,0.0119224023444803));
#9018=CARTESIAN_POINT('',(0.0964841812726849,0.0548531316944342,0.00251854808674699));
#9019=CARTESIAN_POINT('',(0.0964803734418313,0.0548475806284892,0.00253732841650409));
#9020=CARTESIAN_POINT('',(0.0964765656109776,0.0548420295625445,0.00255610874626119));
#9021=CARTESIAN_POINT('',(0.096472757780124,0.0548364784966005,0.00257488907601829));
#9022=CARTESIAN_POINT('',(0.0958495167863085,0.0539279161184183,0.00564873133209213));
#9023=CARTESIAN_POINT('',(0.095226275792493,0.0530193537402397,0.00872257358816561));
#9024=CARTESIAN_POINT('',(0.0946030347986775,0.0521107913620593,0.0117964158442361));
#9025=CARTESIAN_POINT('',(0.0945992782414406,0.052105315042943,0.0118149432910617));
#9026=CARTESIAN_POINT('',(0.0945955216842035,0.0520998387238118,0.0118334707378873));
#9027=CARTESIAN_POINT('',(0.0945917651269665,0.0520943624046791,0.0118519981847129));
#9028=CARTESIAN_POINT('',(0.0964545736748281,0.0550604284859088,0.00251897587282064));
#9029=CARTESIAN_POINT('',(0.0964508112382171,0.0550548387350203,0.00253761360721986));
#9030=CARTESIAN_POINT('',(0.096447048801606,0.0550492489841337,0.00255625134161907));
#9031=CARTESIAN_POINT('',(0.096443286364995,0.05504365923324,0.00257488907601829));
#9032=CARTESIAN_POINT('',(0.0958274752056415,0.0541287651552587,0.00562539225113638));
#9033=CARTESIAN_POINT('',(0.0952116640462885,0.0532138710772578,0.00867589542625105));
#9034=CARTESIAN_POINT('',(0.094595852886935,0.0522989769992588,0.0117263986013694));
#9035=CARTESIAN_POINT('',(0.0945921411126932,0.0522934625160911,0.0117447853729276));
#9036=CARTESIAN_POINT('',(0.0945884293384514,0.052287948032924,0.0117631721444858));
#9037=CARTESIAN_POINT('',(0.0945847175642096,0.0522824335497564,0.011781558916044));
#9038=CARTESIAN_POINT('',(0.0964058878352766,0.055371874850822,0.00251962014310294));
#9039=CARTESIAN_POINT('',(0.096402201955191,0.0553662281098699,0.00253804312074139));
#9040=CARTESIAN_POINT('',(0.0963985160751054,0.055360581368921,0.00255646609837984));
#9041=CARTESIAN_POINT('',(0.09639483019502,0.0553549346279798,0.00257488907601829));
#9042=CARTESIAN_POINT('',(0.0957915493099575,0.0544307127872603,0.00559024226098396));
#9043=CARTESIAN_POINT('',(0.0951882684248945,0.0535064909464609,0.00860559544594949));
#9044=CARTESIAN_POINT('',(0.0945849875398325,0.0525822691057396,0.0116209486309186));
#9045=CARTESIAN_POINT('',(0.0945813512912587,0.0525766983998903,0.0116391235374821));
#9046=CARTESIAN_POINT('',(0.0945777150426852,0.0525711276940493,0.0116572984440455));
#9047=CARTESIAN_POINT('',(0.0945740787941117,0.0525655569882113,0.011675473350609));
#9048=CARTESIAN_POINT('',(0.0963829057049586,0.055510581244329,0.00252001218916302));
#9049=CARTESIAN_POINT('',(0.0963792530607218,0.0555050023047818,0.00253830448478144));
#9050=CARTESIAN_POINT('',(0.0963756004164851,0.055499423365237,0.00255659678039987));
#9051=CARTESIAN_POINT('',(0.0963719477722485,0.0554938444256994,0.00257488907601829));
#9052=CARTESIAN_POINT('',(0.0957741067147905,0.0545807198783592,0.00556885307770199));
#9053=CARTESIAN_POINT('',(0.095176265657333,0.053667595331099,0.0085628170793857));
#9054=CARTESIAN_POINT('',(0.094578424599875,0.0527544707837606,0.0115567810810665));
#9055=CARTESIAN_POINT('',(0.0945748211396193,0.0527489669663673,0.0115748270652836));
#9056=CARTESIAN_POINT('',(0.0945712176793636,0.0527434631489676,0.0115928730495007));
#9057=CARTESIAN_POINT('',(0.0945676142191079,0.0527379593315649,0.0116109190337178));
#9058=CARTESIAN_POINT('',(0.0963582552630214,0.0556488112675074,0.00252048234235288));
#9059=CARTESIAN_POINT('',(0.0963546362875804,0.0556433703787006,0.00253861792024135));
#9060=CARTESIAN_POINT('',(0.0963510173121393,0.0556379294898972,0.00255675349812982));
#9061=CARTESIAN_POINT('',(0.0963473983366985,0.0556324886011002,0.00257488907601829));
#9062=CARTESIAN_POINT('',(0.095755067968815,0.0547419593008183,0.00554320253871584));
#9063=CARTESIAN_POINT('',(0.0951627376009325,0.0538514300004991,0.00851151600141012));
#9064=CARTESIAN_POINT('',(0.094570407233049,0.052960900700219,0.011479829464104));
#9065=CARTESIAN_POINT('',(0.0945668369882283,0.0529555330746613,0.0114977208408437));
#9066=CARTESIAN_POINT('',(0.0945632667434077,0.0529501654491044,0.0115156122175834));
#9067=CARTESIAN_POINT('',(0.0945596964985872,0.0529447978235476,0.0115335035943231));
#9068=CARTESIAN_POINT('',(0.09634862988312,0.0557023977682981,0.00252066771898149));
#9069=CARTESIAN_POINT('',(0.0963450239812314,0.0556970131614277,0.00253874150466042));
#9070=CARTESIAN_POINT('',(0.0963414180793429,0.0556916285545603,0.00255681529033936));
#9071=CARTESIAN_POINT('',(0.0963378121774545,0.0556862439477008,0.00257488907601829));
#9072=CARTESIAN_POINT('',(0.0957476216036095,0.0548049265086394,0.00553308879166098));
#9073=CARTESIAN_POINT('',(0.095157431029765,0.0539236090694999,0.00849128850730004));
#9074=CARTESIAN_POINT('',(0.09456724045592,0.053042291630458,0.0114494882229394));
#9075=CARTESIAN_POINT('',(0.0945636831086123,0.0530369795289881,0.0114673186395208));
#9076=CARTESIAN_POINT('',(0.0945601257613046,0.0530316674275183,0.0114851490561021));
#9077=CARTESIAN_POINT('',(0.0945565684139969,0.0530263553260433,0.0115029794726834));
#9078=CARTESIAN_POINT('',(0.0962823340690541,0.0560639829947368,0.00252197595207672));
#9079=CARTESIAN_POINT('',(0.096278816908029,0.0560590290581674,0.00253961366005719));
#9080=CARTESIAN_POINT('',(0.0962752997470038,0.0560540751216007,0.00255725136803766));
#9081=CARTESIAN_POINT('',(0.0962717825859785,0.0560491211850192,0.00257488907601812));
#9082=CARTESIAN_POINT('',(0.0956961165396205,0.0552382930597997,0.00546171442955923));
#9083=CARTESIAN_POINT('',(0.095120450493263,0.0544274649344789,0.00834853978309654));
#9084=CARTESIAN_POINT('',(0.0945447844469045,0.0536166368092594,0.0112353651366369));
#9085=CARTESIAN_POINT('',(0.0945413146455372,0.0536117495789662,0.0112527653474404));
#9086=CARTESIAN_POINT('',(0.0945378448441699,0.0536068623486808,0.011270165558244));
#9087=CARTESIAN_POINT('',(0.0945343750428025,0.0536019751183938,0.0112875657690475));
#9088=CARTESIAN_POINT('',(0.0961945456591088,0.0564577466959993,0.00252388129019588));
#9089=CARTESIAN_POINT('',(0.0961911369208087,0.0564536883861063,0.00254088388546946));
#9090=CARTESIAN_POINT('',(0.0961877281825087,0.0564496300762137,0.00255788648074304));
#9091=CARTESIAN_POINT('',(0.0961843194442085,0.0564455717663197,0.00257488907601662));
#9092=CARTESIAN_POINT('',(0.095626399324474,0.0557813339921012,0.00535776331149657));
#9093=CARTESIAN_POINT('',(0.09506847920474,0.0551170962179395,0.00814063754697188));
#9094=CARTESIAN_POINT('',(0.0945105590850055,0.0544528584437387,0.0109235117824473));
#9095=CARTESIAN_POINT('',(0.0945071962464177,0.0544488547802417,0.0109402854325324));
#9096=CARTESIAN_POINT('',(0.09450383340783,0.0544448511167447,0.0109570590826175));
#9097=CARTESIAN_POINT('',(0.0945004705692424,0.0544408474532472,0.0109738327327026));
#9098=CARTESIAN_POINT('',(0.0960876836073414,0.0568051407626942,0.0025253562618983));
#9099=CARTESIAN_POINT('',(0.096084427265829,0.0568016912976085,0.00254186719993769));
#9100=CARTESIAN_POINT('',(0.0960811709243168,0.0567982418325209,0.00255837813797708));
#9101=CARTESIAN_POINT('',(0.0960779145828045,0.0567947923674197,0.00257488907601647));
#9102=CARTESIAN_POINT('',(0.0955449377783295,0.0562302063523603,0.00527729205239168));
#9103=CARTESIAN_POINT('',(0.0950119609738555,0.0556656203372992,0.00797969502876806));
#9104=CARTESIAN_POINT('',(0.094478984169381,0.0551010343223197,0.0106820980051428));
#9105=CARTESIAN_POINT('',(0.0944757716755114,0.0550976313053403,0.01069838661831));
#9106=CARTESIAN_POINT('',(0.0944725591816416,0.0550942282883679,0.0107146752314772));
#9107=CARTESIAN_POINT('',(0.0944693466877719,0.0550908252713941,0.0107309638446444));
#9108=CARTESIAN_POINT('',(0.0960696691083312,0.0568620096645577,0.00252559330721624));
#9109=CARTESIAN_POINT('',(0.0960664387405055,0.0568586559830686,0.00254202523014965));
#9110=CARTESIAN_POINT('',(0.0960632083726798,0.0568553023015842,0.00255845715308306));
#9111=CARTESIAN_POINT('',(0.096059978004854,0.0568519486200998,0.00257488907601647));
#9112=CARTESIAN_POINT('',(0.0955312524045225,0.0563030398415378,0.0052643593736385));
#9113=CARTESIAN_POINT('',(0.0950025268041915,0.0557541310629794,0.00795382967126198));
#9114=CARTESIAN_POINT('',(0.0944738012038605,0.0552052222844992,0.010643299968884));
#9115=CARTESIAN_POINT('',(0.0944706143339336,0.0552019137613711,0.010659510630908));
#9116=CARTESIAN_POINT('',(0.0944674274640069,0.0551986052382431,0.010675721292932));
#9117=CARTESIAN_POINT('',(0.0944642405940802,0.055195296715115,0.010691931954956));
#9118=CARTESIAN_POINT('',(0.0959981203362946,0.0570837545361758,0.00252650717533995));
#9119=CARTESIAN_POINT('',(0.0959949937879447,0.0570807651568884,0.00254263447556545));
#9120=CARTESIAN_POINT('',(0.0959918672395947,0.0570777757775998,0.00255876177579096));
#9121=CARTESIAN_POINT('',(0.0959887406912445,0.057074786398319,0.00257488907601647));
#9122=CARTESIAN_POINT('',(0.0954770075876165,0.0565855042351391,0.00521450070960955));
#9123=CARTESIAN_POINT('',(0.094965274483987,0.0560962220719787,0.007854112343201));
#9124=CARTESIAN_POINT('',(0.094453541380359,0.0556069399087988,0.0104937239767943));
#9125=CARTESIAN_POINT('',(0.0944504569319466,0.055603990782435,0.010509634117949));
#9126=CARTESIAN_POINT('',(0.0944473724835343,0.0556010416560628,0.0105255442591038));
#9127=CARTESIAN_POINT('',(0.0944442880351221,0.0555980925296873,0.0105414544002586));
#9128=CARTESIAN_POINT('',(0.0959140930195634,0.0573022406609424,0.00252727288585283));
#9129=CARTESIAN_POINT('',(0.0959110960817021,0.0572994914091078,0.00254314494924071));
#9130=CARTESIAN_POINT('',(0.0959080991438408,0.0572967421572735,0.00255901701262859));
#9131=CARTESIAN_POINT('',(0.0959051022059795,0.0572939929054392,0.00257488907601647));
#9132=CARTESIAN_POINT('',(0.0954145829043575,0.0568440132418786,0.00517272520369692));
#9133=CARTESIAN_POINT('',(0.0949240636027345,0.0563940335783002,0.00777056133137736));
#9134=CARTESIAN_POINT('',(0.0944335443011115,0.0559440539147396,0.0103683974590595));
#9135=CARTESIAN_POINT('',(0.0944305877179426,0.0559413416824247,0.0103840558002193));
#9136=CARTESIAN_POINT('',(0.0944276311347738,0.0559386294501099,0.0103997141413792));
#9137=CARTESIAN_POINT('',(0.094424674551605,0.055935917217795,0.0104153724825391));
#9138=CARTESIAN_POINT('',(0.0957941802808892,0.0575623513605356,0.00252785494968682));
#9139=CARTESIAN_POINT('',(0.0957913817269349,0.0575595968382629,0.0025435329917967));
#9140=CARTESIAN_POINT('',(0.0957885831729806,0.0575568423159888,0.00255921103390659));
#9141=CARTESIAN_POINT('',(0.095785784619026,0.0575540877936991,0.00257488907601647));
#9142=CARTESIAN_POINT('',(0.0953277355052955,0.0571032454984994,0.00514096906253248));
#9143=CARTESIAN_POINT('',(0.0948696863915645,0.0566524032031985,0.00770704904904848));
#9144=CARTESIAN_POINT('',(0.094411637277834,0.0562015609078994,0.0102731290355645));
#9145=CARTESIAN_POINT('',(0.0944088764072715,0.0561988434761092,0.0102885959680027));
#9146=CARTESIAN_POINT('',(0.0944061155367092,0.0561961260443261,0.0103040629004409));
#9147=CARTESIAN_POINT('',(0.0944033546661469,0.0561934086125411,0.0103195298328792));
#9148=CARTESIAN_POINT('',(0.0957572372239865,0.0576377410200963,0.00252802832062502));
#9149=CARTESIAN_POINT('',(0.0957544995874315,0.0576349892873503,0.00254364857242217));
#9150=CARTESIAN_POINT('',(0.0957517619508764,0.0576322375546046,0.00255926882421932));
#9151=CARTESIAN_POINT('',(0.0957490243143215,0.0576294858218596,0.00257488907601647));
#9152=CARTESIAN_POINT('',(0.0953009457643985,0.0571791000994182,0.00513151031992411));
#9153=CARTESIAN_POINT('',(0.0948528672144765,0.0567287143768596,0.00768813156382849));
#9154=CARTESIAN_POINT('',(0.0944047886645535,0.0562783286543187,0.0102447528077329));
#9155=CARTESIAN_POINT('',(0.094402087891119,0.0562756139745077,0.0102601627280227));
#9156=CARTESIAN_POINT('',(0.0943993871176846,0.0562728992946897,0.0102755726483126));
#9157=CARTESIAN_POINT('',(0.09439668634425,0.056270184614873,0.0102909825686024));
#9158=CARTESIAN_POINT('',(0.0957181507086019,0.0577120379304407,0.00252820374640734));
#9159=CARTESIAN_POINT('',(0.0957154766601148,0.0577092933524002,0.00254376552294371));
#9160=CARTESIAN_POINT('',(0.0957128026116277,0.0577065487743594,0.00255932729948009));
#9161=CARTESIAN_POINT('',(0.0957101285631405,0.0577038041963185,0.00257488907601647));
#9162=CARTESIAN_POINT('',(0.0952724576946955,0.0572545895090979,0.00512193946947473));
#9163=CARTESIAN_POINT('',(0.09483478682625,0.0568053748218595,0.00766898986293264));
#9164=CARTESIAN_POINT('',(0.0943971159578055,0.0563561601346407,0.0102160402563906));
#9165=CARTESIAN_POINT('',(0.0943944779162058,0.0563534525131834,0.0102313924888071));
#9166=CARTESIAN_POINT('',(0.0943918398746062,0.0563507448917338,0.0102467447212236));
#9167=CARTESIAN_POINT('',(0.0943892018330065,0.0563480372702834,0.0102620969536401));
#9168=CARTESIAN_POINT('',(0.0957058916226459,0.057735177782182,0.0025282585028176));
#9169=CARTESIAN_POINT('',(0.0957032374921879,0.0577324355502873,0.00254380202721722));
#9170=CARTESIAN_POINT('',(0.09570058336173,0.0577296933183929,0.00255934555161685));
#9171=CARTESIAN_POINT('',(0.095697929231272,0.0577269510864991,0.00257488907601647));
#9172=CARTESIAN_POINT('',(0.095263518416329,0.0572781204017794,0.00511895207841508));
#9173=CARTESIAN_POINT('',(0.0948291076013845,0.0568292897170384,0.00766301508081334));
#9174=CARTESIAN_POINT('',(0.094394696786441,0.0563804590323187,0.0102070780832116));
#9175=CARTESIAN_POINT('',(0.0943920783946681,0.0563777537254183,0.010222412309262));
#9176=CARTESIAN_POINT('',(0.0943894600028954,0.0563750484185244,0.0102377465353124));
#9177=CARTESIAN_POINT('',(0.0943868416111227,0.0563723431116331,0.0102530807613628));
#9178=CARTESIAN_POINT('',(0.0956292221620604,0.0578777771462817,0.00252859776361554));
#9179=CARTESIAN_POINT('',(0.0956266922440905,0.0578750511441878,0.00254402820108252));
#9180=CARTESIAN_POINT('',(0.0956241623261206,0.0578723251420939,0.00255945863854949));
#9181=CARTESIAN_POINT('',(0.0956216324081505,0.05786959914,0.00257488907601647));
#9182=CARTESIAN_POINT('',(0.095207551885546,0.0574234248430994,0.00510044274462379));
#9183=CARTESIAN_POINT('',(0.09479347136294,0.0569772505461987,0.00762599641322809));
#9184=CARTESIAN_POINT('',(0.0943793908403345,0.0565310762492999,0.0101515500818324));
#9185=CARTESIAN_POINT('',(0.0943768949884902,0.0565283869536584,0.0101667727437005));
#9186=CARTESIAN_POINT('',(0.0943743991366458,0.056525697658024,0.0101819954055687));
#9187=CARTESIAN_POINT('',(0.0943719032848015,0.0565230083623928,0.0101972180674369));
#9188=CARTESIAN_POINT('',(0.0955365624074112,0.058029928046171,0.00252897748742942));
#9189=CARTESIAN_POINT('',(0.0955341782003193,0.0580272367851731,0.00254428135029177));
#9190=CARTESIAN_POINT('',(0.0955317939932274,0.058024545524174,0.00255958521315412));
#9191=CARTESIAN_POINT('',(0.0955294097861355,0.0580218542631599,0.00257488907601647));
#9192=CARTESIAN_POINT('',(0.0951391782725665,0.0575813661621378,0.0050797258363866));
#9193=CARTESIAN_POINT('',(0.094748946758997,0.0571408780612188,0.00758456259675609));
#9194=CARTESIAN_POINT('',(0.094358715245428,0.0567003899601986,0.0100893993571259));
#9195=CARTESIAN_POINT('',(0.0943563631424199,0.0566977349378614,0.0101044971487556));
#9196=CARTESIAN_POINT('',(0.0943540110394118,0.0566950799155171,0.0101195949403852));
#9197=CARTESIAN_POINT('',(0.0943516589364035,0.0566924248931704,0.0101346927320148));
#9198=CARTESIAN_POINT('',(0.0954482977979147,0.0581634606207804,0.00252931815228678));
#9199=CARTESIAN_POINT('',(0.0954460427644421,0.0581608089931082,0.00254450846019668));
#9200=CARTESIAN_POINT('',(0.0954437877309695,0.0581581573654378,0.00255969876810657));
#9201=CARTESIAN_POINT('',(0.095441532697497,0.0581555057377603,0.00257488907601647));
#9202=CARTESIAN_POINT('',(0.0950724434819855,0.0577215045626591,0.00506113990015647));
#9203=CARTESIAN_POINT('',(0.094703354266473,0.0572875033875597,0.00754739072429317));
#9204=CARTESIAN_POINT('',(0.0943342650509605,0.0568535022124586,0.0100336415484332));
#9205=CARTESIAN_POINT('',(0.094332040382209,0.0568508862897663,0.0100486273141628));
#9206=CARTESIAN_POINT('',(0.0943298157134574,0.0568482703670818,0.0100636130798925));
#9207=CARTESIAN_POINT('',(0.0943275910447057,0.0568456544443956,0.0100785988456221));
#9208=CARTESIAN_POINT('',(0.0954375930495557,0.0581795316869984,0.00252935922597919));
#9209=CARTESIAN_POINT('',(0.0954353535649578,0.0581768849276639,0.00254453584265828));
#9210=CARTESIAN_POINT('',(0.0954331140803598,0.0581742381683277,0.00255971245933738));
#9211=CARTESIAN_POINT('',(0.095430874595762,0.058171591408998,0.00257488907601647));
#9212=CARTESIAN_POINT('',(0.095064330318974,0.0577383870515202,0.00505889900852561));
#9213=CARTESIAN_POINT('',(0.094697786042185,0.0573051826940407,0.00754290894103144));
#9214=CARTESIAN_POINT('',(0.0943312417653955,0.0568719783365399,0.0100269188735403));
#9215=CARTESIAN_POINT('',(0.0943290324361486,0.0568693672166448,0.0100418911323957));
#9216=CARTESIAN_POINT('',(0.0943268231069015,0.0568667560967419,0.0100568633912512));
#9217=CARTESIAN_POINT('',(0.0943246137776543,0.0568641449768359,0.0100718356501067));
#9218=CARTESIAN_POINT('',(0.0954192483370046,0.058207029211221,0.00252942947906313));
#9219=CARTESIAN_POINT('',(0.0954170354647156,0.0582043907709725,0.00254458267804758));
#9220=CARTESIAN_POINT('',(0.0954148225924265,0.0582017523307226,0.00255973587703202));
#9221=CARTESIAN_POINT('',(0.0954126097201375,0.0581991138904812,0.00257488907601647));
#9222=CARTESIAN_POINT('',(0.0950504211730055,0.0577672711477586,0.00505506615253884));
#9223=CARTESIAN_POINT('',(0.0946882326258725,0.05733542840502,0.00753524322906058));
#9224=CARTESIAN_POINT('',(0.0943260440787405,0.0569035856622193,0.0100154203055796));
#9225=CARTESIAN_POINT('',(0.0943238610034591,0.0569009827493913,0.0100303694620669));
#9226=CARTESIAN_POINT('',(0.0943216779281779,0.0568983798365562,0.0100453186185542));
#9227=CARTESIAN_POINT('',(0.0943194948528966,0.0568957769237226,0.0100602677750415));
#9228=CARTESIAN_POINT('',(0.095398646072385,0.0582374309690499,0.00252950744073233));
#9229=CARTESIAN_POINT('',(0.0953964626226403,0.0582348021138397,0.00254463465249371));
#9230=CARTESIAN_POINT('',(0.0953942791728957,0.0582321732586294,0.00255976186425509));
#9231=CARTESIAN_POINT('',(0.095392095723151,0.0582295444034191,0.00257488907601647));
#9232=CARTESIAN_POINT('',(0.0950347228667565,0.0577992704774211,0.00505081273284846));
#9233=CARTESIAN_POINT('',(0.0946773500103625,0.0573689965513982,0.00752673638967713));
#9234=CARTESIAN_POINT('',(0.0943199771539685,0.0569387226253806,0.0100026600465058));
#9235=CARTESIAN_POINT('',(0.0943178231050482,0.056936129168521,0.010017583565696));
#9236=CARTESIAN_POINT('',(0.0943156690561276,0.0569335357116614,0.0100325070848862));
#9237=CARTESIAN_POINT('',(0.0943135150072071,0.0569309422548013,0.0100474306040764));
#9238=CARTESIAN_POINT('',(0.0953797107382986,0.0582649658338676,0.00252957823129308));
#9239=CARTESIAN_POINT('',(0.0953775538549982,0.0582623459504294,0.00254468184620088));
#9240=CARTESIAN_POINT('',(0.0953753969716978,0.058259726066988,0.00255978546110867));
#9241=CARTESIAN_POINT('',(0.0953732400883975,0.0582571061835395,0.00257488907601647));
#9242=CARTESIAN_POINT('',(0.095020215454858,0.0578283006977394,0.00504695055329167));
#9243=CARTESIAN_POINT('',(0.0946671908213185,0.0573994952118397,0.00751901203056323));
#9244=CARTESIAN_POINT('',(0.0943141661877805,0.05697068972602,0.00999107350783807));
#9245=CARTESIAN_POINT('',(0.0943120383475788,0.0569681051201165,0.0100059737479136));
#9246=CARTESIAN_POINT('',(0.0943099105073771,0.0569655205142131,0.0100208739879892));
#9247=CARTESIAN_POINT('',(0.0943077826671753,0.0569629359083097,0.0100357742280647));
#9248=CARTESIAN_POINT('',(0.09536962084911,0.0582796147113948,0.0025296159027167));
#9249=CARTESIAN_POINT('',(0.0953674780940922,0.058276999617636,0.00254470696048341));
#9250=CARTESIAN_POINT('',(0.0953653353390743,0.0582743845238753,0.00255979801825012));
#9251=CARTESIAN_POINT('',(0.0953631925840565,0.0582717694300996,0.00257488907601684));
#9252=CARTESIAN_POINT('',(0.09501248037595,0.0578437478875991,0.00504489528209188));
#9253=CARTESIAN_POINT('',(0.0946617681678435,0.05741572634496,0.00751490148816402));
#9254=CARTESIAN_POINT('',(0.094311055959738,0.0569877048024381,0.00998490769423908));
#9255=CARTESIAN_POINT('',(0.0943089420575773,0.0569851249217238,0.00999979554625931));
#9256=CARTESIAN_POINT('',(0.0943068281554167,0.0569825450410081,0.0100146833982796));
#9257=CARTESIAN_POINT('',(0.0943047142532559,0.056979965160292,0.0100295712502998));
#9258=CARTESIAN_POINT('',(0.0952964574192951,0.0583851882774884,0.00252988767600049));
#9259=CARTESIAN_POINT('',(0.0952944163365686,0.0583826081633823,0.0025448881426736));
#9260=CARTESIAN_POINT('',(0.0952923752538421,0.0583800280492806,0.00255988860934671));
#9261=CARTESIAN_POINT('',(0.0952903341711155,0.0583774479351789,0.00257488907601981));
#9262=CARTESIAN_POINT('',(0.0949562630225265,0.0579551516355004,0.00503006792095964));
#9263=CARTESIAN_POINT('',(0.094622191873939,0.0575328553357402,0.00748524676590252));
#9264=CARTESIAN_POINT('',(0.09428812072535,0.0571105590360599,0.00994042561084268));
#9265=CARTESIAN_POINT('',(0.0942861071264318,0.0571080136639846,0.00995522409160634));
#9266=CARTESIAN_POINT('',(0.0942840935275135,0.0571054682919087,0.00997002257236999));
#9267=CARTESIAN_POINT('',(0.0942820799285953,0.0571029229198329,0.00998482105313364));
#9268=CARTESIAN_POINT('',(0.0952131579420107,0.0584991606234993,0.0025301831872296));
#9269=CARTESIAN_POINT('',(0.0952112244988533,0.0584966223670727,0.00254508515015977));
#9270=CARTESIAN_POINT('',(0.095209291055696,0.0584940841106457,0.00255998711308994));
#9271=CARTESIAN_POINT('',(0.0952073576125385,0.0584915458542188,0.00257488907602011));
#9272=CARTESIAN_POINT('',(0.094890904208699,0.0580761005468187,0.00501394546883395));
#9273=CARTESIAN_POINT('',(0.0945744508048595,0.0576606552394985,0.00745300186165142));
#9274=CARTESIAN_POINT('',(0.09425799740102,0.0572452099320984,0.0098920582544686));
#9275=CARTESIAN_POINT('',(0.0942560899922709,0.057242705854072,0.00990675955787261));
#9276=CARTESIAN_POINT('',(0.0942541825835218,0.057240201776052,0.00992146086127661));
#9277=CARTESIAN_POINT('',(0.0942522751747727,0.057237697698035,0.00993616216468062));
#9278=CARTESIAN_POINT('',(0.0951364105567817,0.058600375674941,0.00253044273985617));
#9279=CARTESIAN_POINT('',(0.0951345662889899,0.0585978745261271,0.00254525818524415));
#9280=CARTESIAN_POINT('',(0.0951327220211982,0.0585953733773136,0.00256007363063213));
#9281=CARTESIAN_POINT('',(0.0951308777534065,0.0585928722285001,0.00257488907602011));
#9282=CARTESIAN_POINT('',(0.09482901999355,0.0581835004535396,0.00499978484010614));
#9283=CARTESIAN_POINT('',(0.0945271622336925,0.0577741286784992,0.00742468060419581));
#9284=CARTESIAN_POINT('',(0.094225304473835,0.0573647569034588,0.00984957636828548));
#9285=CARTESIAN_POINT('',(0.0942234850396778,0.0573622894333863,0.00986419231913268));
#9286=CARTESIAN_POINT('',(0.0942216656055206,0.0573598219633066,0.00987880826997988));
#9287=CARTESIAN_POINT('',(0.0942198461713634,0.0573573544932285,0.00989342422082709));
#9288=CARTESIAN_POINT('',(0.0951138851702911,0.0586299787971313,0.00253051853948566));
#9289=CARTESIAN_POINT('',(0.0951120667825808,0.0586274884755041,0.00254530871833048));
#9290=CARTESIAN_POINT('',(0.0951102483948705,0.0586249981538724,0.0025600988971753));
#9291=CARTESIAN_POINT('',(0.09510843000716,0.05862250783224,0.00257488907602011));
#9292=CARTESIAN_POINT('',(0.094810808130736,0.0582149081810002,0.0049956493766159));
#9293=CARTESIAN_POINT('',(0.0945131862543115,0.0578073085296378,0.00741640967721497));
#9294=CARTESIAN_POINT('',(0.094215564377887,0.0573997088783003,0.00983716997781403));
#9295=CARTESIAN_POINT('',(0.0942137704753277,0.0573972520896257,0.00985176100233987));
#9296=CARTESIAN_POINT('',(0.0942119765727686,0.0573947953009369,0.0098663520268657));
#9297=CARTESIAN_POINT('',(0.0942101826702094,0.0573923385122507,0.00988094305139153));
#9298=CARTESIAN_POINT('',(0.0949649300359822,0.0588244250500731,0.00253101513287677));
#9299=CARTESIAN_POINT('',(0.094963279037897,0.0588220056590996,0.00254563978059122));
#9300=CARTESIAN_POINT('',(0.0949616280398118,0.0588195862681235,0.00256026442830566));
#9301=CARTESIAN_POINT('',(0.0949599770417265,0.0588171668771409,0.00257488907602011));
#9302=CARTESIAN_POINT('',(0.0946897524107115,0.0584211766945995,0.00496855631755853));
#9303=CARTESIAN_POINT('',(0.0944195277796965,0.0580251865119603,0.00736222355909732));
#9304=CARTESIAN_POINT('',(0.0941493031486805,0.0576291963294207,0.0097558908006361));
#9305=CARTESIAN_POINT('',(0.0941476743817934,0.0576268095162949,0.00977031852295926));
#9306=CARTESIAN_POINT('',(0.0941460456149066,0.0576244227031704,0.00978474624528242));
#9307=CARTESIAN_POINT('',(0.0941444168480197,0.0576220358900457,0.00979917396760558));
#9308=CARTESIAN_POINT('',(0.0948099572014725,0.0590139680157773,0.00253148353819516));
#9309=CARTESIAN_POINT('',(0.0948084408256353,0.0590116139073005,0.00254595205080348));
#9310=CARTESIAN_POINT('',(0.0948069244497981,0.0590092597988271,0.00256042056341179));
#9311=CARTESIAN_POINT('',(0.094805408073961,0.0590069056903602,0.00257488907602011));
#9312=CARTESIAN_POINT('',(0.0945572175371105,0.0586216005228994,0.00494300113865125));
#9313=CARTESIAN_POINT('',(0.0943090270002605,0.0582362953553197,0.00731111320128603));
#9314=CARTESIAN_POINT('',(0.09406083646341,0.0578509901878395,0.0096792252639208));
#9315=CARTESIAN_POINT('',(0.094059340506041,0.0578486677781588,0.0096934989535452));
#9316=CARTESIAN_POINT('',(0.094057844548672,0.0578463453684858,0.0097077726431696));
#9317=CARTESIAN_POINT('',(0.094056348591303,0.0578440229588112,0.00972204633279401));
#9318=CARTESIAN_POINT('',(0.0945398785630055,0.0593296509943919,0.00253219599633245));
#9319=CARTESIAN_POINT('',(0.0945385095967686,0.0593273667994677,0.002546427022895));
#9320=CARTESIAN_POINT('',(0.0945371406305318,0.0593250826045434,0.00256065804945756));
#9321=CARTESIAN_POINT('',(0.094535771664295,0.0593227984096192,0.00257488907602011));
#9322=CARTESIAN_POINT('',(0.0943117081723025,0.0589489362375204,0.00490413096692705));
#9323=CARTESIAN_POINT('',(0.0940876446803105,0.0585750740653204,0.00723337285783764));
#9324=CARTESIAN_POINT('',(0.0938635811883175,0.0582012118932198,0.00956261474874823));
#9325=CARTESIAN_POINT('',(0.0938622306556331,0.0581989584556864,0.00957665415014971));
#9326=CARTESIAN_POINT('',(0.0938608801229487,0.0581967050181525,0.00959069355155119));
#9327=CARTESIAN_POINT('',(0.0938595295902642,0.0581944515806186,0.00960473295295266));
#9328=CARTESIAN_POINT('',(0.0943956585179866,0.0594915628332789,0.00253255578949432));
#9329=CARTESIAN_POINT('',(0.094394327607233,0.0594893195347044,0.00254666688500182));
#9330=CARTESIAN_POINT('',(0.0943929966964795,0.0594870762361281,0.00256077798050933));
#9331=CARTESIAN_POINT('',(0.094391665785726,0.0594848329375584,0.00257488907601684));
#9332=CARTESIAN_POINT('',(0.0941738309677935,0.0591176644143996,0.00488450143168221));
#9333=CARTESIAN_POINT('',(0.0939559961498605,0.058750495891239,0.00719411378734468));
#9334=CARTESIAN_POINT('',(0.093738161331927,0.0583833273680785,0.00950372614301042));
#9335=CARTESIAN_POINT('',(0.0937368483422973,0.0583811142762101,0.00951764722826547));
#9336=CARTESIAN_POINT('',(0.0937355353526675,0.0583789011843481,0.00953156831352052));
#9337=CARTESIAN_POINT('',(0.0937342223630376,0.0583766880924887,0.00954548939877557));
#9338=CARTESIAN_POINT('',(0.0942487192638443,0.059650928980797,0.00253289876870722));
#9339=CARTESIAN_POINT('',(0.0942474015674715,0.059648723025556,0.00254689553781085));
#9340=CARTESIAN_POINT('',(0.0942460838710988,0.0596465170703211,0.00256089230691448));
#9341=CARTESIAN_POINT('',(0.094244766174726,0.0596443111150791,0.00257488907601811));
#9342=CARTESIAN_POINT('',(0.094029094200729,0.0592832547057594,0.00486578922930085));
#9343=CARTESIAN_POINT('',(0.093813422226731,0.0589221982964592,0.00715668938258159));
#9344=CARTESIAN_POINT('',(0.0935977502527335,0.0585611418870595,0.0094475895358627));
#9345=CARTESIAN_POINT('',(0.0935964502995488,0.0585589656356841,0.00946139783415415));
#9346=CARTESIAN_POINT('',(0.0935951503463641,0.0585567893843087,0.00947520613244559));
#9347=CARTESIAN_POINT('',(0.0935938503931794,0.0585546131329375,0.00948901443073704));
#9348=CARTESIAN_POINT('',(0.0942304013053777,0.0596707298802512,0.00253294140961027));
#9349=CARTESIAN_POINT('',(0.0942290848233864,0.0596685286993156,0.00254692396507949));
#9350=CARTESIAN_POINT('',(0.0942277683413952,0.0596663275183741,0.00256090652054871));
#9351=CARTESIAN_POINT('',(0.094226451859404,0.0596641263374398,0.00257488907601792));
#9352=CARTESIAN_POINT('',(0.094010978647461,0.0593038513551392,0.0048634628340441));
#9353=CARTESIAN_POINT('',(0.0937955054355175,0.0589435763728403,0.00715203659206882));
#9354=CARTESIAN_POINT('',(0.093580032223575,0.0585833013904384,0.00944061035009354));
#9355=CARTESIAN_POINT('',(0.0935787334684197,0.0585811298490869,0.00945440462614155));
#9356=CARTESIAN_POINT('',(0.0935774347132643,0.0585789583077341,0.00946819890218955));
#9357=CARTESIAN_POINT('',(0.093576135958109,0.0585767867663765,0.00948199317823756));
#9358=CARTESIAN_POINT('',(0.094197646716698,0.0597061067569338,0.00253301879755678));
#9359=CARTESIAN_POINT('',(0.0941963312051511,0.0597039154215742,0.002546975557027));
#9360=CARTESIAN_POINT('',(0.0941950156936042,0.0597017240862206,0.00256093231649722));
#9361=CARTESIAN_POINT('',(0.0941937001820575,0.0596995327508605,0.00257488907596744));
#9362=CARTESIAN_POINT('',(0.093978385806141,0.0593408692281798,0.00485924071261527));
#9363=CARTESIAN_POINT('',(0.0937630714302245,0.0589822057054992,0.00714359234926479));
#9364=CARTESIAN_POINT('',(0.0935477570543095,0.058623542182719,0.00942794398591399));
#9365=CARTESIAN_POINT('',(0.0935464592565311,0.0586213803543692,0.00944171281331409));
#9366=CARTESIAN_POINT('',(0.0935451614587528,0.0586192185260201,0.0094554816407142));
#9367=CARTESIAN_POINT('',(0.0935438636609746,0.0586170566976661,0.0094692504681143));
#9368=CARTESIAN_POINT('',(0.0941615104875677,0.0597448501447199,0.00253310285338218));
#9369=CARTESIAN_POINT('',(0.0941601947696761,0.0597426693469946,0.00254703159199914));
#9370=CARTESIAN_POINT('',(0.0941588790517843,0.0597404885492711,0.0025609603306161));
#9371=CARTESIAN_POINT('',(0.0941575633338925,0.0597383077515392,0.00257488906923307));
#9372=CARTESIAN_POINT('',(0.0939422151848025,0.0593813689600005,0.00485465443482493));
#9373=CARTESIAN_POINT('',(0.0937268670357115,0.0590244301684599,0.00713441980041977));
#9374=CARTESIAN_POINT('',(0.0935115188866215,0.0586674913769194,0.00941418516601161));
#9375=CARTESIAN_POINT('',(0.0935102208852769,0.0586653399443018,0.00942792634986787));
#9376=CARTESIAN_POINT('',(0.0935089228839323,0.0586631885116926,0.00944166753372414));
#9377=CARTESIAN_POINT('',(0.0935076248825877,0.0586610370790774,0.00945540871758041));
#9378=CARTESIAN_POINT('',(0.0941288715145429,0.0597796073772387,0.00253317754278725));
#9379=CARTESIAN_POINT('',(0.0941275546857764,0.0597774357196209,0.00254708136601631));
#9380=CARTESIAN_POINT('',(0.09412623785701,0.0597752640620064,0.00256098518924536));
#9381=CARTESIAN_POINT('',(0.0941249210282435,0.0597730924044004,0.00257488901247442));
#9382=CARTESIAN_POINT('',(0.093909391058397,0.0594176496067593,0.0048505763893852));
#9383=CARTESIAN_POINT('',(0.0936938610885515,0.0590622068091395,0.00712626376629464));
#9384=CARTESIAN_POINT('',(0.093478331118705,0.0587067640115002,0.00940195114320376));
#9385=CARTESIAN_POINT('',(0.093477032021444,0.0587046215959201,0.00941566774716549));
#9386=CARTESIAN_POINT('',(0.0934757329241829,0.05870247918034,0.00942938435112723));
#9387=CARTESIAN_POINT('',(0.0934744338269219,0.0587003367647598,0.00944310095508896));
#9388=CARTESIAN_POINT('',(0.09410907013079,0.0598006799266221,0.00253322202799992));
#9389=CARTESIAN_POINT('',(0.0941077532768453,0.0597985129600259,0.00254711101940718));
#9390=CARTESIAN_POINT('',(0.0941064364229006,0.0597963459934358,0.00256100001081444));
#9391=CARTESIAN_POINT('',(0.094105119568956,0.0597941790268397,0.0025748890022217));
#9392=CARTESIAN_POINT('',(0.0938895854780895,0.059439504025379,0.00484814880298446));
#9393=CARTESIAN_POINT('',(0.093674051387224,0.0590848290238988,0.00712140860374558));
#9394=CARTESIAN_POINT('',(0.093458517296358,0.0587301540224381,0.00939466840450688));
#9395=CARTESIAN_POINT('',(0.0934572181742575,0.058728016234716,0.00940837037636187));
#9396=CARTESIAN_POINT('',(0.0934559190521572,0.0587258784469926,0.00942207234821686));
#9397=CARTESIAN_POINT('',(0.093454619930057,0.0587237406592729,0.00943577432007186));
#9398=CARTESIAN_POINT('',(0.0939434036892549,0.0599763817901877,0.00253359004285297));
#9399=CARTESIAN_POINT('',(0.0939420856048611,0.0599742517661129,0.00254735635058211));
#9400=CARTESIAN_POINT('',(0.0939407675204673,0.05997212174204,0.00256112265831124));
#9401=CARTESIAN_POINT('',(0.0939394494360735,0.0599699917179599,0.00257488896604037));
#9402=CARTESIAN_POINT('',(0.093723713953302,0.0596213632277003,0.00482806870011437));
#9403=CARTESIAN_POINT('',(0.093507978470531,0.0592727347373394,0.00708124843418837));
#9404=CARTESIAN_POINT('',(0.09329224298776,0.0589241062469981,0.00933442816826419));
#9405=CARTESIAN_POINT('',(0.0932909426517791,0.0589220049043563,0.00934800910841464));
#9406=CARTESIAN_POINT('',(0.0932896423157983,0.0589199035617138,0.00936159004856508));
#9407=CARTESIAN_POINT('',(0.0932883419798173,0.0589178022190711,0.00937517098871553));
#9408=CARTESIAN_POINT('',(0.0937847631004652,0.0601394079936463,0.00253393508589154));
#9409=CARTESIAN_POINT('',(0.0937834047273228,0.0601373252244322,0.00254758637927449));
#9410=CARTESIAN_POINT('',(0.0937820463541804,0.0601352424552188,0.00256123767265743));
#9411=CARTESIAN_POINT('',(0.093780687981038,0.0601331596859982,0.00257488896604037));
#9412=CARTESIAN_POINT('',(0.093558358297871,0.0597922655640204,0.00480924389980745));
#9413=CARTESIAN_POINT('',(0.093336028614704,0.0594513714421403,0.00704359883357463));
#9414=CARTESIAN_POINT('',(0.0931136989315365,0.0591104773202602,0.00927795376734352));
#9415=CARTESIAN_POINT('',(0.0931123588493074,0.0591084225961737,0.00929142124185141));
#9416=CARTESIAN_POINT('',(0.0931110187670784,0.0591063678720878,0.00930488871635931));
#9417=CARTESIAN_POINT('',(0.0931096786848492,0.0591043131480026,0.0093183561908672));
#9418=CARTESIAN_POINT('',(0.0936796052490873,0.0602454074197212,0.00253441019045154));
#9419=CARTESIAN_POINT('',(0.0936779274198996,0.0602436362648474,0.00254790311564781));
#9420=CARTESIAN_POINT('',(0.0936762495907119,0.0602418651099735,0.00256139604084409));
#9421=CARTESIAN_POINT('',(0.093674571761524,0.0602400939550982,0.00257488896604037));
#9422=CARTESIAN_POINT('',(0.093399955590103,0.0599502028420993,0.00478332322479901));
#9423=CARTESIAN_POINT('',(0.093125339418681,0.0596603117291998,0.00699175748355947));
#9424=CARTESIAN_POINT('',(0.09285072324726,0.0593704206161991,0.00920019174231994));
#9425=CARTESIAN_POINT('',(0.0928490680105597,0.0593686733104642,0.00921350298111764));
#9426=CARTESIAN_POINT('',(0.0928474127738593,0.0593669260047376,0.00922681421991534));
#9427=CARTESIAN_POINT('',(0.0928457575371589,0.0593651786990097,0.00924012545871303));
#9428=CARTESIAN_POINT('',(0.093570725650616,0.0603539464729593,0.00253458773331619));
#9429=CARTESIAN_POINT('',(0.093569059747253,0.0603521540922102,0.00254802147755758));
#9430=CARTESIAN_POINT('',(0.0935673938438899,0.0603503617114583,0.00256145522179898));
#9431=CARTESIAN_POINT('',(0.093565727940527,0.0603485693306993,0.00257488896604037));
#9432=CARTESIAN_POINT('',(0.093293063710563,0.0600552041038984,0.00477363687092612));
#9433=CARTESIAN_POINT('',(0.093020399480599,0.0597618388769998,0.00697238477581369));
#9434=CARTESIAN_POINT('',(0.092747735250635,0.0594684736501989,0.00917113268069944));
#9435=CARTESIAN_POINT('',(0.0927460917791746,0.0594667054043983,0.00918438553543205));
#9436=CARTESIAN_POINT('',(0.0927444483077142,0.0594649371586048,0.00919763839016466));
#9437=CARTESIAN_POINT('',(0.0927428048362537,0.0594631689128138,0.00921089124489727));
#9438=CARTESIAN_POINT('',(0.0934406293160307,0.0604827604783969,0.00253475480733374));
#9439=CARTESIAN_POINT('',(0.0934390254896265,0.0604808950349975,0.00254813286301779));
#9440=CARTESIAN_POINT('',(0.0934374216632224,0.0604790295915979,0.00256151091870184));
#9441=CARTESIAN_POINT('',(0.093435817836818,0.0604771641481996,0.00257488897438589));
#9442=CARTESIAN_POINT('',(0.093173313959803,0.0601718405025995,0.00476452213831863));
#9443=CARTESIAN_POINT('',(0.092910810082788,0.0598665168569994,0.00695415530225319));
#9444=CARTESIAN_POINT('',(0.092648306205774,0.0595611932113993,0.00914378846618593));
#9445=CARTESIAN_POINT('',(0.0926467239753869,0.0595593528867682,0.00915698638222479));
#9446=CARTESIAN_POINT('',(0.0926451417449997,0.0595575125621441,0.00917018429826366));
#9447=CARTESIAN_POINT('',(0.0926435595146125,0.0595556722375144,0.00918338221430252));
#9448=CARTESIAN_POINT('',(0.0933938851262369,0.0605290439216433,0.00253481483776897));
#9449=CARTESIAN_POINT('',(0.0933923036043591,0.0605271522265122,0.00254817288430747));
#9450=CARTESIAN_POINT('',(0.0933907220824814,0.0605252605313808,0.00256153093084597));
#9451=CARTESIAN_POINT('',(0.0933891405606037,0.0605233688362495,0.00257488897738447));
#9452=CARTESIAN_POINT('',(0.0931302873434488,0.0602137484777571,0.00476124717448292));
#9453=CARTESIAN_POINT('',(0.092871434126294,0.059904128119304,0.00694760537158319));
#9454=CARTESIAN_POINT('',(0.0926125809091403,0.0595945077608107,0.00913396356868164));
#9455=CARTESIAN_POINT('',(0.0926110206829424,0.0595926415379317,0.00914714174500427));
#9456=CARTESIAN_POINT('',(0.0926094604567444,0.0595907753150593,0.0091603199213269));
#9457=CARTESIAN_POINT('',(0.0926079002305464,0.0595889090921852,0.00917349809764953));
#9458=CARTESIAN_POINT('',(0.093347140936443,0.0605753273648885,0.00253487486820419));
#9459=CARTESIAN_POINT('',(0.0933455817190917,0.060573409418024,0.00254821290559715));
#9460=CARTESIAN_POINT('',(0.0933440225017405,0.0605714914711589,0.0025615509429901));
#9461=CARTESIAN_POINT('',(0.0933424632843892,0.060569573524295,0.00257488898038306));
#9462=CARTESIAN_POINT('',(0.0930872607270946,0.0602556564529103,0.00475797221064721));
#9463=CARTESIAN_POINT('',(0.0928320581697999,0.0599417393816038,0.00694105544091319));
#9464=CARTESIAN_POINT('',(0.0925768556125067,0.0596278223102178,0.00912413867117735));
#9465=CARTESIAN_POINT('',(0.0925753173904979,0.0596259301890962,0.00913729710778375));
#9466=CARTESIAN_POINT('',(0.0925737791684891,0.0596240380679775,0.00915045554439015));
#9467=CARTESIAN_POINT('',(0.0925722409464802,0.0596221459468581,0.00916361398099654));
#9468=CARTESIAN_POINT('',(0.0933003967466491,0.0606216108081339,0.00253493489863941));
#9469=CARTESIAN_POINT('',(0.0932988598338243,0.0606196666095359,0.00254825292688682));
#9470=CARTESIAN_POINT('',(0.0932973229209996,0.0606177224109369,0.00256157095513423));
#9471=CARTESIAN_POINT('',(0.0932957860081748,0.0606157782123409,0.00257488898338164));
#9472=CARTESIAN_POINT('',(0.0930442341107404,0.0602975644280637,0.0047546972468115));
#9473=CARTESIAN_POINT('',(0.0927926822133058,0.059979350643901,0.00693450551024319));
#9474=CARTESIAN_POINT('',(0.092541130315873,0.059661136859625,0.00911431377367306));
#9475=CARTESIAN_POINT('',(0.0925396140980534,0.0596592188402592,0.00912745247056323));
#9476=CARTESIAN_POINT('',(0.0925380978802337,0.0596573008208955,0.00914059116745339));
#9477=CARTESIAN_POINT('',(0.0925365816624141,0.0596553828015314,0.00915372986434355));
#9478=CARTESIAN_POINT('',(0.0926479864890206,0.0595614164105743,0.00914396217676018));
#9479=CARTESIAN_POINT('',(0.0929105926271699,0.0598666625519319,0.00695436153691175));
#9480=CARTESIAN_POINT('',(0.0931731952338902,0.0601719026815071,0.00476473586696066));
#9481=CARTESIAN_POINT('',(0.0934357943079605,0.0604771367992454,0.00257508516692583));
#9482=CARTESIAN_POINT('',(0.0979644709420926,0.0363332246572014,0.00241532459688606));
#9483=CARTESIAN_POINT('',(0.0979549073582049,0.0363332246572015,0.00246851275659679));
#9484=CARTESIAN_POINT('',(0.0979453437743171,0.0363332246572015,0.00252170091630752));
#9485=CARTESIAN_POINT('',(0.0979357801904294,0.0363332246572015,0.00257488907601825));
#9486=CARTESIAN_POINT('',(0.0969794218016545,0.0363332246572053,0.00789370504709127));
#9487=CARTESIAN_POINT('',(0.0960772096018458,0.0363332247096395,0.0128533116410648));
#9488=CARTESIAN_POINT('',(0.0952287922290198,0.0363332247044275,0.0174539171027518));
#9489=CARTESIAN_POINT('',(0.0802180376132068,0.0706458112424694,0.00580042535561681));
#9490=CARTESIAN_POINT('',(0.0802184285496558,0.0706469163154057,0.00579397243781071));
#9491=CARTESIAN_POINT('',(0.0802188194861049,0.0706480213883427,0.00578751952000461));
#9492=CARTESIAN_POINT('',(0.0802192104225539,0.0706491264612781,0.00578106660219852));
#9493=CARTESIAN_POINT('',(0.0802839572509182,0.0708321484537858,0.00471233545003753));
#9494=CARTESIAN_POINT('',(0.0803486917425233,0.0710151740870521,0.00364360954442283));
#9495=CARTESIAN_POINT('',(0.080413413832724,0.0711982033856294,0.00257488896375397));
#9496=CARTESIAN_POINT('',(0.0802426209941555,0.0706237597797452,0.00580757146188951));
#9497=CARTESIAN_POINT('',(0.0802430164174702,0.0706248686421464,0.00580110424781585));
#9498=CARTESIAN_POINT('',(0.080243411840785,0.0706259775045483,0.0057946370337422));
#9499=CARTESIAN_POINT('',(0.0802438072640996,0.0706270863669476,0.00578816981966855));
#9500=CARTESIAN_POINT('',(0.0803092972063921,0.0708107359699929,0.00471707092210094));
#9501=CARTESIAN_POINT('',(0.0803747747795181,0.0709943892232967,0.00364597727753503));
#9502=CARTESIAN_POINT('',(0.0804402399186344,0.0711780461514833,0.00257488896452884));
#9503=CARTESIAN_POINT('',(0.0802672043751041,0.0706017083170226,0.00581471756816219));
#9504=CARTESIAN_POINT('',(0.0802676042852845,0.0706028209688884,0.00580823605782098));
#9505=CARTESIAN_POINT('',(0.080268004195465,0.0706039336207541,0.00580175454747977));
#9506=CARTESIAN_POINT('',(0.0802684041056454,0.0706050462726195,0.00579527303713857));
#9507=CARTESIAN_POINT('',(0.0803346371618659,0.0707893234861956,0.00472180639416436));
#9508=CARTESIAN_POINT('',(0.080400857816513,0.0709736043595445,0.00364834501064722));
#9509=CARTESIAN_POINT('',(0.0804670660045448,0.0711578889173414,0.0025748889653037));
#9510=CARTESIAN_POINT('',(0.0802917877560529,0.0705796568543023,0.00582186367443488));
#9511=CARTESIAN_POINT('',(0.0802921921530989,0.0705807732956345,0.00581536786782612));
#9512=CARTESIAN_POINT('',(0.080292596550145,0.0705818897369671,0.00580887206121736));
#9513=CARTESIAN_POINT('',(0.080293000947191,0.0705830061782997,0.0058023762546086));
#9514=CARTESIAN_POINT('',(0.08035997711734,0.0707679110023989,0.00472654186622777));
#9515=CARTESIAN_POINT('',(0.080426940853508,0.0709528194957994,0.00365071274375942));
#9516=CARTESIAN_POINT('',(0.080493892090455,0.0711377316831996,0.00257488896607857));
#9517=CARTESIAN_POINT('',(0.0823404028365467,0.0687420349594743,0.00641737253090921));
#9518=CARTESIAN_POINT('',(0.0823411811390641,0.0687434671895499,0.00640968536867012));
#9519=CARTESIAN_POINT('',(0.0823419594415814,0.0687448994196255,0.00640199820643102));
#9520=CARTESIAN_POINT('',(0.082342737744099,0.0687463316497006,0.00639431104419192));
#9521=CARTESIAN_POINT('',(0.082471640074981,0.0689835373514995,0.00512116453845511));
#9522=CARTESIAN_POINT('',(0.082600527271276,0.0692207475151978,0.00384802383658053));
#9523=CARTESIAN_POINT('',(0.082729399251218,0.0694579621700999,0.00257488903065087));
#9524=CARTESIAN_POINT('',(0.0843956610319941,0.0669042692142107,0.00698934584104145));
#9525=CARTESIAN_POINT('',(0.0843967633007144,0.0669059673754416,0.00698051441590096));
#9526=CARTESIAN_POINT('',(0.0843978655694346,0.066907665536674,0.00697168299076047));
#9527=CARTESIAN_POINT('',(0.084398967838155,0.0669093636978992,0.00696285156561999));
#9528=CARTESIAN_POINT('',(0.084581525396587,0.0671906128721993,0.00550019243230555));
#9529=CARTESIAN_POINT('',(0.084764069301506,0.0674718662993001,0.00403753824315528));
#9530=CARTESIAN_POINT('',(0.084946599478019,0.0677531240063996,0.00257488907953076));
#9531=CARTESIAN_POINT('',(0.0874847482288701,0.0641480356155035,0.00782504418216081));
#9532=CARTESIAN_POINT('',(0.087486198541074,0.0641499749909355,0.00781454090351175));
#9533=CARTESIAN_POINT('',(0.087487648853278,0.0641519143663678,0.00780403762486269));
#9534=CARTESIAN_POINT('',(0.087489099165482,0.0641538537418001,0.00779353434621363));
#9535=CARTESIAN_POINT('',(0.087729299626622,0.0644750527715985,0.0060539831184774));
#9536=CARTESIAN_POINT('',(0.08796949228303,0.0647962544439995,0.00431443468823409));
#9537=CARTESIAN_POINT('',(0.088209677091811,0.0651174587760988,0.00257488910201528));
#9538=CARTESIAN_POINT('',(0.0885155129169771,0.0632293576983872,0.00809982695360422));
#9539=CARTESIAN_POINT('',(0.0885170556309364,0.0632313503930568,0.00808877395991418));
#9540=CARTESIAN_POINT('',(0.0885185983448956,0.0632333430877251,0.00807772096622415));
#9541=CARTESIAN_POINT('',(0.088520141058855,0.0632353357823998,0.00806666797253411));
#9542=CARTESIAN_POINT('',(0.088775645083038,0.0635653655353998,0.00623607303298332));
#9543=CARTESIAN_POINT('',(0.089031143640554,0.0638953972257994,0.00440548006481504));
#9544=CARTESIAN_POINT('',(0.089286636701418,0.0642254308661983,0.00257488910078747));
#9545=CARTESIAN_POINT('',(0.0905785634803808,0.0613922577589549,0.00864444876878164));
#9546=CARTESIAN_POINT('',(0.0905802094532071,0.061394265557765,0.00863230623362815));
#9547=CARTESIAN_POINT('',(0.0905818554260335,0.061396273356578,0.00862016369847465));
#9548=CARTESIAN_POINT('',(0.09058350139886,0.0613982811553981,0.00860802116332116));
#9549=CARTESIAN_POINT('',(0.090856107139092,0.0617308124543001,0.00659697655145784));
#9550=CARTESIAN_POINT('',(0.09112871134793,0.0620633443841996,0.00458593251651065));
#9551=CARTESIAN_POINT('',(0.091401314017089,0.0623958769492994,0.00257488906791651));
#9552=CARTESIAN_POINT('',(0.0916108095847259,0.0604738300913661,0.00891437659372468));
#9553=CARTESIAN_POINT('',(0.0916124705281928,0.0604758029032778,0.00890169405454935));
#9554=CARTESIAN_POINT('',(0.0916141314716599,0.0604777757151896,0.00888901151537403));
#9555=CARTESIAN_POINT('',(0.091615792415127,0.0604797485271007,0.0088763289761987));
#9556=CARTESIAN_POINT('',(0.091890877590317,0.0608064853011996,0.0067758489898638));
#9557=CARTESIAN_POINT('',(0.092165962764808,0.0611332220904011,0.00467536901029371));
#9558=CARTESIAN_POINT('',(0.092441047938628,0.061459958895,0.0025748890375503));
#9559=CARTESIAN_POINT('',(0.0926435512701512,0.0595556626482124,0.0091834509841273));
#9560=CARTESIAN_POINT('',(0.0926451362486922,0.0595575061692762,0.00917023014481351));
#9561=CARTESIAN_POINT('',(0.0926467212272332,0.0595593496903342,0.00915700930549972));
#9562=CARTESIAN_POINT('',(0.092648306205774,0.0595611932113993,0.00914378846618593));
#9563=CARTESIAN_POINT('',(0.092910810082788,0.0598665168569994,0.00695415530225319));
#9564=CARTESIAN_POINT('',(0.093173313959803,0.0601718405025995,0.00476452213831863));
#9565=CARTESIAN_POINT('',(0.093435817836818,0.0604771641481996,0.00257488897438589));
#9566=CARTESIAN_POINT('',(0.0852169137255285,0.32569596786216,0.730163361765405));
#9567=CARTESIAN_POINT('',(0.085384887411382,0.32569596786216,0.730163361765405));
#9568=CARTESIAN_POINT('',(0.0920309661440635,2.20099999835688,5.73036588191621));
#9569=CARTESIAN_POINT('',(0.091862992456377,2.20099999835688,5.73036588191621));
#9570=CARTESIAN_POINT('',(0.050759210019552,0.0499765697472991,0.0365392192593167));
#9571=CARTESIAN_POINT('',(0.050759210019552,0.0571265697472985,0.0365392192593149));
#9572=CARTESIAN_POINT('',(0.0919276396824035,0.0571265697473979,0.00842817172373418));
#9573=CARTESIAN_POINT('',(0.079671342111,0.0669046900239998,0.00117488896604255));
#9574=CARTESIAN_POINT('',(0.079671342111,0.0611690402570467,0.00626494340885209));
#9575=CARTESIAN_POINT('',(0.0803713421109925,0.0634177239539184,-0.0439199619986094));
#9576=CARTESIAN_POINT('',(0.05944008287812,0.0540631477326006,0.0111419351839091));
#9577=CARTESIAN_POINT('',(0.0594400828781005,0.0611652395862006,0.00626355058212188));
#9578=CARTESIAN_POINT('',(0.05944008287812,0.0553733671555197,0.00962102557693136));
#9579=CARTESIAN_POINT('',(0.0596109404853165,0.0547195870192194,0.00988462038519405));
#9580=CARTESIAN_POINT('',(0.060021863185642,0.0547231304172389,0.00989775274575025));
#9581=CARTESIAN_POINT('',(0.0604328515005495,0.0547263093758978,0.00990980065825951));
#9582=CARTESIAN_POINT('',(0.0612548771547215,0.0547324255627188,0.00993332821348988));
#9583=CARTESIAN_POINT('',(0.061665802238488,0.0547355035240393,0.00994487348885726));
#9584=CARTESIAN_POINT('',(0.0624881619852555,0.0547409121131199,0.00996815438876323));
#9585=CARTESIAN_POINT('',(0.062899534206682,0.0547432594654804,0.00997948725500463));
#9586=CARTESIAN_POINT('',(0.0637230021324005,0.0547460618733986,0.0099994714754528));
#9587=CARTESIAN_POINT('',(0.0641352075152065,0.0547463667476791,0.0100082459567534));
#9588=CARTESIAN_POINT('',(0.06454795798664,0.0547454267973997,0.0100156792129124));
#9589=CARTESIAN_POINT('',(0.059611970237692,0.0549452853860206,0.0097956423046674));
#9590=CARTESIAN_POINT('',(0.060022855978649,0.0549488427337206,0.00980870432714025));
#9591=CARTESIAN_POINT('',(0.0604337019331845,0.0549522073353597,0.00982068109555624));
#9592=CARTESIAN_POINT('',(0.0612556907921685,0.0549583476629394,0.00984414264705521));
#9593=CARTESIAN_POINT('',(0.06166663800311,0.0549613394919586,0.00985556734996496));
#9594=CARTESIAN_POINT('',(0.06248888438036,0.0549668863681205,0.0098785396777274));
#9595=CARTESIAN_POINT('',(0.062900145211335,0.0549694168184605,0.0098897318583884));
#9596=CARTESIAN_POINT('',(0.063723323363363,0.0549726592106001,0.00990950503442051));
#9597=CARTESIAN_POINT('',(0.064135356034654,0.0549732269259184,0.00991821758997859));
#9598=CARTESIAN_POINT('',(0.0645478987741925,0.05497259436242,0.00992560402916764));
#9599=CARTESIAN_POINT('',(0.0596126502909045,0.0551714196096391,0.00970649565853264));
#9600=CARTESIAN_POINT('',(0.0600233925587355,0.0551751725681005,0.0097194468505765));
#9601=CARTESIAN_POINT('',(0.060434219168508,0.0551785202224409,0.00973138865876564));
#9602=CARTESIAN_POINT('',(0.0612563585589695,0.0551844289009598,0.0097548543633964));
#9603=CARTESIAN_POINT('',(0.0616673939125195,0.0551873046574993,0.00976626544059108));
#9604=CARTESIAN_POINT('',(0.0624895435760315,0.0551929999413403,0.00978904354810238));
#9605=CARTESIAN_POINT('',(0.062900694368917,0.0551957029534584,0.00980012999957347));
#9606=CARTESIAN_POINT('',(0.0637236179035895,0.0551993414228793,0.00981978799465482));
#9607=CARTESIAN_POINT('',(0.0641354805021885,0.0552001560205397,0.00982845468811797));
#9608=CARTESIAN_POINT('',(0.064547829512328,0.0551998157441194,0.0098358404886517));
#9609=CARTESIAN_POINT('',(0.0596140685170035,0.055623755776919,0.00952834162736204));
#9610=CARTESIAN_POINT('',(0.060024719798293,0.0556276008507002,0.00954119889917499));
#9611=CARTESIAN_POINT('',(0.0604356559432805,0.0556307064314403,0.00955321196399891));
#9612=CARTESIAN_POINT('',(0.0612580664451245,0.0556361923660802,0.00957679095516361));
#9613=CARTESIAN_POINT('',(0.0616691974909645,0.055638955623559,0.00958820651664862));
#9614=CARTESIAN_POINT('',(0.0624911533238555,0.0556449527335001,0.00961074389743561));
#9615=CARTESIAN_POINT('',(0.0629020964044635,0.0556479720676197,0.0096216888004165));
#9616=CARTESIAN_POINT('',(0.063724525697134,0.0556523683913195,0.00964125303100074));
#9617=CARTESIAN_POINT('',(0.0641360756968555,0.0556536501440608,0.00964992193731383));
#9618=CARTESIAN_POINT('',(0.064548062994879,0.0556538473124402,0.00965734492072096));
#9619=CARTESIAN_POINT('',(0.059614806487751,0.0558499671892605,0.00943932631260144));
#9620=CARTESIAN_POINT('',(0.060025503024826,0.0558537222541204,0.00945219704830396));
#9621=CARTESIAN_POINT('',(0.060436563730595,0.0558566062610808,0.00946431168557252));
#9622=CARTESIAN_POINT('',(0.06125909784235,0.0558618940953384,0.00948799837153801));
#9623=CARTESIAN_POINT('',(0.0616702404129585,0.0558646558603595,0.00949943511340224));
#9624=CARTESIAN_POINT('',(0.062492097938026,0.0558708065826998,0.00952192590156234));
#9625=CARTESIAN_POINT('',(0.0629029426221495,0.0558739699835193,0.00953283475151279));
#9626=CARTESIAN_POINT('',(0.06372513332351,0.0558787261076983,0.0095524205348571));
#9627=CARTESIAN_POINT('',(0.0641365399591715,0.0558802274107393,0.00956113428088389));
#9628=CARTESIAN_POINT('',(0.064548359215612,0.0558806713839388,0.00956859942312194));
#9629=CARTESIAN_POINT('',(0.059617501553495,0.0565284074885391,0.00917256313906929));
#9630=CARTESIAN_POINT('',(0.060028560752446,0.0565315730485185,0.00918562560135391));
#9631=CARTESIAN_POINT('',(0.060439967739408,0.0565338350448794,0.00919812708095298));
#9632=CARTESIAN_POINT('',(0.0612626631858935,0.0565387850951389,0.00922222387683067));
#9633=CARTESIAN_POINT('',(0.0616737305039415,0.0565416564404604,0.00923374431194204));
#9634=CARTESIAN_POINT('',(0.0624952814803175,0.0565482399024582,0.00925625718171792));
#9635=CARTESIAN_POINT('',(0.062905861963826,0.0565517791482382,0.00926715978023417));
#9636=CARTESIAN_POINT('',(0.0637274015952755,0.05655750521362,0.00928697637650175));
#9637=CARTESIAN_POINT('',(0.064138429947097,0.0565595924621185,0.00929590501222237));
#9638=CARTESIAN_POINT('',(0.064549798067571,0.0565607164548201,0.00930360388911604));
#9639=CARTESIAN_POINT('',(0.059620180353507,0.0569804608843203,0.00899504201057047));
#9640=CARTESIAN_POINT('',(0.0600317648421335,0.0569828917463582,0.00900843468024281));
#9641=CARTESIAN_POINT('',(0.0604432536403965,0.0569848969737592,0.00902122326307936));
#9642=CARTESIAN_POINT('',(0.0612657328936265,0.0569899365054809,0.00904566640329013));
#9643=CARTESIAN_POINT('',(0.0616766287622425,0.0569929723064391,0.00905729196826327));
#9644=CARTESIAN_POINT('',(0.062497906199676,0.0569998176486983,0.00908001185282786));
#9645=CARTESIAN_POINT('',(0.0629083279933355,0.0570035432557798,0.00909103919880687));
#9646=CARTESIAN_POINT('',(0.0637295132542955,0.0570097488921597,0.00911122119415799));
#9647=CARTESIAN_POINT('',(0.0641403376464265,0.0570121188520592,0.00912034133669767));
#9648=CARTESIAN_POINT('',(0.064551467742125,0.0570136597658006,0.00912844304212456));
#9649=CARTESIAN_POINT('',(0.059622720825982,0.0576588539650995,0.00872871428222972));
#9650=CARTESIAN_POINT('',(0.060033922146624,0.0576617854827202,0.00874193761968143));
#9651=CARTESIAN_POINT('',(0.060445338578563,0.0576640657091581,0.00875505450081409));
#9652=CARTESIAN_POINT('',(0.061267849238122,0.0576693682452998,0.00878028821773459));
#9653=CARTESIAN_POINT('',(0.061678815736724,0.0576724481020197,0.00879234056924079));
#9654=CARTESIAN_POINT('',(0.062500226068322,0.0576793533719986,0.00881582403247552));
#9655=CARTESIAN_POINT('',(0.0629107486779455,0.0576830834946804,0.0088272913743207));
#9656=CARTESIAN_POINT('',(0.0637320482150535,0.0576894492407192,0.00884839556874856));
#9657=CARTESIAN_POINT('',(0.064142862702652,0.057691980947439,0.00885794632313127));
#9658=CARTESIAN_POINT('',(0.0645539162955525,0.0576937204319403,0.00886635102719088));
#9659=CARTESIAN_POINT('',(0.0596233135675935,0.0578849831951196,0.00863994994014039));
#9660=CARTESIAN_POINT('',(0.060034256560832,0.057888253848839,0.00865304068885476));
#9661=CARTESIAN_POINT('',(0.060445639844507,0.0578907133652979,0.00866628122709807));
#9662=CARTESIAN_POINT('',(0.0612682040494955,0.0578961616140195,0.00869182881782474));
#9663=CARTESIAN_POINT('',(0.06167922772748,0.0578992527799205,0.00870405219785234));
#9664=CARTESIAN_POINT('',(0.0625007681619995,0.0579061352459185,0.00872785652338591));
#9665=CARTESIAN_POINT('',(0.062911376463369,0.0579098272725585,0.00873950672693343));
#9666=CARTESIAN_POINT('',(0.0637328040826885,0.0579161778525794,0.0087609777980128));
#9667=CARTESIAN_POINT('',(0.0641436619299085,0.0579187322423582,0.00877071371754261));
#9668=CARTESIAN_POINT('',(0.0645547309728135,0.0579204674347,0.00877915133641836));
#9669=CARTESIAN_POINT('',(0.0596248182124085,0.0583370212130401,0.00846241545128208));
#9670=CARTESIAN_POINT('',(0.0600355788825415,0.0583405900278606,0.00847550118944835));
#9671=CARTESIAN_POINT('',(0.0604468199806765,0.0583435017597402,0.00848903999682511));
#9672=CARTESIAN_POINT('',(0.061269296540768,0.0583494840158991,0.00851521881020109));
#9673=CARTESIAN_POINT('',(0.0616803531118285,0.0583526927248794,0.00852776639708323));
#9674=CARTESIAN_POINT('',(0.062502041284366,0.0583596429744784,0.00855221758853384));
#9675=CARTESIAN_POINT('',(0.062912765256941,0.0583633075905805,0.00856423352379384));
#9676=CARTESIAN_POINT('',(0.0637343667525145,0.0583696947400192,0.00858644793016746));
#9677=CARTESIAN_POINT('',(0.064145277781957,0.0583723207337403,0.00859655885193178));
#9678=CARTESIAN_POINT('',(0.0645563520859375,0.0583741009114007,0.00860513910643223));
#9679=CARTESIAN_POINT('',(0.0596256934888925,0.0585629629043805,0.00837364952312628));
#9680=CARTESIAN_POINT('',(0.060036500640545,0.0585665244364595,0.00838684811254938));
#9681=CARTESIAN_POINT('',(0.0604476415377475,0.0585696997337788,0.00840055863871633));
#9682=CARTESIAN_POINT('',(0.061269993229802,0.0585760536192588,0.00842705842081906));
#9683=CARTESIAN_POINT('',(0.0616810314047895,0.0585793627162996,0.00843976127736239));
#9684=CARTESIAN_POINT('',(0.062502748012673,0.0585863940369009,0.00846454389574816));
#9685=CARTESIAN_POINT('',(0.062913507912287,0.0585900638663208,0.00847674562520136));
#9686=CARTESIAN_POINT('',(0.063735164677889,0.0585964929372587,0.00849933717904156));
#9687=CARTESIAN_POINT('',(0.064146090151367,0.0585991630339606,0.00850963798322655));
#9688=CARTESIAN_POINT('',(0.0645571583902665,0.0586009860408989,0.00851832284622747));
#9689=CARTESIAN_POINT('',(0.0596275013732675,0.0590150102359601,0.00819599968635123));
#9690=CARTESIAN_POINT('',(0.0600384410396805,0.0590184772492997,0.00820951917661851));
#9691=CARTESIAN_POINT('',(0.0604494313863635,0.059022076517639,0.00822358251382701));
#9692=CARTESIAN_POINT('',(0.0612715204121865,0.0590291604548803,0.00825078551092741));
#9693=CARTESIAN_POINT('',(0.0616824926870185,0.0590327195547999,0.00826387498755186));
#9694=CARTESIAN_POINT('',(0.062504221396239,0.0590399970468596,0.00828951004754575));
#9695=CARTESIAN_POINT('',(0.062915029011437,0.0590437115453391,0.0083021580422635));
#9696=CARTESIAN_POINT('',(0.0637367624303005,0.0590502389725582,0.00832553723810609));
#9697=CARTESIAN_POINT('',(0.0641477058309025,0.0590529818626386,0.00833618305137007));
#9698=CARTESIAN_POINT('',(0.0645587594008565,0.0590548859674005,0.00834506349988224));
#9699=CARTESIAN_POINT('',(0.0596283973544385,0.0592411487796198,0.00810711999634516));
#9700=CARTESIAN_POINT('',(0.060039393531315,0.0592445622492193,0.00812083280926738));
#9701=CARTESIAN_POINT('',(0.0604503423647545,0.0592483125631986,0.00813507434549464));
#9702=CARTESIAN_POINT('',(0.061272309914671,0.0592557382573595,0.00816266320874959));
#9703=CARTESIAN_POINT('',(0.061683240575654,0.0592594411262404,0.008175986127122));
#9704=CARTESIAN_POINT('',(0.0625049637511165,0.05926687420218,0.00820214762510581));
#9705=CARTESIAN_POINT('',(0.0629157891024385,0.0592706226842399,0.00821505901507797));
#9706=CARTESIAN_POINT('',(0.063737553380521,0.0592771967322392,0.00823884939428021));
#9707=CARTESIAN_POINT('',(0.0641485048856465,0.0592799634948591,0.00824965037953574));
#9708=CARTESIAN_POINT('',(0.0645595539755835,0.0592818994199398,0.00825861669275063));
#9709=CARTESIAN_POINT('',(0.0596300677161635,0.0596935225365396,0.00792891222807498));
#9710=CARTESIAN_POINT('',(0.060040976093436,0.0596969957405591,0.00794283575302845));
#9711=CARTESIAN_POINT('',(0.0604519183061545,0.0597009325279991,0.00795742997507445));
#9712=CARTESIAN_POINT('',(0.061273752161117,0.0597089237522201,0.00798594883835723));
#9713=CARTESIAN_POINT('',(0.061684635452094,0.0597129573818194,0.00800001104325621));
#9714=CARTESIAN_POINT('',(0.062506376657177,0.0597208325102194,0.00802773788248301));
#9715=CARTESIAN_POINT('',(0.0629172460524315,0.0597247012472604,0.00804137888764459));
#9716=CARTESIAN_POINT('',(0.063739094001833,0.0597313883488191,0.00806615984035588));
#9717=CARTESIAN_POINT('',(0.0641500748805975,0.0597341696120601,0.0080772346915547));
#9718=CARTESIAN_POINT('',(0.064561134249694,0.0597360601632992,0.00808612884613075));
#9719=CARTESIAN_POINT('',(0.059630805469998,0.0599197906532183,0.00783958836842406));
#9720=CARTESIAN_POINT('',(0.0600415400144245,0.0599234108277003,0.00785351455582142));
#9721=CARTESIAN_POINT('',(0.0604525259560095,0.0599273736829993,0.0078682803714348));
#9722=CARTESIAN_POINT('',(0.061274363914213,0.0599355720148189,0.00789734698847448));
#9723=CARTESIAN_POINT('',(0.061685247339266,0.0599397867902987,0.00791191712948014));
#9724=CARTESIAN_POINT('',(0.062507022907978,0.0599479388706996,0.00794068829527693));
#9725=CARTESIAN_POINT('',(0.0629179245586205,0.0599518884069994,0.0079547984445566));
#9726=CARTESIAN_POINT('',(0.063739834796108,0.0599586321273193,0.00798015947624112));
#9727=CARTESIAN_POINT('',(0.0641508415654225,0.0599613992007999,0.00799135306672491));
#9728=CARTESIAN_POINT('',(0.0645619198175435,0.0599632061096997,0.00800008408565134));
#9729=CARTESIAN_POINT('',(0.0596319838073895,0.0601453540785784,0.00774970271554368));
#9730=CARTESIAN_POINT('',(0.0600427939681055,0.0601487959461,0.00776357585542067));
#9731=CARTESIAN_POINT('',(0.0604536929805305,0.0601529534003991,0.00777856251202678));
#9732=CARTESIAN_POINT('',(0.061275376120291,0.0601615729474396,0.00780826980734952));
#9733=CARTESIAN_POINT('',(0.061686228041633,0.0601660950138996,0.00782360207285487));
#9734=CARTESIAN_POINT('',(0.0625079305360415,0.0601747937734789,0.00785382310241468));
#9735=CARTESIAN_POINT('',(0.062918796437505,0.0601789576496383,0.00786855075892422));
#9736=CARTESIAN_POINT('',(0.063740669438718,0.0601859465977803,0.00789468861780091));
#9737=CARTESIAN_POINT('',(0.0641516521968655,0.0601887581207006,0.00790600002012487));
#9738=CARTESIAN_POINT('',(0.064562707321796,0.0601904482142004,0.00791433760618703));
#9739=CARTESIAN_POINT('',(0.0635451599341349,0.0567311942287883,0.00921463228309222));
#9740=CARTESIAN_POINT('',(0.0635682471047141,0.0566822085082657,0.00923430056290693));
#9741=CARTESIAN_POINT('',(0.0635913322222492,0.056633222560379,0.00925397068596235));
#9742=CARTESIAN_POINT('',(0.0636144153800911,0.0565842365059489,0.0092736428436189));
#9743=CARTESIAN_POINT('',(0.0635451599955559,0.0567311942577362,0.00921463228309222));
#9744=CARTESIAN_POINT('',(0.0635451599955559,0.0567311942577362,0.00921463228309222));
#9745=CARTESIAN_POINT('',(0.0627980272732169,0.0560816430740181,0.00944809288824142));
#9746=CARTESIAN_POINT('',(0.0620507443302132,0.0554322717598129,0.00968157930995128));
#9747=CARTESIAN_POINT('',(0.0613167880137724,0.0547697114562754,0.00992046703758355));
#9748=CARTESIAN_POINT('',(0.0600879198584243,0.0553923189709063,0.00963584841721374));
#9749=CARTESIAN_POINT('',(0.060087310688349,0.0551974426087839,0.0097126142869153));
#9750=CARTESIAN_POINT('',(0.0600867015182738,0.0550025662466616,0.00978938015661686));
#9751=CARTESIAN_POINT('',(0.0600860923481985,0.0548076898845392,0.00986614602631841));
#9752=CARTESIAN_POINT('',(0.0597568872537105,0.0553770850034798,0.00963046105810839));
#9753=CARTESIAN_POINT('',(0.0598037498817805,0.0611621863456406,0.00626786662928501));
#9754=CARTESIAN_POINT('',(0.0595003089194136,0.0611602765582062,0.00627057619057598));
#9755=CARTESIAN_POINT('',(0.0595003089296149,0.0611616532568351,0.00626862301932046));
#9756=CARTESIAN_POINT('',(0.0595003089398163,0.0611630299554639,0.00626666984806494));
#9757=CARTESIAN_POINT('',(0.0595003089500176,0.0611644066540928,0.00626471667680942));
#9758=CARTESIAN_POINT('',(0.0594400826643255,0.061165239586181,0.00626355058210075));
#9759=CARTESIAN_POINT('',(0.083182120435455,0.0540631477326006,0.00572280317548767));
#9760=CARTESIAN_POINT('',(0.0832097209086007,0.0599907030612338,0.00789548319470038));
#9761=CARTESIAN_POINT('',(0.0823528283547257,0.0600005577721639,0.00792234673945242));
#9762=CARTESIAN_POINT('',(0.0814962450868792,0.0600089543218772,0.00794530365299589));
#9763=CARTESIAN_POINT('',(0.0802111914313741,0.0600200434322993,0.00797573279638075));
#9764=CARTESIAN_POINT('',(0.0797828049543483,0.0600234822590069,0.00798518170870269));
#9765=CARTESIAN_POINT('',(0.0789260161769167,0.0600298847245942,0.00800282386559652));
#9766=CARTESIAN_POINT('',(0.0784976125866292,0.0600328561885445,0.0080110566673315));
#9767=CARTESIAN_POINT('',(0.0780691936795242,0.0600356142282061,0.00801863281485638));
#9768=CARTESIAN_POINT('',(0.0832094547391418,0.0595631497970903,0.00805093607090415));
#9769=CARTESIAN_POINT('',(0.0823527221751179,0.0595734056923478,0.00807890477760308));
#9770=CARTESIAN_POINT('',(0.0814961867708837,0.0595820381976188,0.00810247115125095));
#9771=CARTESIAN_POINT('',(0.0802111974419426,0.0595934135213011,0.0081336619655902));
#9772=CARTESIAN_POINT('',(0.0797828244844983,0.059596856738554,0.00814311277665079));
#9773=CARTESIAN_POINT('',(0.0789260498144356,0.0596030836619583,0.00816024892130337));
#9774=CARTESIAN_POINT('',(0.0784976470265895,0.0596058895426823,0.00816803765619959));
#9775=CARTESIAN_POINT('',(0.0780692240464742,0.0596083515422941,0.00817485807222812));
#9776=CARTESIAN_POINT('',(0.0832093565850268,0.0591359018655527,0.0082072534573704));
#9777=CARTESIAN_POINT('',(0.0823526718319222,0.0591459637179658,0.00823470510811485));
#9778=CARTESIAN_POINT('',(0.081496170103199,0.059154887709249,0.00825908189776974));
#9779=CARTESIAN_POINT('',(0.080211206480264,0.0591664019383997,0.00829067096416164));
#9780=CARTESIAN_POINT('',(0.0797828409729783,0.0591698425119031,0.00830011893022038));
#9781=CARTESIAN_POINT('',(0.0789260726175156,0.0591759772720237,0.00831700863821714));
#9782=CARTESIAN_POINT('',(0.0784976708220613,0.0591787249478205,0.00832463942125631));
#9783=CARTESIAN_POINT('',(0.0780692575935295,0.0591812678896741,0.00833168291256704));
#9784=CARTESIAN_POINT('',(0.08320937498658,0.0582627666029598,0.00852818387939451));
#9785=CARTESIAN_POINT('',(0.082352760988619,0.0582728215427188,0.00855561173122853));
#9786=CARTESIAN_POINT('',(0.0814962596231255,0.0582820028725202,0.0085807118355283));
#9787=CARTESIAN_POINT('',(0.0802113059862925,0.0582937789899383,0.00861302726746619));
#9788=CARTESIAN_POINT('',(0.0797829446678745,0.0582972300963593,0.00862250705837046));
#9789=CARTESIAN_POINT('',(0.078926176739994,0.058303312164,0.00863924168321692));
#9790=CARTESIAN_POINT('',(0.0784977742131965,0.0583060450803998,0.00864681231101661));
#9791=CARTESIAN_POINT('',(0.078069374217649,0.0583087085712588,0.00865418143906277));
#9792=CARTESIAN_POINT('',(0.083209461737207,0.0578169189377604,0.0086928981729723));
#9793=CARTESIAN_POINT('',(0.082352868633066,0.0578270224589392,0.00872045192858124));
#9794=CARTESIAN_POINT('',(0.081496348215676,0.0578362827714205,0.00874577053312876));
#9795=CARTESIAN_POINT('',(0.080211385385756,0.0578481967912001,0.00877846570592868));
#9796=CARTESIAN_POINT('',(0.0797830234083615,0.0578516626568781,0.00878798757965927));
#9797=CARTESIAN_POINT('',(0.0789262507980175,0.0578577576033403,0.00880474683895339));
#9798=CARTESIAN_POINT('',(0.0784978451942435,0.0578605413156197,0.00881244059473334));
#9799=CARTESIAN_POINT('',(0.0780694484683985,0.0578631868078201,0.00881976663977157));
#9800=CARTESIAN_POINT('',(0.083209603624199,0.0569257340627001,0.0090236857353448));
#9801=CARTESIAN_POINT('',(0.0823530640745955,0.0569359048731588,0.00905140826581367));
#9802=CARTESIAN_POINT('',(0.08149653598905,0.0569454066559008,0.00907738344899416));
#9803=CARTESIAN_POINT('',(0.08021157686211,0.0569576102741998,0.00911085891097223));
#9804=CARTESIAN_POINT('',(0.079783218845408,0.056961124238839,0.00912051535369204));
#9805=CARTESIAN_POINT('',(0.078926446178069,0.0569672138779005,0.00913726166098182));
#9806=CARTESIAN_POINT('',(0.078498037429103,0.0569699581818384,0.00914484360838762));
#9807=CARTESIAN_POINT('',(0.078069637833743,0.0569727855694193,0.00915265342710009));
#9808=CARTESIAN_POINT('',(0.0832096887359015,0.0564803922127997,0.0091897486796427));
#9809=CARTESIAN_POINT('',(0.0823531739631765,0.0564906129150984,0.0092175987534061));
#9810=CARTESIAN_POINT('',(0.081496642189006,0.05650009002742,0.00924353670845188));
#9811=CARTESIAN_POINT('',(0.080211688316698,0.0565123319159007,0.00927712991504527));
#9812=CARTESIAN_POINT('',(0.079783332671633,0.0565158804493393,0.00928687495573047));
#9813=CARTESIAN_POINT('',(0.078926558628327,0.0565219871419593,0.00930366478482169));
#9814=CARTESIAN_POINT('',(0.0784981493557095,0.0565246779134192,0.00931111052699919));
#9815=CARTESIAN_POINT('',(0.078069745949775,0.0565276593408388,0.00931933154959362));
#9816=CARTESIAN_POINT('',(0.083209907718348,0.0555901587158783,0.00952308928635004));
#9817=CARTESIAN_POINT('',(0.0823534302436995,0.0556004948170799,0.00955123574480032));
#9818=CARTESIAN_POINT('',(0.0814968765897345,0.0556098018059199,0.00957671117888359));
#9819=CARTESIAN_POINT('',(0.080211917253404,0.0556219372735196,0.00961004468327312));
#9820=CARTESIAN_POINT('',(0.079783561821912,0.0556255195773989,0.00961986465158071));
#9821=CARTESIAN_POINT('',(0.0789267710205405,0.055631782746838,0.00963699013080272));
#9822=CARTESIAN_POINT('',(0.0784983509168345,0.0556345554011184,0.00964462100686789));
#9823=CARTESIAN_POINT('',(0.078069936743595,0.0556375755956395,0.00965293899871508));
#9824=CARTESIAN_POINT('',(0.08321004008101,0.0551452622756994,0.0096903597427044));
#9825=CARTESIAN_POINT('',(0.0823535749538735,0.0551556705290199,0.00971868003103907));
#9826=CARTESIAN_POINT('',(0.0814970096431625,0.0551650260102381,0.0097441916394906));
#9827=CARTESIAN_POINT('',(0.08021203693802,0.0551770919577592,0.00977730768698575));
#9828=CARTESIAN_POINT('',(0.0797836779559305,0.0551806286739591,0.00978700970410505));
#9829=CARTESIAN_POINT('',(0.078926878087087,0.0551870054208195,0.00980437663852705));
#9830=CARTESIAN_POINT('',(0.0784984491111205,0.0551898729034992,0.00981220914709731));
#9831=CARTESIAN_POINT('',(0.078070026837588,0.0551929371330182,0.00982061812381105));
#9832=CARTESIAN_POINT('',(0.08321019207648,0.0547005652036994,0.00985816913728514));
#9833=CARTESIAN_POINT('',(0.082353740908628,0.0547110583381993,0.00988672203336574));
#9834=CARTESIAN_POINT('',(0.081497178451937,0.0547203732718593,0.00991214381273947));
#9835=CARTESIAN_POINT('',(0.0802122150685945,0.0547327570629186,0.00994606986182755));
#9836=CARTESIAN_POINT('',(0.0797838625417535,0.0547365210398993,0.00995633265430949));
#9837=CARTESIAN_POINT('',(0.078927054218868,0.0547431559106411,0.00997427908722909));
#9838=CARTESIAN_POINT('',(0.078498616557966,0.054746136818979,0.00998234831255783));
#9839=CARTESIAN_POINT('',(0.078070184115128,0.0547493325570994,0.00999104186539945));
#9840=CARTESIAN_POINT('',(0.0414113428513308,-0.00648196431391363,0.00246146785536772));
#9841=CARTESIAN_POINT('',(0.0414227263179144,-0.00647837824836525,0.00257488905694017));
#9842=CARTESIAN_POINT('',(0.0429133191426787,-0.00600880568641023,0.0174266767790869));
#9843=CARTESIAN_POINT('',(0.0433198134736531,-0.00588075018156529,0.0214768556173515));
#9844=CARTESIAN_POINT('',(0.0433312538024328,-0.00587714620245418,0.0215908433755939));
#9845=CARTESIAN_POINT('',(0.0414110222226919,-0.00651381188233279,0.00246146785847616));
#9846=CARTESIAN_POINT('',(0.0414224038618579,-0.00651023281847709,0.00257488905591687));
#9847=CARTESIAN_POINT('',(0.0429127573978714,-0.00604157708380727,0.0174266762370376));
#9848=CARTESIAN_POINT('',(0.0433191864732471,-0.00591377160371038,0.0214768549277626));
#9849=CARTESIAN_POINT('',(0.0433306249654808,-0.00591017466126642,0.0215908426818527));
#9850=CARTESIAN_POINT('',(0.041410701594053,-0.00654565945075194,0.00246146786158461));
#9851=CARTESIAN_POINT('',(0.0414220814058015,-0.00654208738858892,0.00257488905489357));
#9852=CARTESIAN_POINT('',(0.0429121956530642,-0.00607434848120431,0.0174266756949883));
#9853=CARTESIAN_POINT('',(0.043318559472841,-0.00594679302585546,0.0214768542381738));
#9854=CARTESIAN_POINT('',(0.0433299961285289,-0.00594320312007865,0.0215908419881116));
#9855=CARTESIAN_POINT('',(0.0414103809654141,-0.0065775070191711,0.00246146786469306));
#9856=CARTESIAN_POINT('',(0.041421758949745,-0.00657394195870076,0.00257488905387027));
#9857=CARTESIAN_POINT('',(0.042911633908257,-0.00610711987860135,0.017426675152939));
#9858=CARTESIAN_POINT('',(0.043317932472435,-0.00597981444800055,0.021476853548585));
#9859=CARTESIAN_POINT('',(0.0433293672915769,-0.00597623157889089,0.0215908412943704));
#9860=CARTESIAN_POINT('',(0.041397021540275,-0.0079044789565914,0.00246146799421074));
#9861=CARTESIAN_POINT('',(0.041408323382786,-0.00790120563110008,0.00257488901123316));
#9862=CARTESIAN_POINT('',(0.04288822805242,-0.00747258439769993,0.0174266525677226));
#9863=CARTESIAN_POINT('',(0.043291807653968,-0.00735569658579927,0.0214768248159357));
#9864=CARTESIAN_POINT('',(0.0433031659509444,-0.00735240690892709,0.0215908123887084));
#9865=CARTESIAN_POINT('',(0.0414057148149733,-0.0092330217205029,0.00246146845079514));
#9866=CARTESIAN_POINT('',(0.041417063508499,-0.00923006171180063,0.00257488929157217));
#9867=CARTESIAN_POINT('',(0.042903103021669,-0.00884246732690031,0.0174266297698446));
#9868=CARTESIAN_POINT('',(0.043308355633527,-0.00873676780260091,0.0214767957246618));
#9869=CARTESIAN_POINT('',(0.0433197610155094,-0.0087337930075749,0.0215907831203139));
#9870=CARTESIAN_POINT('',(0.0415819879237136,-0.0118820923110486,0.00246147004930824));
#9871=CARTESIAN_POINT('',(0.041594346326557,-0.0118796379227994,0.00257489052614574));
#9872=CARTESIAN_POINT('',(0.043212600877478,-0.0115582513335006,0.0174265833488421));
#9873=CARTESIAN_POINT('',(0.043653909384884,-0.0114706071050001,0.0214767363080932));
#9874=CARTESIAN_POINT('',(0.0436663295197622,-0.0114681404561133,0.0215907233379997));
#9875=CARTESIAN_POINT('',(0.0417702748848388,-0.0132001926614581,0.00246147096140796));
#9876=CARTESIAN_POINT('',(0.041783380189165,-0.0131979053044002,0.00257489125329767));
#9877=CARTESIAN_POINT('',(0.043499436756978,-0.0128983903904007,0.0174265598582529));
#9878=CARTESIAN_POINT('',(0.043967416507367,-0.0128167107099006,0.0214767062133974));
#9879=CARTESIAN_POINT('',(0.04398058727458,-0.0128144119265499,0.0215906930574387));
#9880=CARTESIAN_POINT('',(0.0423752984209126,-0.0157857866613058,0.00246147245641258));
#9881=CARTESIAN_POINT('',(0.042389743841674,-0.0157837406650998,0.00257489238158042));
#9882=CARTESIAN_POINT('',(0.044281280165842,-0.0155158304242011,0.0174265129666305));
#9883=CARTESIAN_POINT('',(0.044797114381956,-0.0154427695436006,0.0214766462268121));
#9884=CARTESIAN_POINT('',(0.0448116319596402,-0.0154407133267441,0.0215906327023103));
#9885=CARTESIAN_POINT('',(0.0427673165935472,-0.0170554534819247,0.00246147317855206));
#9886=CARTESIAN_POINT('',(0.042782456943138,-0.0170534818056005,0.00257489292111087));
#9887=CARTESIAN_POINT('',(0.044764989794524,-0.0167953032842015,0.0174264895946649));
#9888=CARTESIAN_POINT('',(0.045305639353086,-0.0167248963070002,0.0214766163341915));
#9889=CARTESIAN_POINT('',(0.0453208553308579,-0.0167229147812985,0.0215906026261731));
#9890=CARTESIAN_POINT('',(0.0436024520401795,-0.0195751282434012,0.00246147504219131));
#9891=CARTESIAN_POINT('',(0.043619318588693,-0.0195731211573005,0.00257489441960525));
#9892=CARTESIAN_POINT('',(0.04582788625201,-0.0193103059488991,0.0174264432797531));
#9893=CARTESIAN_POINT('',(0.046430176968712,-0.0192386345176008,0.0214765569805491));
#9894=CARTESIAN_POINT('',(0.0464471277680097,-0.0192366174052427,0.0215905429055702));
#9895=CARTESIAN_POINT('',(0.0440510300132527,-0.020824694641052,0.00246147613654606));
#9896=CARTESIAN_POINT('',(0.044068898067137,-0.0208225843856997,0.00257489533160652));
#9897=CARTESIAN_POINT('',(0.046408606513346,-0.0205462598173991,0.0174264203137204));
#9898=CARTESIAN_POINT('',(0.047046660171696,-0.0204709042962002,0.0214765275029563));
#9899=CARTESIAN_POINT('',(0.0470646174790293,-0.0204687834992473,0.0215905132447168));
#9900=CARTESIAN_POINT('',(0.0445121292008073,-0.0220694047167772,0.00246147740115173));
#9901=CARTESIAN_POINT('',(0.044531114644656,-0.0220671150024004,0.00257489641393796));
#9902=CARTESIAN_POINT('',(0.047017138227034,-0.0217672914120009,0.0174263975283971));
#9903=CARTESIAN_POINT('',(0.047695092971666,-0.021685527555201,0.0214764982088996));
#9904=CARTESIAN_POINT('',(0.0477141732504923,-0.0216832264028057,0.0215904837674791));
#9905=CARTESIAN_POINT('',(0.0445231969026292,-0.0220992813254216,0.00246147743150589));
#9906=CARTESIAN_POINT('',(0.044542209167039,-0.022096987303514,0.00257489643991702));
#9907=CARTESIAN_POINT('',(0.0470317447319641,-0.0217965996692456,0.017426396981484));
#9908=CARTESIAN_POINT('',(0.0477106572170069,-0.0217146819940276,0.0214764975057583));
#9909=CARTESIAN_POINT('',(0.047729764450367,-0.0217123765125849,0.0215904830599409));
#9910=CARTESIAN_POINT('',(0.0445342646044511,-0.0221291579340661,0.00246147746186005));
#9911=CARTESIAN_POINT('',(0.044553303689422,-0.0221268596046276,0.00257489646589607));
#9912=CARTESIAN_POINT('',(0.0470463512368942,-0.0218259079264903,0.017426396434571));
#9913=CARTESIAN_POINT('',(0.0477262214623479,-0.0217438364328543,0.021476496802617));
#9914=CARTESIAN_POINT('',(0.0477453556502418,-0.0217415266223641,0.0215904823524028));
#9915=CARTESIAN_POINT('',(0.044545332306273,-0.0221590345427106,0.00246147749221421));
#9916=CARTESIAN_POINT('',(0.0445643982118051,-0.0221567319057412,0.00257489649187513));
#9917=CARTESIAN_POINT('',(0.0470609577418243,-0.021855216183735,0.0174263958876579));
#9918=CARTESIAN_POINT('',(0.0477417857076888,-0.0217729908716809,0.0214764960994757));
#9919=CARTESIAN_POINT('',(0.0477609468501165,-0.0217706767321433,0.0215904816448646));
#9920=CARTESIAN_POINT('',(0.044390011908654,-0.021685916000802,0.00257489000240049));
#9921=CARTESIAN_POINT('',(0.045357754487597,-0.0216859160009015,0.00821167944036598));
#9922=CARTESIAN_POINT('',(0.046340498713054,-0.0216859159984004,0.0138457832858708));
#9923=CARTESIAN_POINT('',(0.047339779943168,-0.0216859181598003,0.0194770704702328));
#9924=CARTESIAN_POINT('',(0.0443900119553158,-0.0216859159675808,0.00257488971983339));
#9925=CARTESIAN_POINT('',(0.047339779943168,-0.0216859181598003,0.0194770704702328));
#9926=CARTESIAN_POINT('',(2.95880355708103,0.0247626365184388,-0.496889265841275));
#9927=CARTESIAN_POINT('',(0.0476951563432107,-0.0216855234867772,0.0214770249665536));
#9928=CARTESIAN_POINT('',(0.0476951847124874,-0.0216855083414338,0.0214770706873856));
#9929=CARTESIAN_POINT('',(0.0470435240013176,-0.0204648596895604,0.0214770706873856));
#9930=CARTESIAN_POINT('',(0.0458067798056231,-0.0179912569627369,0.0214770706873856));
#9931=CARTESIAN_POINT('',(0.0442723637177232,-0.0141199003009701,0.0214770706873856));
#9932=CARTESIAN_POINT('',(0.0433320741748487,-0.0100995085066388,0.0214770706873856));
#9933=CARTESIAN_POINT('',(0.0432917856217009,-0.00735814924898173,0.0214770706873856));
#9934=CARTESIAN_POINT('',(0.0433179541175961,-0.00597981485894677,0.0214770706873856));
#9935=CARTESIAN_POINT('',(0.043317932472435,-0.00597981444800055,0.021476853548585));
#9936=CARTESIAN_POINT('',(0.0433179324721931,-0.00597981445367902,0.0214768535472399));
#9937=CARTESIAN_POINT('',(0.0426858746323084,-0.00617785698333739,0.0151761987242303));
#9938=CARTESIAN_POINT('',(0.0420538167920496,-0.00637589946739207,0.00887554389982918));
#9939=CARTESIAN_POINT('',(0.0414217589518893,-0.00657394196344868,0.00257488907579427));
#9940=CARTESIAN_POINT('',(0.0414217580168705,-0.00657394194858992,0.00257488885508433));
#9941=CARTESIAN_POINT('',(0.0414217569363803,-0.00657394193765239,0.00257486891769656));
#9942=CARTESIAN_POINT('',(0.0414086517386344,-0.00786857098294394,0.00257486891769656));
#9943=CARTESIAN_POINT('',(0.0414122450296024,-0.0104602564595576,0.00257486891769657));
#9944=CARTESIAN_POINT('',(0.0419394515300855,-0.0143201725496512,0.00257486891769656));
#9945=CARTESIAN_POINT('',(0.0430811014100049,-0.0180371737616038,0.00257486891769656));
#9946=CARTESIAN_POINT('',(0.0439424363596126,-0.0204725109263214,0.00257486891769656));
#9947=CARTESIAN_POINT('',(0.0443900077974111,-0.0216859175012459,0.00257486891769656));
#9948=CARTESIAN_POINT('',(0.039939686895707,-0.021685916000802,0.0196460920659188));
#9949=CARTESIAN_POINT('',(0.042998500869925,-0.021685916000802,0.00257486891769656));
#9950=CARTESIAN_POINT('',(0.06953144895317,-0.021685916000802,0.00257486891769656));
#9951=CARTESIAN_POINT('',(0.06953144895317,-0.021685916000802,0.0196460920659188));
#9952=CARTESIAN_POINT('',(0.0695314486969056,-0.0216859166318174,0.0194763953315049));
#9953=CARTESIAN_POINT('',(0.0584356141961005,-0.0216859179725617,0.0194770704616845));
#9954=CARTESIAN_POINT('',(0.0459607184245864,-0.0216857621905006,0.0214955064464655));
#9955=CARTESIAN_POINT('',(0.0601934423688265,-0.0216829545652395,0.021499580992633));
#9956=CARTESIAN_POINT('',(0.074055856162769,-0.0217018492717607,0.021500185620185));
#9957=CARTESIAN_POINT('',(0.088179492699307,-0.0216859194935015,0.0214972707092488));
#9958=CARTESIAN_POINT('',(0.0883207290646725,-0.0216857601957017,0.0214972415601394));
#9959=CARTESIAN_POINT('',(0.0884619654300375,-0.0216856008979196,0.0214972124110301));
#9960=CARTESIAN_POINT('',(0.088603201795403,-0.0216854416001411,0.0214971832619207));
#9961=CARTESIAN_POINT('',(0.045960680893324,-0.0216857627176807,0.0214887789935314));
#9962=CARTESIAN_POINT('',(0.060193290973532,-0.0216829644492602,0.0214928399585864));
#9963=CARTESIAN_POINT('',(0.0740568251602345,-0.0217017961783998,0.0214934425721146));
#9964=CARTESIAN_POINT('',(0.088180711424846,-0.0216859194935015,0.0214905373768957));
#9965=CARTESIAN_POINT('',(0.088321950287492,-0.0216857607266406,0.0214905083249434));
#9966=CARTESIAN_POINT('',(0.088463189150138,-0.0216856019598008,0.0214904792729912));
#9967=CARTESIAN_POINT('',(0.088604428012784,-0.0216854431929611,0.0214904502210391));
#9968=CARTESIAN_POINT('',(0.0459606433620614,-0.0216857632448413,0.0214820515405971));
#9969=CARTESIAN_POINT('',(0.060193139578238,-0.021682974333281,0.0214860989245398));
#9970=CARTESIAN_POINT('',(0.0740577941577005,-0.0217017430850604,0.0214866995240441));
#9971=CARTESIAN_POINT('',(0.088181930150385,-0.0216859194935015,0.0214838040445424));
#9972=CARTESIAN_POINT('',(0.088323171510312,-0.0216857612575812,0.0214837750897474));
#9973=CARTESIAN_POINT('',(0.0884644128702385,-0.0216856030216803,0.0214837461349525));
#9974=CARTESIAN_POINT('',(0.0886056542301655,-0.0216854447857617,0.0214837171801574));
#9975=CARTESIAN_POINT('',(0.045960605830799,-0.0216857637720018,0.021475324087663));
#9976=CARTESIAN_POINT('',(0.060192988182944,-0.0216829842172999,0.0214793578904933));
#9977=CARTESIAN_POINT('',(0.074058763155166,-0.0217016899917013,0.0214799564759737));
#9978=CARTESIAN_POINT('',(0.088183148875924,-0.0216859194935015,0.0214770707121893));
#9979=CARTESIAN_POINT('',(0.0883243927331315,-0.0216857617885217,0.0214770418545514));
#9980=CARTESIAN_POINT('',(0.088465636590339,-0.0216856040835403,0.0214770129969136));
#9981=CARTESIAN_POINT('',(0.0886068804475465,-0.0216854463785623,0.0214769841392757));
#9982=CARTESIAN_POINT('',(0.045956889864217,-0.0216858159667001,0.020809239638736));
#9983=CARTESIAN_POINT('',(0.060177998549867,-0.0216839628333006,0.0208119287769728));
#9984=CARTESIAN_POINT('',(0.074154703498309,-0.0216964332240011,0.0208123279541501));
#9985=CARTESIAN_POINT('',(0.088303814770879,-0.0216859194938017,0.0208104041425681));
#9986=CARTESIAN_POINT('',(0.0884453058836045,-0.0216858143565002,0.0208103849044523));
#9987=CARTESIAN_POINT('',(0.0885867969963305,-0.0216857092192005,0.0208103656663364));
#9988=CARTESIAN_POINT('',(0.088728288109056,-0.0216856040819007,0.0208103464282207));
#9989=CARTESIAN_POINT('',(0.04595317381383,-0.021685868158201,0.0201431551714518));
#9990=CARTESIAN_POINT('',(0.060163009184169,-0.0216849414483012,0.020144499710615));
#9991=CARTESIAN_POINT('',(0.074250643242558,-0.021691176487101,0.0201446993557725));
#9992=CARTESIAN_POINT('',(0.08842448006693,-0.0216859194940007,0.0201437374645389));
#9993=CARTESIAN_POINT('',(0.0885662184351735,-0.0216858669240807,0.0201437278456266));
#9994=CARTESIAN_POINT('',(0.0887079568034175,-0.0216858143541394,0.0201437182267142));
#9995=CARTESIAN_POINT('',(0.088849695171661,-0.0216857617842016,0.0201437086078019));
#9996=CARTESIAN_POINT('',(0.045949457686813,-0.0216859203466005,0.0194770706873856));
#9997=CARTESIAN_POINT('',(0.060148020062986,-0.0216859200625006,0.0194770706873856));
#9998=CARTESIAN_POINT('',(0.074346582439163,-0.0216859197783013,0.0194770706873892));
#9999=CARTESIAN_POINT('',(0.088545144815334,-0.0216859194941019,0.0194770706873856));
#10000=CARTESIAN_POINT('',(0.0886871304390955,-0.0216859194912616,0.0194770706873856));
#10001=CARTESIAN_POINT('',(0.0888291160628575,-0.0216859194884211,0.0194770706873856));
#10002=CARTESIAN_POINT('',(0.088971101686619,-0.0216859194855808,0.0194770706873855));
#10003=CARTESIAN_POINT('',(0.0459494205255428,-0.0216859208684799,0.019470409842545));
#10004=CARTESIAN_POINT('',(0.060147870171774,-0.0216859298486405,0.0194703963971533));
#10005=CARTESIAN_POINT('',(0.074347541831129,-0.0216858672112003,0.0194703944007053));
#10006=CARTESIAN_POINT('',(0.088546351462818,-0.0216859194941019,0.0194704040196141));
#10007=CARTESIAN_POINT('',(0.088688339559135,-0.0216859200169406,0.0194704041158031));
#10008=CARTESIAN_POINT('',(0.088830327655452,-0.0216859205397597,0.0194704042119923));
#10009=CARTESIAN_POINT('',(0.0889723157517685,-0.0216859210626002,0.0194704043081814));
#10010=CARTESIAN_POINT('',(0.0459493833642726,-0.0216859213903806,0.0194637489977043));
#10011=CARTESIAN_POINT('',(0.0601477202805625,-0.0216859396347804,0.019463722106921));
#10012=CARTESIAN_POINT('',(0.074348501223095,-0.0216858146441208,0.0194637181140216));
#10013=CARTESIAN_POINT('',(0.088547558110302,-0.0216859194941019,0.0194637373518425));
#10014=CARTESIAN_POINT('',(0.088689548679174,-0.0216859205426001,0.0194637375442208));
#10015=CARTESIAN_POINT('',(0.088831539248046,-0.0216859215911001,0.019463737736599));
#10016=CARTESIAN_POINT('',(0.0889735298169185,-0.0216859226396,0.0194637379289772));
#10017=CARTESIAN_POINT('',(0.0459493462030024,-0.02168592191226,0.0194570881528636));
#10018=CARTESIAN_POINT('',(0.0601475703893505,-0.0216859494209203,0.0194570478166887));
#10019=CARTESIAN_POINT('',(0.074349460615061,-0.0216857620770412,0.0194570418273377));
#10020=CARTESIAN_POINT('',(0.088548764757786,-0.0216859194941019,0.019457070684071));
#10021=CARTESIAN_POINT('',(0.0886907577992135,-0.021685921068281,0.0194570709726384));
#10022=CARTESIAN_POINT('',(0.0888327508406405,-0.0216859226424599,0.0194570712612057));
#10023=CARTESIAN_POINT('',(0.088974743882068,-0.0216859242166194,0.019457071549773));
#10024=CARTESIAN_POINT('',(0.070876281977595,-0.0216859159490514,0.0194757211737757));
#10025=CARTESIAN_POINT('',(0.0748551144915552,-0.0216859157999767,0.0194757821466279));
#10026=CARTESIAN_POINT('',(0.0797231280936732,-0.0216859167502489,0.0194760420498632));
#10027=CARTESIAN_POINT('',(0.0845911573495263,-0.0216859184633788,0.019476504151083));
#10028=CARTESIAN_POINT('',(0.087891759254033,-0.0216859194282974,0.0194769318588816));
#10029=CARTESIAN_POINT('',(0.0885451777835197,-0.021685919494034,0.0194769886295508));
#10030=CARTESIAN_POINT('',(0.0883659568253261,-0.0216859194934279,0.0204670706996634));
#10031=CARTESIAN_POINT('',(0.0881831489599941,-0.0216859194934571,0.0214770706924523));
#10032=CARTESIAN_POINT('',(0.0476951563435088,-0.0216855272512146,0.0214770706873856));
#10033=CARTESIAN_POINT('',(0.0611911550326948,-0.0216844586420241,0.0214770706873856));
#10034=CARTESIAN_POINT('',(0.074687158146129,-0.0217009889179179,0.0214770706873856));
#10035=CARTESIAN_POINT('',(0.0881831489599941,-0.0216859194934126,0.0214770706873856));
#10036=CARTESIAN_POINT('',(0.098011691421778,-0.0246167950528005,0.0214770706873856));
#10037=CARTESIAN_POINT('',(0.098011691421778,-0.021685916000802,0.0214770706873856));
#10038=CARTESIAN_POINT('',(0.0918261997490017,-0.0216859182414295,0.0214770706873856));
#10039=CARTESIAN_POINT('',(0.0918261996033826,-0.0216859189420031,0.0214770706873856));
#10040=CARTESIAN_POINT('',(0.0926320943407593,-0.0201616491788454,0.0214770706873856));
#10041=CARTESIAN_POINT('',(0.0938398633310417,-0.0169894212341967,0.0214770706873856));
#10042=CARTESIAN_POINT('',(0.0949473073736556,-0.0119969354702752,0.0214770706873856));
#10043=CARTESIAN_POINT('',(0.0955703485685132,-0.00690361248259022,0.0214770706873856));
#10044=CARTESIAN_POINT('',(0.0958178499956058,-0.00350072333734809,0.0214770706873856));
#10045=CARTESIAN_POINT('',(0.0959111250702482,-0.00179494763914765,0.0214770706873856));
#10046=CARTESIAN_POINT('',(0.0959111250702482,-0.00179494763914765,0.0214770706873856));
#10047=CARTESIAN_POINT('',(0.095911125071227,-0.00179494763920118,0.0214770706873837));
#10048=CARTESIAN_POINT('',(0.095965218410364,-0.000805711202900739,0.0214770706873837));
#10049=CARTESIAN_POINT('',(0.096008109249603,0.000184260309000095,0.0214770706873856));
#10050=CARTESIAN_POINT('',(0.096041261807862,0.00117460700209904,0.0214770706873856));
#10051=CARTESIAN_POINT('',(0.096083990989254,0.0024510304732992,0.0214770706873874));
#10052=CARTESIAN_POINT('',(0.096111140109424,0.00372794915269914,0.0214770706873892));
#10053=CARTESIAN_POINT('',(0.096125373362569,0.00500505236079896,0.0214770706873892));
#10054=CARTESIAN_POINT('',(0.096125373362569,0.00500505236079896,0.0214770706873892));
#10055=CARTESIAN_POINT('',(0.096125373362569,0.00500505236079896,0.0214770706873892));
#10056=CARTESIAN_POINT('',(0.096140141026346,0.00633010648499877,0.0214770706873892));
#10057=CARTESIAN_POINT('',(0.096141004720517,0.00765535925490113,0.0214770706873947));
#10058=CARTESIAN_POINT('',(0.096130940142348,0.00898046366559946,0.0214770706873947));
#10059=CARTESIAN_POINT('',(0.096130940142348,0.00898046366559946,0.0214770706873947));
#10060=CARTESIAN_POINT('',(0.095685661311029,0.0231580440806009,0.0214770706873983));
#10061=CARTESIAN_POINT('',(0.09593222369514,0.0184364948315992,0.0214770706873983));
#10062=CARTESIAN_POINT('',(0.096092710710311,0.0137099232562008,0.0214770706873947));
#10063=CARTESIAN_POINT('',(0.096130940142348,0.00898046366559946,0.0214770706873947));
#10064=CARTESIAN_POINT('',(0.095685661311029,0.0231580440806009,0.0214770706873983));
#10065=CARTESIAN_POINT('',(-0.018573681733021,0.0171234250978394,0.021477071052194));
#10066=CARTESIAN_POINT('',(0.0956468354829005,0.0238530830137913,0.0214770707483925));
#10067=CARTESIAN_POINT('',(0.0956468359446281,0.0238530840595177,0.0214770706873856));
#10068=CARTESIAN_POINT('',(0.0926306314397421,0.0254632034422621,0.0214770706873856));
#10069=CARTESIAN_POINT('',(0.0862526734623546,0.0279669618497805,0.0214770706873855));
#10070=CARTESIAN_POINT('',(0.0795384971012199,0.0293167819080087,0.0214770706873856));
#10071=CARTESIAN_POINT('',(0.0761468440017521,0.0297330836044273,0.0214770706873856));
#10072=CARTESIAN_POINT('',(0.0761468602662321,0.0297332161128331,0.0214770304990207));
#10073=CARTESIAN_POINT('',(0.0761468704975838,0.029733290764499,0.0214770706873856));
#10074=CARTESIAN_POINT('',(0.076146870443878,0.0163620994041996,0.0214770706873916));
#10075=CARTESIAN_POINT('',(0.098011691421778,0.0163620994041996,0.0214770706873856));
#10076=CARTESIAN_POINT('',(0.0664166020828648,0.0163620994041996,0.0214770706873871));
#10077=CARTESIAN_POINT('',(0.0664166020954867,-0.0246167950528005,0.0214770706873856));
#10078=CARTESIAN_POINT('',(0.0446661249267842,0.0249274023614341,0.0214770706873889));
#10079=CARTESIAN_POINT('',(0.0446221950134129,0.0239816932255882,0.0214770706873889));
#10080=CARTESIAN_POINT('',(0.0445796812419242,0.0230359201935077,0.0214770706873856));
#10081=CARTESIAN_POINT('',(0.0445381062355505,0.0220901048044029,0.0214770706873856));
#10082=CARTESIAN_POINT('',(0.044538106235545,0.0220901048042989,0.0214770706873983));
#10083=CARTESIAN_POINT('',(0.0436925238163512,0.00480316282503795,0.0214770706873856));
#10084=CARTESIAN_POINT('',(0.0438776043329582,0.00768195663695158,0.0214770706873856));
#10085=CARTESIAN_POINT('',(0.0441467454836092,0.0134452186746678,0.0214770706873856));
#10086=CARTESIAN_POINT('',(0.0444644468919206,0.0192059587203643,0.0214770706873856));
#10087=CARTESIAN_POINT('',(0.0445380697624288,0.0220901057353386,0.0214770706873856));
#10088=CARTESIAN_POINT('',(0.043692521146102,0.00480316292758826,0.0214770706873856));
#10089=CARTESIAN_POINT('',(0.0433179655860031,-0.00597981497088711,0.0214770706873856));
#10090=CARTESIAN_POINT('',(0.0433747521720257,-0.00238361149699398,0.0214770706873856));
#10091=CARTESIAN_POINT('',(0.0435543858582671,0.00120921176426212,0.0214770706873856));
#10092=CARTESIAN_POINT('',(0.0436925184758528,0.00480316303013858,0.0214770706873856));
#10093=CARTESIAN_POINT('',(0.051149349752466,-0.0167481009690995,0.0214770706873856));
#10094=CARTESIAN_POINT('',(0.0535078678246836,-0.0167481009690995,0.0214770706873856));
#10095=CARTESIAN_POINT('',(0.0417798900364786,0.00433828994397909,0.00257486891769748));
#10096=CARTESIAN_POINT('',(0.0424182697606013,0.00451506839489081,0.00887560288310996));
#10097=CARTESIAN_POINT('',(0.0430566494844279,0.00469184683411751,0.0151763368488807));
#10098=CARTESIAN_POINT('',(0.0436950292094035,0.00486862531868864,0.0214770708132612));
#10099=CARTESIAN_POINT('',(0.0417064129143814,0.00250922052988249,0.00257486891769747));
#10100=CARTESIAN_POINT('',(0.0423458086816176,0.00268228130376355,0.00887560288428926));
#10101=CARTESIAN_POINT('',(0.0429852044484892,0.0028553420657218,0.0151763368512397));
#10102=CARTESIAN_POINT('',(0.0436246002167759,0.00302840287394724,0.0214770708167984));
#10103=CARTESIAN_POINT('',(0.0416275832300357,0.00068024562834408,0.00257486891769605));
#10104=CARTESIAN_POINT('',(0.0422658235279246,0.000857506735790166,0.00887560288366496));
#10105=CARTESIAN_POINT('',(0.0429040638255256,0.00103476783152506,0.0151763368499922));
#10106=CARTESIAN_POINT('',(0.043542304124244,0.00121202897270592,0.0214770708149288));
#10107=CARTESIAN_POINT('',(0.0414953852787559,-0.00297853312604966,0.00257486891769561));
#10108=CARTESIAN_POINT('',(0.0421318463671663,-0.00279502801107308,0.00887560288364243));
#10109=CARTESIAN_POINT('',(0.0427683074554041,-0.00261152290782521,0.0151763368499474));
#10110=CARTESIAN_POINT('',(0.0434047685443112,-0.00242801775906342,0.0214770708148625));
#10111=CARTESIAN_POINT('',(0.0414373042761721,-0.00480865152399825,0.00257486891769656));
#10112=CARTESIAN_POINT('',(0.0420730504801447,-0.00462222955666153,0.00887560288370477));
#10113=CARTESIAN_POINT('',(0.0427087966839985,-0.00443580760106909,0.0151763368500712));
#10114=CARTESIAN_POINT('',(0.043344542888313,-0.00424938559990229,0.0214770708150477));
#10115=CARTESIAN_POINT('',(0.041421162681812,-0.00663906107682586,0.00257486891769718));
#10116=CARTESIAN_POINT('',(0.0420530988040721,-0.00644059209232752,0.00887560288369246));
#10117=CARTESIAN_POINT('',(0.0426850349264366,-0.00624212311956135,0.0151763368500459));
#10118=CARTESIAN_POINT('',(0.0433169710483964,-0.00604365410126784,0.0214770708150095));
#10119=CARTESIAN_POINT('',(0.0427349010476016,0.00453819378302001,0.0120259799240323));
#10120=CARTESIAN_POINT('',(0.0417772762745123,0.00427322492720413,0.00257486891769656));
#10121=CARTESIAN_POINT('',(0.0417772740262553,0.00427322497066509,0.00257486891769656));
#10122=CARTESIAN_POINT('',(0.0416318112484108,0.00065833746358801,0.00257486891769656));
#10123=CARTESIAN_POINT('',(0.0414556157758475,-0.00295607220066598,0.00257486891769656));
#10124=CARTESIAN_POINT('',(0.041421754578097,-0.00657394191640496,0.00257486891769656));
#10125=CARTESIAN_POINT('',(0.042628754517029,0.0216115337865197,0.00246147577180833));
#10126=CARTESIAN_POINT('',(0.0432660715850063,0.0218059532581812,0.00880000740843592));
#10127=CARTESIAN_POINT('',(0.043903388652995,0.0220003727180671,0.0151385390454362));
#10128=CARTESIAN_POINT('',(0.0445407057209514,0.022194792223687,0.0214770706810337));
#10129=CARTESIAN_POINT('',(0.0425462434868361,0.0187188942614816,0.00246147589622678));
#10130=CARTESIAN_POINT('',(0.0431868505123757,0.0189023832301421,0.0088000075506678));
#10131=CARTESIAN_POINT('',(0.043827457537707,0.0190858721854613,0.015138539205483));
#10132=CARTESIAN_POINT('',(0.0444680645638012,0.0192693611873377,0.021477070858889));
#10133=CARTESIAN_POINT('',(0.0423876585174682,0.0158289686391284,0.00246147587383516));
#10134=CARTESIAN_POINT('',(0.0430285593549202,0.0160112365552804,0.00880000752517339));
#10135=CARTESIAN_POINT('',(0.0436694601921455,0.0161935044592675,0.0151385391768841));
#10136=CARTESIAN_POINT('',(0.0443103610302168,0.0163757724092077,0.0214770708271923));
#10137=CARTESIAN_POINT('',(0.0420926444371344,0.0100485024265778,0.00246147587384457));
#10138=CARTESIAN_POINT('',(0.0427324999916543,0.0102344561497405,0.00880000752453174));
#10139=CARTESIAN_POINT('',(0.0433723555460147,0.0104204098606692,0.015138539175592));
#10140=CARTESIAN_POINT('',(0.0440122111009573,0.0106063636176036,0.0214770708252469));
#10141=CARTESIAN_POINT('',(0.0419643550223953,0.00715717409724135,0.00246147587369102));
#10142=CARTESIAN_POINT('',(0.0426030849702579,0.00734734747539036,0.00880000753292575));
#10143=CARTESIAN_POINT('',(0.0432418149180528,0.00753752084255438,0.015138539192533));
#10144=CARTESIAN_POINT('',(0.0438805448661242,0.00772769425502904,0.021477070850738));
#10145=CARTESIAN_POINT('',(0.0417657867822216,0.00427004513182915,0.00246147587391511));
#10146=CARTESIAN_POINT('',(0.0424080324642494,0.00444775102226579,0.00880000752062567));
#10147=CARTESIAN_POINT('',(0.0430502781459627,0.00462545690033543,0.01513853916771));
#10148=CARTESIAN_POINT('',(0.04369252382885,0.00480316282440008,0.021477070813387));
#10149=CARTESIAN_POINT('',(0.0441307778366887,0.0219661177703403,0.017426674052667));
#10150=CARTESIAN_POINT('',(0.0442665539606685,0.0220074465601937,0.0187768062719231));
#10151=CARTESIAN_POINT('',(0.0444023300846483,0.022048775350047,0.0201269384911792));
#10152=CARTESIAN_POINT('',(0.0445381062086281,0.0220901041399004,0.0214770707104353));
#10153=CARTESIAN_POINT('',(0.044130777861872,0.0219661183918998,0.0174266740311155));
#10154=CARTESIAN_POINT('',(0.0441307426139834,0.0219661193186084,0.0174266775474464));
#10155=CARTESIAN_POINT('',(0.043632886801364,0.0218145770412593,0.0124760824191759));
#10156=CARTESIAN_POINT('',(0.0431350309971033,0.0216630347565516,0.00752548729028039));
#10157=CARTESIAN_POINT('',(0.042637175201205,0.0215114924370456,0.0025748921616058));
#10158=CARTESIAN_POINT('',(0.0426371966441368,0.0215114917815072,0.00257489003308253));
#10159=CARTESIAN_POINT('',(0.0426371728854711,0.0215114924735121,0.00257486891769656));
#10160=CARTESIAN_POINT('',(0.0425534179703464,0.0186359275349989,0.00257486891769656));
#10161=CARTESIAN_POINT('',(0.0422339356196278,0.0128910629037607,0.00257486891769656));
#10162=CARTESIAN_POINT('',(0.0419746011997009,0.00714340734181109,0.00257486891769656));
#10163=CARTESIAN_POINT('',(0.0417772762745124,0.00427322492720413,0.00257486891769656));
#10164=CARTESIAN_POINT('',(0.055897262277132,-0.015003699290201,0.0235776569600889));
#10165=CARTESIAN_POINT('',(0.055897262277132,-0.0196859160008014,0.0235776569600889));
#10166=CARTESIAN_POINT('',(0.055897262277132,-0.0196859160008014,0.00257486891769656));
#10167=CARTESIAN_POINT('',(0.055897262277132,-0.015003699290201,0.00257486891769656));
#10168=CARTESIAN_POINT('',(0.055897262277132,-0.0150036986096609,0.00257486891769656));
#10169=CARTESIAN_POINT('',(0.055897262277132,-0.0150036986096609,0.0235776569600889));
#10170=CARTESIAN_POINT('',(0.09493598094925,0.0104314645688994,0.0194770706874492));
#10171=CARTESIAN_POINT('',(0.094886608552285,0.00968932716619975,0.0198430104824233));
#10172=CARTESIAN_POINT('',(0.09483723615532,0.00894718976350006,0.0202089502774011));
#10173=CARTESIAN_POINT('',(0.094787863758355,0.0082050523607986,0.0205748900723788));
#10174=CARTESIAN_POINT('',(0.094940475044624,0.00996100929959809,0.0194770706874601));
#10175=CARTESIAN_POINT('',(0.094907264697619,0.00937569825839901,0.0197210322124315));
#10176=CARTESIAN_POINT('',(0.094873867547646,0.00879037693660045,0.0199649937374029));
#10177=CARTESIAN_POINT('',(0.094840278415954,0.00820505237529901,0.0202089552623706));
#10178=CARTESIAN_POINT('',(0.094943383858757,0.00949053997799965,0.0194770706874747));
#10179=CARTESIAN_POINT('',(0.094926852383104,0.00906205998229836,0.0195990522774278));
#10180=CARTESIAN_POINT('',(0.094909947301517,0.00863355942569832,0.0197210338673808));
#10181=CARTESIAN_POINT('',(0.09489265825649,0.00820505238979941,0.0198430154573339));
#10182=CARTESIAN_POINT('',(0.094944597629352,0.00902009397029957,0.0194770706874892));
#10183=CARTESIAN_POINT('',(0.094945298456908,0.00874843724889907,0.0194770706874565));
#10184=CARTESIAN_POINT('',(0.094945438875564,0.00847674968599854,0.0194770706874274));
#10185=CARTESIAN_POINT('',(0.094945003349058,0.00820505240419855,0.0194770706873947));
#10186=CARTESIAN_POINT('',(-0.107485462449983,0.00848993239219986,0.0194770709154797));
#10187=CARTESIAN_POINT('',(0.094944597629352,0.00902009397029957,0.0194770706874911));
#10188=CARTESIAN_POINT('',(-0.0999120825342183,0.00851557534003966,0.0194770707059557));
#10189=CARTESIAN_POINT('',(0.094945003349058,0.00820505240419855,0.0194770706873947));
#10190=CARTESIAN_POINT('',(-5.68007174377482,0.00819642091077988,-0.806586697382346));
#10191=CARTESIAN_POINT('',(0.094787863758355,0.0082050523607986,0.0205748900723788));
#10192=CARTESIAN_POINT('',(0.0948619223538025,0.00931825846483925,0.020025980379914));
#10193=CARTESIAN_POINT('',(0.094787863758355,0.0082050523607986,0.0205748900723661));
#10194=CARTESIAN_POINT('',(0.091974488805572,0.0082050523607986,0.0205748900723788));
#10195=CARTESIAN_POINT('',(0.089161113852789,0.0082050523607986,0.0205748900723788));
#10196=CARTESIAN_POINT('',(0.089198143150541,0.00931825846483925,0.0200259803799013));
#10197=CARTESIAN_POINT('',(0.0974445914229295,0.00952922208936288,0.00229548900336673));
#10198=CARTESIAN_POINT('',(0.0974295803737176,0.00952616506286721,0.00239865468679306));
#10199=CARTESIAN_POINT('',(0.0949296871303115,0.00901705742057928,0.0195795453301918));
#10200=CARTESIAN_POINT('',(0.097403675869656,0.00867582487618912,0.00229926819541494));
#10201=CARTESIAN_POINT('',(0.0973889201859097,0.00867285376234794,0.00240243390228754));
#10202=CARTESIAN_POINT('',(0.0949315547094136,0.00817805374583077,0.0195833284503541));
#10203=CARTESIAN_POINT('',(0.097351334472592,0.00772104485323539,0.00230359962949195));
#10204=CARTESIAN_POINT('',(0.0973368680898433,0.00771815916427005,0.00240676510273756));
#10205=CARTESIAN_POINT('',(0.094927681897728,0.00723758553834409,0.0195876207432967));
#10206=CARTESIAN_POINT('',(0.0972886079177926,0.00676886099173494,0.00230825841643294));
#10207=CARTESIAN_POINT('',(0.097274449532475,0.00676604880929865,0.00241142338438813));
#10208=CARTESIAN_POINT('',(0.0949165562703993,0.00629771673331442,0.0195921948754571));
#10209=CARTESIAN_POINT('',(0.0972689358695578,0.00647574026856106,0.00230970727979369));
#10210=CARTESIAN_POINT('',(0.0972548729972715,0.00647294977039969,0.00241287206707958));
#10211=CARTESIAN_POINT('',(0.094912886177085,0.0060082289241158,0.0195936134700467));
#10212=CARTESIAN_POINT('',(0.0971486655350179,0.00474472886611899,0.00231841791686988));
#10213=CARTESIAN_POINT('',(0.0971351754659585,0.0047420605605204,0.00242158149626483));
#10214=CARTESIAN_POINT('',(0.094888581505798,0.00429768928096124,0.019602121740849));
#10215=CARTESIAN_POINT('',(0.0969736468304616,0.00285177001080744,0.00232957869462791));
#10216=CARTESIAN_POINT('',(0.0969608819139325,0.00284919160043984,0.00243274005114024));
#10217=CARTESIAN_POINT('',(0.0948350525908864,0.00241979119152765,0.0196129101037987));
#10218=CARTESIAN_POINT('',(0.0967606479582054,0.00116090856003362,0.00234223716668932));
#10219=CARTESIAN_POINT('',(0.0967486968557725,0.00115835100965889,0.00244539568426866));
#10220=CARTESIAN_POINT('',(0.0947583975901104,0.000732424560582544,0.0196250929498942));
#10221=CARTESIAN_POINT('',(0.0967266118883415,0.000898005751143486,0.00234424625588966));
#10222=CARTESIAN_POINT('',(0.0967147900846935,0.000895451113500201,0.00244740433850429));
#10223=CARTESIAN_POINT('',(0.0947460238347323,0.000470009738650642,0.0196270291664667));
#10224=CARTESIAN_POINT('',(0.0966143946014424,4.33792442010463E-5,0.00235082771814449));
#10225=CARTESIAN_POINT('',(0.0966029976619975,4.0836380460263E-5,0.00245398449099022));
#10226=CARTESIAN_POINT('',(0.0947049869692068,-0.000382644202911837,0.0196333911941315));
#10227=CARTESIAN_POINT('',(0.0964754528729975,-0.000892513819334628,0.00235874798935651));
#10228=CARTESIAN_POINT('',(0.096464565836619,-0.000895058074380728,0.00246190321087554));
#10229=CARTESIAN_POINT('',(0.0946514728076687,-0.00131877036290473,0.0196410515609142));
#10230=CARTESIAN_POINT('',(0.0963350249715183,-0.00173123733886046,0.00236654952024983));
#10231=CARTESIAN_POINT('',(0.096324638770849,-0.00173379646254013,0.00246970328354924));
#10232=CARTESIAN_POINT('',(0.0945949533563535,-0.00215998492417116,0.0196486087862456));
#10233=CARTESIAN_POINT('',(0.0963050687145614,-0.00190811668017503,0.00236821434265306));
#10234=CARTESIAN_POINT('',(0.0962947890252665,-0.00191067997739936,0.0024713677734003));
#10235=CARTESIAN_POINT('',(0.0945828416823708,-0.00233756349010732,0.0196502178938979));
#10236=CARTESIAN_POINT('',(0.0961597883975296,-0.00275465976725815,0.00237627917863476));
#10237=CARTESIAN_POINT('',(0.0961500240127795,-0.00275724613586093,0.00247943097477632));
#10238=CARTESIAN_POINT('',(0.0945238938789955,-0.00318797188267722,0.01965800887315));
#10239=CARTESIAN_POINT('',(0.0959816695712805,-0.00368343863966429,0.00238585007623498));
#10240=CARTESIAN_POINT('',(0.0959725246124805,-0.00368604838942055,0.00248900067856735));
#10241=CARTESIAN_POINT('',(0.0944495517414221,-0.00412066796118598,0.01966737976369));
#10242=CARTESIAN_POINT('',(0.0958074633871809,-0.00451833069143397,0.00239470608450893));
#10243=CARTESIAN_POINT('',(0.0957988981723405,-0.00452095486556026,0.00249785621141121));
#10244=CARTESIAN_POINT('',(0.0943724740493202,-0.00495797662609273,0.0196761561198905));
#10245=CARTESIAN_POINT('',(0.0957508658575603,-0.00478744494025235,0.00239756214532262));
#10246=CARTESIAN_POINT('',(0.09574248818639,-0.00479007325004055,0.00250071214710379));
#10247=CARTESIAN_POINT('',(0.0943472970002922,-0.00522778375053085,0.0196789912183044));
#10248=CARTESIAN_POINT('',(0.0953897099110392,-0.00647623093299235,0.00241555575385408));
#10249=CARTESIAN_POINT('',(0.0953825177572255,-0.00647888074210101,0.00251870530449334));
#10250=CARTESIAN_POINT('',(0.0941847589283042,-0.00692017167414104,0.0196969092439294));
#10251=CARTESIAN_POINT('',(0.0949369134361479,-0.00832764470738532,0.00243563967799125));
#10252=CARTESIAN_POINT('',(0.0949310739256595,-0.00833027418450172,0.00253879174126083));
#10253=CARTESIAN_POINT('',(0.0939585800906837,-0.00876817908908714,0.0197174141262993));
#10254=CARTESIAN_POINT('',(0.0945007457658778,-0.00999368381023637,0.00245042556004747));
#10255=CARTESIAN_POINT('',(0.094495935753424,-0.00999620284818015,0.00255358190472784));
#10256=CARTESIAN_POINT('',(0.0936948913051426,-0.010415715558078,0.0197329173025481));
#10257=CARTESIAN_POINT('',(0.0944324917651149,-0.0102528356585736,0.00245266867760386));
#10258=CARTESIAN_POINT('',(0.094427838591514,-0.0102553358273614,0.00255582571990045));
#10259=CARTESIAN_POINT('',(0.0936529135958832,-0.0106717061246575,0.0197352772965446));
#10260=CARTESIAN_POINT('',(0.0941879415415351,-0.0111782434798537,0.00246056762916942));
#10261=CARTESIAN_POINT('',(0.0941838419121085,-0.0111806717161009,0.00256372723295236));
#10262=CARTESIAN_POINT('',(0.0935011024340421,-0.0115850625961023,0.0197436053915327));
#10263=CARTESIAN_POINT('',(0.0939356066203338,-0.0121032156808931,0.00246724343854509));
#10264=CARTESIAN_POINT('',(0.093931988750666,-0.0121055355869402,0.00257040619227328));
#10265=CARTESIAN_POINT('',(0.093329480037864,-0.0124918854928931,0.0197508089328956));
#10266=CARTESIAN_POINT('',(0.0937043698638409,-0.0129360997352691,0.00247172273657399));
#10267=CARTESIAN_POINT('',(0.093701093667595,-0.0129382812386005,0.00257488861344564));
#10268=CARTESIAN_POINT('',(0.0931554861791482,-0.0133015819882255,0.0197558114726237));
#10269=CARTESIAN_POINT('',(0.0936920284747158,-0.0129805517781379,0.00247196180220015));
#10270=CARTESIAN_POINT('',(0.0936887705139992,-0.012982725894741,0.0025751278457578));
#10271=CARTESIAN_POINT('',(0.0931461999136412,-0.013344796482634,0.0197560784643008));
#10272=CARTESIAN_POINT('',(0.0936796870855909,-0.0130250038210021,0.00247220086782631));
#10273=CARTESIAN_POINT('',(0.0936764473604035,-0.0130271705508808,0.00257536707806994));
#10274=CARTESIAN_POINT('',(0.0931369136481341,-0.0133880109770493,0.0197563454559778));
#10275=CARTESIAN_POINT('',(0.0936673456964658,-0.0130694558638648,0.00247243993345246));
#10276=CARTESIAN_POINT('',(0.0936641242068078,-0.0130716152070208,0.0025756063103821));
#10277=CARTESIAN_POINT('',(0.093127627382627,-0.0134312254714633,0.0197566124476548));
#10278=CARTESIAN_POINT('',(0.0948852925851697,0.00380505254063297,0.0194770738242933));
#10279=CARTESIAN_POINT('',(0.0948957506081306,0.00420494435499679,0.0194769820360765));
#10280=CARTESIAN_POINT('',(0.0949047509325818,0.00460495394883179,0.0194769887952502));
#10281=CARTESIAN_POINT('',(0.0949123638329459,0.00500506391018883,0.0194770765369415));
#10282=CARTESIAN_POINT('',(0.0949148753214767,0.00500501605109183,0.0194774092122075));
#10283=CARTESIAN_POINT('',(0.094885292151769,0.0038050523607982,0.0194770706873947));
#10284=CARTESIAN_POINT('',(0.094912363832946,0.00500506391018878,0.0194770765369415));
#10285=CARTESIAN_POINT('',(0.0949327378530191,0.00607116157906913,0.0194766357286366));
#10286=CARTESIAN_POINT('',(0.0949433355131497,0.00713787189034453,0.0194767765138574));
#10287=CARTESIAN_POINT('',(0.0949450034873034,0.00820505236079861,0.0194770706873946));
#10288=CARTESIAN_POINT('',(0.0961742674891295,0.00927051839293824,0.0110259804510711));
#10289=CARTESIAN_POINT('',(0.0937010907133354,-0.0129383529244209,0.00257423554283975));
#10290=CARTESIAN_POINT('',(0.0935221748973775,-0.0130574644157229,0.0082085139153884));
#10291=CARTESIAN_POINT('',(0.0933432572075135,-0.0131765766657682,0.0138427922708082));
#10292=CARTESIAN_POINT('',(0.0931643376437508,-0.0132956896750423,0.0194770706090992));
#10293=CARTESIAN_POINT('',(0.094150696095199,-0.00722135984620032,0.0194770706874183));
#10294=CARTESIAN_POINT('',(0.094236498266151,-0.00649411146420142,0.019477070687411));
#10295=CARTESIAN_POINT('',(0.094312748258093,-0.00576571201150067,0.0194770706873983));
#10296=CARTESIAN_POINT('',(0.094381157015839,-0.00503659639380061,0.019477070687391));
#10297=CARTESIAN_POINT('',(0.094382459496448,-0.0050227139850012,0.019477070687391));
#10298=CARTESIAN_POINT('',(0.094383759052039,-0.00500883130990104,0.0194770706873892));
#10299=CARTESIAN_POINT('',(0.094385047976532,-0.00499494764950015,0.0194770706873892));
#10300=CARTESIAN_POINT('',(0.094385047976532,-0.00499494764950015,0.0194770706873892));
#10301=CARTESIAN_POINT('',(0.0943850530733368,-0.00499494763274245,0.0194770706818313));
#10302=CARTESIAN_POINT('',(0.0944844721953759,-0.00393115248197848,0.0194763018092068));
#10303=CARTESIAN_POINT('',(0.0945669707470697,-0.00286412037326194,0.0194760680403287));
#10304=CARTESIAN_POINT('',(0.0946360687196945,-0.00179496115893694,0.0194770776087982));
#10305=CARTESIAN_POINT('',(0.0946387882908402,-0.00179513718001515,0.0194773526818987));
#10306=CARTESIAN_POINT('',(0.0946360687196945,-0.00179496115893694,0.0194770776087982));
#10307=CARTESIAN_POINT('',(0.0946619560362676,-0.0013952236407664,0.0194769315740389));
#10308=CARTESIAN_POINT('',(0.094685935339322,-0.000995197651992129,0.0194769339821787));
#10309=CARTESIAN_POINT('',(0.0947081128671309,-0.00059494821644136,0.0194770768155582));
#10310=CARTESIAN_POINT('',(0.094708111871586,-0.000594947639200427,0.019477070687391));
#10311=CARTESIAN_POINT('',(-3.72391231906707,-0.000594991813080981,-0.392499112409814));
#10312=CARTESIAN_POINT('',(0.094837619054858,-0.000594947639200427,0.0182748900723777));
#10313=CARTESIAN_POINT('',(0.0948376190548585,-0.000594947639200486,0.0182748900723778));
#10314=CARTESIAN_POINT('',(0.0949284608426738,0.000868816585793507,0.0182730896607295));
#10315=CARTESIAN_POINT('',(0.0949940442021969,0.00233597538370058,0.018273274606433));
#10316=CARTESIAN_POINT('',(0.0950390426202147,0.00380505236079816,0.0182748900723797));
#10317=CARTESIAN_POINT('',(0.095039042620214,0.0038050523607982,0.0182748900723796));
#10318=CARTESIAN_POINT('',(-5.07619645498298,0.00380510466209927,-0.642478936395715));
#10319=CARTESIAN_POINT('',(0.094708111871586,-0.000594947639200427,0.019477070687391));
#10320=CARTESIAN_POINT('',(0.094751344255383,-0.000594947639200427,0.0190763506345916));
#10321=CARTESIAN_POINT('',(0.094794512828654,-0.000594947639200427,0.0186756236909582));
#10322=CARTESIAN_POINT('',(0.094837619054858,-0.000594947639200427,0.0182748900723777));
#10323=CARTESIAN_POINT('',(0.09476717196498,0.000871719027500717,0.019477070687391));
#10324=CARTESIAN_POINT('',(0.094813092507987,0.000871719027500717,0.0190763503495887));
#10325=CARTESIAN_POINT('',(0.094858954860001,0.000871719027500717,0.0186756234158306));
#10326=CARTESIAN_POINT('',(0.09490476024331,0.000871719027500717,0.0182748900723777));
#10327=CARTESIAN_POINT('',(0.094826232058375,0.00233838569409883,0.0194770706873928));
#10328=CARTESIAN_POINT('',(0.094874840760592,0.00233838569409883,0.0190763500645894));
#10329=CARTESIAN_POINT('',(0.094923396891347,0.00233838569409883,0.018675623140703));
#10330=CARTESIAN_POINT('',(0.094971901431762,0.00233838569409883,0.0182748900723796));
#10331=CARTESIAN_POINT('',(0.094885292151769,0.0038050523607982,0.0194770706873928));
#10332=CARTESIAN_POINT('',(0.094936589013196,0.0038050523607982,0.0190763497795865));
#10333=CARTESIAN_POINT('',(0.094987838922693,0.0038050523607982,0.0186756228655754));
#10334=CARTESIAN_POINT('',(0.095039042620214,0.0038050523607982,0.0182748900723796));
#10335=CARTESIAN_POINT('',(0.0947081118855464,-0.000594947292516275,0.019477070687391));
#10336=CARTESIAN_POINT('',(0.0947671719726776,0.000871719218659363,0.019477070687391));
#10337=CARTESIAN_POINT('',(0.0948262320598099,0.00233838572973197,0.0194770706873928));
#10338=CARTESIAN_POINT('',(0.0948852921469411,0.00380505224090583,0.0194770706873928));
#10339=CARTESIAN_POINT('',(0.0916312601187005,-0.0219617304785995,0.0222641889781214));
#10340=CARTESIAN_POINT('',(0.091680904069255,-0.0218697931889018,0.0222641889921763));
#10341=CARTESIAN_POINT('',(0.091730548019809,-0.0217778558992005,0.0222641890062313));
#10342=CARTESIAN_POINT('',(0.091780191970363,-0.0216859186095011,0.0222641890202863));
#10343=CARTESIAN_POINT('',(0.093021290734216,-0.0193874863669006,0.0222641893716605));
#10344=CARTESIAN_POINT('',(0.093805647528173,-0.0168862349137004,0.0222641895302581));
#10345=CARTESIAN_POINT('',(0.094653200036267,-0.0130830315079997,0.0222641902565515));
#10346=CARTESIAN_POINT('',(0.094875465443273,-0.0117998489448006,0.0222641891274175));
#10347=CARTESIAN_POINT('',(0.095235652968376,-0.00922239905150057,0.0222641924768373));
#10348=CARTESIAN_POINT('',(0.095371834463943,-0.00792629730900174,0.0222641823759745));
#10349=CARTESIAN_POINT('',(0.095596656557843,-0.00533246049430147,0.0222641758835885));
#10350=CARTESIAN_POINT('',(0.095691732677097,-0.00403508054269963,0.0222641793006092));
#10351=CARTESIAN_POINT('',(0.09584229438499,-0.00143851246309978,0.0222641804387963));
#10352=CARTESIAN_POINT('',(0.095897644414178,-0.000139036351100685,0.0222641816128685));
#10353=CARTESIAN_POINT('',(0.096013567326077,0.00376047554679993,0.0222641844149453));
#10354=CARTESIAN_POINT('',(0.096026931163854,0.00636154221760066,0.0222641863733875));
#10355=CARTESIAN_POINT('',(0.096001282135787,0.00896121455839882,0.0222641883172159));
#10356=CARTESIAN_POINT('',(0.09203538763422,-0.0219719524206799,0.01570108813395));
#10357=CARTESIAN_POINT('',(0.092078195505697,-0.0218766079152619,0.0157010881433741));
#10358=CARTESIAN_POINT('',(0.0921210033771735,-0.0217812634098191,0.0157010881527982));
#10359=CARTESIAN_POINT('',(0.09216381124865,-0.0216859189044012,0.0157010881622223));
#10360=CARTESIAN_POINT('',(0.093234008035565,-0.0193023062688002,0.0157010883978251));
#10361=CARTESIAN_POINT('',(0.09399925699337,-0.0167832698658011,0.0157010885582854));
#10362=CARTESIAN_POINT('',(0.094927865552772,-0.0129706180626012,0.015701089165053));
#10363=CARTESIAN_POINT('',(0.095197226427462,-0.0116894232995008,0.0157010884599108));
#10364=CARTESIAN_POINT('',(0.09567998624006,-0.00911971732830175,0.015701090794953));
#10365=CARTESIAN_POINT('',(0.095894388940684,-0.00783053877660045,0.0157010841155275));
#10366=CARTESIAN_POINT('',(0.096257082546298,-0.00524175178960107,0.0157010798965471));
#10367=CARTESIAN_POINT('',(0.096398049381034,-0.00394061053439998,0.0157010822293737));
#10368=CARTESIAN_POINT('',(0.096635183268737,-0.00133493885160085,0.0157010830910217));
#10369=CARTESIAN_POINT('',(0.096732132794366,-2.99980361013752E-5,0.0157010839217942));
#10370=CARTESIAN_POINT('',(0.096970534540961,0.00388775192979907,0.0157010859135094));
#10371=CARTESIAN_POINT('',(0.097058950196334,0.00650421733539908,0.0157010872742626));
#10372=CARTESIAN_POINT('',(0.097082389200119,0.00912171637579817,0.0157010885701507));
#10373=CARTESIAN_POINT('',(0.092439515149741,-0.0219821743628401,0.0091379872897826));
#10374=CARTESIAN_POINT('',(0.09247548694214,-0.0218834226417002,0.00913798729457571));
#10375=CARTESIAN_POINT('',(0.092511458734539,-0.0217846709205389,0.00913798729936882));
#10376=CARTESIAN_POINT('',(0.092547430526938,-0.0216859191994008,0.00913798730416193));
#10377=CARTESIAN_POINT('',(0.093446725336912,-0.0192171261708012,0.00913798742398968));
#10378=CARTESIAN_POINT('',(0.094192866458567,-0.0166803048178004,0.00913798758630902));
#10379=CARTESIAN_POINT('',(0.095202531069274,-0.0128582046171015,0.00913798807355443));
#10380=CARTESIAN_POINT('',(0.095518987411651,-0.0115789976542011,0.00913798779240415));
#10381=CARTESIAN_POINT('',(0.09612431951174,-0.00901703560499989,0.00913798911306868));
#10382=CARTESIAN_POINT('',(0.096416943417425,-0.00773478024410146,0.00913798585508221));
#10383=CARTESIAN_POINT('',(0.096917508534749,-0.00515104308490066,0.0091379839095057));
#10384=CARTESIAN_POINT('',(0.09710436608497,-0.00384614052610033,0.00913798515813824));
#10385=CARTESIAN_POINT('',(0.097428072152482,-0.00123136524010192,0.00913798574324711));
#10386=CARTESIAN_POINT('',(0.097566621174553,7.9040278798459E-5,0.00913798623071808));
#10387=CARTESIAN_POINT('',(0.097927501755844,0.00401502831289946,0.00913798741207348));
#10388=CARTESIAN_POINT('',(0.098090969228813,0.00664689245329875,0.00913798817513771));
#10389=CARTESIAN_POINT('',(0.098163496264449,0.00928221819320107,0.00913798882308175));
#10390=CARTESIAN_POINT('',(0.0928436426652605,-0.0219923963050004,0.00257488644561118));
#10391=CARTESIAN_POINT('',(0.092872778378582,-0.021890237368142,0.00257488644577343));
#10392=CARTESIAN_POINT('',(0.0929019140919035,-0.0217880784312801,0.00257488644593569));
#10393=CARTESIAN_POINT('',(0.092931049805225,-0.0216859194944021,0.00257488644609794));
#10394=CARTESIAN_POINT('',(0.093659442638262,-0.0191319460727008,0.00257488645015429));
#10395=CARTESIAN_POINT('',(0.094386475923765,-0.016577339769901,0.00257488661433627));
#10396=CARTESIAN_POINT('',(0.095477196585779,-0.0127457911717013,0.00257488698205953));
#10397=CARTESIAN_POINT('',(0.095840748395842,-0.0114685720090009,0.00257488712489749));
#10398=CARTESIAN_POINT('',(0.096568652783425,-0.00891435388180106,0.00257488743118439));
#10399=CARTESIAN_POINT('',(0.096939497894168,-0.00763902171170017,0.00257488759463696));
#10400=CARTESIAN_POINT('',(0.097577934523205,-0.00506033438020026,0.00257488792246432));
#10401=CARTESIAN_POINT('',(0.097810682788908,-0.00375167051780068,0.0025748880869046));
#10402=CARTESIAN_POINT('',(0.098220961036228,-0.00112779162860122,0.00257488839547251));
#10403=CARTESIAN_POINT('',(0.098401109554741,0.000188078593700069,0.00257488853964379));
#10404=CARTESIAN_POINT('',(0.098884468970729,0.00414230469599986,0.00257488891063759));
#10405=CARTESIAN_POINT('',(0.099122988261292,0.00678956757109894,0.00257488907601283));
#10406=CARTESIAN_POINT('',(0.099244603328781,0.00944272001049917,0.00257488907601647));
#10407=CARTESIAN_POINT('',(0.092847683940416,-0.0219924985244208,0.00250925543716947));
#10408=CARTESIAN_POINT('',(0.0928767512929465,-0.0218903055154005,0.00250925543728541));
#10409=CARTESIAN_POINT('',(0.092905818645477,-0.0217881125063802,0.00250925543740136));
#10410=CARTESIAN_POINT('',(0.092934885998008,-0.0216859194973615,0.0025092554375173));
#10411=CARTESIAN_POINT('',(0.0936615698112755,-0.0191310942717209,0.00250925544041594));
#10412=CARTESIAN_POINT('',(0.094388412018417,-0.0165763101194205,0.00250925560461654));
#10413=CARTESIAN_POINT('',(0.095479943240944,-0.0127446670372393,0.00250925597114458));
#10414=CARTESIAN_POINT('',(0.095843966005684,-0.0114674677525617,0.00250925611822242));
#10415=CARTESIAN_POINT('',(0.096573096116142,-0.00891332706457959,0.00250925641436554));
#10416=CARTESIAN_POINT('',(0.0969447234389355,-0.00763806412638068,0.00250925661203251));
#10417=CARTESIAN_POINT('',(0.0975845387830895,-0.00505942729316189,0.00250925696259391));
#10418=CARTESIAN_POINT('',(0.0978177459559475,-0.00375072581772074,0.00250925711619226));
#10419=CARTESIAN_POINT('',(0.0982288899250655,-0.00112675589248035,0.00250925742199477));
#10420=CARTESIAN_POINT('',(0.098409454438543,0.000189168976840292,0.00250925756273305));
#10421=CARTESIAN_POINT('',(0.098894038642878,0.00414357745981953,0.00250925792562323));
#10422=CARTESIAN_POINT('',(0.099133308451617,0.00679099432227837,0.00250925808502158));
#10423=CARTESIAN_POINT('',(0.0992554143994245,0.00944432502866022,0.00250925807854582));
#10424=CARTESIAN_POINT('',(0.092851725215571,-0.0219926007438591,0.00244362442872775));
#10425=CARTESIAN_POINT('',(0.092880724207311,-0.0218903736626608,0.00244362442879739));
#10426=CARTESIAN_POINT('',(0.092909723199051,-0.0217881465814802,0.00244362442886703));
#10427=CARTESIAN_POINT('',(0.092938722190791,-0.0216859195003014,0.00244362442893666));
#10428=CARTESIAN_POINT('',(0.093663696984289,-0.0191302424707391,0.00244362443067759));
#10429=CARTESIAN_POINT('',(0.094390348113069,-0.0165752804689401,0.00244362459489682));
#10430=CARTESIAN_POINT('',(0.095482689896109,-0.0127435429028004,0.00244362496022963));
#10431=CARTESIAN_POINT('',(0.095847183615526,-0.0114663634961012,0.00244362511154736));
#10432=CARTESIAN_POINT('',(0.0965775394488585,-0.00891230024734213,0.0024436253975467));
#10433=CARTESIAN_POINT('',(0.096949948983703,-0.0076371065410612,0.00244362562942806));
#10434=CARTESIAN_POINT('',(0.097591143042974,-0.00505852020610043,0.00244362600272349));
#10435=CARTESIAN_POINT('',(0.097824809122987,-0.0037497811176408,0.00244362614547992));
#10436=CARTESIAN_POINT('',(0.098236818813903,-0.00112572015638079,0.00244362644851702));
#10437=CARTESIAN_POINT('',(0.098417799322345,0.000190259360000056,0.0024436265858223));
#10438=CARTESIAN_POINT('',(0.0989036083150265,0.00414485022365874,0.00244362694060887));
#10439=CARTESIAN_POINT('',(0.0991436286419415,0.00679242107345957,0.00244362709403034));
#10440=CARTESIAN_POINT('',(0.0992662254700675,0.0094459300468408,0.00244362708107517));
#10441=CARTESIAN_POINT('',(0.092855766490726,-0.0219927029632814,0.00237799342028604));
#10442=CARTESIAN_POINT('',(0.0928846971216755,-0.0218904418099406,0.00237799342030937));
#10443=CARTESIAN_POINT('',(0.0929136277526245,-0.0217881806565998,0.00237799342033269));
#10444=CARTESIAN_POINT('',(0.0929425583835735,-0.0216859195032608,0.00237799342035602));
#10445=CARTESIAN_POINT('',(0.0936658241573025,-0.0191293906697609,0.00237799342093923));
#10446=CARTESIAN_POINT('',(0.094392284207721,-0.0165742508184596,0.00237799358517708));
#10447=CARTESIAN_POINT('',(0.095485436551274,-0.0127424187683403,0.00237799394931468));
#10448=CARTESIAN_POINT('',(0.0958504012253675,-0.0114652592396407,0.00237799410487229));
#10449=CARTESIAN_POINT('',(0.0965819827815755,-0.00891127343010112,0.00237799438072786));
#10450=CARTESIAN_POINT('',(0.0969551745284705,-0.0076361489557204,0.00237799464682361));
#10451=CARTESIAN_POINT('',(0.0975977473028585,-0.00505761311906028,0.00237799504285308));
#10452=CARTESIAN_POINT('',(0.097831872290026,-0.00374883641756085,0.00237799517476759));
#10453=CARTESIAN_POINT('',(0.0982447477027405,-0.0011246844202617,0.00237799547503927));
#10454=CARTESIAN_POINT('',(0.0984261442061465,0.000191349743138503,0.00237799560891156));
#10455=CARTESIAN_POINT('',(0.0989131779871755,0.00414612298749972,0.00237799595559451));
#10456=CARTESIAN_POINT('',(0.0991539488322665,0.00679384782464076,0.00237799610303908));
#10457=CARTESIAN_POINT('',(0.099277036540711,0.00944753506501961,0.00237799608360452));
#10458=CARTESIAN_POINT('',(0.0923786248470525,-0.0216859192876609,0.0120259787573718));
#10459=CARTESIAN_POINT('',(0.0976877717355645,0.00921159183804043,0.0120259798817056));
#10460=CARTESIAN_POINT('',(0.06953144895317,-0.0219359160008014,0.000462116261914345));
#10461=CARTESIAN_POINT('',(0.06953144895317,-0.00597898472148945,0.00257486891769656));
#10462=CARTESIAN_POINT('',(0.06953144895317,-0.0196859160008014,0.00257486891769656));
#10463=CARTESIAN_POINT('',(0.06953144895317,-0.0196859160008014,0.000462116261914345));
#10464=CARTESIAN_POINT('',(0.06953144895317,-0.0209366938750595,0.0194763954689396));
#10465=CARTESIAN_POINT('',(0.095666786128983,0.0231534362014427,0.0215904992381976));
#10466=CARTESIAN_POINT('',(0.0967215561464298,0.0234109305522627,0.0152519625174714));
#10467=CARTESIAN_POINT('',(0.0977763261638774,0.0236684249030813,0.00891342579674229));
#10468=CARTESIAN_POINT('',(0.098831096181325,0.0239259192538998,0.00257488907601647));
#10469=CARTESIAN_POINT('',(0.0988375284192898,0.0239274895155803,0.00253623517434844));
#10470=CARTESIAN_POINT('',(0.0988439606572547,0.0239290597772607,0.00249758127268041));
#10471=CARTESIAN_POINT('',(0.0988503928952196,0.0239306300389415,0.00245892737101238));
#10472=CARTESIAN_POINT('',(0.095912817976553,0.0184318292952145,0.0215904991513135));
#10473=CARTESIAN_POINT('',(0.0969990811696316,0.0186572093576872,0.0152519624595479));
#10474=CARTESIAN_POINT('',(0.0980853443627093,0.0188825894200004,0.00891342576778215));
#10475=CARTESIAN_POINT('',(0.099171607555788,0.0191079694824001,0.00257488907601647));
#10476=CARTESIAN_POINT('',(0.0991782318466143,0.0191093439035183,0.00253623517452505));
#10477=CARTESIAN_POINT('',(0.0991848561374405,0.0191107183246435,0.00249758127303362));
#10478=CARTESIAN_POINT('',(0.0991914804282667,0.0191120927457714,0.0024589273715422));
#10479=CARTESIAN_POINT('',(0.0960724374480816,0.0137060038286161,0.0215904994554325));
#10480=CARTESIAN_POINT('',(0.0972055728594233,0.0138952589794101,0.0152519626622926));
#10481=CARTESIAN_POINT('',(0.0983387082707642,0.0140845141302055,0.00891342586915293));
#10482=CARTESIAN_POINT('',(0.099471843682106,0.0142737692810009,0.00257488907601647));
#10483=CARTESIAN_POINT('',(0.0994787538108464,0.0142749234038385,0.00253623517390686));
#10484=CARTESIAN_POINT('',(0.099485663939587,0.014276077526676,0.00249758127179726));
#10485=CARTESIAN_POINT('',(0.0994925740683276,0.014277231649514,0.00245892736968765));
#10486=CARTESIAN_POINT('',(0.0961122556593286,0.00897768975577503,0.0215904989775424));
#10487=CARTESIAN_POINT('',(0.0971563715491463,0.00913269984068308,0.0152519623437004));
#10488=CARTESIAN_POINT('',(0.0982004874389632,0.00928770992559113,0.00891342570985844));
#10489=CARTESIAN_POINT('',(0.099244603328781,0.00944272001049917,0.00257488907601647));
#10490=CARTESIAN_POINT('',(0.0992509705953465,0.00944366529879462,0.00253623517487828));
#10491=CARTESIAN_POINT('',(0.0992573378619118,0.00944461058709006,0.00249758127374009));
#10492=CARTESIAN_POINT('',(0.0992637051284771,0.00944555587538584,0.0024589273726019));
#10493=CARTESIAN_POINT('',(0.0961124946682123,0.00894930804217296,0.0215904989746739));
#10494=CARTESIAN_POINT('',(0.0971560762181943,0.00910411257101084,0.0152519623417881));
#10495=CARTESIAN_POINT('',(0.0981996577681755,0.00925891709985026,0.00891342570890227));
#10496=CARTESIAN_POINT('',(0.0992432393181579,0.00941372162870103,0.00257488907601647));
#10497=CARTESIAN_POINT('',(0.099249603326192,0.00941466566346789,0.00253623517488411));
#10498=CARTESIAN_POINT('',(0.099255967334226,0.00941560969823477,0.00249758127375175));
#10499=CARTESIAN_POINT('',(0.0992623313422602,0.00941655373300156,0.00245892737261939));
#10500=CARTESIAN_POINT('',(0.0961127336770957,0.00892092632857877,0.0215904989718054));
#10501=CARTESIAN_POINT('',(0.0971557808872422,0.00907552530134745,0.0152519623398757));
#10502=CARTESIAN_POINT('',(0.0981988280973878,0.00923012427411723,0.00891342570794611));
#10503=CARTESIAN_POINT('',(0.0992418753075347,0.00938472324690288,0.00257488907601647));
#10504=CARTESIAN_POINT('',(0.0992482360570374,0.00938566602814081,0.00253623517488994));
#10505=CARTESIAN_POINT('',(0.0992545968065404,0.00938660880937641,0.00249758127376341));
#10506=CARTESIAN_POINT('',(0.0992609575560434,0.00938755159061225,0.00245892737263688));
#10507=CARTESIAN_POINT('',(0.0961129726859793,0.00889254461498409,0.0215904989689368));
#10508=CARTESIAN_POINT('',(0.0971554855562902,0.00904693803168688,0.0152519623379634));
#10509=CARTESIAN_POINT('',(0.0981979984266002,0.00920133144838694,0.00891342570698994));
#10510=CARTESIAN_POINT('',(0.0992405112969114,0.00935572486510436,0.00257488907601647));
#10511=CARTESIAN_POINT('',(0.0992468687878831,0.00935666639281098,0.00253623517489577));
#10512=CARTESIAN_POINT('',(0.0992532262788549,0.00935760792051483,0.00249758127377507));
#10513=CARTESIAN_POINT('',(0.0992595837698268,0.00935854944821981,0.00245892737265437));
#10514=CARTESIAN_POINT('',(0.097258378746177,0.0235419816672397,0.0120259798817074));
#10515=CARTESIAN_POINT('',(0.039939686895707,-0.021685916000802,0.0196460920659188));
#10516=CARTESIAN_POINT('',(0.090058944530326,-0.021685916000802,0.0111132594518099));
#10517=CARTESIAN_POINT('',(0.0445505550850224,0.0220938934450958,0.0216008599934336));
#10518=CARTESIAN_POINT('',(0.0441282741933023,0.0219653556456809,0.0174017783129645));
#10519=CARTESIAN_POINT('',(0.0447419297342876,0.0268174062356803,0.0214370232668574));
#10520=CARTESIAN_POINT('',(0.0443196488425675,0.0266888684362653,0.0172379415863883));
#10521=CARTESIAN_POINT('',(0.0449565523948418,0.0315401777960107,0.021270871292432));
#10522=CARTESIAN_POINT('',(0.0445342715031217,0.0314116399965958,0.0170717896119629));
#10523=CARTESIAN_POINT('',(0.0452534355593109,0.0362578657642126,0.0210966023991653));
#10524=CARTESIAN_POINT('',(0.0448311546675908,0.0361293279647977,0.0168975207186962));
#10525=CARTESIAN_POINT('',(0.044898672395529,0.0360670081921259,0.0176248054988905));
#10526=CARTESIAN_POINT('',(0.0445810949636434,0.0313702873723144,0.0175648482917396));
#10527=CARTESIAN_POINT('',(0.0443444507714042,0.026668569085743,0.0174969050057775));
#10528=CARTESIAN_POINT('',(0.0441307778618721,0.0219661183919065,0.0174266740311122));
#10529=CARTESIAN_POINT('',(0.0974076319226103,0.0239069569638401,0.00244209355547266));
#10530=CARTESIAN_POINT('',(0.0973899502452437,0.0239027634059905,0.00254551453317866));
#10531=CARTESIAN_POINT('',(0.0944778072617656,0.023212091371464,0.0195787783083315));
#10532=CARTESIAN_POINT('',(0.0974598463036647,0.0230304973756406,0.00244204071004015));
#10533=CARTESIAN_POINT('',(0.0974421360562714,0.0230263603106547,0.00254546046178308));
#10534=CARTESIAN_POINT('',(0.0945252876366988,0.0223449925575781,0.0195785223228492));
#10535=CARTESIAN_POINT('',(0.0975078059094765,0.0220556780599175,0.0024425675885733));
#10536=CARTESIAN_POINT('',(0.0974901043181078,0.0220516004232443,0.00254598581950274));
#10537=CARTESIAN_POINT('',(0.0945746815314586,0.0213800204150421,0.0195787972051028));
#10538=CARTESIAN_POINT('',(0.0975423622370929,0.0210813709702405,0.00244391657958752));
#10539=CARTESIAN_POINT('',(0.0975247258262145,0.0210773484390003,0.00254733308949427));
#10540=CARTESIAN_POINT('',(0.0946200381584102,0.0204148442037933,0.019579861025509));
#10541=CARTESIAN_POINT('',(0.0975489723926071,0.0208872345925353,0.00244420088617059));
#10542=CARTESIAN_POINT('',(0.097531350124052,0.0208832232613396,0.00254761705869087));
#10543=CARTESIAN_POINT('',(0.0946289916734417,0.0202225636557827,0.0195800894277126));
#10544=CARTESIAN_POINT('',(0.0975773304251835,0.0200209509450999,0.00244552751296351));
#10545=CARTESIAN_POINT('',(0.097559775895161,0.0200169914829402,0.00254894223434541));
#10546=CARTESIAN_POINT('',(0.0946685738686767,0.0193648746231225,0.0195811756032763));
#10547=CARTESIAN_POINT('',(0.0975971631143211,0.0190684095264925,0.00244762933103885));
#10548=CARTESIAN_POINT('',(0.0975797295906545,0.0190645113888603,0.00255104255153798));
#10549=CARTESIAN_POINT('',(0.0947084571106645,0.0184224945763368,0.0195830287275647));
#10550=CARTESIAN_POINT('',(0.0976052456251573,0.0182109160256663,0.00245003917652501));
#10551=CARTESIAN_POINT('',(0.0975879585177845,0.0182070744664991,0.00255345112664569));
#10552=CARTESIAN_POINT('',(0.0947408005588963,0.0175743760333127,0.019585228073444));
#10553=CARTESIAN_POINT('',(0.0976075383361544,0.017934485237546,0.00245082831996763));
#10554=CARTESIAN_POINT('',(0.097590299589722,0.0179306626996194,0.00255423988704925));
#10555=CARTESIAN_POINT('',(0.0947511065976526,0.0173010970323124,0.0195859537479481));
#10556=CARTESIAN_POINT('',(0.0976187899029794,0.0160272441794246,0.00245648137576082));
#10557=CARTESIAN_POINT('',(0.097601901469398,0.0160235584235391,0.00255989048478541));
#10558=CARTESIAN_POINT('',(0.094820404423812,0.0154165205313582,0.0195911995077637));
#10559=CARTESIAN_POINT('',(0.0975858705830399,0.0141157870464023,0.00246418377746931));
#10560=CARTESIAN_POINT('',(0.097569488212126,0.0141122694078586,0.00256759152580189));
#10561=CARTESIAN_POINT('',(0.0948713388498717,0.0135329201648863,0.0195986764450594));
#10562=CARTESIAN_POINT('',(0.0975313342397794,0.0123936814794997,0.00247148251980025));
#10563=CARTESIAN_POINT('',(0.097515442209426,0.0123903313511988,0.00257488991587662));
#10564=CARTESIAN_POINT('',(0.0948980511255434,0.0118385707675057,0.0196059168191196));
#10565=CARTESIAN_POINT('',(0.0975306070547812,0.0123707190060575,0.00247157984088215));
#10566=CARTESIAN_POINT('',(0.0975147215626054,0.0123673711113258,0.00257498723226155));
#10567=CARTESIAN_POINT('',(0.0948984073057526,0.0118159783935068,0.0196060133619218));
#10568=CARTESIAN_POINT('',(0.097529879869783,0.012347756532615,0.00247167716196405));
#10569=CARTESIAN_POINT('',(0.0975140009157848,0.0123444108714596,0.0025750845486465));
#10570=CARTESIAN_POINT('',(0.0948987634859616,0.011793386019508,0.019606109904724));
#10571=CARTESIAN_POINT('',(0.0975291526847847,0.0123247940591725,0.00247177448304596));
#10572=CARTESIAN_POINT('',(0.0975132802689642,0.0123214506315918,0.00257518186503143));
#10573=CARTESIAN_POINT('',(0.0948991196661706,0.0117707936455093,0.0196062064475261));
#10574=CARTESIAN_POINT('',(0.095943949742394,0.023490654349299,0.0110259808358546));
#10575=CARTESIAN_POINT('',(0.0962166474421035,0.0121165381976009,0.0110259803016393));
#10576=CARTESIAN_POINT('',(0.0975332467080913,0.0123940846383979,0.00245903833465721));
#10577=CARTESIAN_POINT('',(0.097517368667411,0.0123907374591994,0.00256235470173625));
#10578=CARTESIAN_POINT('',(0.0949022539031558,0.0118394567362235,0.0195785698873107));
#10579=CARTESIAN_POINT('',(0.0975029317342214,0.0114379141393476,0.00246311173154691));
#10580=CARTESIAN_POINT('',(0.097487325765416,0.0114346564245995,0.00256642778643209));
#10581=CARTESIAN_POINT('',(0.0949170212640306,0.0108981105059177,0.0195825915536503));
#10582=CARTESIAN_POINT('',(0.0974643738720152,0.0104810757299126,0.00246735358474856));
#10583=CARTESIAN_POINT('',(0.09744905409522,0.0104779143166986,0.00257066956542031));
#10584=CARTESIAN_POINT('',(0.0949258854442584,0.00995722926779164,0.0195868211096786));
#10585=CARTESIAN_POINT('',(0.0974189702864945,0.00952400429979702,0.00247157409982495));
#10586=CARTESIAN_POINT('',(0.09740393734886,0.00952094281569948,0.00257489021464927));
#10587=CARTESIAN_POINT('',(0.0949280111341619,0.00901671610225198,0.0195910638538502));
#10588=CARTESIAN_POINT('',(0.0974186973974328,0.0095182520156637,0.00247159946637663));
#10589=CARTESIAN_POINT('',(0.0974036661837871,0.00951519113217803,0.00257491558200725));
#10590=CARTESIAN_POINT('',(0.0949280239101908,0.00901106333821912,0.0195910893540054));
#10591=CARTESIAN_POINT('',(0.0974184245083711,0.0095124997315321,0.00247162483292832));
#10592=CARTESIAN_POINT('',(0.0974033950187143,0.00950943944864823,0.00257494094936524));
#10593=CARTESIAN_POINT('',(0.0949280366862197,0.00900541057417983,0.0195911148541605));
#10594=CARTESIAN_POINT('',(0.0974181516193094,0.00950674744739871,0.00247165019948001));
#10595=CARTESIAN_POINT('',(0.0974031238536412,0.00950368776511587,0.00257496631672322));
#10596=CARTESIAN_POINT('',(0.0949280494622487,0.00899975781014258,0.0195911403543156));
#10597=CARTESIAN_POINT('',(0.090058951297433,-0.0209284194943003,0.0111132606765864));
#10598=CARTESIAN_POINT('',(0.0885451919504745,-0.020936166641361,0.019477048668034));
#10599=CARTESIAN_POINT('',(0.088545189299031,-0.0201858960117604,0.0194771015636234));
#10600=CARTESIAN_POINT('',(0.049446792401329,0.0109211158058002,0.00627489006851966));
#10601=CARTESIAN_POINT('',(0.049446792401329,0.0109211158058002,0.00627489006851784));
#10602=CARTESIAN_POINT('',(0.049446792401328,0.0109211158058002,0.00627489006851966));
#10603=CARTESIAN_POINT('',(0.049446792401329,0.0138775695375983,0.00627489006851966));
#10604=CARTESIAN_POINT('',(0.049446792401329,0.0138775695375983,0.00627489006851966));
#10605=CARTESIAN_POINT('',(0.049446792401329,0.0138775695375983,0.00777489006851966));
#10606=CARTESIAN_POINT('',(0.049446792401329,0.0388973967879984,0.00777489006851784));
#10607=CARTESIAN_POINT('',(0.049446792401329,0.0109211158058002,0.00777489006851966));
#10608=CARTESIAN_POINT('',(0.049446792401329,0.0109211158058393,0.00627489006851602));
#10609=CARTESIAN_POINT('',(0.097186749353984,0.0388973967879984,0.00777489006851784));
#10610=CARTESIAN_POINT('',(0.044384536890337,0.0138775695375983,0.00777489006851966));
#10611=CARTESIAN_POINT('',(0.044346005613483,0.0127801291902987,0.00777489006851966));
#10612=CARTESIAN_POINT('',(0.044308033311239,0.0116826688068006,0.00777489006851966));
#10613=CARTESIAN_POINT('',(0.044270557013593,0.0105851921208995,0.00777489006851966));
#10614=CARTESIAN_POINT('',(0.044223181821198,0.00919781558289934,0.00777489006852148));
#10615=CARTESIAN_POINT('',(0.044176552628926,0.00781040730930016,0.00777489006852148));
#10616=CARTESIAN_POINT('',(0.044132581002379,0.00642291885229973,0.00777489006851784));
#10617=CARTESIAN_POINT('',(0.044384537032699,0.0138775693709388,0.00777488990185299));
#10618=CARTESIAN_POINT('',(0.0441325811575166,0.00642291920225979,0.00777488990184409));
#10619=CARTESIAN_POINT('',(0.043919053426978,0.00624217913069991,0.00777489006851784));
#10620=CARTESIAN_POINT('',(0.097186749353984,0.0138775695375983,0.00777489006851784));
#10621=CARTESIAN_POINT('',(0.043919053426978,0.00624217913069991,0.00627489006851602));
#10622=CARTESIAN_POINT('',(-1.0218810700575,-0.895900863298341,0.267471509396816));
#10623=CARTESIAN_POINT('',(0.0439190536308522,0.00624217952191941,0.00627489023518451));
#10624=CARTESIAN_POINT('',(0.0910257779378755,0.0461155128721398,0.00627489006851784));
#10625=CARTESIAN_POINT('',(0.097006095055557,0.0390503110312981,0.00627489006851784));
#10626=CARTESIAN_POINT('',(0.049446792401329,0.0138775695375983,0.00627489006851784));
#10627=CARTESIAN_POINT('',(0.044208308070823,0.0138775693709388,0.00627489023518843));
#10628=CARTESIAN_POINT('',(0.044208307889943,0.0138775695375983,0.00627489006851966));
#10629=CARTESIAN_POINT('',(0.04416504100539,0.0127671396059004,0.00627489006851966));
#10630=CARTESIAN_POINT('',(0.044122194703271,0.0116566930706981,0.00627489006851966));
#10631=CARTESIAN_POINT('',(0.044079708859981,0.0105462331041988,0.00627489006851966));
#10632=CARTESIAN_POINT('',(0.04402482051988,0.0091115995814004,0.00627489006852148));
#10633=CARTESIAN_POINT('',(0.043970475997955,0.00767694008209929,0.00627489006852148));
#10634=CARTESIAN_POINT('',(0.043919053426983,0.00624217913069991,0.00627489006851784));
#10635=CARTESIAN_POINT('',(0.049446792401329,0.0138775695375983,0.00627489006851966));
#10636=CARTESIAN_POINT('',(7.01945360075152,0.0138775574447401,-0.812458428020542));
#10637=CARTESIAN_POINT('',(0.0458676653640543,0.0222428374592485,0.0196796430008292));
#10638=CARTESIAN_POINT('',(0.0441537871390655,0.0216628681102584,0.00257554530296031));
#10639=CARTESIAN_POINT('',(0.045866692207269,0.0221687218945273,0.019679427740744));
#10640=CARTESIAN_POINT('',(0.044150184680259,0.0215896253213389,0.00257531514217861));
#10641=CARTESIAN_POINT('',(0.0458657190504836,0.0220946063298062,0.0196792124806588));
#10642=CARTESIAN_POINT('',(0.0441465822214525,0.0215163825324195,0.00257508498139691));
#10643=CARTESIAN_POINT('',(0.0458647458936982,0.022020490765085,0.0196789972205735));
#10644=CARTESIAN_POINT('',(0.044142979762646,0.0214431397435,0.00257485482061521));
#10645=CARTESIAN_POINT('',(0.0458209267808699,0.0186832296559973,0.0196693045316834));
#10646=CARTESIAN_POINT('',(0.043980768954198,0.0181451778119986,0.00256449118608717));
#10647=CARTESIAN_POINT('',(0.045791995074869,0.0149739331366249,0.0196570251314722));
#10648=CARTESIAN_POINT('',(0.0438016055738746,0.0144804369110396,0.0025514050093002));
#10649=CARTESIAN_POINT('',(0.0457813031508483,0.0112643663869998,0.0196432215196555));
#10650=CARTESIAN_POINT('',(0.0436218935563824,0.0108155916127792,0.00253679192216214));
#10651=CARTESIAN_POINT('',(0.0457795222362916,0.0105224481473906,0.0196404303062542));
#10652=CARTESIAN_POINT('',(0.043585935592678,0.0100826067241986,0.00253383944121952));
#10653=CARTESIAN_POINT('',(0.0457730330551583,0.00714669305584622,0.0196275896782692));
#10654=CARTESIAN_POINT('',(0.0434222362848794,0.00674808487512024,0.00252024952037708));
#10655=CARTESIAN_POINT('',(0.0457821767480687,0.00343695881561915,0.0196124656731725));
#10656=CARTESIAN_POINT('',(0.0432461102607712,0.00308981126065788,0.00250414459756973));
#10657=CARTESIAN_POINT('',(0.0458061672595202,9.86053136783781E-5,0.019600668961172));
#10658=CARTESIAN_POINT('',(0.0431243724111982,-0.000198780207099958,0.00249148442555234));
#10659=CARTESIAN_POINT('',(0.0458101472359195,-0.000420707916318473,0.0195988667962621));
#10660=CARTESIAN_POINT('',(0.0431060643528146,-0.000710277616340349,0.0024895485026119));
#10661=CARTESIAN_POINT('',(0.0458234973133699,-0.00210853968354888,0.0195930715165986));
#10662=CARTESIAN_POINT('',(0.043047723648708,-0.00237200776840041,0.00248331019618662));
#10663=CARTESIAN_POINT('',(0.0458425926285146,-0.00396267054752561,0.0195875016204118));
#10664=CARTESIAN_POINT('',(0.042997675557568,-0.00419198765838047,0.00247718779161332));
#10665=CARTESIAN_POINT('',(0.0458660006579091,-0.00563055493469597,0.0195844839160303));
#10666=CARTESIAN_POINT('',(0.042982491038724,-0.00582481297286108,0.00247373225731185));
#10667=CARTESIAN_POINT('',(0.0458697472876128,-0.00589036202682065,0.01958405040325));
#10668=CARTESIAN_POINT('',(0.0429806240011834,-0.00607845127808204,0.00247322644606839));
#10669=CARTESIAN_POINT('',(0.0458818186405157,-0.00673633099296072,0.0195827579950693));
#10670=CARTESIAN_POINT('',(0.0429756911706846,-0.00690074603249968,0.00247167403796688));
#10671=CARTESIAN_POINT('',(0.0458948773235775,-0.00766010280965629,0.0195823249882379));
#10672=CARTESIAN_POINT('',(0.0429823326338416,-0.00780020219268174,0.00247101998711936));
#10673=CARTESIAN_POINT('',(0.0459144999286372,-0.00848576846460843,0.0195826499814411));
#10674=CARTESIAN_POINT('',(0.043004412704385,-0.00860549080035966,0.00247123073982956));
#10675=CARTESIAN_POINT('',(0.0459187778041499,-0.00865807991153705,0.0195827280878181));
#10676=CARTESIAN_POINT('',(0.043009414014394,-0.00877504156952114,0.00247129125024358));
#10677=CARTESIAN_POINT('',(0.0459415556026729,-0.00947458013834112,0.0195830639893153));
#10678=CARTESIAN_POINT('',(0.0430354609884486,-0.00958480129819961,0.00247156012382934));
#10679=CARTESIAN_POINT('',(0.0459927243897362,-0.0103644613673431,0.0195833050738972));
#10680=CARTESIAN_POINT('',(0.0430866825683494,-0.01046710597236,0.00247169643704294));
#10681=CARTESIAN_POINT('',(0.0460700120059387,-0.0111564496773365,0.0195836200440413));
#10682=CARTESIAN_POINT('',(0.0431609958969552,-0.0112526597656206,0.00247187284036957));
#10683=CARTESIAN_POINT('',(0.0460869530575861,-0.0113229569903101,0.019583695488596));
#10684=CARTESIAN_POINT('',(0.043177241370612,-0.0114177348304398,0.00247191829500872));
#10685=CARTESIAN_POINT('',(0.046171841905616,-0.0121169988164872,0.0195841135025094));
#10686=CARTESIAN_POINT('',(0.0432585539831566,-0.0122052485565618,0.00247218340106316));
#10687=CARTESIAN_POINT('',(0.046306238228399,-0.012975749790988,0.0195848172460706));
#10688=CARTESIAN_POINT('',(0.043385752678117,-0.0130640901718007,0.00247256746948143));
#10689=CARTESIAN_POINT('',(0.0464732444647255,-0.0137303481634196,0.0195853283334121));
#10690=CARTESIAN_POINT('',(0.0435361616768804,-0.0138278389526008,0.00247230455973395));
#10691=CARTESIAN_POINT('',(0.0464993542911871,-0.0138448385406431,0.0195853618010671));
#10692=CARTESIAN_POINT('',(0.0435593909134086,-0.013942883380361,0.00247224761660574));
#10693=CARTESIAN_POINT('',(0.0465789032171449,-0.014190643097278,0.0195852254017112));
#10694=CARTESIAN_POINT('',(0.0436291825784535,-0.0142846981902667,0.00247204467584329));
#10695=CARTESIAN_POINT('',(0.0466648794374197,-0.0145365725521311,0.0195851295007558));
#10696=CARTESIAN_POINT('',(0.0437057874659574,-0.0146267898825879,0.00247189826612384));
#10697=CARTESIAN_POINT('',(0.0467454016670258,-0.0148435097965653,0.0195850527840539));
#10698=CARTESIAN_POINT('',(0.0437782929512495,-0.0149303977156991,0.00247178724905925));
#10699=CARTESIAN_POINT('',(83.5224740830649,-34.5172394597189,-14.4311929108918));
#10700=CARTESIAN_POINT('',(0.0437351812305179,-0.014670030403667,0.00257489268923938));
#10701=CARTESIAN_POINT('',(0.0437351772529137,-0.0146700313198276,0.00257486891769656));
#10702=CARTESIAN_POINT('',(0.0433965502709016,-0.0131998479121532,0.00257486891769656));
#10703=CARTESIAN_POINT('',(0.0429976786466672,-0.0102037482688067,0.00257486891769656));
#10704=CARTESIAN_POINT('',(0.0429736070808983,-0.00416567040430259,0.00257486891769656));
#10705=CARTESIAN_POINT('',(0.0432629953356775,0.0033678440909821,0.00257486891769656));
#10706=CARTESIAN_POINT('',(0.0437044106722083,0.0124056936771039,0.00257486891769656));
#10707=CARTESIAN_POINT('',(0.0439957524558191,0.0184307256981896,0.00257486891769656));
#10708=CARTESIAN_POINT('',(0.0441429845347109,0.0214432088243556,0.00257486891769656));
#10709=CARTESIAN_POINT('',(0.0441429922212696,0.0214432084486828,0.00257488896858879));
#10710=CARTESIAN_POINT('',(0.0441429804967543,0.0214430739988551,0.0025748946867932));
#10711=CARTESIAN_POINT('',(0.0447101266382877,0.0216332359513105,0.0082089630988746));
#10712=CARTESIAN_POINT('',(0.0452772733471981,0.02182339771543,0.0138430315141714));
#10713=CARTESIAN_POINT('',(0.0458444206234869,0.0220135592912134,0.0194770999326836));
#10714=CARTESIAN_POINT('',(0.0466757668267088,-0.0145783214059109,0.0195785924376958));
#10715=CARTESIAN_POINT('',(0.0437170642973357,-0.0146680637521154,0.0024734799914839));
#10716=CARTESIAN_POINT('',(0.0467118306940351,-0.0147202177879129,0.0195785541077851));
#10717=CARTESIAN_POINT('',(0.0437493439858275,-0.0148083997012819,0.00247342294763503));
#10718=CARTESIAN_POINT('',(0.0467488619159967,-0.0148621574213993,0.0195785187149456));
#10719=CARTESIAN_POINT('',(0.0437826542276113,-0.0149487974610975,0.00247337119509978));
#10720=CARTESIAN_POINT('',(0.0467867827929947,-0.0150041537695764,0.0195784844776065));
#10721=CARTESIAN_POINT('',(0.043816915947824,-0.0150892656661939,0.00247332277249437));
#10722=CARTESIAN_POINT('',(71.8560207351398,-0.0150036985334406,-12.5436847956233));
#10723=CARTESIAN_POINT('',(0.0438138969188571,-0.0150036976514276,0.00257489102124873));
#10724=CARTESIAN_POINT('',(0.0438138969074847,-0.0150036976541729,0.00257486891769656));
#10725=CARTESIAN_POINT('',(0.0437870805646918,-0.0148926124652987,0.00257486891769656));
#10726=CARTESIAN_POINT('',(0.0437608257092145,-0.0147813919686567,0.00257486891769656));
#10727=CARTESIAN_POINT('',(0.0437351772978252,-0.0146700313094386,0.00257486891769656));
#10728=CARTESIAN_POINT('',(0.0878802106765095,-0.0209361717128012,0.01947700086873));
#10729=CARTESIAN_POINT('',(0.0988532205689066,0.0238897771734728,0.00245929161975971));
#10730=CARTESIAN_POINT('',(0.0988468071766311,0.0238882094589315,0.00249782410517863));
#10731=CARTESIAN_POINT('',(0.0988403937843554,0.0238866417443928,0.00253635659059755));
#10732=CARTESIAN_POINT('',(0.0988339803920799,0.0238850740298495,0.00257488907601647));
#10733=CARTESIAN_POINT('',(0.0977789869167142,0.02362718732276,0.00891342552594611));
#10734=CARTESIAN_POINT('',(0.0967239934413497,0.0233693006155751,0.0152519619758758));
#10735=CARTESIAN_POINT('',(0.0956689999659842,0.0231114139084786,0.0215904984258057));
#10736=CARTESIAN_POINT('',(0.0988522578066056,0.0239033898629183,0.00245929161989855));
#10737=CARTESIAN_POINT('',(0.0988458448672355,0.0239018229434567,0.00249782410527119));
#10738=CARTESIAN_POINT('',(0.0988394319278652,0.0239002560239976,0.00253635659064383));
#10739=CARTESIAN_POINT('',(0.0988330189884949,0.0238986891045328,0.00257488907601647));
#10740=CARTESIAN_POINT('',(0.0977781000153895,0.0236409331868516,0.00891342551833317));
#10741=CARTESIAN_POINT('',(0.0967231810422853,0.0233831772690775,0.0152519619606499));
#10742=CARTESIAN_POINT('',(0.0956682620691802,0.0231254213513933,0.0215904984029667));
#10743=CARTESIAN_POINT('',(0.0988512950443046,0.0239170025523649,0.00245929162003738));
#10744=CARTESIAN_POINT('',(0.0988448825578398,0.023915436427984,0.00249782410536375));
#10745=CARTESIAN_POINT('',(0.0988384700713749,0.0239138703036049,0.00253635659069011));
#10746=CARTESIAN_POINT('',(0.0988320575849101,0.023912304179216,0.00257488907601647));
#10747=CARTESIAN_POINT('',(0.0977772131140649,0.0236546790509421,0.00891342551072023));
#10748=CARTESIAN_POINT('',(0.0967223686432208,0.0233970539225822,0.015251961945424));
#10749=CARTESIAN_POINT('',(0.095667524172376,0.0231394287943083,0.0215904983801278));
#10750=CARTESIAN_POINT('',(0.0988503322820034,0.0239306152418124,0.00245929162017622));
#10751=CARTESIAN_POINT('',(0.0988439202484441,0.0239290499125112,0.0024978241054563));
#10752=CARTESIAN_POINT('',(0.0988375082148845,0.0239274845832122,0.00253635659073639));
#10753=CARTESIAN_POINT('',(0.098831096181325,0.0239259192538998,0.00257488907601647));
#10754=CARTESIAN_POINT('',(0.0977763262127402,0.02366842491504,0.00891342550310729));
#10755=CARTESIAN_POINT('',(0.0967215562441564,0.0234109305760939,0.0152519619301981));
#10756=CARTESIAN_POINT('',(0.0956667862755717,0.0231534362372235,0.0215904983572889));
#10757=CARTESIAN_POINT('',(0.0988271879143992,0.0242578581014959,0.00245929162351385));
#10758=CARTESIAN_POINT('',(0.0988207867684789,0.0242563118855399,0.00249782410768139));
#10759=CARTESIAN_POINT('',(0.0988143856225587,0.0242547656695864,0.00253635659184893));
#10760=CARTESIAN_POINT('',(0.0988079844766385,0.0242532194536391,0.00257488907601647));
#10761=CARTESIAN_POINT('',(0.0977550055084874,0.023998869232671,0.00891342532009575));
#10762=CARTESIAN_POINT('',(0.0967020265403363,0.0237445190117201,0.015251961564175));
#10763=CARTESIAN_POINT('',(0.0956490475721851,0.0234901687907526,0.0215904978082516));
#10764=CARTESIAN_POINT('',(0.0988012096741184,0.0246214431834778,0.00245929162722271));
#10765=CARTESIAN_POINT('',(0.0987948177278592,0.0246199180573867,0.00249782411015397));
#10766=CARTESIAN_POINT('',(0.0987884257816001,0.0246183929312969,0.00253635659308522));
#10767=CARTESIAN_POINT('',(0.098782033835341,0.0246168678052001,0.00257488907601647));
#10768=CARTESIAN_POINT('',(0.0977305681977372,0.0243659868355806,0.00891342511672808));
#10769=CARTESIAN_POINT('',(0.0966791025601344,0.0241151058659439,0.0152519611574397));
#10770=CARTESIAN_POINT('',(0.0956276369225308,0.0238642248963222,0.0215904971981537));
#10771=CARTESIAN_POINT('',(0.0987750432537862,0.0249850151804318,0.00245929163092979));
#10772=CARTESIAN_POINT('',(0.0987686573398194,0.0249835108825702,0.0024978241126248));
#10773=CARTESIAN_POINT('',(0.0987622714258526,0.0249820065847115,0.00253635659431982));
#10774=CARTESIAN_POINT('',(0.098755885511886,0.0249805022868603,0.00257488907601483));
#10775=CARTESIAN_POINT('',(0.0977054121773871,0.0247330475301419,0.00891342491336714));
#10776=CARTESIAN_POINT('',(0.0966549388428885,0.0244855927734455,0.0152519607507152));
#10777=CARTESIAN_POINT('',(0.0956044655083892,0.0242381380168135,0.0215904965880659));
#10778=CARTESIAN_POINT('',(0.0987654706440399,0.0251179327568521,0.00245929163228318));
#10779=CARTESIAN_POINT('',(0.0987590868530797,0.0251164355393001,0.00249782411352701));
#10780=CARTESIAN_POINT('',(0.0987527030621195,0.025114938321747,0.00253635659477083));
#10781=CARTESIAN_POINT('',(0.0987463192711595,0.0251134411041996,0.00257488907601465));
#10782=CARTESIAN_POINT('',(0.0976961951680841,0.0248671510475355,0.00891342483914661));
#10783=CARTESIAN_POINT('',(0.0966460710650087,0.0246208609908558,0.0152519606022739));
#10784=CARTESIAN_POINT('',(0.0955959469619325,0.0243745709342736,0.021590496365404));
#10785=CARTESIAN_POINT('',(0.0987020741116444,0.0259966232143908,0.00245929164122891));
#10786=CARTESIAN_POINT('',(0.098695702369747,0.0259951720545605,0.00249782411949082));
#10787=CARTESIAN_POINT('',(0.0986893306278494,0.0259937208947301,0.00253635659775273));
#10788=CARTESIAN_POINT('',(0.098682958885952,0.0259922697348998,0.00257488907601465));
#10789=CARTESIAN_POINT('',(0.0976348168357345,0.0257535561048578,0.00891342434862694));
#10790=CARTESIAN_POINT('',(0.096586674785517,0.0255148424747437,0.0152519596212362));
#10791=CARTESIAN_POINT('',(0.0955385327352995,0.0252761288446267,0.021590494893848));
#10792=CARTESIAN_POINT('',(0.0986314691918078,0.0269621308724707,0.00245929165108754));
#10793=CARTESIAN_POINT('',(0.0986250903967196,0.0269607352466953,0.00249782412606325));
#10794=CARTESIAN_POINT('',(0.0986187116016314,0.0269593396209208,0.00253635660103894));
#10795=CARTESIAN_POINT('',(0.098612332806543,0.0269579439951393,0.00257488907601465));
#10796=CARTESIAN_POINT('',(0.0975630305169572,0.026728365634204,0.00891342380804993));
#10797=CARTESIAN_POINT('',(0.0965137282273716,0.0264987872733596,0.015251958540085));
#10798=CARTESIAN_POINT('',(0.0954644259377863,0.0262692089124854,0.0215904932721202));
#10799=CARTESIAN_POINT('',(0.0985684930096253,0.0278311166337632,0.00245929165996432));
#10800=CARTESIAN_POINT('',(0.0985620926306434,0.027829770776663,0.00249782413198109));
#10801=CARTESIAN_POINT('',(0.0985556922516614,0.0278284249195638,0.00253635660399788));
#10802=CARTESIAN_POINT('',(0.0985492918726795,0.0278270790624582,0.00257488907601465));
#10803=CARTESIAN_POINT('',(0.0974964390647337,0.0276056875743727,0.00891342332131099));
#10804=CARTESIAN_POINT('',(0.0964435862567879,0.0273842960863748,0.0152519575666074));
#10805=CARTESIAN_POINT('',(0.0953907334488421,0.0271629045982985,0.0215904918119036));
#10806=CARTESIAN_POINT('',(0.098555962856952,0.0280042155803125,0.00245929166173257));
#10807=CARTESIAN_POINT('',(0.0985495578814819,0.0280028796205211,0.00249782413315993));
#10808=CARTESIAN_POINT('',(0.098543152906012,0.0280015436607301,0.00253635660458729));
#10809=CARTESIAN_POINT('',(0.098536747930542,0.0280002077009396,0.00257488907601465));
#10810=CARTESIAN_POINT('',(0.0974831390071592,0.0277804443053848,0.00891342322435329));
#10811=CARTESIAN_POINT('',(0.0964295300837758,0.0275606809099005,0.015251957372692));
#10812=CARTESIAN_POINT('',(0.0953759211603929,0.0273409175143705,0.0215904915210306));
#10813=CARTESIAN_POINT('',(0.0984992456711209,0.0287886398638779,0.0024592916697457));
#10814=CARTESIAN_POINT('',(0.0984928185308848,0.0287873486789574,0.00249782413850201));
#10815=CARTESIAN_POINT('',(0.0984863913906488,0.0287860574940352,0.00253635660725833));
#10816=CARTESIAN_POINT('',(0.0984799642504125,0.0287847663090997,0.00257488907601465));
#10817=CARTESIAN_POINT('',(0.0974227092560221,0.0285723683127632,0.00891342278497095));
#10818=CARTESIAN_POINT('',(0.0963654542616321,0.0283599703163562,0.015251956493927));
#10819=CARTESIAN_POINT('',(0.0953081992672417,0.0281475723199963,0.0215904902028832));
#10820=CARTESIAN_POINT('',(0.0984374970605019,0.0296506870032073,0.00245929167855073));
#10821=CARTESIAN_POINT('',(0.098431032954634,0.0296494439313899,0.00249782414437203));
#10822=CARTESIAN_POINT('',(0.0984245688487662,0.0296482008595717,0.00253635661019334));
#10823=CARTESIAN_POINT('',(0.0984181047428985,0.0296469577877599,0.00257488907601465));
#10824=CARTESIAN_POINT('',(0.0973547689571462,0.0294424743259721,0.00891342230216582));
#10825=CARTESIAN_POINT('',(0.0962914331713934,0.0292379908642391,0.0152519555283141));
#10826=CARTESIAN_POINT('',(0.0952280973856423,0.0290335074024581,0.0215904887544648));
#10827=CARTESIAN_POINT('',(0.0983819343312974,0.0304265409054113,0.00245929168645982));
#10828=CARTESIAN_POINT('',(0.0983754311463306,0.0304253371272741,0.00249782414964476));
#10829=CARTESIAN_POINT('',(0.0983689279613637,0.0304241333491371,0.00253635661282971));
#10830=CARTESIAN_POINT('',(0.098362424776397,0.0304229295709995,0.00257488907601465));
#10831=CARTESIAN_POINT('',(0.0972926605370848,0.0302249098607403,0.00891342186848809));
#10832=CARTESIAN_POINT('',(0.096222896297773,0.0300268901505892,0.0152519546609583));
#10833=CARTESIAN_POINT('',(0.0951531320584612,0.0298288704403609,0.0215904874534314));
#10834=CARTESIAN_POINT('',(0.0983758344125851,0.0305117106179853,0.00245929170024273));
#10835=CARTESIAN_POINT('',(0.0983693268829149,0.0305105111124979,0.00249782415883338));
#10836=CARTESIAN_POINT('',(0.0983628193532447,0.030509311607012,0.00253635661742401));
#10837=CARTESIAN_POINT('',(0.0983563118235745,0.0305081121015202,0.00257488907601465));
#10838=CARTESIAN_POINT('',(0.0972858328870316,0.030310795235929,0.00891342111273137));
#10839=CARTESIAN_POINT('',(0.0962153539504891,0.0301134783704255,0.0152519531494456));
#10840=CARTESIAN_POINT('',(0.0951448750139457,0.0299161615048303,0.0215904851861619));
#10841=CARTESIAN_POINT('',(0.0983704024055247,0.0305875529705117,0.00245929183016536));
#10842=CARTESIAN_POINT('',(0.098363891023099,0.0305863573361875,0.00249782424544846));
#10843=CARTESIAN_POINT('',(0.0983573796406733,0.0305851617018632,0.00253635666073156));
#10844=CARTESIAN_POINT('',(0.0983508682582475,0.0305839660675389,0.00257488907601465));
#10845=CARTESIAN_POINT('',(0.0972797555491815,0.0303872860025749,0.00891341398870536));
#10846=CARTESIAN_POINT('',(0.0962086428401157,0.0301906059376627,0.0152519389013992));
#10847=CARTESIAN_POINT('',(0.0951375301310497,0.0299939258726889,0.0215904638140904));
#10848=CARTESIAN_POINT('',(0.0983649699381543,0.0306633951633413,0.00245929196009573));
#10849=CARTESIAN_POINT('',(0.0983584546467115,0.0306622034378918,0.0024978243320687));
#10850=CARTESIAN_POINT('',(0.0983519393552687,0.0306610117124461,0.00253635670404168));
#10851=CARTESIAN_POINT('',(0.098345424063826,0.0306598199869992,0.00257488907601465));
#10852=CARTESIAN_POINT('',(0.0972736683272489,0.0304637829255875,0.00891340686425452));
#10853=CARTESIAN_POINT('',(0.0962019125906718,0.0302677458641243,0.0152519246524976));
#10854=CARTESIAN_POINT('',(0.0951301568540955,0.0300717088026402,0.0215904424407379));
#10855=CARTESIAN_POINT('',(0.0983600799647682,0.0307316529809288,0.00245929207703907));
#10856=CARTESIAN_POINT('',(0.0983535611133965,0.0307304648039882,0.00249782441003093));
#10857=CARTESIAN_POINT('',(0.0983470422620248,0.0307292766270437,0.00253635674302279));
#10858=CARTESIAN_POINT('',(0.098340523410653,0.0307280884500986,0.00257488907601465));
#10859=CARTESIAN_POINT('',(0.0972681820710813,0.0305326351132453,0.00891340045191957));
#10860=CARTESIAN_POINT('',(0.0961958407315105,0.0303371817763918,0.0152519118278277));
#10861=CARTESIAN_POINT('',(0.0951234993919397,0.0301417284395369,0.021590423203733));
#10862=CARTESIAN_POINT('',(0.0954810458994595,0.0302068971211256,0.0194769988621071));
#10863=CARTESIAN_POINT('',(0.0955596640489059,0.0280938882301738,0.0201572538603159));
#10864=CARTESIAN_POINT('',(0.0956323460088062,0.0259750497487941,0.0208205315609677));
#10865=CARTESIAN_POINT('',(0.0956468376636228,0.0238530830446108,0.0214770707175905));
#10866=CARTESIAN_POINT('',(0.0954810457427473,0.0302068973661127,0.0194769996411952));
#10867=CARTESIAN_POINT('',(0.096910784498344,0.0304674930305992,0.011025944748149));
#10868=CARTESIAN_POINT('',(0.0757811597245685,0.0265680028951759,0.022696883930957));
#10869=CARTESIAN_POINT('',(0.0759276696229789,0.0307503043074102,0.0211167874457511));
#10870=CARTESIAN_POINT('',(0.0760819322034478,0.0350316928258701,0.0194285519951221));
#10871=CARTESIAN_POINT('',(0.0762372198011742,0.0393046032958229,0.0177282569004334));
#10872=CARTESIAN_POINT('',(0.0762420263640248,0.0394368263973435,0.0176756290552022));
#10873=CARTESIAN_POINT('',(0.0824102793631694,0.0257359865029716,0.0226838848802193));
#10874=CARTESIAN_POINT('',(0.0825454544890905,0.0298581425418892,0.0211655873257051));
#10875=CARTESIAN_POINT('',(0.0826880050271119,0.0340814693301295,0.0195445694027691));
#10876=CARTESIAN_POINT('',(0.0828335129669599,0.0382948868247493,0.0179049504803845));
#10877=CARTESIAN_POINT('',(0.082838018809659,0.0384252674585147,0.0178541937006771));
#10878=CARTESIAN_POINT('',(0.0890714435096704,0.0248004151234246,0.0222801658539853));
#10879=CARTESIAN_POINT('',(0.0891914845645733,0.0288801020145748,0.0208642715104906));
#10880=CARTESIAN_POINT('',(0.0893188902853141,0.0330663145197952,0.0193508224135502));
#10881=CARTESIAN_POINT('',(0.0894522247477699,0.037238678561247,0.0178037283095144));
#10882=CARTESIAN_POINT('',(0.0894563567980182,0.037367784791057,0.0177558198406365));
#10883=CARTESIAN_POINT('',(0.0957640002459555,0.0237601611305645,0.02148641100689));
#10884=CARTESIAN_POINT('',(0.0958655025845928,0.0278149502896109,0.0202134438341161));
#10885=CARTESIAN_POINT('',(0.0959745713693414,0.0319849872914454,0.018847862600215));
#10886=CARTESIAN_POINT('',(0.0960934285141414,0.0361348690992616,0.0174250852980845));
#10887=CARTESIAN_POINT('',(0.09609711634558,0.0362632731943157,0.017381000632407));
#10888=CARTESIAN_POINT('',(0.0952287861361527,0.0363332336093502,0.0174539450309925));
#10889=CARTESIAN_POINT('',(0.0953171160536945,0.0342964911037028,0.0181439113949867));
#10890=CARTESIAN_POINT('',(0.0954058163150881,0.0322543079133671,0.0188177332715308));
#10891=CARTESIAN_POINT('',(0.0954810458992169,0.030206897120907,0.0194769988622115));
#10892=CARTESIAN_POINT('',(0.0761468682488594,0.0335381238989027,0.0200041223439761));
#10893=CARTESIAN_POINT('',(0.0768777001793674,0.0341017027692032,0.0197536050837835));
#10894=CARTESIAN_POINT('',(0.077524186817256,0.034750856474352,0.0194704876355735));
#10895=CARTESIAN_POINT('',(0.078165854725333,0.0354000817674987,0.01918634021525));
#10896=CARTESIAN_POINT('',(0.0761468701256863,0.0335381221067571,0.0200041234268494));
#10897=CARTESIAN_POINT('',(0.076146870476009,0.0296947885260905,0.0214917485509212));
#10898=CARTESIAN_POINT('',(0.0761468704760433,0.0297076138026466,0.0214868324196043));
#10899=CARTESIAN_POINT('',(0.0761468704760777,0.0297204390792027,0.0214819162882875));
#10900=CARTESIAN_POINT('',(0.076146870476112,0.0297332643557588,0.0214770001569707));
#10901=CARTESIAN_POINT('',(0.076146870479513,0.0310030937177485,0.0209902544820385));
#10902=CARTESIAN_POINT('',(0.0761468704829092,0.032271134225338,0.0204988886708752));
#10903=CARTESIAN_POINT('',(0.0761468704863021,0.033537892977953,0.0200042124267351));
#10904=CARTESIAN_POINT('',(0.076146870486336,0.0335505605654791,0.0199992656642937));
#10905=CARTESIAN_POINT('',(0.07614687048637,0.0335632281530053,0.0199943189018523));
#10906=CARTESIAN_POINT('',(0.0761468704864039,0.0335758957405315,0.0199893721394109));
#10907=CARTESIAN_POINT('',(0.0761468704975838,0.029733290764499,0.0214770706873965));
#10908=CARTESIAN_POINT('',(0.076146870486093,0.0334597614448402,0.019229507478924));
#10909=CARTESIAN_POINT('',(0.0761468704975838,0.0163620994041996,0.0214770706873965));
#10910=CARTESIAN_POINT('',(0.076124906178042,0.0335228991889985,0.0200280627204546));
#10911=CARTESIAN_POINT('',(0.076124911992581,0.033522365212999,0.0200228965249162));
#10912=CARTESIAN_POINT('',(0.0761249178071195,0.0335218312369996,0.0200177303293777));
#10913=CARTESIAN_POINT('',(0.0761249236216585,0.0335212972610002,0.0200125641338393));
#10914=CARTESIAN_POINT('',(0.0761255050755335,0.0334678996610194,0.019495944579995));
#10915=CARTESIAN_POINT('',(0.0761260865294085,0.0334145020610599,0.0189793250261505));
#10916=CARTESIAN_POINT('',(0.076126667983283,0.0333611044610791,0.0184627054723061));
#10917=CARTESIAN_POINT('',(0.0761266738559675,0.0333605651453208,0.0184574876148123));
#10918=CARTESIAN_POINT('',(0.0761266797286515,0.0333600258295607,0.0184522697573184));
#10919=CARTESIAN_POINT('',(0.0761266856013355,0.0333594865137989,0.0184470518998246));
#10920=CARTESIAN_POINT('',(0.0761322276141305,0.0335285289693985,0.0200255615021624));
#10921=CARTESIAN_POINT('',(0.0761322314904895,0.0335279986344404,0.0200203939478673));
#10922=CARTESIAN_POINT('',(0.076132235366848,0.0335274682995,0.0200152263935723));
#10923=CARTESIAN_POINT('',(0.0761322392432065,0.0335269379645382,0.0200100588392773));
#10924=CARTESIAN_POINT('',(0.0761326268790765,0.0334739044697194,0.0194933034097744));
#10925=CARTESIAN_POINT('',(0.0761330145149465,0.0334208709748989,0.0189765479802713));
#10926=CARTESIAN_POINT('',(0.0761334021508165,0.0333678374800997,0.0184597925507684));
#10927=CARTESIAN_POINT('',(0.076133406065939,0.0333673018417997,0.0184545733209304));
#10928=CARTESIAN_POINT('',(0.076133409981061,0.0333667662034998,0.0184493540910924));
#10929=CARTESIAN_POINT('',(0.0761334138961835,0.0333662305651981,0.0184441348612544));
#10930=CARTESIAN_POINT('',(0.076139549050219,0.0335341587497595,0.0200230602838702));
#10931=CARTESIAN_POINT('',(0.0761395509883975,0.0335336320558586,0.0200178913708185));
#10932=CARTESIAN_POINT('',(0.076139552926576,0.0335331053619594,0.0200127224577669));
#10933=CARTESIAN_POINT('',(0.076139554864755,0.0335325786680603,0.0200075535447153));
#10934=CARTESIAN_POINT('',(0.07613974868262,0.0334799092784,0.0194906622395538));
#10935=CARTESIAN_POINT('',(0.076139942500485,0.0334272398887396,0.0189737709343922));
#10936=CARTESIAN_POINT('',(0.07614013631835,0.0333745704990988,0.0184568796292306));
#10937=CARTESIAN_POINT('',(0.07614013827591,0.0333740385382591,0.0184516590270485));
#10938=CARTESIAN_POINT('',(0.0761401402334705,0.0333735065774192,0.0184464384248663));
#10939=CARTESIAN_POINT('',(0.076140142191031,0.0333729746166007,0.0184412178226842));
#10940=CARTESIAN_POINT('',(0.076146870486307,0.0335397885301401,0.0200205590655779));
#10941=CARTESIAN_POINT('',(0.076146870486306,0.0335392654772999,0.0200153887937697));
#10942=CARTESIAN_POINT('',(0.0761468704863045,0.0335387424244385,0.0200102185219615));
#10943=CARTESIAN_POINT('',(0.076146870486303,0.0335382193716001,0.0200050482501533));
#10944=CARTESIAN_POINT('',(0.076146870486163,0.0334859140871,0.0194880210693332));
#10945=CARTESIAN_POINT('',(0.076146870486023,0.0334336088025982,0.018970993888513));
#10946=CARTESIAN_POINT('',(0.076146870485883,0.0333813035180998,0.0184539667076929));
#10947=CARTESIAN_POINT('',(0.0761468704858815,0.0333807752347184,0.0184487447331666));
#10948=CARTESIAN_POINT('',(0.07614687048588,0.0333802469513405,0.0184435227586403));
#10949=CARTESIAN_POINT('',(0.076146870485879,0.0333797186679803,0.018438300784114));
#10950=CARTESIAN_POINT('',(0.076879014095138,0.0341027665676598,0.019770437236354));
#10951=CARTESIAN_POINT('',(0.0768788202771315,0.0341026076199587,0.0197651310888872));
#10952=CARTESIAN_POINT('',(0.0768786264591255,0.0341024486723,0.0197598249414204));
#10953=CARTESIAN_POINT('',(0.076878432641119,0.0341022897245989,0.0197545187939536));
#10954=CARTESIAN_POINT('',(0.076859050840482,0.0340863949559988,0.0192239040472737));
#10955=CARTESIAN_POINT('',(0.076839669039846,0.0340705001872994,0.0186932893005974));
#10956=CARTESIAN_POINT('',(0.07682028723921,0.0340546054186995,0.0181626745539211));
#10957=CARTESIAN_POINT('',(0.0768200914830235,0.0340544448815408,0.0181573153449796));
#10958=CARTESIAN_POINT('',(0.076819895726837,0.0340542843443803,0.0181519561360383));
#10959=CARTESIAN_POINT('',(0.0768196999706505,0.0340541238071985,0.0181465969270968));
#10960=CARTESIAN_POINT('',(0.077524792672108,0.0347513904468002,0.0194855211249087));
#10961=CARTESIAN_POINT('',(0.077524688534909,0.0347513114224185,0.0194801867209024));
#10962=CARTESIAN_POINT('',(0.07752458439771,0.0347512323980599,0.0194748523168961));
#10963=CARTESIAN_POINT('',(0.077524480260511,0.0347511533736995,0.0194695179128898));
#10964=CARTESIAN_POINT('',(0.077514066540612,0.0347432509372005,0.0189360775122618));
#10965=CARTESIAN_POINT('',(0.077503652820714,0.0347353485005985,0.0184026371116374));
#10966=CARTESIAN_POINT('',(0.077493239100816,0.0347274460640996,0.0178691967110094));
#10967=CARTESIAN_POINT('',(0.077493133922245,0.0347273662495002,0.0178638089629631));
#10968=CARTESIAN_POINT('',(0.077493028743674,0.0347272864348796,0.0178584212149167));
#10969=CARTESIAN_POINT('',(0.077492923565103,0.0347272066202784,0.0178530334668704));
#10970=CARTESIAN_POINT('',(0.078165854725333,0.0354000817674987,0.0192024583395935));
#10971=CARTESIAN_POINT('',(0.078165854725333,0.0354000817674987,0.0191970856314772));
#10972=CARTESIAN_POINT('',(0.078165854725333,0.0354000817674987,0.0191917129233607));
#10973=CARTESIAN_POINT('',(0.078165854725333,0.0354000817674987,0.0191863402152444));
#10974=CARTESIAN_POINT('',(0.078165854725333,0.0354000817674987,0.018649069403607));
#10975=CARTESIAN_POINT('',(0.078165854725333,0.0354000817674987,0.0181117985919696));
#10976=CARTESIAN_POINT('',(0.078165854725333,0.0354000817674987,0.0175745277803321));
#10977=CARTESIAN_POINT('',(0.078165854725333,0.0354000817674987,0.0175691013451345));
#10978=CARTESIAN_POINT('',(0.078165854725333,0.0354000817674987,0.0175636749099371));
#10979=CARTESIAN_POINT('',(0.078165854725333,0.0354000817674987,0.0175582484747395));
#10980=CARTESIAN_POINT('',(0.0664166020954867,0.0311636092066987,0.0194770706873965));
#10981=CARTESIAN_POINT('',(0.0664166020954867,0.0163620994041996,0.0194770706873965));
#10982=CARTESIAN_POINT('',(0.0664166020954868,0.0311634973656686,0.0194771123002944));
#10983=CARTESIAN_POINT('',(0.0664166020954868,0.0318909810546961,0.0192064344097145));
#10984=CARTESIAN_POINT('',(0.0664166020954867,0.0326148149083553,0.018926295055807));
#10985=CARTESIAN_POINT('',(0.0664166020954867,0.0333359203050601,0.0186390827265977));
#10986=CARTESIAN_POINT('',(0.066416602080415,0.0163620994041996,0.0214770706873947));
#10987=CARTESIAN_POINT('',(0.0916009496151852,-0.0202301646485814,0.00247278158102378));
#10988=CARTESIAN_POINT('',(0.0916052854439681,-0.0202154162654939,0.00247278158457541));
#10989=CARTESIAN_POINT('',(0.0916096212727509,-0.0202006678824065,0.00247278158812704));
#10990=CARTESIAN_POINT('',(0.0916139571015338,-0.0201859194993191,0.00247278159167867));
#10991=CARTESIAN_POINT('',(0.0916414513519259,-0.0200923974167393,0.00247278161420018));
#10992=CARTESIAN_POINT('',(0.0916719915884578,-0.0199884819375358,0.00247278163921937));
#10993=CARTESIAN_POINT('',(0.0917025205898606,-0.0198845636960113,0.00247278166423193));
#10994=CARTESIAN_POINT('',(0.0917066247426017,-0.0198705929347011,0.00247278166759466));
#10995=CARTESIAN_POINT('',(0.0917161920557044,-0.0198380248323869,0.00247278167543439));
#10996=CARTESIAN_POINT('',(0.091726704368416,-0.0198022354025929,0.00247278168404688));
#10997=CARTESIAN_POINT('',(0.0917361643232051,-0.0197700246280512,0.00247278169180054));
#10998=CARTESIAN_POINT('',(0.0917496466415052,-0.0197241173127312,0.00247278170284831));
#10999=CARTESIAN_POINT('',(0.0918637091095734,-0.0193356681527305,0.00247278179631623));
#11000=CARTESIAN_POINT('',(0.091988860808582,-0.0189087531781789,0.002472781898916));
#11001=CARTESIAN_POINT('',(0.0921012550119761,-0.0185244615942972,0.00247278199111505));
#11002=CARTESIAN_POINT('',(0.0921131356691293,-0.0184838301938351,0.00247278200086164));
#11003=CARTESIAN_POINT('',(0.0921189936286346,-0.0184637962258269,0.00247278200566762));
#11004=CARTESIAN_POINT('',(0.0921254302223826,-0.0184417806608568,0.00247278201094893));
#11005=CARTESIAN_POINT('',(0.092131222499937,-0.0184219664565367,0.0024727820157021));
#11006=CARTESIAN_POINT('',(0.0921581886483858,-0.0183297196144107,0.00247278203782893));
#11007=CARTESIAN_POINT('',(0.0923981848755842,-0.0175082687347029,0.00247278223482836));
#11008=CARTESIAN_POINT('',(0.0926605553451323,-0.0166051868770419,0.00247278245070842));
#11009=CARTESIAN_POINT('',(0.0928946581529803,-0.015791829530837,0.00247278264223068));
#11010=CARTESIAN_POINT('',(0.092918197308499,-0.0157099657227618,0.0024727826614757));
#11011=CARTESIAN_POINT('',(0.09291956312311,-0.0157052157706038,0.00247278266259477));
#11012=CARTESIAN_POINT('',(0.0929210639348026,-0.0156999960179327,0.00247278266382486));
#11013=CARTESIAN_POINT('',(0.0929224145907552,-0.0156952982183343,0.00247278266493462));
#11014=CARTESIAN_POINT('',(0.0929369116895198,-0.0156448746494074,0.0024727826768442));
#11015=CARTESIAN_POINT('',(0.0930675293506844,-0.0151902726431491,0.00247278278658919));
#11016=CARTESIAN_POINT('',(0.0932102654651014,-0.0146904769117615,0.00247278292180125));
#11017=CARTESIAN_POINT('',(0.0933377903923178,-0.014240397044708,0.00247278299040611));
#11018=CARTESIAN_POINT('',(0.0933624016969192,-0.0141534355185661,0.00247278292312533));
#11019=CARTESIAN_POINT('',(0.0934810026812896,-0.0137339028264744,0.00247278218775125));
#11020=CARTESIAN_POINT('',(0.0935988058963967,-0.0133141384857643,0.00247278145233547));
#11021=CARTESIAN_POINT('',(0.0937044466921363,-0.0129362452114066,0.00247278079044346));
#11022=CARTESIAN_POINT('',(0.0915972078677075,-0.020230140968288,0.00257488986084112));
#11023=CARTESIAN_POINT('',(0.091601554164945,-0.0202154004769927,0.00257488986437183));
#11024=CARTESIAN_POINT('',(0.0916059004621825,-0.0202006599856974,0.00257488986790254));
#11025=CARTESIAN_POINT('',(0.09161024675942,-0.0201859194944021,0.00257488987143325));
#11026=CARTESIAN_POINT('',(0.091637807392118,-0.0200924474550596,0.0025748898938221));
#11027=CARTESIAN_POINT('',(0.091668417986114,-0.0199885860048407,0.00257488991869205));
#11028=CARTESIAN_POINT('',(0.0916990136700995,-0.019884720178581,0.00257488994355473));
#11029=CARTESIAN_POINT('',(0.0917031267383745,-0.0198707564424403,0.0025748899468973));
#11030=CARTESIAN_POINT('',(0.0917127147955035,-0.0198382046995817,0.00257488995469002));
#11031=CARTESIAN_POINT('',(0.091723249508781,-0.0198024330752204,0.00257488996325082));
#11032=CARTESIAN_POINT('',(0.0917327292755315,-0.0197702381765392,0.00257488997095795));
#11033=CARTESIAN_POINT('',(0.0917462397443005,-0.0197243535503411,0.0025748899819394));
#11034=CARTESIAN_POINT('',(0.0918605349117075,-0.0193360938507397,0.00257489007484632));
#11035=CARTESIAN_POINT('',(0.091985888310017,-0.0189093622858412,0.00257489017683026));
#11036=CARTESIAN_POINT('',(0.092098421104976,-0.018525220791199,0.00257489026847592));
#11037=CARTESIAN_POINT('',(0.09211031596728,-0.0184846051093004,0.00257489027816401));
#11038=CARTESIAN_POINT('',(0.092116180918027,-0.0184645788863591,0.00257489028294115));
#11039=CARTESIAN_POINT('',(0.0921226250678815,-0.0184425717902208,0.00257489028819075));
#11040=CARTESIAN_POINT('',(0.092128424033982,-0.0184227651712412,0.00257489029291539));
#11041=CARTESIAN_POINT('',(0.0921554212191295,-0.0183305537873615,0.00257489031490941));
#11042=CARTESIAN_POINT('',(0.092395673191646,-0.0175094102787412,0.00257489051072643));
#11043=CARTESIAN_POINT('',(0.092658123951919,-0.0166065872728396,0.00257489072531076));
#11044=CARTESIAN_POINT('',(0.09289215908195,-0.0157934292550408,0.00257489091568349));
#11045=CARTESIAN_POINT('',(0.092915690061203,-0.0157115852101004,0.002574890934813));
#11046=CARTESIAN_POINT('',(0.0929170554008075,-0.0157068364044406,0.00257489093592534));
#11047=CARTESIAN_POINT('',(0.092918555685457,-0.01570161791056,0.00257489093714805));
#11048=CARTESIAN_POINT('',(0.092919905862577,-0.0156969212429008,0.00257489093825114));
#11049=CARTESIAN_POINT('',(0.0929343978585925,-0.0156465096925,0.00257489095008923));
#11050=CARTESIAN_POINT('',(0.0930649649870445,-0.0151920146278801,0.00257489105917552));
#11051=CARTESIAN_POINT('',(0.093207600989848,-0.0146923229577816,0.00257489119357598));
#11052=CARTESIAN_POINT('',(0.0933350015942835,-0.0142423284553192,0.00257489126176918));
#11053=CARTESIAN_POINT('',(0.0933595882780975,-0.0141553832733603,0.00257489119489247));
#11054=CARTESIAN_POINT('',(0.0934780678176535,-0.0137359287671011,0.00257489046393449));
#11055=CARTESIAN_POINT('',(0.093595720526747,-0.0133162360509402,0.00257488973293503));
#11056=CARTESIAN_POINT('',(0.093701203433242,-0.0129384036267997,0.00257488907501784));
#11057=CARTESIAN_POINT('',(0.0909778291789149,-0.0202262211232103,0.019477070685771));
#11058=CARTESIAN_POINT('',(0.0909839083396679,-0.020212786975507,0.0194770706858387));
#11059=CARTESIAN_POINT('',(0.090989987500421,-0.0201993528278038,0.0194770706859063));
#11060=CARTESIAN_POINT('',(0.090996066661174,-0.0201859186801006,0.019477070685974));
#11061=CARTESIAN_POINT('',(0.0910346156851985,-0.0201007303944803,0.019477070686403));
#11062=CARTESIAN_POINT('',(0.091076872686178,-0.0200058124663389,0.0194770706865685));
#11063=CARTESIAN_POINT('',(0.091118506466905,-0.0199106230391007,0.0194770706866208));
#11064=CARTESIAN_POINT('',(0.0911240953407515,-0.0198978221942206,0.0194770706866267));
#11065=CARTESIAN_POINT('',(0.091137117196593,-0.0198679784631803,0.0194770706866389));
#11066=CARTESIAN_POINT('',(0.091151359918826,-0.019835154207442,0.0194770706866434));
#11067=CARTESIAN_POINT('',(0.0911641191978435,-0.0198055872707013,0.0194770706866467));
#11068=CARTESIAN_POINT('',(0.091182289468084,-0.0197634584188595,0.0194770706866517));
#11069=CARTESIAN_POINT('',(0.091335103806581,-0.019406560462361,0.0194770706866945));
#11070=CARTESIAN_POINT('',(0.0914938448798535,-0.0190101890545016,0.0194770706867387));
#11071=CARTESIAN_POINT('',(0.0916293190043215,-0.0186508921198012,0.0194770706867811));
#11072=CARTESIAN_POINT('',(0.091643565272688,-0.0186128783635802,0.0194770706867856));
#11073=CARTESIAN_POINT('',(0.0916505874971925,-0.0185941341970004,0.0194770706867886));
#11074=CARTESIAN_POINT('',(0.0916582824239295,-0.0185735289632607,0.0194770706867892));
#11075=CARTESIAN_POINT('',(0.0916651885580005,-0.018554977959262,0.0194770706867923));
#11076=CARTESIAN_POINT('',(0.091697323307836,-0.0184686360472401,0.0194770706868024));
#11077=CARTESIAN_POINT('',(0.091979909296983,-0.0176983722683009,0.0194770706868918));
#11078=CARTESIAN_POINT('',(0.09225565073602,-0.0168383974948015,0.01947707068699));
#11079=CARTESIAN_POINT('',(0.0924784830262275,-0.0160582346937818,0.0194770706870783));
#11080=CARTESIAN_POINT('',(0.0925006605724425,-0.0159796620788004,0.0194770706870872));
#11081=CARTESIAN_POINT('',(0.0925019472832855,-0.0159751030546005,0.0194770706870872));
#11082=CARTESIAN_POINT('',(0.09250336032549,-0.0159700929306013,0.0194770706870872));
#11083=CARTESIAN_POINT('',(0.0925046312405355,-0.0159655836357206,0.0194770706870872));
#11084=CARTESIAN_POINT('',(0.0925182785686435,-0.0159171615331992,0.0194770706870926));
#11085=CARTESIAN_POINT('',(0.092640480919574,-0.0154803687264806,0.0194770706871423));
#11086=CARTESIAN_POINT('',(0.0927665452535485,-0.0149979025211397,0.019477070687197));
#11087=CARTESIAN_POINT('',(0.0928733664679055,-0.0145620385852414,0.0194770706872461));
#11088=CARTESIAN_POINT('',(0.092893877625192,-0.0144777988875404,0.0194770706872557));
#11089=CARTESIAN_POINT('',(0.092992254170031,-0.01407128663352,0.0194770706873026));
#11090=CARTESIAN_POINT('',(0.0930849933278915,-0.0136634500677601,0.0194770706873467));
#11091=CARTESIAN_POINT('',(0.093164340522673,-0.0132956902962,0.0194770706873892));
#11092=CARTESIAN_POINT('',(0.091303156710297,-0.0201859190872611,0.0110259802787036));
#11093=CARTESIAN_POINT('',(0.0905320863175765,-0.0201859131597413,0.0152092721200206));
#11094=CARTESIAN_POINT('',(0.089161113852786,0.0082050523607986,0.00847489007238028));
#11095=CARTESIAN_POINT('',(0.089161113852789,0.00820505235899915,0.0200259803798868));
#11096=CARTESIAN_POINT('',(0.089161113852786,0.0082050523607986,0.0205748900723788));
#11097=CARTESIAN_POINT('',(0.089161113977785,-0.0049949477583997,0.0205748898713708));
#11098=CARTESIAN_POINT('',(0.089161113852785,-0.0061081537223,0.0200259803799138));
#11099=CARTESIAN_POINT('',(0.089161113852785,0.0082050523607986,0.0205748900723788));
#11100=CARTESIAN_POINT('',(0.0917288588220305,-0.00499494763630004,0.0205748900723761));
#11101=CARTESIAN_POINT('',(0.094296603791276,-0.00499494763920083,0.0205748900723752));
#11102=CARTESIAN_POINT('',(0.094296603791276,-0.00499494763920083,0.0205748900723752));
#11103=CARTESIAN_POINT('',(0.094390615207634,-0.0038978571891004,0.0205748900723752));
#11104=CARTESIAN_POINT('',(0.094466944826394,-0.00279930108909987,0.0205748900723752));
#11105=CARTESIAN_POINT('',(0.09459371739057,-0.000600794786601355,0.0205748900723752));
#11106=CARTESIAN_POINT('',(0.094643387107879,0.000499291027798776,0.0205748900723752));
#11107=CARTESIAN_POINT('',(0.094720622419042,0.00270013894549948,0.020574890072377));
#11108=CARTESIAN_POINT('',(0.09474794744524,0.00380088363159992,0.020574890072377));
#11109=CARTESIAN_POINT('',(0.094782522378554,0.00600287119129916,0.020574890072377));
#11110=CARTESIAN_POINT('',(0.094789908382975,0.00710395472119885,0.0205748900723788));
#11111=CARTESIAN_POINT('',(0.094787863758355,0.0082050523607986,0.0205748900723788));
#11112=CARTESIAN_POINT('',(0.094945003487304,0.0082050523607986,0.0194770706873947));
#11113=CARTESIAN_POINT('',(0.094892658348653,0.0082050523607986,0.0198430154573339));
#11114=CARTESIAN_POINT('',(0.094840278462036,0.0082050523607986,0.0202089552623706));
#11115=CARTESIAN_POINT('',(0.094787863758355,0.0082050523607986,0.0205748900723788));
#11116=CARTESIAN_POINT('',(0.094944275982748,0.0071036606298005,0.0194770706897266));
#11117=CARTESIAN_POINT('',(0.094892854887138,0.0071037584072986,0.0198430153817221));
#11118=CARTESIAN_POINT('',(0.094841399043589,0.0071038564376007,0.0202089551859003));
#11119=CARTESIAN_POINT('',(0.094789908382975,0.00710395472119885,0.0205748900723788));
#11120=CARTESIAN_POINT('',(0.094929421878731,0.00600245131579946,0.0194770707173443));
#11121=CARTESIAN_POINT('',(0.094880492319584,0.00600259139739912,0.019843015435506));
#11122=CARTESIAN_POINT('',(0.094831525838258,0.00600273135549934,0.0202089552310367));
#11123=CARTESIAN_POINT('',(0.094782522378554,0.00600287119129916,0.020574890072377));
#11124=CARTESIAN_POINT('',(0.094897408069465,0.00379982775109866,0.0194770708370884));
#11125=CARTESIAN_POINT('',(0.09484763134229,0.00380017977840019,0.0198430165248333));
#11126=CARTESIAN_POINT('',(0.094797811139766,0.00380053173729955,0.0202089562824526));
#11127=CARTESIAN_POINT('',(0.09474794744524,0.00380088363159992,0.020574890072377));
#11128=CARTESIAN_POINT('',(0.094838008724493,0.00269977383299924,0.0194770708068095));
#11129=CARTESIAN_POINT('',(0.09479892780721,0.00269989622129962,0.0198430157525068));
#11130=CARTESIAN_POINT('',(0.094759799035908,0.00270001792410035,0.0202089555215075));
#11131=CARTESIAN_POINT('',(0.094720622419042,0.00270013894549948,0.020574890072377));
#11132=CARTESIAN_POINT('',(0.094748807702316,0.000498992499899487,0.0194770707730891));
#11133=CARTESIAN_POINT('',(0.09471372408875,0.000499093902400105,0.0198430159246213));
#11134=CARTESIAN_POINT('',(0.094678583870707,0.000499193409899235,0.0202089557084814));
#11135=CARTESIAN_POINT('',(0.094643387107879,0.000499291027798776,0.0205748900723752));
#11136=CARTESIAN_POINT('',(0.094721676103785,-0.000602353165300329,0.0194770709643649));
#11137=CARTESIAN_POINT('',(0.094679084190304,-0.000601832382500334,0.0198430177633886));
#11138=CARTESIAN_POINT('',(0.094636431256851,-0.000601312924400688,0.0202089574845591));
#11139=CARTESIAN_POINT('',(0.09459371739057,-0.000600794786601355,0.0205748900723752));
#11140=CARTESIAN_POINT('',(0.094569033184945,-0.00279999401860031,0.0194770708195533));
#11141=CARTESIAN_POINT('',(0.09453507131075,-0.00279976177040097,0.0198430168807076));
#11142=CARTESIAN_POINT('',(0.094501041816358,-0.0027995307950004,0.0202089566532663));
#11143=CARTESIAN_POINT('',(0.094466944826394,-0.00279930108909987,0.0205748900723752));
#11144=CARTESIAN_POINT('',(0.094488552186486,-0.00389839125100089,0.019477070774446));
#11145=CARTESIAN_POINT('',(0.094455976315342,-0.0038982124778002,0.0198430167400488));
#11146=CARTESIAN_POINT('',(0.094423330609982,-0.00389803445760073,0.020208956528762));
#11147=CARTESIAN_POINT('',(0.094390615207634,-0.0038978571891004,0.0205748900723752));
#11148=CARTESIAN_POINT('',(0.094385053142485,-0.00499494763920083,0.0194770706873892));
#11149=CARTESIAN_POINT('',(0.094355639813599,-0.00499494763920083,0.0198430160866897));
#11150=CARTESIAN_POINT('',(0.094326156651012,-0.00499494763920083,0.0202089559047831));
#11151=CARTESIAN_POINT('',(0.094296603791276,-0.00499494763920083,0.0205748900723752));
#11152=CARTESIAN_POINT('',(0.0943825691499055,-0.00502126515698155,0.0194770706852998));
#11153=CARTESIAN_POINT('',(0.0943532317225082,-0.005021269447572,0.019843016071009));
#11154=CARTESIAN_POINT('',(0.0943238244614218,-0.00502127372007867,0.0202089558898075));
#11155=CARTESIAN_POINT('',(0.0942943475031829,-0.00502127797454952,0.0205748900723752));
#11156=CARTESIAN_POINT('',(0.0943800851573261,-0.0050475826747693,0.0194770706832105));
#11157=CARTESIAN_POINT('',(0.0943508236314172,-0.00504759125593614,0.0198430160553283));
#11158=CARTESIAN_POINT('',(0.0943214922718318,-0.00504759980096354,0.0202089558748319));
#11159=CARTESIAN_POINT('',(0.0942920912150899,-0.00504760830989821,0.0205748900723752));
#11160=CARTESIAN_POINT('',(0.0943776011647466,-0.00507390019255564,0.0194770706811211));
#11161=CARTESIAN_POINT('',(0.0943484155403262,-0.00507391306430628,0.0198430160396475));
#11162=CARTESIAN_POINT('',(0.0943191600822418,-0.0050739258818474,0.0202089558598563));
#11163=CARTESIAN_POINT('',(0.0942898349269969,-0.0050739386452469,0.0205748900723752));
#11164=CARTESIAN_POINT('',(-2.78486445440619,-0.00499288975628076,-0.211932908926206));
#11165=CARTESIAN_POINT('',(0.089161113852789,0.0082050523607986,0.0205748900723788));
#11166=CARTESIAN_POINT('',(0.094296603791276,-0.00499494763920083,0.0205748900723806));
#11167=CARTESIAN_POINT('',(0.0942236499432375,-0.00610815374269969,0.0200259803798968));
#11168=CARTESIAN_POINT('',(0.094150696095199,-0.00722135984620032,0.0194770706874183));
#11169=CARTESIAN_POINT('',(0.094150696095199,-0.00722135984620032,0.0194770706874183));
#11170=CARTESIAN_POINT('',(0.094150696095199,-0.00722135984620032,0.0194770706874183));
#11171=CARTESIAN_POINT('',(0.094150696095199,-0.00722135984620032,0.0194770706874183));
#11172=CARTESIAN_POINT('',(0.094198423435729,-0.0064930861744017,0.019836174429272));
#11173=CARTESIAN_POINT('',(0.094211137859141,-0.00649342793770025,0.0197164750227435));
#11174=CARTESIAN_POINT('',(0.094223829484172,-0.0064937697009011,0.0195967737679016));
#11175=CARTESIAN_POINT('',(0.094236498266151,-0.00649411146420142,0.019477070687411));
#11176=CARTESIAN_POINT('',(0.094246150776259,-0.0057648125026013,0.0201952781711166));
#11177=CARTESIAN_POINT('',(0.094268395563415,-0.00576511233890109,0.0199558793580632));
#11178=CARTESIAN_POINT('',(0.094290594753804,-0.00576541217520088,0.0197164768483795));
#11179=CARTESIAN_POINT('',(0.094312748258093,-0.00576571201150067,0.0194770706873983));
#11180=CARTESIAN_POINT('',(0.094293878116788,-0.00503653883090038,0.0205543819129648));
#11181=CARTESIAN_POINT('',(0.094323039522955,-0.00503655801850123,0.0201952836933829));
#11182=CARTESIAN_POINT('',(0.094352132533973,-0.00503657720610029,0.0198361799288591));
#11183=CARTESIAN_POINT('',(0.094381157015839,-0.00503659639380061,0.019477070687391));
#11184=CARTESIAN_POINT('',(0.094294786674951,-0.00502267510029952,0.0205612179660998));
#11185=CARTESIAN_POINT('',(0.094324079822884,-0.00502268806190109,0.0201998410971824));
#11186=CARTESIAN_POINT('',(0.094353304141666,-0.00502270102339963,0.0198384586481348));
#11187=CARTESIAN_POINT('',(0.094382459496448,-0.0050227139850012,0.019477070687391));
#11188=CARTESIAN_POINT('',(0.094295695233114,-0.00500881136979992,0.0205680540192348));
#11189=CARTESIAN_POINT('',(0.094325119147805,-0.00500881801650088,0.02020439850098));
#11190=CARTESIAN_POINT('',(0.094354473799348,-0.00500882466320185,0.0198407373674104));
#11191=CARTESIAN_POINT('',(0.094383759052039,-0.00500883130990104,0.0194770706873892));
#11192=CARTESIAN_POINT('',(0.094296603791276,-0.00499494763920083,0.0205748900723716));
#11193=CARTESIAN_POINT('',(0.094326154929028,-0.00499494764270025,0.0202089559047795));
#11194=CARTESIAN_POINT('',(0.094355636369631,-0.0049949476461002,0.019843016086686));
#11195=CARTESIAN_POINT('',(0.094385047976532,-0.00499494764950015,0.0194770706873892));
#11196=CARTESIAN_POINT('',(0.053128570449424,-0.0196859160008014,0.00257488896858877));
#11197=CARTESIAN_POINT('',(0.042998500869925,-0.0196859160008014,0.00257486891769656));
#11198=CARTESIAN_POINT('',(0.0511555835540645,-0.0167480940693405,0.00639371749773088));
#11199=CARTESIAN_POINT('',(0.0489139533299433,-0.0167480940693405,0.00639371749773088));
#11200=CARTESIAN_POINT('',(0.0489139550280725,-0.0167480940693405,0.00257486891769656));
#11201=CARTESIAN_POINT('',(0.0489129635988842,-0.0167480086956319,0.0159920393866494));
#11202=CARTESIAN_POINT('',(0.0489139516318141,-0.0167480940693409,0.01599204291358));
#11203=CARTESIAN_POINT('',(0.0489139516318142,-0.0173349513973191,0.0159920432805823));
#11204=CARTESIAN_POINT('',(0.0493990137886525,-0.0185039938532375,0.0159920440145868));
#11205=CARTESIAN_POINT('',(0.0511555799833969,-0.019232590798513,0.0159920451155936));
#11206=CARTESIAN_POINT('',(0.0529121482723832,-0.018503998902242,0.0159920462166004));
#11207=CARTESIAN_POINT('',(0.053397213789467,-0.0173349578405712,0.0159920469506049));
#11208=CARTESIAN_POINT('',(0.0533972154763056,-0.0167481005125954,0.0159920473176072));
#11209=CARTESIAN_POINT('',(0.0533988945074737,-0.0167480688309865,0.0159920523819487));
#11210=CARTESIAN_POINT('',(0.0533972168943429,-0.0167480940693405,0.00639371749773088));
#11211=CARTESIAN_POINT('',(0.0533972183123709,-0.0167480940693405,0.00257486891769656));
#11212=CARTESIAN_POINT('',(0.0511555835540645,-0.0167480940693405,0.00257486891769656));
#11213=CARTESIAN_POINT('',(0.0489139550280725,-0.0167481005918404,0.016126218656768));
#11214=CARTESIAN_POINT('',(0.0489139550280725,-0.0150036986096609,0.016126218656768));
#11215=CARTESIAN_POINT('',(0.048913955007222,-0.0150036962419014,0.00257486891769859));
#11216=CARTESIAN_POINT('',(0.0489139553216742,-0.0150037001438835,0.0159920450396173));
#11217=CARTESIAN_POINT('',(0.0489139550280725,-0.0150037001438833,0.0159920441052516));
#11218=CARTESIAN_POINT('',(0.0489139550280725,-0.0155851363277947,0.0159920414716595));
#11219=CARTESIAN_POINT('',(0.0489139550280725,-0.0161665725117061,0.0159920388380675));
#11220=CARTESIAN_POINT('',(0.0489139550280725,-0.0167480086956175,0.0159920362044754));
#11221=CARTESIAN_POINT('',(0.0489139550280725,-0.0167481005918404,0.00257486891769656));
#11222=CARTESIAN_POINT('',(0.0488628851916884,-0.0190345652874999,0.0179920467766961));
#11223=CARTESIAN_POINT('',(0.051149349752466,-0.0167481007361996,0.0179920467766961));
#11224=CARTESIAN_POINT('',(0.0502374039587618,-0.0167481007361996,0.0179920467766961));
#11225=CARTESIAN_POINT('',(0.0488628851916884,-0.0150036986096609,0.0179920467766961));
#11226=CARTESIAN_POINT('',(0.0489077188921712,-0.0150036986277447,0.0179920467766961));
#11227=CARTESIAN_POINT('',(0.0533909269482549,-0.0150036986096609,0.0179920476228595));
#11228=CARTESIAN_POINT('',(0.0489077188925531,-0.0150036986277447,0.0179920467766973));
#11229=CARTESIAN_POINT('',(0.0489077189048882,-0.0154432072711031,0.0179920467766973));
#11230=CARTESIAN_POINT('',(0.048919478037685,-0.0161025252990665,0.0179920467766958));
#11231=CARTESIAN_POINT('',(0.0488886335262132,-0.0169813969463483,0.0179920467766962));
#11232=CARTESIAN_POINT('',(0.0491058211060938,-0.0178425257605693,0.0179920467766961));
#11233=CARTESIAN_POINT('',(0.0498305423090025,-0.01872119453567,0.0179920467766961));
#11234=CARTESIAN_POINT('',(0.0511443958025652,-0.0191225255025609,0.0179920467766961));
#11235=CARTESIAN_POINT('',(0.0524609603127925,-0.0187270442489023,0.0179920467766961));
#11236=CARTESIAN_POINT('',(0.0531919383465975,-0.0178452065120215,0.0179920467766961));
#11237=CARTESIAN_POINT('',(0.0534083822674421,-0.0169873623686224,0.0179920467766961));
#11238=CARTESIAN_POINT('',(0.0533827041862812,-0.0161023624680975,0.0179920467766961));
#11239=CARTESIAN_POINT('',(0.0533901858843983,-0.0154438811600734,0.0179920467766961));
#11240=CARTESIAN_POINT('',(0.0533909269512613,-0.0150036986096749,0.0179920467766961));
#11241=CARTESIAN_POINT('',(0.049925349752466,-0.0179721016334007,0.0192270726084638));
#11242=CARTESIAN_POINT('',(0.051149349752466,-0.0167481007476003,0.0192270726084638));
#11243=CARTESIAN_POINT('',(0.0523493497524661,-0.0167481007476003,0.0192270726084638));
#11244=CARTESIAN_POINT('',(0.051149349752466,-0.0167481007361996,0.0192270726084638));
#11245=CARTESIAN_POINT('',(0.0520612955461702,-0.0167481007361996,0.0192270726084638));
#11246=CARTESIAN_POINT('',(0.051149349752466,-0.0167481009690995,0.0211020728535008));
#11247=CARTESIAN_POINT('',(0.051149349752466,-0.0167481009690995,0.0207270726084675));
#11248=CARTESIAN_POINT('',(0.0535078678246836,-0.0167481009690995,0.0207270726084675));
#11249=CARTESIAN_POINT('',(0.048743661318778,-0.0191537891813009,0.0207270726084675));
#11250=CARTESIAN_POINT('',(0.051149349752466,-0.0167481007476003,0.0207270726084675));
#11251=CARTESIAN_POINT('',(0.0523493497524661,-0.0167481007476003,0.0207270726084675));
#11252=CARTESIAN_POINT('',(0.051149349752466,-0.0167481007476003,0.0207270726084694));
#11253=CARTESIAN_POINT('',(0.053128570449423,-0.0150036986096609,0.0203864640114148));
#11254=CARTESIAN_POINT('',(0.0533971633024481,-0.0150036986096618,0.0159920469526756));
#11255=CARTESIAN_POINT('',(0.0533950845178397,-0.0150036986096618,0.0166587138427373));
#11256=CARTESIAN_POINT('',(0.0533930057332312,-0.0150036986096609,0.017325380732799));
#11257=CARTESIAN_POINT('',(0.0533909269486228,-0.0150036986096609,0.0179920476228607));
#11258=CARTESIAN_POINT('',(0.0533971907145306,-0.0150036988497353,0.0159920470381512));
#11259=CARTESIAN_POINT('',(0.048910837071547,-0.0150036984675612,0.016992046024201));
#11260=CARTESIAN_POINT('',(0.053128570449423,-0.0150036986096609,0.00257486891769656));
#11261=CARTESIAN_POINT('',(0.053128570449423,-0.0150036986096609,0.00257486891769656));
#11262=CARTESIAN_POINT('',(0.0533972183123709,-0.0150036986096609,0.00257486891769656));
#11263=CARTESIAN_POINT('',(0.0533972183123709,-0.0150036986096609,0.0203864640114148));
#11264=CARTESIAN_POINT('',(0.0533972183123709,-0.0167814131921009,0.00244071749600353));
#11265=CARTESIAN_POINT('',(0.0533972183123709,-0.00597898472148945,0.00257486891769656));
#11266=CARTESIAN_POINT('',(0.0533972183123709,-0.0167480688309562,0.0159920574373828));
#11267=CARTESIAN_POINT('',(0.0533972183123709,-0.0161666121551658,0.0159920539580671));
#11268=CARTESIAN_POINT('',(0.0533972183123709,-0.0155851554793754,0.0159920504787514));
#11269=CARTESIAN_POINT('',(0.0533972183123709,-0.015003698803585,0.0159920469994357));
#11270=CARTESIAN_POINT('',(0.0533972557126939,-0.0149403097468653,0.0159799630121411));
#11271=CARTESIAN_POINT('',(0.0533909003496238,-0.0149403099651412,0.0180181298674288));
#11272=CARTESIAN_POINT('',(0.0533972556131943,-0.0153832082066323,0.0159799629643859));
#11273=CARTESIAN_POINT('',(0.0533909002501242,-0.0153832084249082,0.0180181298196735));
#11274=CARTESIAN_POINT('',(0.0533846369652543,-0.0160456304199975,0.0159799235462587));
#11275=CARTESIAN_POINT('',(0.0533782816021842,-0.0160456306382734,0.0180180904015463));
#11276=CARTESIAN_POINT('',(0.053418287385685,-0.0169365621397543,0.0159800283787537));
#11277=CARTESIAN_POINT('',(0.0534119320226149,-0.0169365623580302,0.0180181952340413));
#11278=CARTESIAN_POINT('',(0.0532224154373884,-0.0178010225022529,0.0159794175229315));
#11279=CARTESIAN_POINT('',(0.0532160600743183,-0.0178010227205288,0.0180175843782191));
#11280=CARTESIAN_POINT('',(0.0525068786986852,-0.0187012510111695,0.0159771862569754));
#11281=CARTESIAN_POINT('',(0.0525005233356151,-0.0187012512294454,0.018015353112263));
#11282=CARTESIAN_POINT('',(0.0511940244900634,-0.0191227136929522,0.0159730925012786));
#11283=CARTESIAN_POINT('',(0.0511876691269933,-0.0191227139112281,0.0180112593565662));
#11284=CARTESIAN_POINT('',(0.0498695915089212,-0.0187445130130919,0.0159689627265937));
#11285=CARTESIAN_POINT('',(0.0498632361458511,-0.0187445132313678,0.0180071295818813));
#11286=CARTESIAN_POINT('',(0.0491244861389408,-0.0178683646096329,0.0159666394507322));
#11287=CARTESIAN_POINT('',(0.0491181307758707,-0.0178683648279088,0.0180048063060198));
#11288=CARTESIAN_POINT('',(0.0488955772714365,-0.0169993503601423,0.0159659257656766));
#11289=CARTESIAN_POINT('',(0.0488892219083664,-0.0169993505784182,0.0180040926209642));
#11290=CARTESIAN_POINT('',(0.0489251121604457,-0.0161098545842438,0.0159660179559463));
#11291=CARTESIAN_POINT('',(0.0489187567973756,-0.0161098548025197,0.018004184811234));
#11292=CARTESIAN_POINT('',(0.0489140365273764,-0.0154466882852179,0.0159659834912136));
#11293=CARTESIAN_POINT('',(0.0489076811643063,-0.0154466885034938,0.0180041503465012));
#11294=CARTESIAN_POINT('',(0.0489140365147957,-0.015003698410765,0.0159659835386292));
#11295=CARTESIAN_POINT('',(0.0489076811517256,-0.0150036986290409,0.0180041503939168));
#11296=CARTESIAN_POINT('',(0.063478562499092,-0.0120868023560021,0.0219618509026));
#11297=CARTESIAN_POINT('',(0.063478562499092,0.00360015847809869,0.00627489006851784));
#11298=CARTESIAN_POINT('',(0.0594785625769732,0.00360015839725274,0.00627489019091993));
#11299=CARTESIAN_POINT('',(0.0644785624212084,0.00360015839725525,0.00627489019092134));
#11300=CARTESIAN_POINT('',(0.056866378003274,-0.0102727166765,0.0201477652231148));
#11301=CARTESIAN_POINT('',(0.0634785624990889,0.00177770197271201,0.00809734657389623));
#11302=CARTESIAN_POINT('',(0.063478562499092,-0.00391216008406125,0.0137872086306447));
#11303=CARTESIAN_POINT('',(0.060478562499092,-0.00391216008406125,0.0137872086306447));
#11304=CARTESIAN_POINT('',(0.060478562499092,0.00177770197269921,0.00809734657389545));
#11305=CARTESIAN_POINT('',(0.0674832786649365,-0.0109880885721605,0.0208631371187598));
#11306=CARTESIAN_POINT('',(0.097006095055557,0.0390503110312981,0.00627489006851784));
#11307=CARTESIAN_POINT('',(0.064478562499091,0.00360015847809869,0.00627489006851784));
#11308=CARTESIAN_POINT('',(0.064478562499091,0.00660015847809881,0.00627489006851602));
#11309=CARTESIAN_POINT('',(0.059478562499093,0.00660015847809881,0.00627489006851784));
#11310=CARTESIAN_POINT('',(0.059478562499093,0.00660015847809881,0.00627489006851602));
#11311=CARTESIAN_POINT('',(0.064478562499091,0.00660015847809881,0.00627489006851784));
#11312=CARTESIAN_POINT('',(0.063478562499092,0.00177770197269922,0.00796388069265914));
#11313=CARTESIAN_POINT('',(0.063478562499092,0.00177770197269922,0.0137872086306447));
#11314=CARTESIAN_POINT('',(0.064478562499091,0.00360015847809869,0.0207292379200094));
#11315=CARTESIAN_POINT('',(0.064478562499091,0.00360015847809869,0.0207292379200094));
#11316=CARTESIAN_POINT('',(0.064478562499091,0.00360015847809869,0.0062748900685142));
#11317=CARTESIAN_POINT('',(0.064478562499091,0.00660015847809881,0.0062748900685142));
#11318=CARTESIAN_POINT('',(0.059478562499093,0.00660015847809881,0.0062748900685142));
#11319=CARTESIAN_POINT('',(0.059478562499093,0.00660015847809881,0.0062748900685142));
#11320=CARTESIAN_POINT('',(0.059478562499093,0.00360015847809869,0.0062748900685142));
#11321=CARTESIAN_POINT('',(0.060478562499092,0.00177770197269922,0.0199170456254319));
#11322=CARTESIAN_POINT('',(0.060478562499092,0.00177770197269922,0.0137872086306447));
#11323=CARTESIAN_POINT('',(0.060478562499092,0.00177770197269922,0.0079692564839802));
#11324=CARTESIAN_POINT('',(0.064478562499091,0.00660015847809881,0.0062748900685142));
#11325=CARTESIAN_POINT('',(0.0708759282304095,-0.0209366938743809,0.0194763947065085));
#11326=CARTESIAN_POINT('',(0.074857073763807,-0.020936593911161,0.0194764261736403));
#11327=CARTESIAN_POINT('',(0.0797241031488285,-0.0209365017785004,0.0194765562449652));
#11328=CARTESIAN_POINT('',(0.0845901896675045,-0.0209365484324006,0.0194767872976638));
#11329=CARTESIAN_POINT('',(0.042998500869925,-0.00597898472148945,0.00257486891769656));
#11330=CARTESIAN_POINT('',(0.0441429956840513,0.0214432082726873,0.00257486891769656));
#11331=CARTESIAN_POINT('',(0.0443952675607742,0.0264067576096109,0.00257486891769656));
#11332=CARTESIAN_POINT('',(0.0446505115517128,0.0313701565985601,0.00257486891769656));
#11333=CARTESIAN_POINT('',(0.0449120801920995,0.0363332249383611,0.00257486891769656));
#11334=CARTESIAN_POINT('',(0.0434024369230643,0.0363332229185187,0.00257486891769656));
#11335=CARTESIAN_POINT('',(0.0431428226061139,0.0313928813405107,0.00257486891769656));
#11336=CARTESIAN_POINT('',(0.0428886807129583,0.0264522538084291,0.00257486891769656));
#11337=CARTESIAN_POINT('',(0.0426372052499604,0.021511491343487,0.00257486891769656));
#11338=CARTESIAN_POINT('',(0.045111426482989,0.03784494400408,0.0184977933687329));
#11339=CARTESIAN_POINT('',(0.0449648469419602,0.0326680198643192,0.0207748928753404));
#11340=CARTESIAN_POINT('',(0.044902976101107,0.0274589745555396,0.0229715486685272));
#11341=CARTESIAN_POINT('',(0.0448937641821202,0.0221983632898191,0.0250136663450571));
#11342=CARTESIAN_POINT('',(0.0434571957061334,0.0379124776024007,0.00229690997806024));
#11343=CARTESIAN_POINT('',(0.043180292043336,0.0324471705727998,0.00239405533855898));
#11344=CARTESIAN_POINT('',(0.042906941188747,0.0269804474764399,0.00248776870848282));
#11345=CARTESIAN_POINT('',(0.042637207240484,0.0215114914251,0.00257488898061411));
#11346=CARTESIAN_POINT('',(0.043439876740179,0.0379131846452996,0.00212729486038669));
#11347=CARTESIAN_POINT('',(0.043161608649238,0.0324448583915799,0.00220161719512202));
#11348=CARTESIAN_POINT('',(0.0428860437050494,0.0269754375381002,0.00227331381336751));
#11349=CARTESIAN_POINT('',(0.0426135822218994,0.0215043002214194,0.00233996624391248));
#11350=CARTESIAN_POINT('',(0.0974116063321259,0.0237582825382818,0.00247184848128575));
#11351=CARTESIAN_POINT('',(0.0974099411029783,0.0237845760505062,0.00247184921892719));
#11352=CARTESIAN_POINT('',(0.0974082758738308,0.023810869562731,0.00247184995656863));
#11353=CARTESIAN_POINT('',(0.0974066106446833,0.0238371630749571,0.00247185069421008));
#11354=CARTESIAN_POINT('',(0.097366523033594,0.0244701354762617,0.00247186845169604));
#11355=CARTESIAN_POINT('',(0.0972860585278246,0.0257406479875682,0.00247190409481103));
#11356=CARTESIAN_POINT('',(0.097134705280829,0.0276404694474718,0.00247196843558258));
#11357=CARTESIAN_POINT('',(0.0969682268689298,0.0295390259706543,0.00247204916787513));
#11358=CARTESIAN_POINT('',(0.0967887754665568,0.0314462726561463,0.00247216629795848));
#11359=CARTESIAN_POINT('',(0.0966037262625338,0.033354897283265,0.00247224752802663));
#11360=CARTESIAN_POINT('',(0.0964201390817335,0.0351816502356073,0.00247221232733465));
#11361=CARTESIAN_POINT('',(0.0962975076989685,0.036371763695868,0.00247223357176949));
#11362=CARTESIAN_POINT('',(0.0962404581312469,0.0369256749771938,0.00247224913805522));
#11363=CARTESIAN_POINT('',(0.0964364616348806,0.023527528053027,0.00817406155383203));
#11364=CARTESIAN_POINT('',(0.0964348384142391,0.0235537373237558,0.00817406207072862));
#11365=CARTESIAN_POINT('',(0.0964332151935977,0.0235799465944841,0.00817406258762521));
#11366=CARTESIAN_POINT('',(0.0964315919729563,0.0236061558652115,0.0081740631045218));
#11367=CARTESIAN_POINT('',(0.0963925156465023,0.0242371002931904,0.00817407554794408));
#11368=CARTESIAN_POINT('',(0.0963140810077211,0.0255035422234021,0.00817410052458391));
#11369=CARTESIAN_POINT('',(0.0961648652862924,0.0274009347244785,0.00817415171995643));
#11370=CARTESIAN_POINT('',(0.0959998843474739,0.0292995860472364,0.0081742220390639));
#11371=CARTESIAN_POINT('',(0.0958212619644746,0.0312095073901677,0.00817433015782663));
#11372=CARTESIAN_POINT('',(0.0956364135593207,0.0331231416084313,0.00817440407394427));
#11373=CARTESIAN_POINT('',(0.0954524830871137,0.0349569286057358,0.00817436406693269));
#11374=CARTESIAN_POINT('',(0.0953294179951382,0.0361526001518419,0.00817438471495641));
#11375=CARTESIAN_POINT('',(0.095272168146003,0.0367090928853615,0.00817440018162135));
#11376=CARTESIAN_POINT('',(0.0954613202034489,0.0232967965293285,0.0138762761232586));
#11377=CARTESIAN_POINT('',(0.0954597389754375,0.023322921383176,0.0138762764096682));
#11378=CARTESIAN_POINT('',(0.0954581577474262,0.0233490462370241,0.0138762766960778));
#11379=CARTESIAN_POINT('',(0.0954565765194149,0.0233751710908731,0.0138762769824873));
#11380=CARTESIAN_POINT('',(0.0954185110954128,0.0240040833233238,0.0138762838773195));
#11381=CARTESIAN_POINT('',(0.095342105556495,0.0252664461975854,0.0138762977167389));
#11382=CARTESIAN_POINT('',(0.095195026816938,0.0271614016288726,0.0138763353330856));
#11383=CARTESIAN_POINT('',(0.0950315430263776,0.0290601432767447,0.0138763949935082));
#11384=CARTESIAN_POINT('',(0.0948537493480343,0.0309727375897778,0.013876493977946));
#11385=CARTESIAN_POINT('',(0.094669101418613,0.0328913817224399,0.0138765605445545));
#11386=CARTESIAN_POINT('',(0.0944848274293609,0.0347322041963223,0.0138765157545725));
#11387=CARTESIAN_POINT('',(0.0943613285808674,0.0359334341462225,0.0138765358125115));
#11388=CARTESIAN_POINT('',(0.0943038784498474,0.0364925083596926,0.0138765511817144));
#11389=CARTESIAN_POINT('',(0.0944861822979505,0.0230660886366071,0.0195784922613736));
#11390=CARTESIAN_POINT('',(0.0944846430443141,0.0230921288905686,0.0195784923068377));
#11391=CARTESIAN_POINT('',(0.0944831037906776,0.0231181691445304,0.0195784923523019));
#11392=CARTESIAN_POINT('',(0.0944815645370412,0.0231442093984924,0.0195784923977659));
#11393=CARTESIAN_POINT('',(0.0944445095760245,0.023771085029977,0.0195784934922382));
#11394=CARTESIAN_POINT('',(0.0943701322548656,0.0250293600056002,0.0195784956890808));
#11395=CARTESIAN_POINT('',(0.0942251898815876,0.026921870128406,0.019578519275126));
#11396=CARTESIAN_POINT('',(0.0940632028871644,0.0288206976627908,0.0195785680281732));
#11397=CARTESIAN_POINT('',(0.0938862375908736,0.0307359633495669,0.0195786577579074));
#11398=CARTESIAN_POINT('',(0.0937017898249572,0.0326596177304965,0.0195787169410975));
#11399=CARTESIAN_POINT('',(0.0935171720685161,0.0345074771836217,0.0195786673920448));
#11400=CARTESIAN_POINT('',(0.0933932394898851,0.0357142656586547,0.0195786868662436));
#11401=CARTESIAN_POINT('',(0.0933355890453121,0.0362759214565583,0.019578702139985));
#11402=CARTESIAN_POINT('',(0.0462860217162009,0.0364187675433456,0.0161625820616608));
#11403=CARTESIAN_POINT('',(0.0461108220990903,0.0364209310329422,0.0144228941524237));
#11404=CARTESIAN_POINT('',(0.0456420441665158,0.036426599705477,0.00976833321957604));
#11405=CARTESIAN_POINT('',(0.0451731964192467,0.0364319623762821,0.00511377927016277));
#11406=CARTESIAN_POINT('',(0.0448795612997973,0.0364352094855366,0.00219891192551003));
#11407=CARTESIAN_POINT('',(0.0461443103598237,0.0316245702567898,0.0179229917146341));
#11408=CARTESIAN_POINT('',(0.0459551893331429,0.0315976503279978,0.0159763831098224));
#11409=CARTESIAN_POINT('',(0.0454492059815391,0.0315256177817838,0.0107682003596407));
#11410=CARTESIAN_POINT('',(0.0449432528035533,0.031453563825213,0.00556001994737414));
#11411=CARTESIAN_POINT('',(0.0446264136433843,0.0314084319922184,0.00229844802166759));
#11412=CARTESIAN_POINT('',(0.0460592667681627,0.0268007847836233,0.0196114199782268));
#11413=CARTESIAN_POINT('',(0.0458494768940022,0.0267483725584069,0.01746529000512));
#11414=CARTESIAN_POINT('',(0.0452881784487397,0.0266081631782998,0.0117232826173303));
#11415=CARTESIAN_POINT('',(0.0447268765643744,0.0264680062371071,0.00598127210634892));
#11416=CARTESIAN_POINT('',(0.0443753665423992,0.0263802536502145,0.00238539191651141));
#11417=CARTESIAN_POINT('',(0.0460117903213961,0.0219384572859078,0.0211886468848185));
#11418=CARTESIAN_POINT('',(0.0457770298239206,0.0218651214445799,0.018855989591024));
#11419=CARTESIAN_POINT('',(0.0451489182653054,0.0216689499849469,0.0126149258055493));
#11420=CARTESIAN_POINT('',(0.0445207916564188,0.0214728824150718,0.00637386038525363));
#11421=CARTESIAN_POINT('',(0.0441274280532225,0.0213501360926126,0.00246545244800383));
#11422=CARTESIAN_POINT('',(0.0983608950273646,0.0306910895747061,0.0024714976223236));
#11423=CARTESIAN_POINT('',(0.0983550659193921,0.030690029336443,0.00250596144022062));
#11424=CARTESIAN_POINT('',(0.0983492368114197,0.0306889690981817,0.00254042525811764));
#11425=CARTESIAN_POINT('',(0.0983434077034472,0.0306879088599254,0.00257488907601465));
#11426=CARTESIAN_POINT('',(0.097389768687868,0.0305144544347335,0.00821315165886475));
#11427=CARTESIAN_POINT('',(0.0964361296722867,0.0303410000095911,0.0138514142417149));
#11428=CARTESIAN_POINT('',(0.0954824906567091,0.030167545584455,0.019489676824565));
#11429=CARTESIAN_POINT('',(0.0954767629533389,0.0301665037903627,0.0195235411013729));
#11430=CARTESIAN_POINT('',(0.0954710352499686,0.0301654619962659,0.0195574053781807));
#11431=CARTESIAN_POINT('',(0.0954653075465982,0.0301644202021694,0.0195912696549886));
#11432=CARTESIAN_POINT('',(0.0983599306652182,0.0307044844578059,0.00247152344338829));
#11433=CARTESIAN_POINT('',(0.0983541025343174,0.0307034236574173,0.00250597865426374));
#11434=CARTESIAN_POINT('',(0.0983482744034166,0.0307023628570308,0.0025404338651392));
#11435=CARTESIAN_POINT('',(0.0983424462725158,0.0307013020566498,0.00257488907601465));
#11436=CARTESIAN_POINT('',(0.0973889671053484,0.0305277556680889,0.00821174355463839));
#11437=CARTESIAN_POINT('',(0.0964354879381791,0.0303542092795604,0.0138485980332621));
#11438=CARTESIAN_POINT('',(0.0954820087710131,0.0301806628910363,0.0194854525118859));
#11439=CARTESIAN_POINT('',(0.095476282027717,0.0301796205445978,0.019519308331402));
#11440=CARTESIAN_POINT('',(0.095470555284421,0.0301785781981539,0.0195531641509182));
#11441=CARTESIAN_POINT('',(0.095464828541125,0.0301775358517105,0.0195870199704343));
#11442=CARTESIAN_POINT('',(0.0983589663030719,0.0307178793409059,0.00247154926445299));
#11443=CARTESIAN_POINT('',(0.0983531391492427,0.0307168179783916,0.00250599586830688));
#11444=CARTESIAN_POINT('',(0.0983473119954136,0.0307157566158798,0.00254044247216077));
#11445=CARTESIAN_POINT('',(0.0983414848415844,0.0307146952533742,0.00257488907601465));
#11446=CARTESIAN_POINT('',(0.0973881655228286,0.030541056901444,0.00821033545041201));
#11447=CARTESIAN_POINT('',(0.0964348462040716,0.0303674185495296,0.0138457818248095));
#11448=CARTESIAN_POINT('',(0.0954815268853171,0.0301937801976175,0.0194812281992068));
#11449=CARTESIAN_POINT('',(0.0954758011020953,0.0301927372988328,0.0195150755614313));
#11450=CARTESIAN_POINT('',(0.0954700753188736,0.0301916944000419,0.0195489229236557));
#11451=CARTESIAN_POINT('',(0.0954643495356518,0.0301906515012515,0.0195827702858802));
#11452=CARTESIAN_POINT('',(0.0983580019409255,0.0307312742240058,0.00247157508551768));
#11453=CARTESIAN_POINT('',(0.098352175764168,0.0307302122993657,0.00250601308235001));
#11454=CARTESIAN_POINT('',(0.0983463495874105,0.0307291503747286,0.00254045107918233));
#11455=CARTESIAN_POINT('',(0.098340523410653,0.0307280884500986,0.00257488907601465));
#11456=CARTESIAN_POINT('',(0.097387363940309,0.0305543581347987,0.00820892734618565));
#11457=CARTESIAN_POINT('',(0.096434204469964,0.0303806278194987,0.0138429656163567));
#11458=CARTESIAN_POINT('',(0.095481044999621,0.0302068975041987,0.0194770038865277));
#11459=CARTESIAN_POINT('',(0.0954753201764735,0.030205854053068,0.0195108427914605));
#11460=CARTESIAN_POINT('',(0.0954695953533261,0.0302048106019297,0.0195446816963932));
#11461=CARTESIAN_POINT('',(0.0954638705301786,0.0302037671507922,0.019578520601326));
#11462=CARTESIAN_POINT('',(0.0983532944079892,0.0307966613336229,0.00247170113102139));
#11463=CARTESIAN_POINT('',(0.0983474730008061,0.0307955966649731,0.00250609711268581));
#11464=CARTESIAN_POINT('',(0.098341651593623,0.0307945319963206,0.00254049309435023));
#11465=CARTESIAN_POINT('',(0.09833583018644,0.0307934673276602,0.00257488907601465));
#11466=CARTESIAN_POINT('',(0.097383451015972,0.0306192880932592,0.00820205368669149));
#11467=CARTESIAN_POINT('',(0.0964310718455045,0.03044510885878,0.0138292182973684));
#11468=CARTESIAN_POINT('',(0.0954786926750365,0.0302709296242991,0.0194563829080452));
#11469=CARTESIAN_POINT('',(0.0954729725384906,0.0302698834768801,0.0194901805287163));
#11470=CARTESIAN_POINT('',(0.0954672524019448,0.0302688373294604,0.0195239781493874));
#11471=CARTESIAN_POINT('',(0.0954615322653991,0.030267791182045,0.0195577757700585));
#11472=CARTESIAN_POINT('',(0.0983480630028992,0.0308693135757377,0.00247184128715866));
#11473=CARTESIAN_POINT('',(0.0983422468679178,0.0308682458702768,0.00250619055011066));
#11474=CARTESIAN_POINT('',(0.0983364307329365,0.0308671781648146,0.00254053981306266));
#11475=CARTESIAN_POINT('',(0.098330614597955,0.0308661104593604,0.00257488907601465));
#11476=CARTESIAN_POINT('',(0.0973790979569255,0.0306914344045186,0.00819441052977337));
#11477=CARTESIAN_POINT('',(0.096427581315896,0.0305167583495809,0.0138139319835321));
#11478=CARTESIAN_POINT('',(0.0954760646748665,0.0303420822947196,0.0194334534372908));
#11479=CARTESIAN_POINT('',(0.0954703497188058,0.030341033163336,0.0194672051519798));
#11480=CARTESIAN_POINT('',(0.0954646347627454,0.0303399840319448,0.0195009568666687));
#11481=CARTESIAN_POINT('',(0.0954589198066849,0.0303389349005505,0.0195347085813576));
#11482=CARTESIAN_POINT('',(0.0983428302839961,0.0309419656777523,0.0024719815652871));
#11483=CARTESIAN_POINT('',(0.0983370193944651,0.0309408949481679,0.00250628406886295));
#11484=CARTESIAN_POINT('',(0.0983312085049341,0.0309398242185837,0.0025405865724388));
#11485=CARTESIAN_POINT('',(0.098325397615403,0.0309387534889982,0.00257488907601465));
#11486=CARTESIAN_POINT('',(0.0973747391273165,0.0307635826890777,0.00818676072029185));
#11487=CARTESIAN_POINT('',(0.0964240806392305,0.0305884118892408,0.0137986323645658));
#11488=CARTESIAN_POINT('',(0.095473422151144,0.0304132410893399,0.0194105040088429));
#11489=CARTESIAN_POINT('',(0.0954677123492828,0.0304121889864311,0.0194442097775934));
#11490=CARTESIAN_POINT('',(0.0954620025474215,0.030411136883523,0.0194779155463438));
#11491=CARTESIAN_POINT('',(0.0954562927455602,0.0304100847806148,0.0195116213150943));
#11492=CARTESIAN_POINT('',(0.0983410990780264,0.0309660044686798,0.00247202585671271));
#11493=CARTESIAN_POINT('',(0.0983352900079941,0.030964930550613,0.00250631359648003));
#11494=CARTESIAN_POINT('',(0.0983294809379618,0.0309638566325459,0.00254060133624734));
#11495=CARTESIAN_POINT('',(0.0983236718679295,0.0309627827144787,0.00257488907601465));
#11496=CARTESIAN_POINT('',(0.097373311048876,0.0307870902801195,0.00818434536893688));
#11497=CARTESIAN_POINT('',(0.0964229502298235,0.0306113978458597,0.0137938016618561));
#11498=CARTESIAN_POINT('',(0.09547258941077,0.0304357054115005,0.0194032579547786));
#11499=CARTESIAN_POINT('',(0.0954668813967549,0.0304346501755792,0.0194369492165554));
#11500=CARTESIAN_POINT('',(0.0954611733827399,0.0304335949396585,0.0194706404783322));
#11501=CARTESIAN_POINT('',(0.0954554653687249,0.0304325397037339,0.0195043317401089));
#11502=CARTESIAN_POINT('',(0.0983290191493303,0.0311337402535214,0.00247232853043678));
#11503=CARTESIAN_POINT('',(0.0983232230173646,0.0311326374670923,0.00250651537896274));
#11504=CARTESIAN_POINT('',(0.098317426885399,0.0311315346806616,0.00254070222748869));
#11505=CARTESIAN_POINT('',(0.0983116307534335,0.0311304318942387,0.00257488907601465));
#11506=CARTESIAN_POINT('',(0.097363386595327,0.0309500166112997,0.00816783961461872));
#11507=CARTESIAN_POINT('',(0.096415142437221,0.0307696013283998,0.0137607901532252));
#11508=CARTESIAN_POINT('',(0.0954668982791145,0.030589186045459,0.0193537406918323));
#11509=CARTESIAN_POINT('',(0.0954612029780922,0.0305881024433753,0.0193873328174967));
#11510=CARTESIAN_POINT('',(0.09545550767707,0.0305870188412904,0.019420924943161));
#11511=CARTESIAN_POINT('',(0.0954498123760478,0.0305859352392053,0.0194545170688254));
#11512=CARTESIAN_POINT('',(0.098315588349057,0.0313201128928526,0.00247266538890447));
#11513=CARTESIAN_POINT('',(0.098309806438658,0.0313189779597725,0.00250673995127453));
#11514=CARTESIAN_POINT('',(0.098304024528259,0.0313178430266893,0.00254081451364459));
#11515=CARTESIAN_POINT('',(0.09829824261786,0.0313167080936001,0.00257488907601465));
#11516=CARTESIAN_POINT('',(0.0973523251006025,0.0311310336345994,0.00814946965824114));
#11517=CARTESIAN_POINT('',(0.0964064075833465,0.0309453591756199,0.0137240502404652));
#11518=CARTESIAN_POINT('',(0.09546049006609,0.0307596847166192,0.0192986308226921));
#11519=CARTESIAN_POINT('',(0.0954548087392326,0.0307585695271209,0.0193321126155583));
#11520=CARTESIAN_POINT('',(0.0954491274123751,0.0307574543376152,0.0193655944084245));
#11521=CARTESIAN_POINT('',(0.0954434460855175,0.0307563391481064,0.0193990762012906));
#11522=CARTESIAN_POINT('',(0.0983033532660441,0.0314897112076832,0.00247297244403333));
#11523=CARTESIAN_POINT('',(0.098297584177512,0.0314885469572432,0.00250694465469377));
#11524=CARTESIAN_POINT('',(0.0982918150889799,0.0314873827068046,0.00254091686535421));
#11525=CARTESIAN_POINT('',(0.098286046000448,0.031486218456358,0.00257488907601465));
#11526=CARTESIAN_POINT('',(0.097342226133938,0.0312957476932194,0.008132724972079));
#11527=CARTESIAN_POINT('',(0.0963984062674285,0.0311052769300595,0.0136905608681463));
#11528=CARTESIAN_POINT('',(0.0954545864009195,0.0309148061669191,0.0192483967642106));
#11529=CARTESIAN_POINT('',(0.0954489176728768,0.0309136621700712,0.0192817779859028));
#11530=CARTESIAN_POINT('',(0.095443248944834,0.0309125181732164,0.019315159207595));
#11531=CARTESIAN_POINT('',(0.0954375802167911,0.0309113741763633,0.0193485404292871));
#11532=CARTESIAN_POINT('',(0.0982872194421716,0.0317133248626805,0.00247337736782138));
#11533=CARTESIAN_POINT('',(0.0982814672421931,0.0317121219483168,0.00250721460388593));
#11534=CARTESIAN_POINT('',(0.0982757150422145,0.0317109190339582,0.00254105183995047));
#11535=CARTESIAN_POINT('',(0.098269962842236,0.0317097161196003,0.00257488907601501));
#11536=CARTESIAN_POINT('',(0.097328905934248,0.0315129199584802,0.00811064319878452));
#11537=CARTESIAN_POINT('',(0.0963878490262605,0.0313161237973602,0.0136463973215573));
#11538=CARTESIAN_POINT('',(0.095446792118273,0.0311193276362403,0.0191821514443268));
#11539=CARTESIAN_POINT('',(0.0954411399849863,0.0311181456480733,0.0192154000394745));
#11540=CARTESIAN_POINT('',(0.0954354878516995,0.0311169636599076,0.0192486486346222));
#11541=CARTESIAN_POINT('',(0.0954298357184127,0.0311157816717372,0.0192818972297699));
#11542=CARTESIAN_POINT('',(0.0981524563482037,0.0335786000330829,0.00247676190032607));
#11543=CARTESIAN_POINT('',(0.0981468434692672,0.0335770737534649,0.00250947095889004));
#11544=CARTESIAN_POINT('',(0.0981412305903308,0.0335755474738425,0.00254218001745402));
#11545=CARTESIAN_POINT('',(0.0981356177113945,0.0335740211942195,0.002574889076018));
#11546=CARTESIAN_POINT('',(0.097217353653005,0.0333243226465001,0.00792607394974844));
#11547=CARTESIAN_POINT('',(0.0962990895946145,0.0330746240987185,0.0132772588234795));
#11548=CARTESIAN_POINT('',(0.095380825536225,0.0328249255509991,0.0186284436972103));
#11549=CARTESIAN_POINT('',(0.0953753103003171,0.0328234258229225,0.0186605837409119));
#11550=CARTESIAN_POINT('',(0.095369795064409,0.032821926094839,0.0186927237846135));
#11551=CARTESIAN_POINT('',(0.0953642798285009,0.0328204263667527,0.0187248638283151));
#11552=CARTESIAN_POINT('',(0.0980075880270975,0.0355650956660599,0.00248043347011927));
#11553=CARTESIAN_POINT('',(0.0980021096431913,0.0355632167850806,0.00251191867208561));
#11554=CARTESIAN_POINT('',(0.097996631259285,0.0355613379041009,0.00254340387405195));
#11555=CARTESIAN_POINT('',(0.0979911528753785,0.035559459023121,0.00257488907601828));
#11556=CARTESIAN_POINT('',(0.0970948921335949,0.0352520750774548,0.00772585165047055));
#11557=CARTESIAN_POINT('',(0.0961986313918103,0.0349446911317679,0.0128768142249257));
#11558=CARTESIAN_POINT('',(0.0953023706500268,0.0346373071861017,0.0180277767993813));
#11559=CARTESIAN_POINT('',(0.0952969875694403,0.0346354609906004,0.0180587142769969));
#11560=CARTESIAN_POINT('',(0.0952916044888536,0.0346336147950996,0.0180896517546126));
#11561=CARTESIAN_POINT('',(0.095286221408267,0.0346317685995985,0.0181205892322283));
#11562=CARTESIAN_POINT('',(0.0978794384433307,0.037346771157446,0.00248378825868911));
#11563=CARTESIAN_POINT('',(0.0978740770570753,0.0373445690903584,0.00251415519779884));
#11564=CARTESIAN_POINT('',(0.09786871567082,0.0373423670232735,0.00254452213690857));
#11565=CARTESIAN_POINT('',(0.0978633542845647,0.0373401649561954,0.00257488907601829));
#11566=CARTESIAN_POINT('',(0.0969862342972692,0.0369799079328024,0.00754290443199755));
#11567=CARTESIAN_POINT('',(0.0961091143099727,0.0366196509093883,0.0125109197879773));
#11568=CARTESIAN_POINT('',(0.0952319943226773,0.0362593938859026,0.0174789351439601));
#11569=CARTESIAN_POINT('',(0.0952267262044215,0.0362572301265179,0.0175087738122961));
#11570=CARTESIAN_POINT('',(0.0952214580861655,0.0362550663671339,0.017538612480632));
#11571=CARTESIAN_POINT('',(0.0952161899679098,0.036252902607754,0.0175684511489679));
#11572=CARTESIAN_POINT('',(0.0978707229097027,0.037468072670917,0.00248401695000369));
#11573=CARTESIAN_POINT('',(0.0978653694749507,0.0374658485682794,0.00251430765867523));
#11574=CARTESIAN_POINT('',(0.0978600160401989,0.0374636244656441,0.00254459836734675));
#11575=CARTESIAN_POINT('',(0.0978546626054471,0.0374614003630124,0.00257488907601829));
#11576=CARTESIAN_POINT('',(0.0969788434799676,0.0370975383349531,0.00753043317217929));
#11577=CARTESIAN_POINT('',(0.096103024354487,0.0367336763068774,0.0124859772683406));
#11578=CARTESIAN_POINT('',(0.0952272052290075,0.0363698142787209,0.0174415213645052));
#11579=CARTESIAN_POINT('',(0.0952219449239289,0.0363676288671238,0.0174712851285264));
#11580=CARTESIAN_POINT('',(0.0952166846188503,0.0363654434555254,0.0175010488925477));
#11581=CARTESIAN_POINT('',(0.0952114243137717,0.0363632580439294,0.017530812656569));
#11582=CARTESIAN_POINT('',(0.0473126745934777,0.0272963638042019,0.0194810016681849));
#11583=CARTESIAN_POINT('',(0.0484921935840354,0.0273932532179182,0.0196785339393393));
#11584=CARTESIAN_POINT('',(0.050537899092591,0.027152562841442,0.0199928011107934));
#11585=CARTESIAN_POINT('',(0.0534364082543206,0.0268397671521885,0.0203866220637483));
#11586=CARTESIAN_POINT('',(0.0559968821567304,0.0265374283443029,0.0206980683349304));
#11587=CARTESIAN_POINT('',(0.0585577038612812,0.0262520204455797,0.0209747315249406));
#11588=CARTESIAN_POINT('',(0.061128130327603,0.0259492435941114,0.0212157080739085));
#11589=CARTESIAN_POINT('',(0.0637197940458796,0.0256498515329679,0.0214240639427552));
#11590=CARTESIAN_POINT('',(0.0654566843724011,0.0254442715501191,0.021540271818872));
#11591=CARTESIAN_POINT('',(0.0663328004969152,0.0253739844705966,0.0215931404987243));
#11592=CARTESIAN_POINT('',(0.0473775310033835,0.0295433431301211,0.0186984419926958));
#11593=CARTESIAN_POINT('',(0.0485657043885672,0.0294494670552211,0.0188993265436952));
#11594=CARTESIAN_POINT('',(0.0506114843690801,0.0292014812334637,0.0192179857985971));
#11595=CARTESIAN_POINT('',(0.0535095036989782,0.0288845976235334,0.0196143963460928));
#11596=CARTESIAN_POINT('',(0.056069192285173,0.0285620473353993,0.0199266956604409));
#11597=CARTESIAN_POINT('',(0.0586271715256081,0.0282804780706329,0.0202038289223815));
#11598=CARTESIAN_POINT('',(0.0611970549819556,0.0279648502287114,0.0204453939788214));
#11599=CARTESIAN_POINT('',(0.063789283819805,0.0276573060655511,0.0206544118885127));
#11600=CARTESIAN_POINT('',(0.0655267006657843,0.0274434210119072,0.0207712948485169));
#11601=CARTESIAN_POINT('',(0.0664035113106593,0.0273653474624959,0.0208245496449703));
#11602=CARTESIAN_POINT('',(0.0474777900860371,0.0330668630853556,0.0174792253575387));
#11603=CARTESIAN_POINT('',(0.0486740431309523,0.0329479359623334,0.017679697265069));
#11604=CARTESIAN_POINT('',(0.0507185051181947,0.0327455415954002,0.0179973419043422));
#11605=CARTESIAN_POINT('',(0.0536157584690192,0.03243395979123,0.0183939215331011));
#11606=CARTESIAN_POINT('',(0.0561749118229555,0.0321318933953979,0.018706962151993));
#11607=CARTESIAN_POINT('',(0.0587341211750244,0.031860211554929,0.018984467515783));
#11608=CARTESIAN_POINT('',(0.0613060886239388,0.0315593473299734,0.0192253496697169));
#11609=CARTESIAN_POINT('',(0.0638972916583937,0.0312673890003817,0.0194333286149595));
#11610=CARTESIAN_POINT('',(0.0656336955345001,0.0310680182134837,0.0195491537991125));
#11611=CARTESIAN_POINT('',(0.0665093096152164,0.0310032429227406,0.0196018028221818));
#11612=CARTESIAN_POINT('',(0.047605143870412,0.0367232128245192,0.0161287071542118));
#11613=CARTESIAN_POINT('',(0.0488094410005852,0.0365798993659502,0.0163230983177233));
#11614=CARTESIAN_POINT('',(0.050857979210313,0.0363512934603064,0.0166330999439099));
#11615=CARTESIAN_POINT('',(0.0537625708057521,0.0359964552000872,0.0170219859376015));
#11616=CARTESIAN_POINT('',(0.0563255881618095,0.0356692453026408,0.0173299449426108));
#11617=CARTESIAN_POINT('',(0.0588874084609766,0.0353493403223196,0.0176047910202514));
#11618=CARTESIAN_POINT('',(0.0614527184411922,0.0350246647799767,0.0178467899516121));
#11619=CARTESIAN_POINT('',(0.0640464260521717,0.0346935263634431,0.018057073046858));
#11620=CARTESIAN_POINT('',(0.0657853849434434,0.0344595195402929,0.0181752413605694));
#11621=CARTESIAN_POINT('',(0.0666638289035123,0.034363469590589,0.0182292335434383));
#11622=CARTESIAN_POINT('',(0.047652671470292,0.0381080466857311,0.0156116378577862));
#11623=CARTESIAN_POINT('',(0.0488590650917867,0.0379569597455502,0.0158036387937562));
#11624=CARTESIAN_POINT('',(0.050908058217805,0.0377194225814132,0.0161106379801099));
#11625=CARTESIAN_POINT('',(0.0538139313379596,0.0373507014108057,0.0164965217455564));
#11626=CARTESIAN_POINT('',(0.0563771169210678,0.0370144937722796,0.016802549486554));
#11627=CARTESIAN_POINT('',(0.0589376560759772,0.0366811543672481,0.0170766002969613));
#11628=CARTESIAN_POINT('',(0.0615000277900553,0.03634817515972,0.0173196600407004));
#11629=CARTESIAN_POINT('',(0.0640953129557024,0.0360067044579835,0.0175316808278705));
#11630=CARTESIAN_POINT('',(0.0658350689246299,0.0357663678384578,0.0176516507261087));
#11631=CARTESIAN_POINT('',(0.0667149464441424,0.0356621147548384,0.0177066087298666));
#11632=CARTESIAN_POINT('',(0.0476605890996867,0.0383391828215945,0.0155251972575226));
#11633=CARTESIAN_POINT('',(0.0488673161744806,0.0381868299633225,0.0157167990176875));
#11634=CARTESIAN_POINT('',(0.0509163631694847,0.0379478222775734,0.0160232962665631));
#11635=CARTESIAN_POINT('',(0.0538224210446355,0.037576835932551,0.0164086813731817));
#11636=CARTESIAN_POINT('',(0.056385608019881,0.0372391383384964,0.0167143917777074));
#11637=CARTESIAN_POINT('',(0.0589458808461547,0.0369036548273755,0.0169883184957536));
#11638=CARTESIAN_POINT('',(0.0615078208310901,0.0365692704863702,0.0172315670411653));
#11639=CARTESIAN_POINT('',(0.0641033548280602,0.0362261426656748,0.0174438958906744));
#11640=CARTESIAN_POINT('',(0.0658432422776944,0.0359848837037401,0.0175641852313291));
#11641=CARTESIAN_POINT('',(0.0667233456670118,0.03587931661177,0.0176193149080206));
#11642=CARTESIAN_POINT('',(0.0637732369023756,0.0360266020119518,0.0175098815647569));
#11643=CARTESIAN_POINT('',(0.063721865347948,0.0358872845632649,0.0175645051015063));
#11644=CARTESIAN_POINT('',(0.0636704382043089,0.0357479793273836,0.0176191075077186));
#11645=CARTESIAN_POINT('',(0.0636190101504326,0.035608671605587,0.0176737027173385));
#11646=CARTESIAN_POINT('',(0.0636190101504326,0.035608671605587,0.0176737027173384));
#11647=CARTESIAN_POINT('',(0.0628187128216466,0.0363332849908843,0.0173623445721259));
#11648=CARTESIAN_POINT('',(0.0630849931062643,0.0360914765525385,0.0174667469384741));
#11649=CARTESIAN_POINT('',(0.0633519538251723,0.0358501179247575,0.0175704493815155));
#11650=CARTESIAN_POINT('',(0.0636190101504326,0.035608671605587,0.0176737027173384));
#11651=CARTESIAN_POINT('',(0.076525816120426,-0.0165557114422618,-0.158899320193688));
#11652=CARTESIAN_POINT('',(0.085384887411383,-0.00464851221400053,-0.163891296529662));
#11653=CARTESIAN_POINT('',(0.091862992456379,0.0461154578452998,0.0161918380796647));
#11654=CARTESIAN_POINT('',(0.091862992456379,0.0461154578452998,0.0161918380796647));
#11655=CARTESIAN_POINT('',(0.085384887411383,0.0461154578452998,0.0161918380796647));
#11656=CARTESIAN_POINT('',(0.091862992456377,0.0499050696604595,0.011189449610126));
#11657=CARTESIAN_POINT('',(0.085384887411382,0.0571265697473979,0.00887596885070662));
#11658=CARTESIAN_POINT('',(0.051149349752466,-0.0167481007361996,0.0199595600955924));
#11659=CARTESIAN_POINT('',(0.0556485717310751,0.046115457845308,0.0193270834331538));
#11660=CARTESIAN_POINT('',(0.0556485717310751,0.046115457845308,0.0131003049447635));
#11661=CARTESIAN_POINT('',(0.0558224302178998,0.0426575798274508,0.0193270834331538));
#11662=CARTESIAN_POINT('',(0.0558224302178998,0.0426575798274508,0.0131003049447635));
#11663=CARTESIAN_POINT('',(0.0597207201841662,0.0391331257165189,0.0193270834331538));
#11664=CARTESIAN_POINT('',(0.0597207201841662,0.0391331257165189,0.0131003049447635));
#11665=CARTESIAN_POINT('',(0.0636190101504326,0.035608671605587,0.0193270834331538));
#11666=CARTESIAN_POINT('',(0.0636190101504326,0.035608671605587,0.0131003049447635));
#11667=CARTESIAN_POINT('',(0.0636190101504326,0.035608671605587,0.0294));
#11668=CARTESIAN_POINT('',(-0.757001034973301,0.33870882980533,0.0189405179554104));
#11669=CARTESIAN_POINT('',(-2.04611500633378,-0.937560276900328,0.0105558661093175));
#11670=CARTESIAN_POINT('',(0.0635451599955559,0.0567311942577362,0.0294));
#11671=CARTESIAN_POINT('',(0.0635451599955559,0.0567311942577362,0.0131165439267355));
#11672=CARTESIAN_POINT('',(0.0635451599955559,0.0567311942577362,0.00919136044426331));
#11673=CARTESIAN_POINT('',(0.0611487129685173,0.0546477424738853,0.0131165439267355));
#11674=CARTESIAN_POINT('',(0.0611487129685173,0.0546477424738853,0.00919136044426331));
#11675=CARTESIAN_POINT('',(0.0587522659414787,0.0525642906900343,0.0131165439267355));
#11676=CARTESIAN_POINT('',(0.0587522659414787,0.0525642906900343,0.00919136044426331));
#11677=CARTESIAN_POINT('',(0.0572373149985864,0.0504650817186322,0.0131165439267355));
#11678=CARTESIAN_POINT('',(0.0572373149985864,0.0504650817186322,0.00919136044426331));
#11679=MECHANICAL_DESIGN_GEOMETRIC_PRESENTATION_REPRESENTATION('',(#4243),
#11680);
#11680=(
GEOMETRIC_REPRESENTATION_CONTEXT(3)
GLOBAL_UNCERTAINTY_ASSIGNED_CONTEXT((#11681))
GLOBAL_UNIT_ASSIGNED_CONTEXT((#11684,#11683,#11682))
REPRESENTATION_CONTEXT('mid','TOP_LEVEL_ASSEMBLY_PART')
);
#11681=UNCERTAINTY_MEASURE_WITH_UNIT(LENGTH_MEASURE(6.51671267557646E-5),
#11684,'DISTANCE_ACCURACY_VALUE','Maximum Tolerance applied to model');
#11682=(
NAMED_UNIT(*)
SI_UNIT($,.STERADIAN.)
SOLID_ANGLE_UNIT()
);
#11683=(
NAMED_UNIT(*)
PLANE_ANGLE_UNIT()
SI_UNIT($,.RADIAN.)
);
#11684=(
LENGTH_UNIT()
NAMED_UNIT(*)
SI_UNIT($,.METRE.)
);
#11685=PRODUCT_DEFINITION_SHAPE('','',#11686);
#11686=PRODUCT_DEFINITION('','',#11688,#11687);
#11687=PRODUCT_DEFINITION_CONTEXT('',#11694,'design');
#11688=PRODUCT_DEFINITION_FORMATION_WITH_SPECIFIED_SOURCE('','',#11690,
 .NOT_KNOWN.);
#11689=PRODUCT_RELATED_PRODUCT_CATEGORY('','',(#11690));
#11690=PRODUCT('mid','mid','mid',(#11692));
#11691=PRODUCT_CATEGORY('','');
#11692=PRODUCT_CONTEXT('',#11694,'mechanical');
#11693=APPLICATION_PROTOCOL_DEFINITION('international standard',
'ap242_managed_model_based_3d_engineering',2020,#11694);
#11694=APPLICATION_CONTEXT('managed model based 3d engineering');
ENDSEC;
END-ISO-10303-21;
